droplet id,x,y,vx,vy,theta
0,0.504430264178801,0.4817455089500467,0.0,0.0,0.0
0,0.5186640237963321,0.4826107288661677,7.1168798087655745,0.4326099580604925,0.0607117609705643
0,0.5338923553169763,0.4862737533848739,7.614165760322089,1.831512259353102,0.23605561084887555
0,0.5378443827844752,0.4897846796012348,1.9760137337494488,1.7554631081804495,0.72636139483759
0,0.5590030326328925,0.49074702328845665,10.579324924208654,0.48117184361093357,0.04545095912438825
0,0.5754412421991408,0.4898226502552962,8.219104783124154,-0.46218651658022636,-0.0561740335331056
0,0.5776717619287793,0.5013819786221074,1.1152598648192513,5.779664183405614,1.3801764245597863
0,0.5838453254004055,0.5015359609792834,3.08678173581306,0.07699117858800397,0.02493704620710165
0,0.5937028899303648,0.5012984392908372,4.928782264979669,-0.11876084422313138,-0.02409071088483318
0,0.6054057469983931,0.5125569789140545,5.851428534014158,5.629269811608661,0.7660499501553591
0,0.6068937898430482,0.507689187091816,0.7440214223275454,-2.433895911119255,-1.274126137525357
0,0.6160156655120872,0.506172491959332,4.560937834519496,-0.7583475662419903,-0.1647627989357299
0,0.6292167195694963,0.5049155882834897,6.600527028704561,-0.6284518379211512,-0.09492621472354157
0,0.6377792428185217,0.49635887526341016,4.2812616245127,-4.278356510039771,-0.7850587657379132
0,0.6471149973324962,0.5012642417666856,4.667877256987252,2.4526832516377217,0.48379083151820035
0,0.6608431423600422,0.4989223843061264,6.8640725137729675,-1.1709287302796023,-0.16896163215526563
0,0.6656633528855139,0.4887223907857664,2.4101052627358843,-5.099996760179998,-1.1293325516916928
0,0.6787815806328074,0.47514932828069945,6.559113873646716,-6.786531252533479,-0.8024370826862021
0,0.6773926158072032,0.4791626450131016,-0.6944824128020666,2.006658366201064,1.9039827305653938
0,0.6871905404320301,0.47617438851799027,4.898962312413435,-1.4941282475556539,-0.29602729493780616
0,0.6929317926389332,0.4710856040538291,2.870626103451568,-2.5443922320805834,-0.7252247697887634
0,0.699354152574428,0.47103457299722845,3.2111799677473907,-0.025515528300323886,-0.00794567467121281
0,0.7100849192620072,0.4623497229309822,5.365383343789609,-4.342425033123126,-0.6804108129740533
0,0.7012667497226015,0.4766254984429459,-4.409084769702864,7.137887755981842,2.1241301395163363
0,0.7133397179410107,0.4719940442406237,6.036484109204598,-2.3157271011610967,-0.36630802953648217
0,0.7251705039399708,0.4633554432497687,5.915392999480074,-4.319300495427503,-0.6306950431906709
0,0.7285714842573483,0.4644090399874927,1.7004901586887278,0.5267983688620193,0.3004159604316613
0,0.7283426475192291,0.460782385788123,-0.11441836905962122,-1.813327099684875,-1.6338113675901165
0,0.7302712212074497,0.45639773734086525,0.9642868441103181,-2.192324223628861,-1.1564177916373484
0,0.7286983661850721,0.4618702093972222,-0.786427511188792,2.7362360281784626,1.850665015011399
0,0.7390611991784695,0.4638692017684571,5.181416496698676,0.9994961856174545,0.19055958468829395
0,0.7436342383491858,0.46452136326492127,2.286519585358193,0.32608074823209376,0.14165492773829394
0,0.7480519367915093,0.46959597436045747,2.208849221161713,2.5373055477680984,0.8544927223152471
0,0.7593744708731701,0.45837563237925516,5.6612670408304195,-5.610170990601154,-0.7808649618592077
0,0.7640608769833028,0.46279730861466023,2.3432030550663563,2.2108381177025347,0.7563409639954933
0,0.7673560636974965,0.4620248129164233,1.6475933570968548,-0.3862478491184762,-0.2302731831380429
0,0.7739085792878131,0.4659945901988051,3.276257795158277,1.984888641190924,0.5447026946030015
0,0.7793413348411181,0.4746759315823847,2.716377776652512,4.340670691789783,1.011624245485247
0,0.7934636093426269,0.4663589531421669,7.061137250754412,-4.1584892201088905,-0.5322372590577911
0,0.7893702489535351,0.4610313142442302,-2.0466801945459023,-2.663819448968346,-2.2259229153855205
0,0.7915671076936737,0.450830294582179,1.0984293700692649,-5.1005098310256125,-1.3586791759329262
0,0.796956752609095,0.44525706568890594,2.6948224577106883,-2.786614446636526,-0.8021425703177217
0,0.8170587789585521,0.43963757217114113,10.051013174728507,-2.809746758882403,-0.2725900799395005
0,0.812584170227205,0.43134167424336134,-2.2373043656735425,-4.147948963889897,-2.0654463883341525
0,0.8293458920807931,0.4304734493810738,8.380860926794076,-0.43411243114377385,-0.05175182021446015
0,0.8315043720823583,0.4233675276156705,1.0792400007825775,-3.5529608827016554,-1.2758954768237591
0,0.8301112203126694,0.4245486500451773,-0.6965758848444525,0.590561214753399,2.438373699118646
0,0.8301979990630455,0.4225033824829705,0.04338937518805208,-1.0226337811033992,-1.5283927144625582
0,0.8340717195844612,0.41510202462160783,1.9368602607078844,-3.7006789306813226,-1.088620366206641
0,0.8458741788314592,0.4125600137763613,5.901229623498982,-1.2710054226232614,-0.21213911329570762
0,0.8462089381006742,0.4097926236929832,0.16737963460750072,-1.3836950416890592,-1.4504155218267467
0,0.8478497112424782,0.4079936881926061,0.8203865709019986,-0.8994677501885373,-0.8313471229127535
0,0.8604165919091645,0.4022354371960533,6.28344033334316,-2.8791254982764025,-0.42965907635770184
0,0.8670513083539574,0.3963018049580472,3.317358222396427,-2.9668161190030684,-0.7296741845178417
0,0.8756797685470593,0.38764155540917783,4.314230096550964,-4.330124774434673,-0.7872368963287024
0,0.8821275402845132,0.39408349007377513,3.223885868726961,3.220967332298652,0.7849453158091833
0,0.8832728185251238,0.39154226388682606,0.5726391203053072,-1.2706130934745374,-1.1473775719268025
0,0.8955730327578163,0.3945516268929323,6.150107116346226,1.5046815030531069,0.23994593217621032
0,0.896247833613511,0.3973692964530542,0.33740042784735635,1.408834780060958,1.335734574730486
0,0.9027619380527873,0.4016052246927175,3.2570522196381235,2.1179641198316443,0.5765651706456091
0,0.9110183547866897,0.40410199050475887,4.128208366951213,1.2483829060206952,0.2936599900459405
0,0.9142595575663959,0.4060428750247372,1.6206013898530935,0.9704422599891571,0.5395485563330041
0,0.9130584613437889,0.4090031413987932,-0.6005481113035005,1.4801331870279988,1.9562405104265683
0,0.9199784415869099,0.4115400942380952,3.459990121560508,1.268476419650999,0.35139724744183776
0,0.9266914023563882,0.4117631922986671,3.35648038473918,0.11154903028595675,0.03322170139138611
0,0.9320457054790728,0.4198702503920142,2.6771515613422947,4.053529046673554,0.9871102184485437
0,0.9369632413734651,0.42877499412846876,2.4587679471961277,4.452371868227278,1.0662366757797643
0,0.938376971622238,0.4237412785245061,0.7068651243864466,-2.5168578019813257,-1.2969975267735305
0,0.9436824122238565,0.4302797227422641,2.6527203008092637,3.269222108879005,0.8891291635534794
0,0.9447231936589394,0.43327355980712134,0.5203907175414524,1.496918532428615,1.2362243348962805
0,0.9470326001078084,0.4229081559740045,1.1547032244345057,-5.1827019165584245,-1.3515773679281784
0,0.9540804507872236,0.4165317045973343,3.5239253397075787,-3.1882256883351,-0.7354260805234516
0,0.9675756318317336,0.4193231268768607,6.747590522254987,1.395711139763195,0.20396936470956076
0,0.9705684248539114,0.42829077167941837,1.4963965110889044,4.483822401278842,1.2486867156220098
0,0.97523061937156,0.42629863946312707,2.3310972588242995,-0.996066108145649,-0.4038128915492029
0,0.9841525303061583,0.43078528233788566,4.460955467299188,2.243321437379292,0.46594826529547795
0,0.9870583724358928,0.43292967176532626,1.4529210648672186,1.0721947137203036,0.6357495738466634
0,0.9879073174603195,0.4332234403364759,0.4244725122133364,0.14688428557482758,0.33314224899313627
0,0.99395734762845,0.43502004078302886,3.0250150840652745,0.8983002232764714,0.28866296731016583
0,0.9988058547832375,0.42703452466792513,2.4242535773937313,-3.992758057551865,-1.0251268078842182
0,0.9981633831579653,0.43351884737467705,-0.32123581263610035,3.242161353375961,1.6695547586003454
0,0.9984078102161136,0.426210568018359,0.1222135290741555,-3.6541396781590296,-1.5373635623886468
0,0.9890582397528689,0.4217425310725289,-4.674785231622347,-2.2340184729150447,-2.6957915286878515
0,0.9982652583173932,0.41965333906915714,4.603509282262164,-1.0445960016858824,-0.223134494945536
0,0.9987855627327613,0.41349012076866515,0.2601522076840501,-3.081609150245995,-1.4865751296181378
0,0.9969639556917373,0.42498495642567835,-0.9108035205119824,5.7474178285066015,1.7279611584096775
0,0.9991585099651991,0.41596698537914734,1.0972771367308565,-4.508985523265507,-1.3320829662471396
0,0.9927539616319692,0.4156809405174544,-3.202274166614949,-0.14302243084646227,-3.0969595464747908
0,0.9949908738142945,0.41265255027838355,1.1184560911626784,-1.514195119535433,-0.9346006455425806
0,0.9933537941612206,0.41231677726687316,-0.818539826536957,-0.1678865057551937,-2.9392934169805596
0,0.9957903406973632,0.4013433544403693,1.2182732680712793,-5.486711413251938,-1.3523003631960935
0,0.9906096087046609,0.39668314520182507,-2.5903659963511516,-2.330104619272105,-2.409038839873137
0,0.9985494962390271,0.4015950625475875,3.969943767183126,2.455958672881203,0.5540114169062985
0,0.9952766410897627,0.39930148557023365,-1.6364275746322265,-1.1467884886769142,-2.5303381564273786
0,0.9908039125602965,0.397475724971606,-2.2363642647330595,-0.9128802993138285,-2.754038736826043
0,0.989537632186904,0.3928933980863224,-0.633140186696246,-2.291163442641797,-1.8404079305673768
0,0.9962026938516736,0.3908029063833779,3.3325308323847724,-1.045245851472254,-0.3039315442017066
0,0.9983410066626438,0.38734634817561886,1.0691564054851055,-1.7282791038795153,-1.016794527942259
0,0.9898694159316097,0.3762338341547746,-4.235795365517047,-5.556257010422116,-2.2221527411348294
0,0.9758770378444106,0.37421125642650077,-6.996189043599554,-1.0112888641369278,-2.998038430390367
0,0.9813370178843417,0.36316927188942905,2.7299900199655447,-5.520992268535863,-1.111578861721964
0,0.9715038720904074,0.35165080227577955,-4.91657289696712,-5.759234806824748,-2.2774258903092135
0,0.9733557115621447,0.33838681085387234,0.9259197358686411,-6.631995710953603,-1.4320789427959337
0,0.9713962884406219,0.3247021224440531,-0.9797115607614315,-6.842344204909617,-1.7130133069489724
0,0.9671321263003401,0.31498883779560655,-2.132081070140901,-4.856642324223281,-1.9844676960152015
0,0.9565591226852551,0.2983819629979974,-5.286501807542476,-8.303437398804569,-2.1377394868130497
0,0.957967360753876,0.2959469724093354,0.7041190343104464,-1.2174952943310169,-1.0464599991956587
0,0.9555838300719445,0.2947527340743577,-1.191765340965767,-0.5971191674888354,-2.6771153619461443
0,0.9513723127977314,0.2880899879722412,-2.1057586371065473,-3.3313730510582396,-2.1344844893713226
0,0.9450107300935389,0.2914831461419797,-3.180791352096257,1.6965790848692264,2.6515968925580475
0,0.9427630827453786,0.2786870183504942,-1.1238236740801488,-6.398063895742739,-1.7446731775193114
0,0.9363548439097475,0.27730305778015835,-3.2041194178155097,-0.6919802851679258,-2.928893527209814
0,0.9404951745234458,0.2626775310282698,2.0701653068491144,-7.312763375944275,-1.2949251899457412
0,0.946965318203247,0.2511735718273314,3.2350718399006273,-5.751979600469192,-1.0584618983725804
0,0.9402664237419801,0.2525393755160523,-3.349447230633462,0.6829018443604562,2.940464381525864
0,0.9379752341378605,0.2517815468396137,-1.1455948020597795,-0.37891433821932163,-2.822161928958498
0,0.9402870111160666,0.239295677316647,1.1558884891030297,-6.24293476148334,-1.3877181161897538
0,0.9354650815591782,0.23866143900658382,-2.4109647784442134,-0.3171191550315894,-3.01081135083085
0,0.9371510626103868,0.22786063382354244,0.8429905256043257,-5.400402591520692,-1.4159482402391266
0,0.9313038395051101,0.22028481485675733,-2.923611552638372,-3.787909483392554,-2.228121119271273
0,0.9246314221306451,0.22508607240487488,-3.3362086872325003,2.4006287740587773,2.5178542160284723
0,0.9270874128344796,0.21870584287103295,1.2279953519172548,-3.190114766920965,-1.2033417677580478
0,0.9158555667089828,0.21702097318984195,-5.615923062748385,-0.842434840595499,-2.992694628854783
0,0.9181599153809569,0.2125647963181151,1.1521743359870218,-2.2280884358634316,-1.0935519343983162
0,0.9204141312725652,0.2018322856214395,1.1271079458041733,-5.3662553483377895,-1.3637694503591116
0,0.9152602549945016,0.18938318324223002,-2.5769381390318147,-6.224551189604743,-1.9633095346677543
0,0.9101985582593836,0.1839658832481036,-2.530848367559013,-2.708649997063217,-2.322272650038163
0,0.9105144050611372,0.16610234170809854,0.15792340087683598,-8.931770770002526,-1.5531170836395318
0,0.9142306398623108,0.17450219775732878,1.8581174005867784,4.199928024615121,1.154266720459203
0,0.9057740797636443,0.17006658793770954,-4.228280049333232,-2.21780490980962,-2.6585243386544124
0,0.9052094700516522,0.1748052845689534,-0.2823048559960628,2.3693483156219246,1.6893859882873035
0,0.8976738968270753,0.18354380718052649,-3.7677866122884374,4.369261305786548,2.2824106295745112
0,0.8958136209473427,0.17105885178291863,-0.9301379398662935,-6.242477698803928,-1.718709509355094
0,0.8908603698151348,0.16988767413014993,-2.4766255661039516,-0.5855888263843478,-2.9094105750799373
0,0.8928850774297297,0.16788017669244223,1.012353807297417,-1.00374871885385,-0.7811300093335942
0,0.8984809111135177,0.15693803931548483,2.7979168418940104,-5.4710686884787,-1.0980685813992828
0,0.8972583569646658,0.1434541993183022,-0.611277074425931,-6.741919998591319,-1.6612171929094026
0,0.8928864522188833,0.1363631761409423,-2.1859523728912644,-3.545511588679953,-2.1232894461245437
0,0.8975236302092953,0.13169133713569464,2.3185889952059835,-2.335919502623823,-0.7891215269575431
0,0.8936113445970447,0.11794293119312493,-1.9561428061252717,-6.874202971284854,-1.8480311297233531
0,0.8845496084510157,0.11603740028769152,-4.530868073014505,-0.9527654527167057,-2.934329233152667
0,0.8762160645897868,0.12328429512809798,-4.166771930614432,3.6234474202032283,2.4258261765486613
0,0.8647660982760889,0.11209263859708202,-5.724983156848995,-5.595828265507981,-2.367602620184193
0,0.8639207150640128,0.11327196899005972,-0.42269160603802813,0.5896651964888491,2.192730648079361
0,0.8621987177240491,0.1126619545391223,-0.8609986699818495,-0.3050072254687092,-2.8011382743715467
0,0.8631038119072525,0.10466329510655213,0.45254709160169604,-3.9993297162850827,-1.45811987253271
0,0.8516879245346837,0.10628328613227245,-5.707943686284411,0.8099955128601579,3.0006271462718686
0,0.847905119029471,0.1020942158636333,-1.8914027526063526,-2.094535134319571,-2.305276285791363
0,0.8419304549665642,0.0993763561281732,-2.9873320314534046,-1.3589298677300563,-2.7146734368611796
0,0.8396264698230163,0.09562368052937804,-1.151992571773952,-1.8763377993975747,-2.1214158830571836
0,0.8368255992176434,0.09230254530441784,-1.4004353026864091,-1.660567612480103,-2.271415485969261
0,0.8302711188178682,0.0864094664668294,-3.277240199887621,-2.9465394187942193,-2.4092796091076507
0,0.8236909717006726,0.08516128683886287,-3.2900735585977836,-0.624089813983264,-2.9541311667691086
0,0.8228407390528072,0.07717359505105771,-0.42511632393271714,-3.99384589390258,-1.6768398818559982
0,0.823545609673671,0.0737028499857564,0.3524353104318867,-1.7353725326506586,-1.3704322149211692
0,0.8155779590036895,0.07146352343727491,-3.9838253349907538,-1.119663274240741,-2.867608419629856
0,0.8116216151405491,0.07068546834763038,-1.978171931570183,-0.3890275448222638,-2.947410562243951
0,0.8097951694599907,0.07736608214445638,-0.9132228402791709,3.3403068984129978,1.8376696690868717
0,0.7980468912073219,0.07494388093014259,-5.874139126334443,-1.211100607156894,-2.9382667101263276
0,0.7936881358238788,0.08310285397836494,-2.1793776917215513,4.0794865241111715,2.061450270642802
0,0.7725578779560099,0.0787844761040795,-10.565128933934409,-2.159188937142717,-2.939999310808278
0,0.7598821317401502,0.07162262485424896,-6.337873107929881,-3.5809256249152708,-2.6273028449335554
0,0.7505182958366606,0.07757515967340524,-4.681917951744774,2.97626740957814,2.575340164743411
0,0.7458998293806685,0.07973293780300322,-2.309233227996088,1.0788890647989922,2.704522188377422
0,0.737383839558975,0.07607518141685823,-4.257994910846718,-1.8288781930724944,-2.735902892266786
0,0.7257562146515012,0.06999482706244714,-5.813812453736911,-3.040177177205547,-2.659775139789421
0,0.7224333338253891,0.06416674097232894,-1.6614404130560478,-2.9140430450591004,-2.0889777457298435
0,0.7144267253469411,0.053816749313055134,-4.003304239224015,-5.174995829636902,-2.2292223749780042
0,0.7117412389805569,0.04605238168310673,-1.3427431831921077,-3.8821838149742036,-1.903789953661034
0,0.702460193535978,0.04539618261118278,-4.640522722289431,-0.32809953596197455,-3.0710069731553054
0,0.71009465237019,0.04667408327114119,3.817229417105994,0.6389503299792064,0.16584837715960757
0,0.7051494362208942,0.04698583860814982,-2.4726080746478862,0.15587766850431312,3.078634168093895
0,0.6927667756286342,0.05153958908256008,-6.191330296130004,2.2768752372051315,2.7891913243296687
0,0.6944505780138996,0.04604141555953145,0.8419011926327213,-2.7490867615143144,-1.2736177006551288
0,0.6991761498085449,0.043430675282832745,2.362785897322639,-1.305370138349353,-0.5047381740964575
0,0.6920330347548077,0.03193413259222506,-3.5715575268686073,-5.748271345303844,-2.126750190292916
0,0.6915993795388433,0.023990458553990013,-0.21682760798219514,-3.9718370191175225,-1.6253334576695262
0,0.6872924068787947,0.02976384209622252,-2.1534863300243234,2.8866917711162543,2.2117356921996842
0,0.6818726406794956,0.032420054129874115,-2.709883099649535,1.3281060168257968,2.685898653153628
0,0.6776618602158538,0.03512359342228171,-2.1053902318208806,1.351769646203798,2.5708252084483023
0,0.677787700764068,0.03208346911921785,0.06292027410709222,-1.520062151531932,-1.5294267189165942
0,0.6776216727812532,0.03177784923044579,-0.08301399140742127,-0.152809944386028,-2.0684423744989204
0,0.6746624753650796,0.03686119251212243,-1.4795987080867823,2.541671640838319,2.09797700536339
0,0.6633685387937404,0.04250879471674808,-5.646968285669629,2.8238011023128258,2.6779001422845066
0,0.6634855804608784,0.052640920028245025,0.058520833568997954,5.066062655748472,1.5592452989486263
0,0.6478619696776723,0.05654342057398866,-7.811805391603032,1.951250272871817,2.8968189486927365
0,0.6400911084045317,0.06234973994771624,-3.8854306365703195,2.9031596868637903,2.4998915840612
0,0.6283438759489738,0.05150720920758467,-5.873616227778933,-5.421265370065785,-2.396222288514755
0,0.624742549331873,0.04689453447269516,-1.8006633085503876,-2.306337367444754,-2.233686169308078
0,0.6326929563941569,0.0299283958207095,3.9752035311419465,-8.483069325992831,-1.1325791524161233
0,0.6324821334619218,0.02345795765397424,-0.10541146611753316,-3.2352190833676295,-1.6033672856401326
0,0.619192281793586,0.024861626799764412,-6.644925834167925,0.7018345728950857,3.0363631676185485
0,0.6080898167432295,0.02678633308423096,-5.551232525178251,0.9623531422332746,2.969940187945892
0,0.6032185347390534,0.01772717044385627,-2.4356410020880404,-4.5295813201873445,-2.0641617194207824
0,0.6046698228339565,0.013377112505219564,0.725644047451568,-2.1750289693183538,-1.2487832922422055
0,0.6071306430800528,0.008455004218362467,1.2304101230481423,-2.4610541434285484,-1.107186734312948
0,0.6085545251386307,0.013753927340139388,0.7119410292889539,2.64946156088846,1.3082857478347771
0,0.6051401985702569,0.00968953868798562,-1.7071632841869078,-2.032194326076884,-2.269490785953065
0,0.6024499691905099,0.019313610454373034,-1.3451146898735278,4.812035883193707,1.8433703600819105
0,0.5993940137083723,0.010186570898779975,-1.5279777410687756,-4.56351977779653,-1.8938882343759549
0,0.587720892700981,0.0009622352624826906,-5.836560503695631,-4.612167818148642,-2.4728435374804807
0,0.5757481705157983,0.000150326387995486,-5.986361092591374,-0.4059544372436023,-3.0738830945068893
0,0.5652892576356003,0.0026271929613148415,-5.2294564400989785,1.2384332866596777,2.9090578358285186
0,0.5568098191758359,0.014475697552154113,-4.2397192298821995,5.924252295419636,2.1919517422537256
0,0.5491742299327316,0.007872349336019255,-3.817794621552184,-3.301674108067429,-2.428562138787607
0,0.543451474900915,0.0034341590902265025,-2.861377515908259,-2.219095122896376,-2.4819491451245064
0,0.543496753454661,0.006012354205859085,0.022639276872959968,1.2890975578162913,1.55323601909064
0,0.5421399859029766,0.009873329618815953,-0.6783837758421729,1.930487706478434,1.9087226105439377
0,0.5552195459830637,0.0031138995100543094,6.539780040043519,-3.379715054380822,-0.47699188018555094
0,0.5608019682892599,0.003550526746379074,2.7912111530981054,0.21831361816238232,0.0780557446014367
0,0.5595437862342683,0.004905878412872366,-0.6290910274958095,0.6776758332466462,2.3190322087057305
0,0.5602337699498526,0.007122404633759504,0.34499185779218733,1.1082631104435687,1.2690136649534915
0,0.5536671550915456,0.014853041295340645,-3.2833074291535036,3.8653183307905707,2.2749578927153014
0,0.5532863300245254,0.01755017042727823,-0.19041253351009813,1.3485645659687926,1.7110655284181693
0,0.5393349504554769,0.0180358498827031,-6.975689784524286,0.24283972771243534,3.106794417473686
0,0.5277777047163809,0.03238143097001231,-5.778622869548,7.172790543654604,2.248961424853459
0,0.5239248784288568,0.02716391782750852,-1.926413143762018,-2.6087565712518948,-2.206858621152294
0,0.5137809979056587,0.028196954726773568,-5.071940261599073,0.5165184496325245,3.0401041034595466
0,0.5039111606936697,0.03810374800043981,-4.934918605994487,4.953396636833119,2.3543258190510175
0,0.49913815993302024,0.031249416535757746,-2.3865003803247298,-3.427165732341031,-2.1790671510447535
0,0.5014944899314658,0.02741689492889342,1.1781649992227972,-1.9162608034321622,-1.0195473655950338
0,0.49506392809912414,0.027383052968449437,-3.2152809161708484,-0.016920980221992246,-3.136330026636613
0,0.4837464966477426,0.028269975710148897,-5.658715725690766,0.4434613708497303,3.063384650079008
0,0.4793600236644613,0.03104711166968567,-2.19323649164066,1.3885679797683865,2.577180061460212
0,0.47057260802532863,0.031513554251521914,-4.393707819566328,0.23322129091812166,3.0885616758209307
0,0.4668617443031932,0.032577798621056836,-1.8554318610677079,0.5321221847674612,2.862297314228063
0,0.45937386974203476,0.03208838188443251,-3.743937280579229,-0.24470836831216175,-3.0763242560842388
0,0.4499931484941994,0.03746697465365176,-4.690360623917672,2.6892963846096225,2.620986741800827
0,0.44687742760308846,0.036904777200593035,-1.5578604455554756,-0.2810987265293614,-2.9630745589689367
0,0.4400309758792421,0.03264459205854364,-3.4232258619231737,-2.1300925710246963,-2.5849753581234074
0,0.434994365033916,0.02298471346667432,-2.5183054226630697,-4.82993929593466,-2.051412944633847
0,0.42285288609771887,0.02701724982358551,-6.070739468098552,2.016268178455594,2.8209264573355544
0,0.4259081646856467,0.02257140733150442,1.527639293963906,-2.2229212460405448,-0.9686981129277018
0,0.4103959595540425,0.021243055255843312,-7.756102565802086,-0.6641760378305536,-3.0561683468482026
0,0.4094122331542439,0.016194684805203235,-0.4918631998993006,-2.5241852253200388,-1.7632449073992076
0,0.4173367245212691,0.02347994267640363,3.9622456835125828,3.642628935600198,0.7433950037302844
0,0.4063099204593439,0.021848319677736306,-5.513402030962594,-0.8158114993336626,-2.9946897961397396
0,0.40104157052504985,0.027942403013179053,-2.6341749671470183,3.0470416677213734,2.2836497865461105
0,0.39964004899914085,0.03064332221686783,-0.7007607629544998,1.3504596018443886,2.0494536045254934
0,0.395698071665534,0.03625309161493901,-1.9709886668034249,2.8048846990355902,2.1833311644935045
0,0.3984330966941604,0.04541527943696974,1.3675125143131905,4.5810939110153654,1.2807050262101296
0,0.3931217742185828,0.05055181365284246,-2.655661237788792,2.5682671079363604,2.3729225102150973
0,0.3892195136132202,0.05906090657216069,-1.951130302681292,4.254546459659114,2.0007780431975437
0,0.38620664290023254,0.06692521664936331,-1.5064353564938349,3.932155038601309,1.9366553223978584
0,0.3809831060403479,0.06614514103921422,-2.6117684299423183,-0.39003780507454455,-2.993349628023004
0,0.38611926569688054,0.06279186185747307,2.5680798282663173,-1.6766395908705753,-0.5783948770648948
0,0.3826611476065682,0.06513615399039205,-1.7290590451561616,1.1721460664594896,2.5458466813364167
0,0.3788691573220888,0.06675378681094464,-1.8959951422397037,0.8088164102762959,2.7383743184068092
0,0.3738007023751101,0.0624089280885685,-2.534227473489359,-2.172429361188069,-2.432913067677877
0,0.36527668103607996,0.06780814482238652,-4.262010669515065,2.6996083669090094,2.576967172146122
0,0.3629562480660829,0.0632325742681937,-1.160216484998533,-2.287785277096409,-2.040135803382576
0,0.36025504921121293,0.07520092996740071,-1.3505994274349842,5.984177849603506,1.7927722464294522
0,0.349654091530276,0.07252399348104242,-5.30047884046847,-1.338468243179146,-2.8942451739727746
0,0.3575731989142405,0.07603852340929651,3.959553691982254,1.7572649641270435,0.41768922901548444
0,0.3625506215014902,0.08168724727932983,2.488711293624851,2.824361935016659,0.8484888012027095
0,0.36056093408675727,0.09328890977122684,-0.9948437073664662,5.800831245948504,1.74064418167438
0,0.3584970760095638,0.08997083124883076,-1.031929038596724,-1.6590392611980365,-2.1272383058011637
0,0.35786760639626797,0.09408951917511206,-0.3147348066479261,2.0593439631406487,1.722455345008671
0,0.3526940358455999,0.09844226630765013,-2.5867852753340412,2.1763735662690338,2.44214596992971
0,0.3601479215482325,0.10856567638848265,3.726942851316306,5.0617050404162605,0.9361198207965344
0,0.3675379862624889,0.11551306224361618,3.695032357128203,3.4736929275667667,0.7545322665999116
0,0.37480137658407675,0.11458178003688783,3.631695160793924,-0.46564110336417414,-0.1275201665886685
0,0.3840345907273751,0.10851565568034788,4.616607071649181,-3.033062178269978,-0.581273041811968
0,0.38516648407129395,0.11257270354103069,0.5659466719594164,2.0285239303414055,1.2987204258145961
0,0.37157624755341767,0.11689615891723927,-6.795118258938137,2.161727688104291,2.8335873664990645
0,0.3729824079976153,0.11377077790732064,0.7030802220988064,-1.5626905049593158,-1.1480118523981626
0,0.37877756833661086,0.12027024130797036,2.8975801694977874,3.249731700324859,0.8426210740722195
0,0.38537283669378714,0.12907422614759212,3.297634178588138,4.401992419810881,0.9278566745014976
0,0.3854269146452433,0.1348855953440949,0.027038975728088666,2.9056845982513844,1.5614910514317126
0,0.38972800227918325,0.12840616813827108,2.1505438169699684,-3.2397136029119062,-0.9847762671559862
0,0.3906337395657939,0.1309272066216706,0.45286864330532084,1.260519241699759,1.225885811240212
0,0.3937953008986562,0.14527055811388656,1.580780666431164,7.171675746107983,1.3538454601912102
0,0.39290001305348254,0.16304778262757907,-0.44764392258683783,8.888612256846256,1.6211153230785615
0,0.4024920561295359,0.15850544264594252,4.79602153802669,-2.271169990818278,-0.44226698483598753
0,0.4041733117061822,0.16201008660556532,0.8406277883231394,1.7523219798113998,1.1235021410027224
0,0.40786212157722235,0.16956492177064952,1.844404935520072,3.777417582542103,1.1165755529236776
0,0.4118385007081386,0.16537302523020114,1.988189565458126,-2.0959482702241905,-0.8117767319150105
0,0.42042623094349446,0.17007937434890252,4.293865117677931,2.3531745593506903,0.5013308485679703
0,0.41585221460508426,0.17294485407867075,-2.287008169205101,1.432739864884111,2.5819376308034525
0,0.4110114975717148,0.1799036902672621,-2.420358516684734,3.4794180942956805,2.178577745421914
0,0.42288584772900595,0.18390112397775976,5.937175078645579,1.9987168552488277,0.32472756561155014
0,0.4221613989112086,0.18387256590384288,-0.362224408898687,-0.014279036958442237,-3.102192637738188
0,0.4142781960284251,0.18913941375375068,-3.9416014413917453,2.633423924953901,2.552591382024068
0,0.4043237722081451,0.19936468306790592,-4.97721191014,5.112634657077619,2.3427736105827583
0,0.4037558483001447,0.2075223806945225,-0.28396195400018365,4.078848813308292,1.64030234138005
0,0.3925852128655979,0.22526108493461208,-5.585317717273414,8.869352120044791,2.132791425657477
0,0.3914868978237817,0.2243657186661212,-0.549157520908089,-0.4476831342454385,-2.4576410378462565
0,0.3820220811878707,0.23122091733092107,-4.7324083179555165,3.4275993323999305,2.5147550863970163
0,0.37011526050450155,0.22880601522245195,-5.953410341684561,-1.2074510542345596,-2.941490198802954
0,0.36161822284228473,0.22860788504027382,-4.248518831108411,-0.09906509108906225,-3.1182793185897335
0,0.3615807660602147,0.22886997936686768,-0.018728391035005565,0.13104716329692678,1.7127484783253535
0,0.36466554657723266,0.22264295272673967,1.5423902585089688,-3.1135133200640013,-1.110846893916273
0,0.3746898842718077,0.21722005791701687,5.012168847287529,-2.7114474048614,-0.495886191594424
0,0.37785181163694476,0.22445297158802052,1.5809636825685203,3.6164568355018245,1.1586728271828555
0,0.3733948566780846,0.2259595418392367,-2.2284774794300852,0.7532851256080858,2.8156239377932453
0,0.377268221066568,0.23133000359586822,1.9366821942417012,2.685230878315764,0.9459604669402729
0,0.3768971056373673,0.23718826875870197,-0.18555771460035397,2.929132581416874,1.6340608205907519
0,0.37192460321358434,0.23852932534813795,-2.4862512118914712,0.6705282947179897,2.878165576831205
0,0.36830018804023984,0.2497613771086929,-1.8122075866722487,5.616025880277473,1.8829330092256715
0,0.3675223093616973,0.2606116578966268,-0.38893933927128255,5.425140393966965,1.6423659099741301
0,0.36173096497617785,0.2643148213109585,-2.895672192759713,1.8515817071658447,2.5726834378801757
0,0.3662286666507179,0.2662342619094116,2.2488508372700275,0.9597202992265297,0.4033607076008154
0,0.3663283122688938,0.27390107066405933,0.049822809087940456,3.833404377323879,1.557800044881259
0,0.36640970211599466,0.2815613053481022,0.040694923550438356,3.830117342021433,1.5601717457005386
0,0.3643513951552853,0.2967076208614075,-1.0291534803546776,7.5731577566526544,1.705863827999052
0,0.3734298408673419,0.3021749419186321,4.539222856028285,2.7336605286122917,0.5420582960288566
0,0.36607729831705343,0.28800385200216544,-3.6762712751442215,-7.085544958233325,-2.049402879784165
0,0.3647215376160983,0.29958771931823946,-0.6778803504775555,5.791933658037013,1.6873049694666324
0,0.3624952012440783,0.3102620990025159,-1.1131681860100107,5.337189842138212,1.7764168215798566
0,0.3587005794668056,0.31692426813417934,-1.8973108886363443,3.3310845658317265,2.0885459210129667
0,0.3565555181712918,0.3271011926302255,-1.0725306477569196,5.08846224802309,1.7785325561769976
0,0.3512602014078694,0.32324955749240303,-2.6476583817111874,-1.9258175689112478,-2.5127351465049164
0,0.3437019709910161,0.327399505253305,-3.7791152084266364,2.0749738804509974,2.6394687985953396
0,0.3337068257873557,0.33964595807418885,-4.9975726018302025,6.123226410441912,2.2553174819225466
0,0.333113679074405,0.343166503628969,-0.2965733564753714,1.7602727773900761,1.7377102437394694
0,0.3291109070143574,0.3407742646844013,-2.0013860300237827,-1.1961194722838464,-2.6029061584664963
0,0.3220129556856171,0.3471760660876999,-3.5489756643701518,3.2009007016493007,2.4077164588148623
0,0.3179582169044325,0.35850291871776985,-2.0273693905923094,5.663426315034969,1.9145587633572307
0,0.31903142697331455,0.3703650045054667,0.5366050344410289,5.931042893848437,1.4805680045560192
0,0.32559917714249126,0.37606522714347806,3.2838750845883555,2.8501113190056713,0.7148008594055273
0,0.3211313406259444,0.3867139540780392,-2.2339182582734316,5.324363467280574,1.9680547602256813
0,0.33226294727353844,0.383833910919441,5.565803323797025,-1.4400215792990945,-0.2531749554817281
0,0.3286446753236014,0.3942750282753107,-1.809135974968512,5.220558677934833,1.9043860322510682
0,0.3242373003484832,0.39931346490334585,-2.203687487559114,2.5192183140175795,2.2894850009541323
0,0.32265179874544736,0.4052294522673867,-0.7927508015179163,2.9579936820204322,1.832645797445488
0,0.3157607996268565,0.4088274507779868,-3.445499559295434,1.7989992553000544,2.660398056303166
0,0.30579470426409844,0.40888885488687793,-4.983047681379027,0.03070205444555274,3.135431430997207
0,0.28738332867661703,0.409262871824748,-9.205687793740703,0.18700846893504597,3.1212809990120953
0,0.2836562266806252,0.40838497989778316,-1.8635509979959275,-0.43894596348242887,-2.9102663914800475
0,0.29655386658712724,0.4052293745581772,6.448819953251028,-1.5778026698029801,-0.23995153054505802
0,0.2922510270193907,0.4001292098390118,-2.1514197838682634,-2.550082359582706,-2.2716021229118195
0,0.28646870466521845,0.40385176061922085,-2.8911611770861265,1.8612753901045276,2.5696015595188024
0,0.2730884539946581,0.4098715037054525,-6.690125335280183,3.0098715431158274,2.718823860406023
0,0.2645260693953816,0.42610191304416173,-4.281192299638247,8.115204669354615,2.0562417997645754
0,0.2596512433722144,0.42936939181697314,-2.4374130115835944,1.6337393864057081,2.55109545786274
0,0.25032555116689637,0.4508781314994647,-4.662846102659018,10.754369841245781,1.9799091799679573
0,0.23991738687081599,0.47495306107559554,-5.2040821480401895,12.037464788065416,1.9788538822797754
0,0.23394985396526793,0.486126358158702,-2.9837664527740255,5.5866485415532185,2.0613416398077646
0,0.2322273591589357,0.500146020282616,-0.861247403166121,7.0098310619570166,1.6930464411388746
0,0.22642282825577564,0.5074026979666214,-2.9022654515800244,3.6283388420026985,2.2454690989824875
0,0.21699903786125216,0.5065699145120144,-4.711895197261742,-0.41639172730351115,-3.053451290266769
0,0.21325026941095268,0.5150042049207632,-1.874384225149739,4.217145204374384,1.9890399561159586
0,0.2110744718273741,0.5272806658511554,-1.0878987917892906,6.138230465196126,1.746208098122574
0,0.21467211134600678,0.5311380924818603,1.798819759316339,1.9287133153524372,0.8202311251381572
0,0.2105966716986724,0.54512441982601,-2.0377198236671834,6.993163672074864,1.8543330502591429
0,0.22369818273890693,0.5485646731809649,6.55075552011726,1.7201266774774515,0.2567873550871041
0,0.21735021616613048,0.5522435835773656,-3.173983286388224,1.8394551982003349,2.6163519756662694
0,0.21500931977424806,0.5606182906199938,-1.170448195941212,4.187353521314107,1.8433596800025474
0,0.2242615726685794,0.5684761687758184,4.626126447165674,3.928939077912308,0.7040837560614541
0,0.23999908807572953,0.581071294401872,7.8687577035750635,6.297562813026791,0.6749390276171228
0,0.25094010428832075,0.5850853618178561,5.47050810629561,2.0070337079920453,0.3516350382314281
0,0.25700241032805576,0.5944326198694732,3.031153019867505,4.673629025808534,0.99543043300616
0,0.2603779418918836,0.5951719641531928,1.6877657819139302,0.36967214185984476,0.21562535129052104
0,0.26292246839880223,0.5928051648364463,1.2722632534593048,-1.1833996583732742,-0.7492267346061052
0,0.271633152653452,0.6080909070879507,4.355342127324885,7.6428711257521815,1.0528358842019707
0,0.2734647818771347,0.6156283937408954,0.9158146118413424,3.768743326472368,1.3324141709586963
0,0.27692230542151086,0.6206841993143392,1.7287617721880866,2.5279027867218806,0.9709767746692203
0,0.2687962527330948,0.6248073911823857,-4.06302634420802,2.061595934023275,2.672039381113036
0,0.26268115733792474,0.6265570250866129,-3.057547697585039,0.8748169521136107,2.8629205388574714
0,0.2753829060159008,0.6286175185152347,6.350874338988039,1.0302467143109006,0.1608203047950224
0,0.276769778033402,0.6301459800707536,0.6934360087506031,0.7642307777594448,0.8339272136718809
0,0.28226114096685284,0.63493024096249,2.745681466725408,2.392130445868168,0.7166929344065671
0,0.2901418895064615,0.6286265653898779,3.940374269804342,-3.151837786306011,-0.674669502940735
0,0.28919878546144834,0.6230784086503209,-0.4715520225065939,-2.7740783697784988,-1.7391720141277938
0,0.29621900851384425,0.6152512358581107,3.5101115261979565,-3.9135863961051176,-0.8396943248300925
0,0.2966341273223833,0.6162442345402837,0.20755940426953057,0.496499341086476,1.1748307660292159
0,0.2867863417647886,0.625467905102026,-4.923892778797345,4.611835280871168,2.3889078991884243
0,0.28559855727350403,0.6252165733400205,-0.5938922456422968,-0.12566588100276777,-2.9330713023812995
0,0.29955329393850394,0.6306030533087205,6.977368332499956,2.6932399843500043,0.3683764418874956
0,0.30888490115178513,0.6266054783202702,4.665803606640595,-1.9987874942251072,-0.4047392042902941
0,0.3155428197643419,0.6332255432475683,3.3289593062783838,3.3100324636490264,0.7825473101338629
0,0.31331907113302687,0.6422699854095857,-1.1118743156575128,4.522221081008692,1.8118832977994306
0,0.31839199915995464,0.6456136134155529,2.5364640134638847,1.671814002983607,0.5827542346129722
0,0.3210058278728419,0.6504989430934267,1.306914356443617,2.4426648389369032,1.0795140994301013
0,0.3393479683423173,0.6567178326914465,9.171070234737705,3.109444799009875,0.3268860587209642
0,0.33224870826000735,0.6540698094376556,-3.549630041154966,-1.3240116268954383,-2.7845766534678975
0,0.32056719068399236,0.6558569065286037,-5.840758788007494,0.8935485454740766,2.9897846662390144
0,0.31065844188659053,0.6693440642998476,-4.954374398700917,6.743578885621937,2.204420501513112
0,0.31512263879971325,0.676787721334907,2.23209845656136,3.721828517529724,1.0305741465519676
0,0.3221242917973415,0.6867078525336101,3.5008264988141136,4.960065599351526,0.9561867007436806
0,0.31376561257110336,0.6912620644404491,-4.179339613119059,2.2771059534195115,2.6427133087094656
0,0.30436332637614394,0.6950731588613689,-4.70114309747971,1.9055472104598792,2.7564939036545417
0,0.30833404149634286,0.6988124018801826,1.98535756009946,1.869621509406838,0.7553846939287286
0,0.3200146388794302,0.6964429025026722,5.840298691543677,-1.1847496887552045,-0.20014185336282808
0,0.3203648334123603,0.7065257977913353,0.17509726646502966,5.041447644331565,1.5360787368744042
0,0.3276595050049961,0.7086689075597242,3.647335796317902,1.07155488419447,0.2857508894100879
0,0.32092761999056085,0.7250732457043536,-3.365942507217612,8.20216907231469,1.9602121888235116
0,0.31448030672434435,0.7328611588126427,-3.2236566331082517,3.89395655414454,2.2622966096666692
0,0.31218587678100945,0.7414615517662584,-1.1472149716674485,4.300196476807849,1.8315063820709598
0,0.31409113044826853,0.7442389263803139,0.9526268336295385,1.3886873070277361,0.9695344604490934
0,0.3128127839820403,0.7385100546026554,-0.6391732331141042,-2.864435888829231,-1.7903406913406616
0,0.3094316126805605,0.7475412365807219,-1.6905856507399009,4.5155909890332575,1.9290308406643404
0,0.2918373163909507,0.7650497782982059,-8.797148144804922,8.754270858741975,2.358637438010816
0,0.2761186639952061,0.7555052855296678,-7.8593261978722735,-4.772246384269041,-2.5958899433371774
0,0.27023238374074005,0.7618186636222847,-2.94314012723304,3.1566890463084474,2.321199782453659
0,0.27486259652698475,0.747577994156272,2.3151063931223512,-7.120334733006328,-1.2564377114283352
0,0.2750404923956038,0.756190997542341,0.08894793430952452,4.306501693034481,1.5501449267859426
0,0.2783168056097272,0.7659362057743115,1.6381566070617082,4.872604115985279,1.2464703730015765
0,0.2846458129936071,0.7722955872236341,3.164503691939935,3.179690724661288,0.7877920061321418
0,0.27937522317093394,0.778677471260342,-2.635294911336572,3.1909420183539594,2.2611122550011653
0,0.27719391368616936,0.7838167225697574,-1.090654742382291,2.5696256547076968,1.972193486638307
0,0.2716957488326654,0.7902510799138417,-2.749082426751981,3.2171786720421314,2.2778976626845395
0,0.269926466192724,0.7878995305723908,-0.8846413199707082,-1.175774670725438,-2.2158253986656464
0,0.265887334595549,0.7992323175251945,-2.0195657985875024,5.666393476401854,1.9131711794181823
0,0.26312917849030915,0.8099552856641952,-1.3790780526199142,5.361484069500322,1.8225581517684744
0,0.26088030033433496,0.8134669445247418,-1.1244390779870939,1.7558294302733035,2.1403956221371434
0,0.26598236730287195,0.8096814087341156,2.5510334842684945,-1.8927678953130633,-0.6383364014512882
0,0.27026930788247755,0.8154463978596627,2.143470289802801,2.8824945627735077,0.9313932426375396
0,0.27655085551085834,0.8220046671935027,3.140773814190395,3.279134666920036,0.8069466694342542
0,0.2768692109544944,0.8219737816577732,0.15917772181803236,-0.015442767864748408,-0.0967132205142649
0,0.2822324814646893,0.8156454486516949,2.6816352550974587,-3.1641665030391897,-0.8677546709129501
0,0.28034167485363604,0.8249775355148932,-0.9454033055266431,4.666043431599154,1.7707035821916344
0,0.2830687667247036,0.8276841177181882,1.3635459355337831,1.3532911016475024,0.7816236325568412
0,0.28259534752900434,0.8367044588398761,-0.23670959784963252,4.510170560843962,1.6232317309060813
0,0.28843560273898594,0.833705744689478,2.920127604990802,-1.4993570751990482,-0.47435437925105345
0,0.2857127453707819,0.8348694966374428,-1.361428684102023,0.5818759739824042,2.7376901009055152
0,0.29094997799544636,0.8388553858534537,2.6186163123322337,1.9929446080054203,0.6505469648308604
0,0.2884914863360948,0.8416034501817151,-1.2292458296757902,1.374032164130734,2.300634797830329
0,0.29197414326538246,0.8509705537494919,1.7413284646438376,4.683551783888406,1.2148371011658632
0,0.2967470908989721,0.8532383747738829,2.386473816794826,1.1339105121954685,0.4435630167246236
0,0.30273767859115136,0.8468967744946747,2.995293846089625,-3.1708001396040797,-0.8138536039904445
0,0.3156435566445249,0.8449814346047412,6.452939026686782,-0.9576699449667658,-0.14733294596375482
0,0.3180540952489279,0.8463759541643974,1.2052693022014949,0.6972597798280966,0.5244677861890095
0,0.3212055526191489,0.8511662837578637,1.5757286851104946,2.3951647967331846,0.9889021732270445
0,0.31716409853515654,0.8470763090760757,-2.0207270419961842,-2.0449873408940333,-2.350227516449241
0,0.31080444906535165,0.8418634131653913,-3.179824734902442,-2.606447955342206,-2.454964641975813
0,0.30992799659483145,0.8392100795529266,-0.43822623526010296,-1.326666806232335,-1.8898335593156648
0,0.2970778782420678,0.8449293014272312,-6.425059176381809,2.8596109371523126,2.7228447946458227
0,0.2985771148824681,0.8324670794806027,0.7496183202001239,-6.231110973314246,-1.4510691910135953
0,0.28913426875824866,0.8338756455503238,-4.721423062109708,0.7042830348605311,2.9935169529742898
0,0.2790728809905625,0.8267121158841929,-5.030693883843084,-3.5817648330654372,-2.522870085972808
0,0.27312730972503474,0.8311097068157081,-2.9727856327638746,2.198795465757575,2.504754047567804
0,0.2777380927561494,0.8206822418872414,2.3053915155573366,-5.2137324642333445,-1.1544671933974353
0,0.2720880503464078,0.8159722141827347,-2.8250212048707977,-2.3550138522533404,-2.446681111768331
0,0.26670290073686687,0.8201086036925884,-2.6925748047704756,2.0681947549268664,2.486601273220234
0,0.2612734506035256,0.8218226260259928,-2.7147250666706424,0.8570111667021707,2.8358043686746
0,0.26354950521489545,0.8142982101489855,1.1380273056849355,-3.7622079385036256,-1.2770574212279107
0,0.2580320490603196,0.8190709541091342,-2.758728077287914,2.3863719800743532,2.4284395483656254
0,0.2590058206735823,0.8236452446772781,0.4868858066313375,2.287145284071923,1.3610480832443834
0,0.2425119885718117,0.8209513881946394,-8.246916050885302,-1.3469282413193229,-2.979696998892328
0,0.23481304197705924,0.8147029630389014,-3.849473297376227,-3.12421257786899,-2.4598215797144816
0,0.2257554676749838,0.8125689569371408,-4.528787151037716,-1.0670030508803108,-2.91020781919242
0,0.22101859304812171,0.8043884739023552,-2.368437313431046,-4.09024151739279,-2.095665842837834
0,0.21694248430120272,0.8054283245156816,-2.038054373459497,0.5199253066631715,2.8918116556776643
0,0.21450872525332434,0.7952707944617506,-1.2168795239391876,-5.0787650269654705,-1.8059644406869164
0,0.21278906720438018,0.7892820921915049,-0.8598290244720835,-2.9943511351228635,-1.8504231784559937
0,0.20248200642956568,0.7752984791102993,-5.1535303874072484,-6.99180654060283,-2.2059781195569137
0,0.19922406804747397,0.773572004139209,-1.6289691910458537,-0.8632374855451208,-2.6542897589832775
0,0.20677005916238134,0.7784555204646112,3.7729955574536818,2.441758162701091,0.5743810676886313
0,0.2046892456055883,0.7568960745208776,-1.0404067783965214,-10.7797229718668,-1.6670134738300617
0,0.20717990434422154,0.7473458139796487,1.2453293693166223,-4.775130270614436,-1.315683894667846
0,0.20480662678873673,0.7368498422905319,-1.186638777742402,-5.247985844558434,-1.793170058748026
0,0.21110940627504074,0.7345920635395392,3.1513897431520026,-1.1288893754963225,-0.3439784983156476
0,0.20248392748393598,0.7289866803030902,-4.312739395552378,-2.8026916182244954,-2.5653134457044424
0,0.21112638620816815,0.7108293764483914,4.321229362116083,-9.078651927349412,-1.1265511610879169
0,0.20363000590980548,0.7035755861452729,-3.7481901491813323,-3.6268951515592285,-2.3726395966660725
0,0.19676856731980769,0.7010933429556165,-3.430719294998899,-1.2411215948281984,-2.7944735378388095
0,0.19915187380753185,0.6944019151339843,1.1916532438620842,-3.345713910816117,-1.2286327201800609
0,0.19225266577373612,0.6864491266306425,-3.449604016897867,-3.9763942516709005,-2.2853744845354003
0,0.19980567121886775,0.6702635208351636,3.7765027225658137,-8.092802897739448,-1.1341832336794275
0,0.19922186718960838,0.6708304170725812,-0.291902014629683,0.2834481187087845,2.370886913320048
0,0.20308405906851915,0.6698211739777847,1.9310959394553822,-0.5046215473982207,-0.2555980468596325
0,0.20918795198681595,0.6709754595540414,3.0519464591484,0.5771427881283153,0.18689939738088
0,0.21050457736225653,0.6648189569919113,0.6583126877202916,-3.0782512810650364,-1.360110715519617
0,0.20530368511096683,0.6675540310876984,-2.600446125644848,1.3675370478935522,2.6574516942640733
0,0.21274287481209722,0.6735122084644414,3.719594850565194,2.9790886883714895,0.6753001561526673
0,0.22418496637954957,0.6733595570012787,5.721045783726175,-0.07632573158133926,-0.01334042875923537
0,0.22396161833655168,0.6768346115148617,-0.11167402149894756,1.7375272567914934,1.634979855969349
0,0.2194791114907737,0.6743709265289364,-2.2412534228889864,-1.2318424929626537,-2.6390395958883768
0,0.20912065757369175,0.6662198119214174,-5.179226958540978,-4.075557303759469,-2.4748879000460735
0,0.22111524225057727,0.6658974191469874,5.997292338442761,-0.1611963872150124,-0.026871724245362244
0,0.2122632713755774,0.6626207207065566,-4.425985437499932,-1.6383492202153849,-2.7870667521850487
0,0.21680137504690286,0.666367841508717,2.2690518356627276,1.8735604010801654,0.6902175402677313
0,0.20991319277262402,0.663962679282942,-3.444091137139421,-1.202581112887513,-2.805655425052069
0,0.1986852374755221,0.6620581839001543,-5.613977648550955,-0.9522476913938482,-2.9735710145249983
0,0.20020737154106782,0.6667776946438615,0.761067032772858,2.3597553718536224,1.258809622908276
0,0.2045334839010661,0.6709143051777937,2.163056179999137,2.0683052669661084,0.763009369120042
0,0.20248106998053297,0.6716731553887355,-1.0262069602665624,0.3794251054708986,2.787445437330264
0,0.20540232780028708,0.6760789157562991,1.4606289098770542,2.2028801837817857,0.9852988483873732
0,0.20834553587806676,0.6842432150543251,1.471604038889837,4.082149649012989,1.2248005473399841
0,0.21148585199821887,0.6821456581670127,1.5701580600760572,-1.0487784436561953,-0.5888867371815605
0,0.20911886631529597,0.6774407559035396,-1.1834928414614503,-2.3524511317365437,-2.036912269086737
0,0.20242223661533812,0.6817826756143486,-3.3483148499789257,2.1709598554044973,2.566361432319892
0,0.20854736237826013,0.6822730352422754,3.062562881461006,0.24517981396343647,0.07988669349743316
0,0.20893457408911723,0.6767462354922272,0.1936058554285469,-2.7633998750241084,-1.5008498760925595
0,0.2081284260561329,0.6733725144287086,-0.4030740164921581,-1.6868605317593155,-1.805347524021562
0,0.19686767333119162,0.6687991662790538,-5.630376362470643,-2.2866740748274106,-2.755811567987817
0,0.20275599256352633,0.6624733272683174,2.944159616167355,-3.162919505368178,-0.8212035609587937
0,0.2103324614151377,0.664916486309872,3.7882344258056837,1.2215795207772828,0.311938928317024
0,0.21431790534699,0.652408394157666,1.9927219659261475,-6.25404607610297,-1.2623373064986412
0,0.20849568030996404,0.6485693747917045,-2.911112518512976,-1.919509682980769,-2.5586563588901585
0,0.22077710585848334,0.6491995301959308,6.140712774259649,0.31507770211314234,0.051264674025862295
0,0.22919383348662675,0.6400431797472041,4.2083638140717055,-4.578175224363323,-0.8274617421280378
0,0.23532653177052998,0.6362877270988859,3.066349141951613,-1.8777263241591124,-0.5494621765669759
0,0.23798605381336496,0.6370087525026907,1.3297610214174915,0.3605127019024046,0.2647469589527917
0,0.24070940423789008,0.6306894488725538,1.3616752122625613,-3.1596518150684427,-1.1638905803393065
0,0.2400393679813025,0.6275431310163937,-0.3350181282937986,-1.5731589280800762,-1.7806207113908916
0,0.24492579031377573,0.6175497182605366,2.4432111662366225,-4.996706377928539,-1.1160161689226307
0,0.24370765524919694,0.6157334164852292,-0.6090675322893979,-0.9081508876537248,-2.161563813342325
0,0.24792984016733322,0.6082849995516805,2.1110924590681397,-3.724208466774348,-1.0551035001997449
0,0.26258565469511735,0.5964589156923139,7.32790726389207,-5.913041929683282,-0.6789468126939038
0,0.26575518414651234,0.5806300066210913,1.5847647256974906,-7.914454535611292,-1.3731731244006216
0,0.27476341546774885,0.586448148799035,4.5041156606182575,2.909071088971815,0.5734660722847083
0,0.2906821643214307,0.5816584430474533,7.959374426840915,-2.3948528757908316,-0.2922681201155902
0,0.29724668742066673,0.5754189624550785,3.2822615496180263,-3.11974029618739,-0.7600176092203206
0,0.3082074395148147,0.5757150337605704,5.480376047073992,0.1480356527459592,0.027005384796830966
0,0.3080664694094386,0.5800429591271533,-0.07048505268805738,2.1639626832914427,1.6033570276201026
0,0.3107437317393416,0.5675773798468567,1.3386311649515037,-6.232789640148284,-1.359237724771348
0,0.3228279984265703,0.5645511264974576,6.042133343614337,-1.5131266746995498,-0.24538258384693687
0,0.3188049029112358,0.5585281246681747,-2.0115477576672367,-3.011500914641474,-2.1596904756636794
0,0.3288335598026676,0.5533354479624903,5.014328445715893,-2.5963383528421757,-0.4777732695782966
0,0.3361982298651044,0.551264384861399,3.682335031218398,-1.0355315505456986,-0.27413594878709613
0,0.3359417912669711,0.559012476287453,-0.1282192990666453,3.874045713027019,1.6038812518768946
0,0.33442391915673664,0.5603750020667567,-0.758936055117232,0.681262889651868,2.4100745377524424
0,0.3424786071746773,0.5514076351147114,4.02734400897034,-4.483683476022682,-0.8389643069961158
0,0.3387639390373237,0.552815336238143,-1.8573340686768025,0.7038505617158464,2.7793569700376968
0,0.33884499769792115,0.5377845471644674,0.040529330298716415,-7.515394536837805,-1.5654035377396287
0,0.3381215334755193,0.5289461971493075,-0.3617321112009131,-4.419175007579989,-1.6524693637626857
0,0.332882506554147,0.5333101475757727,-2.6195134606861736,2.181975213232601,2.4470690479611124
0,0.3392963241180663,0.5469247972312618,3.206908781959672,6.807324827744543,1.1305374845760998
0,0.33400524671231707,0.5457331364133321,-2.6455387028746222,-0.5958304089648259,-2.9200680368662244
0,0.33393825248462883,0.5271891305070661,-0.03349711384412202,-9.272002953133018,-1.5744090271232896
0,0.33127750409933354,0.5211908355048142,-1.3303741926476431,-2.999147501125954,-1.9883020083281522
0,0.3262182261584563,0.5190265995929776,-2.529638970438619,-1.0821179559182825,-2.737373356296423
0,0.32453457536951646,0.5251136552839469,-0.8418253944699194,3.0435278454846726,1.8406450382147639
0,0.3265905775166457,0.5184591903367008,1.0280010735646272,-3.327232473623043,-1.2711344511928848
0,0.3258400133404395,0.5199523046327994,-0.3752820881031127,0.7465571480492761,2.036588567442103
0,0.3319803982196881,0.5123992647642839,3.0701924396243085,-3.7765199342577604,-0.8881975237115763
0,0.32374630862447973,0.509740111836916,-4.1170447976041915,-1.3295764636839236,-2.8292211179745737
0,0.3238696695260121,0.5185034102600412,0.06168045076618278,4.381649211562588,1.5567202622728749
0,0.3124049151439564,0.5169417395058984,-5.732377191027843,-0.7808353770714094,-3.006210930853717
0,0.31140549048253124,0.5294503939570006,-0.4997123307125817,6.254327225551082,1.65052561077617
0,0.30949268284070636,0.5300459657750782,-0.9564038209124437,0.29778590903883906,2.839746683897928
0,0.3060877914699967,0.5204030100122575,-1.7024456853548253,-4.821477881410352,-1.9102268170389938
0,0.30720500457416683,0.5236270339043453,0.5586065520850614,1.6120119460438787,1.2372183461747768
0,0.29399882164215385,0.5192091663259193,-6.6030914660064886,-2.2089337892129968,-2.8187652680420197
0,0.3006889757169282,0.5219733278105317,3.3450770373871785,1.3820807423062242,0.3918068072925078
0,0.2945500628136433,0.5201633866874978,-3.0694564516424436,-0.904970561516949,-2.854884887381817
0,0.28718373020878774,0.5151174548689679,-3.6831663024277925,-2.5229659092649848,-2.541005458009118
0,0.2789636056987028,0.5197603143401963,-4.110062255042457,2.321429735614222,2.627445449180042
0,0.2739493544699051,0.5143178145462207,-2.507125614398864,-2.7212498969877985,-2.3152630978320063
0,0.2660349749766794,0.5057751628683606,-3.9571897466128547,-4.2713258389300846,-2.3180365004352805
0,0.26501321834762104,0.5007250611695991,-0.5108783145291729,-2.5250508493807056,-1.7704254720882284
0,0.25405340446856844,0.5107654590367275,-5.4799069395262965,5.020198933564202,2.399947822406731
0,0.2499854705498382,0.50553291597086,-2.0339669593651273,-2.616271532933756,-2.2316225241758483
0,0.2446100690412195,0.49175979417674465,-2.6877007543093385,-6.8865608970576915,-1.942897146973836
0,0.23376371272695073,0.49865225615537934,-5.423178157134389,3.446230989317345,2.5755044855116025
0,0.22625027087547878,0.5011852042411964,-3.756720925735979,1.2664740429085275,2.8164359992582746
0,0.22850518951840418,0.4926627432046505,1.127459321462701,-4.261230518272957,-1.3121380443291557
0,0.2309972266500914,0.48965991084243793,1.2460185658436096,-1.5014161811062743,-0.8780903559494944
0,0.21458620627519623,0.48019472149526066,-8.205510187447585,-4.732594673588636,-2.6184380997123062
0,0.2104103197432882,0.47109644249101856,-2.0879432659540176,-4.549139502121046,-2.0010891060120497
0,0.20683415352925105,0.4622450104089173,-1.7880831070185703,-4.425716041050631,-1.9547644419104915
0,0.19303999620470763,0.4713446346115016,-6.897078662271711,4.549812101292155,2.558447911860579
0,0.18747251923564928,0.4689550338870106,-2.7837384845291746,-1.1948003622455072,-2.7361639459939746
0,0.17434676453042533,0.4592079716629456,-6.5628773526119755,-4.873531112032508,-2.5028504421442954
0,0.1647378651617232,0.4610988555729436,-4.804449684351064,0.9454419549990156,2.947290678360202
0,0.15945026163809614,0.4641231809491661,-2.64380176181353,1.512162688111246,2.62204207334555
0,0.15803430888690653,0.45737570115641923,-0.7079763755948043,-3.373739896373434,-1.7776440171304704
0,0.14854983940289382,0.46257735493338786,-4.742234742006357,2.600826888484314,2.639948630800934
0,0.13928181344590415,0.4649443828534837,-4.634012978494834,1.1835139600479272,2.8915407548733225
0,0.1315923969781046,0.4683247029977832,-3.8447082338997767,1.6901600721497545,2.727415209250768
0,0.13000684594536546,0.4759714887885505,-0.7927755163695677,3.823392895383637,1.7752478479524587
0,0.12745338962766925,0.47767348224467926,-1.276728158848106,0.8509967280643793,2.55367430863037
0,0.11694088570040803,0.47742840248992524,-5.256251963630609,-0.12253987737700922,-3.118283709275886
0,0.1032206817011319,0.46867332978515786,-6.860101999638067,-4.377536352383693,-2.5736176209766373
0,0.10349389406917875,0.46441705104192427,0.1366061840234259,-2.128139371616794,-1.5066938418852942
0,0.09598583609047075,0.4591841817395736,-3.754028989354001,-2.6164346511753367,-2.5329051025629417
0,0.10215995990701915,0.46660528800097356,3.087061908274201,3.7105531306999837,0.8768642920615846
0,0.0981410719811557,0.4736170928356177,-2.009443962931727,3.505902417322071,2.091246898701579
0,0.09636050721785647,0.4737540578745835,-0.8902823816496138,0.06848251948290973,3.064821589346716
0,0.09828715096721866,0.4759664901675791,0.9633218746810945,1.1062161464977793,0.8543352107032807
0,0.09469673020948487,0.47185984864877895,-1.7952103788668947,-2.053320759400068,-2.2892275312311963
0,0.09528623312606908,0.46904733728720543,0.29475145829210847,-1.4062556807867554,-1.3641870861630985
0,0.086836307599769,0.4758935903788106,-4.2249627631500415,3.423126545802596,2.4606542523488475
0,0.08332626392193232,0.47529791049849623,-1.75502183891834,-0.2978399401571963,-2.973487031722088
0,0.07793352992412436,0.48410928749765514,-2.696366998903979,4.405688499579452,2.1200068054936083
0,0.07600234749606237,0.4753074945253743,-0.965591214030996,-4.400896486140421,-1.7867817438072493
0,0.06675596828374841,0.4679663129967349,-4.623189606156979,-3.6705907643196922,-2.4705503942301994
0,0.061615218569452235,0.46273842853641173,-2.5703748571480887,-2.613942230161592,-2.3477910019953194
0,0.06552565650150619,0.4600173154502895,1.9552189660269752,-1.3605565430611088,-0.6079413006007762
0,0.06604303779200996,0.45772265156534536,0.25869064525188556,-1.147331942472074,-1.3490331566122518
0,0.06400539531509418,0.44170988400397854,-1.0188212384578885,-8.006383780683413,-1.6973671832050286
0,0.07149144219184508,0.4345805063506083,3.743023438375452,-3.5646888266851193,-0.7609993890237607
0,0.06130066185221508,0.42510828802731326,-5.095390169815,-4.736109161647517,-2.3927221030863275
0,0.054830642466341215,0.41324879111525775,-3.235009692936934,-5.929748456027756,-2.070221215982924
0,0.043113772055980215,0.41135958832181696,-5.858435205180499,-0.9446013967203959,-2.9817306896513998
0,0.03490902099077409,0.40868280984022526,-4.102375532603064,-1.3383892407958509,-2.8262329622403044
0,0.03393075279862332,0.41040791509399954,-0.48913409607538244,0.862552626887142,2.0866561750599244
0,0.030353056489899125,0.3985946760746613,-1.7888481543620987,-5.906619509669114,-1.864870154644414
0,0.02223889711884815,0.39107325307387386,-4.057079685525487,-3.760711500393726,-2.3940857983014436
0,0.01302369874749321,0.39386579919017833,-4.60759918567747,1.3962730581522365,2.8473519500487408
0,0.009703251448610645,0.39053005188272505,-1.6602236494412825,-1.6678736537266425,-2.353895882274575
0,0.001605574295171189,0.3870158421928005,-4.048838576719728,-1.7571048449622761,-2.7321426225160037
0,0.005000154233850705,0.3771511276408186,1.697289969339758,-4.932357275990951,-1.239375337036193
0,0.0006873498713331093,0.3766398000380871,-2.1564021812587977,-0.25566380136574085,-3.0235831798512884
0,0.009266040079595902,0.3784610132566915,4.289345104131396,0.9106066093022003,0.20918926203033497
0,0.000636740498704943,0.3731462686289559,-4.31464979044548,-2.657372313867812,-2.5895673805889214
0,0.003177343016065466,0.37208833979992706,1.2703012586802613,-0.5289644145144157,-0.3945712391631853
0,0.005024702611586528,0.3725655565189165,0.923679797760531,0.23860835949471304,0.2527972373907424
0,0.0014100437946791334,0.37221807170581833,-1.807329408453697,-0.1737424065490767,-3.045755034209176
0,0.014960249785686802,0.3713157573501642,6.775102995503834,-0.4511571778270662,-0.0664922869886034
0,0.01827087916959764,0.3784874897611232,1.655314691955418,3.5858662054794874,1.138319693753011
0,0.025166797906193507,0.3853593467390748,3.4479593682979344,3.435928488975809,0.7836504784667065
0,0.02179222865953704,0.39079399793279446,-1.6872846233282335,2.717325596859832,2.1264676996849317
0,0.020357186033231583,0.3915259051972702,-0.7175213131527282,0.36595363223787536,2.669957440337444
0,0.012054418136864033,0.39330367976930486,-4.151383948183775,0.8888872860173258,2.930659387393697
0,0.01288362015118659,0.3911931767893698,0.4146010071612782,-1.055251489967518,-1.1964315796250764
0,0.009758066874012173,0.38575253119820657,-1.5627766385872084,-2.7203227955816254,-2.0922412724850017
0,0.006735627986231108,0.38029094462387264,-1.5112194438905322,-2.730793287166966,-2.0762457164993733
0,0.0013029846768538725,0.3819165201579982,-2.7163216546886177,0.8127877670627837,2.850848229531991
0,0.004242271976268308,0.3716711932127196,1.4696436497072178,-5.122663472639316,-1.2914095328754365
0,0.009211576199723969,0.3755485741031206,2.4846521117278306,1.9386904452005083,0.6625918745402708
0,0.019416276786538296,0.3689113292230919,5.102350293407163,-3.3186224400143516,-0.5766637752108282
0,0.03294087855342621,0.3648874203602636,6.762300883443956,-2.0119544314141367,-0.2891847253656291
0,0.04212900703081508,0.36631569435869415,4.594064238694438,0.7141369992152702,0.1542135262618884
0,0.06106271929516903,0.36549377520578197,9.466856132176973,-0.4109595764560936,-0.043383116500291356
0,0.08361207465976242,0.3516756747273933,11.274677682296694,-6.909050239194331,-0.5497734830351535
0,0.09084751382091513,0.35414167500613375,3.617719580576356,1.2330001393702217,0.32847557042521036
0,0.09810546602121754,0.35205674017363575,3.6289761001512058,-1.0424674162489989,-0.27973010207671906
0,0.11205319547543285,0.3490888934119284,6.973864727107655,-1.48392338085368,-0.20965663351713068
0,0.11548227400790731,0.36148481754738643,1.7145392662372276,6.197962067729018,1.3009157969879828
0,0.12192147387362658,0.35891235316104375,3.219599932859633,-1.2862321931713383,-0.3800758093801437
0,0.1223765148435908,0.35355193496635406,0.22752048498211191,-2.6802090973448434,-1.4861102774681016
0,0.137089748206216,0.3373867400381969,7.3566166813126,-8.082597464078578,-0.8323854273283215
0,0.12794211574708536,0.33674215638001975,-4.5738162295653195,-0.3222918290885779,-3.071244398091739
0,0.1316166070264128,0.33921795298468943,1.837245639663726,1.2378983023348389,0.5929106659384632
0,0.13318719981236135,0.3371406662229905,0.785296392974269,-1.0386433808494688,-0.9234160309420612
0,0.1314896366143732,0.3322734650101669,-0.8487815989940695,-2.43360060641179,-1.9063803488592181
0,0.13339913491744296,0.339104805833361,0.9547491515348727,3.4156704115970435,1.2982325228465963
0,0.13593193149109228,0.35079346665892164,1.266398286824663,5.844330412780319,1.3574069781134437
0,0.13534204927329957,0.35261675731509157,-0.29494110889635716,0.9116453280849646,1.8836946076661119
0,0.14172794513212486,0.3544698582563353,3.1929479294126457,0.926550470621873,0.282429470428074
0,0.14509096804594096,0.354681193712213,1.6815114569080496,0.10566772793885182,0.06275839682847782
0,0.15552919944645602,0.3562144281226722,5.219115700257529,0.7666172052295805,0.145843496603813
0,0.15544875612394018,0.35590138617021994,-0.040221661257916486,-0.15652097622612104,-1.822326948297959
0,0.16150915429685214,0.36308766488334326,3.0301990864559785,3.593139356561664,0.8701878177103938
0,0.1509331522144238,0.36925527519659435,-5.288001041214171,3.083805156625541,2.613639854819378
0,0.14983139993358502,0.3614957155356511,-0.5508761404193901,-3.8797798304716355,-1.7118399923936967
0,0.1552655104599124,0.3577709375609809,2.717055263163695,-1.8623889873350952,-0.6008898287980223
0,0.15514291256277443,0.3631150660316181,-0.06129894856898854,2.6720642353185995,1.5937329754715734
0,0.14864369581403833,0.3655935123055958,-3.2496083743680515,1.2392231369888485,2.7772705496388137
0,0.15287279993609793,0.36341592843977005,2.114552061029798,-1.0887919329128637,-0.4754998251125769
0,0.15491532166933694,0.3697004711301854,1.0212608666195082,3.14227134520767,1.2565578997184397
0,0.15278449352578227,0.36964993089338183,-1.0654140717773346,-0.025270118401782282,-3.1178785109659928
0,0.1548211628351186,0.36982889185332396,1.0183346546681626,0.08948047997106578,0.0876443186758845
0,0.1550701422739132,0.37384185953244664,0.12448971939729714,2.0064838395613402,1.5088320353273255
0,0.15849188006432272,0.3721455214469832,1.7108688952047617,-0.8481690427317168,-0.46024454794673725
0,0.16667196456158365,0.3795645134760233,4.090042248630465,3.709496014520058,0.7366459575300617
0,0.17431268592262322,0.3832415826234072,3.820360680519788,1.83853457369193,0.4485324331451891
0,0.18339544966192248,0.3780788778303048,4.541381869649627,-2.5813523965511895,-0.5168652084508963
0,0.18943783635861405,0.38369896160540773,3.021193348345788,2.810041887551462,0.749203560036962
0,0.20613092648287512,0.3892305563265694,8.346545062130534,2.7657973605808293,0.3199828088632749
0,0.21182081492170032,0.38294967840482674,2.8449442194126013,-3.140438960871322,-0.8347275061661843
0,0.23027433151988302,0.3882221400054652,9.226758299091351,2.636230800319217,0.27830107618773664
0,0.23354569675744202,0.3832153831661835,1.6356826187794993,-2.50337841964085,-0.9920416141575898
0,0.23194926351990908,0.3880639732665562,-0.798216618766473,2.424295050186348,1.8888738931136773
0,0.2420722729768857,0.4025425977556553,5.0615047284883055,7.239312244549573,0.9606281103360843
0,0.2435780966874047,0.4078607364733941,0.752911855259511,2.6590693588693926,1.2948702900999358
0,0.24815800206744199,0.4009711596102765,2.2899526900186373,-3.4447884315587927,-0.9841158651074223
0,0.25848996099547206,0.3978729917229525,5.165979464015035,-1.5490839436620163,-0.29133071868749566
0,0.25733513479603504,0.39598035789518576,-0.5774130997185101,-0.9463169138833605,-2.118659388228718
0,0.2565147315404612,0.3937392389021596,-0.4102016277869047,-1.1205594965130738,-1.9217138154745164
0,0.2605252842016647,0.40415321025564155,2.0052763306017405,5.206985676740966,1.2031893338563928
0,0.2636293779493029,0.4043047625077762,1.5520468738191018,0.07577612606732287,0.0487846105926643
0,0.26496466548346664,0.4073404157930207,0.6676437670818658,1.5178266426222609,1.1563998280027235
0,0.2739189053667357,0.4043110209329093,4.4771199416345215,-1.5146974300556948,-0.32623146191318847
0,0.2919081673518504,0.39642826233991846,8.994630992557346,-3.941379296495434,-0.41299148885877457
0,0.29584026358992915,0.3939595686938845,1.9660481190393875,-1.2343468230169852,-0.5606328169613972
0,0.29434255605693416,0.3931611077445109,-0.7488537664974981,-0.3992304746867903,-2.6517998153917266
0,0.3108192337887424,0.3879534299554571,8.23833886590411,-2.603838894526894,-0.3061281042417515
0,0.32668445106727695,0.38508661460806554,7.932608639267285,-1.4334076736957913,-0.17876909173575653
0,0.3355289737819979,0.39129764767870623,4.422261357360485,3.105516535320346,0.6122319365732707
0,0.3338007927374106,0.3885520591283092,-0.8640905222936646,-1.3727942751985134,-2.132581504575971
0,0.3327027888898452,0.3922581167435591,-0.5490019237826826,1.8530288076249457,1.8588301193668884
0,0.34567527847305834,0.38772574874602733,6.48624479160656,-2.2661839987658805,-0.336125093744409
0,0.3485300115867082,0.39426480853598966,1.4273665568249327,3.2695298949811655,1.1591698526955434
0,0.3527581408397294,0.39799702788600444,2.1140646265105922,1.866109675007388,0.7231810572536636
0,0.3567719832095693,0.39697597081463754,2.006921184919963,-0.5105285356834521,-0.24910045739209316
0,0.3604397330901499,0.39899609469611835,1.8338749402903032,1.0100619407404088,0.5034419880334736
0,0.36234509997520437,0.39473372280816477,0.952683442527219,-2.131185943976793,-1.150423058257159
0,0.3639070421545303,0.3968376671583887,0.7809710896629629,1.0519721751119648,0.9321849874585987
0,0.3704770330293766,0.3975905871979474,3.284995437423166,0.37646001977933996,0.11410209239824115
0,0.36992034249239153,0.39518459955185603,-0.2783452684925469,-1.2029938230456727,-1.7981722688082609
0,0.38075057120089123,0.39139216516096825,5.41511435424985,-1.896217195443889,-0.3368273450361429
0,0.3859063555316176,0.4034387997731001,2.5778921653631937,6.023317306065922,1.1663996967180246
0,0.39495484326516533,0.4100427339834278,4.524243866773858,3.301967105163839,0.6304723568801237
0,0.4084109299294593,0.41930153834424755,6.728043332146993,4.629402180409886,0.6026780720131556
0,0.40796472051475846,0.4236302687867595,-0.22310470735042998,2.164365221255987,1.6735144321974929
0,0.4094085976377994,0.41850268935498214,0.7219385615204743,-2.563789715888692,-1.2963134597151516
0,0.4140536358741221,0.4308706557741798,2.322519118161337,6.183983209598842,1.2115259470547397
0,0.41696505233525727,0.42830839562536793,1.4557082305675928,-1.281130074405945,-0.721696208688655
0,0.42219488015868173,0.43187826174710947,2.6149139117122298,1.7849330608707692,0.5989505369156896
0,0.4363823827495451,0.4349391652896706,7.093751295431688,1.5304517712805554,0.2124895354291689
0,0.44236569333681425,0.4353353022465658,2.9916552936345706,0.19806847844761055,0.06611050259917255
0,0.44318931606850653,0.43707996167002333,0.4118113658461431,0.8723297117287643,1.1297313097961623
0,0.4534430378094012,0.44698210422883583,5.126860870447336,4.951071279406249,0.7679569102555357
0,0.4495779650749359,0.45239468424210105,-1.9325363672326457,2.706290006632611,2.190916631118213
0,0.44087749694407335,0.4457748245398305,-4.350234065431279,-3.3099298511352626,-2.491175731581448
0,0.4375533823516303,0.4472142863135852,-1.662057296221514,0.7197308868773233,2.7329350558033068
0,0.4359347468532356,0.45059453525679477,-0.8093177491973746,1.690124471604798,2.0173820195413414
0,0.4334969965620084,0.46165852775727356,-1.218875145613585,5.531996250239396,1.787663170288965
0,0.4462074540143008,0.4635417396885497,6.355228726146189,0.9416059656380815,0.1470923049842609
0,0.4525904547743346,0.48429162794908365,3.1915003800169206,10.374944130266961,1.2723669668809217
0,0.45111398519764223,0.48626880106708636,-0.7382347883461982,0.9885865590013587,2.2122192381488155
0,0.45217154038407487,0.49330559216665026,0.5287775932163175,3.5183955497819497,1.4216233491183987
0,0.46180534514094335,0.4953717802034142,4.81690237843424,1.0330940183819748,0.21127209494785457
0,0.4550001824738375,0.5092765724952236,-3.402581333552923,6.952396145904705,2.0259371611433936
0,0.4458322529832945,0.5130051955822956,-4.583964745271507,1.8643115435360014,2.755321342922697
0,0.4539209505458466,0.5214266030759458,4.044348781276047,4.210703746825084,0.8055473328436518
0,0.44673002757666125,0.5240344060982883,-3.595461484592666,1.3039015111712682,2.793691273869699
0,0.4402752787168994,0.5419710608321835,-3.2273744298809137,8.968327366947582,1.9162311373652963
0,0.43297839765592167,0.5499173537849892,-3.6484405304888776,3.9731464764028446,2.313616782124968
0,0.43030305859833984,0.556164273278816,-1.3376695287909135,3.123459746913415,1.9754294864851543
0,0.4317019877003656,0.5640800363038643,0.699464551012885,3.9578815125241307,1.3958754648055265
0,0.4348474894472683,0.5764380812975285,1.5727508734513507,6.1790224968321095,1.3215580494730688
0,0.42220759044700307,0.5785078360675633,-6.319949500132621,1.0348773850173965,2.9792853598612252
0,0.41705550427881793,0.5877635836809425,-2.576043084092566,4.627873806689609,2.0787203918293695
0,0.42058817252546193,0.5899793138775247,1.7663341233219998,1.1078650982910832,0.5601880365354521
0,0.4134560404346736,0.5935058732764378,-3.5660660453941673,1.7632796994565547,2.6823862540197316
0,0.4229416941122476,0.5982236648628856,4.74282683878699,2.358895793223903,0.46153396043028455
0,0.42422541977921896,0.6042960200744047,0.6418628334856902,3.0361776057595824,1.362458949455564
0,0.42168945013907677,0.6112511447355203,-1.2679848200710941,3.477562330557793,1.9204348106040967
0,0.41509614911855286,0.6084302073456304,-3.296650510261956,-1.4104686949449885,-2.7373113363514507
0,0.4061411348053824,0.6026683683834101,-4.4775071565852365,-2.8809194811101335,-2.569856720089346
0,0.4113459596113351,0.6138147960468268,2.602412402976345,5.573213831708334,1.133936497921595
0,0.40422678860857014,0.6037311779681371,-3.5595855013824673,-5.041809039344813,-2.1855468394183712
0,0.4150468464090803,0.6045032074946717,5.410028900255076,0.3860147632672728,0.07123098391898491
0,0.41313249716925093,0.6033537470490676,-0.9571746199146802,-0.5747302228020224,-2.600846389363252
0,0.4067148577865716,0.6029437519082035,-3.2088196913396536,-0.204997570432075,-3.0777936931465812
0,0.3998522838195569,0.5977228503153063,-3.4312869835073645,-2.6104507964486157,-2.4912286537711323
0,0.3939429301626554,0.599379411761521,-2.954676828450742,0.8282807231073663,2.8682791703287114
0,0.3923509731329441,0.6075450854881188,-0.7959785148556608,4.082836863298911,1.7633383887483134
0,0.3868273725265971,0.6057512530399294,-2.761800303173495,-0.8969162240947126,-2.8275798207116765
0,0.3808453935464074,0.6019265922713904,-2.990989490094853,-1.9123303842694672,-2.5727309317692453
0,0.38546909510509947,0.5946900669180666,2.3118507793460363,-3.618262676661932,-1.0022358716748905
0,0.37560132413118524,0.6002810370785171,-4.933885486957112,2.7954850802252573,2.6261024621409286
0,0.3661477070175107,0.6018898063578295,-4.72680855683727,0.8043846396562082,2.9730324181424947
0,0.3663416481345495,0.5990259902242779,0.09697055851939917,-1.4319080667757889,-1.5031783515860446
0,0.37350817407347636,0.599264384191525,3.58326296946343,0.11919698362350406,0.033252666015252674
0,0.3719662963907187,0.5983382110711031,-0.7709388413788265,-0.46308656021093464,-2.6006742403315606
0,0.3751062935275286,0.6041981830009223,1.5699985684049511,2.9299859649096205,1.0788908303063067
0,0.3729960098138752,0.5979227851788649,-1.0551418568267024,-3.137698911028719,-1.8951955211108842
0,0.37555720540898063,0.584165830838178,1.2805977975527127,-6.878477170343455,-1.3867290612962013
0,0.3817806929436432,0.588946227139364,3.1117437673312818,2.3901981505929926,0.6549985249753248
0,0.3871714760788315,0.5829221438792916,2.6953915675941573,-3.012041630036155,-0.840821636716197
0,0.3880847424540557,0.5895610458958503,0.45663318761210436,3.3194510082793505,1.4340914672946066
0,0.38039716569922394,0.5979179091163652,-3.843788377415891,4.178431610257438,2.314504118799546
0,0.37633052535041656,0.6046738991504976,-2.033320174403691,3.3779950170662043,2.112634526077656
0,0.38591712992981836,0.5901000551642295,4.793302289700901,-7.286921993134077,-0.9889606826829554
0,0.3800929639685534,0.5924979250502987,-2.912082980632474,1.1989349430346352,2.751032016243142
0,0.3689172708282966,0.6019461827678396,-5.587846570128396,4.724128858770437,2.4397581455854094
0,0.36388917227410533,0.6220130263108258,-2.5140492770956424,10.033421771493078,1.8163090237689616
0,0.3652869803551828,0.6186456798453543,0.6989040405387392,-1.6836732327357162,-1.1773351447272091
0,0.359555726080001,0.6256431104237528,-2.8656271375908924,3.4987152891992057,2.2570464152251457
0,0.3404863361228809,0.6202774474613363,-9.534694978560076,-2.6828314812082366,-2.8673087197826312
0,0.341406783891573,0.6291677975583555,0.46022388434605044,4.445175048509609,1.4676305411480026
0,0.3344835596828227,0.6274323686239373,-3.46161210437515,-0.8677144672091242,-2.895985632375762
0,0.334385085443272,0.6226350679843212,-0.04923711977533607,-2.3986503198080156,-1.5913204547302422
0,0.3376718583245735,0.6274136734474607,1.6433864406507626,2.3893027315697313,0.9682984705355077
0,0.3338214903997691,0.6342868459014854,-1.9251839624022105,3.4365862270123726,2.081438740218723
0,0.3301853237536083,0.6193700649392035,-1.8180833230803939,-7.458390481140942,-1.8098967790296725
0,0.3407728224996909,0.6165926654799943,5.293749373041279,-1.3886997296046477,-0.25654759601934396
0,0.3226763942750598,0.6237939734569324,-9.048214112315545,3.6006539884690936,2.7628626677642605
0,0.3200928093229874,0.6335864534317832,-1.2917924760361965,4.896239987425388,1.8287518506385363
0,0.3130144010983259,0.637257945477508,-3.539204112330746,1.8357460228624056,2.6631059224844953
0,0.30290545053322937,0.6386004690156086,-5.054475282548265,0.671261769050302,3.0095598383208944
0,0.29673615806279857,0.6421567946855448,-3.084646235215399,1.7781628349680667,2.6186648384313203
0,0.29764446775814457,0.6511451154157627,0.4541548476729995,4.494160365108968,1.4700837861526128
0,0.29866486726649805,0.6573014852670273,0.5101997541767378,3.078184925632277,1.4065426448598604
0,0.2938992157910232,0.6588960070958579,-2.3828257377374316,0.7972609144153431,2.818714827998113
0,0.28143054062432155,0.655280736329167,-6.234337583350818,-1.8076353833454961,-2.859382951272724
0,0.27075201724815506,0.6593424731216676,-5.339261688083241,2.0308683962503293,2.778126717548622
0,0.26497154656917205,0.6558667541527043,-2.8902353394915092,-1.7378594844816297,-2.6002277360866084
0,0.2547841376733062,0.6527769958352608,-5.093704447932917,-1.544879158721757,-2.847118535744032
0,0.24984859617840507,0.6520417936569295,-2.467770747450568,-0.36760108916567,-2.9937191992926993
0,0.23369616432934556,0.6610308291452404,-8.076215924529755,4.494517744155435,2.633762947687125
0,0.2336844380134735,0.6589141567472941,-0.005863157936034091,-1.0583361989731088,-1.5763362468695368
0,0.22477000693852986,0.6618388993392197,-4.457215537471818,1.4623712959627722,2.8245677998208074
0,0.22018569856313214,0.6681662930510349,-2.292154187698861,3.163696855907616,2.197788276183845
0,0.205860904903499,0.672139823743638,-7.162396829816564,1.9867653463015444,2.871007383326085
0,0.19527154602414298,0.6808346314348747,-5.294679439678013,4.347403845618325,2.454124101259131
0,0.19133942934087553,0.6922234041977224,-1.9660583416337278,5.694386381423888,1.903244479127323
0,0.1904281576042944,0.7028750601819705,-0.45563586829056035,5.325827992124054,1.656140633930558
0,0.1908051283101405,0.7051247798371988,0.18848535292304014,1.124859827614122,1.4047752655982828
0,0.18629657354731952,0.7180769464709693,-2.2542773814104855,6.476083316885261,1.905770990516774
0,0.1921070400798107,0.7295342873467325,2.905233266245588,5.728670437881611,1.1014536933859955
0,0.18094230863633926,0.7281575880874365,-5.5823657217357185,-0.6883496296480329,-3.018904101269755
0,0.17401421698831396,0.7385462692483068,-3.464045824012649,5.1943405804351634,2.158952468334152
0,0.17602222671847428,0.7468909847246009,1.004004865080163,4.172357738147059,1.3346533816697648
0,0.17928561255782235,0.750582315276399,1.6316929196740353,1.8456652758990222,0.846853699652849
0,0.17943956009115627,0.7399959865693098,0.0769737666669601,-5.293164353544599,-1.5562552439455473
0,0.1851086972420546,0.7392043304689613,2.8345685754491563,-0.3958280501742406,-0.1387459221838827
0,0.1877535163051018,0.7354457259004079,1.3224095315235995,-1.8793022842766849,-0.9576112016987273
0,0.19302384231605588,0.7490122174381192,2.6351630054770454,6.783245768855639,1.2002592763788844
0,0.19668296016905276,0.7513546469918875,1.8295589264984424,1.171214776884144,0.5694283707110556
0,0.19002711720795185,0.761745543604176,-3.327921480550458,5.195448306144268,2.1404964723534907
0,0.18864196025064167,0.7679142851083022,-0.692578478655087,3.0843707520630814,1.7916771724274878
0,0.17725696131421495,0.7651294260996351,-5.69249946821336,-1.3924295043335477,-2.9016954498780505
0,0.18152474777175606,0.7713440600472954,2.133893228770556,3.1073169738301543,0.9690308429640212
0,0.1886048016601886,0.7617969710566573,3.540026944216262,-4.773544495319026,-0.9326974778553108
0,0.181571315397898,0.7611694364328397,-3.516743131145292,-0.3137673119087969,-3.052607281406362
0,0.1834443971635276,0.7656979916691854,0.9365408828147931,2.2642776181728275,1.1786076186194077
0,0.18032409795109752,0.7687440348426597,-1.5601496062150333,1.5230215867371721,2.3682360612317526
0,0.18922149522124293,0.7610493072910973,4.448698635072704,-3.8473637757812096,-0.7130403383855617
0,0.1955741560237266,0.752161451820099,3.1763304012418363,-4.443927735499176,-0.9502345531473527
0,0.19761385096969328,0.7538715987758612,1.0198474729833373,0.8550734778811075,0.697740205298556
0,0.18734152482574928,0.7493592034226758,-5.136163071971997,-2.256197676592686,-2.7276917736615034
0,0.1870586937929296,0.736174643163251,-0.1414155164098374,-6.592280129712413,-1.5922447221396465
0,0.18981894129857582,0.7321081377742407,1.3801237528231063,-2.033252694505161,-0.9744569160722307
0,0.18541730142829996,0.725662567087226,-2.200819935137932,-3.2227853435073395,-2.169949084020995
0,0.18224485063345716,0.7170918994407811,-1.586225397421398,-4.2853338232224365,-1.9253100412972817
0,0.17954956875750253,0.7154406655228812,-1.347640937977318,-0.8256169589499485,-2.591931803027071
0,0.17852978510662973,0.7141800676993906,-0.5098918254363982,-0.6302989117453195,-2.2509818585230934
0,0.1743598789294772,0.7084940983951301,-2.084953088576258,-2.8429846521302315,-2.2035675035458366
0,0.16345018941405803,0.7093506814956605,-5.45484475770959,0.42829155026519183,3.063237593195169
0,0.15941460854332587,0.7034921829248416,-2.017790435366082,-2.929249285409441,-2.173994496186048
0,0.1563186746434742,0.689676228612282,-1.5479669499258302,-6.9079771562798316,-1.7912387083074113
0,0.14953018161358456,0.681771110652734,-3.394246514944826,-3.952558979773979,-2.2803463669836765
0,0.13037230146277945,0.6791688367784119,-9.578940075402553,-1.3011369371610515,-3.006585846939287
0,0.119530310983641,0.6695444614473903,-5.420995239569224,-4.8121876655107805,-2.4156179183913697
0,0.11119395665935412,0.666338260357793,-4.168177162143439,-1.6031005447986746,-2.774428123815511
0,0.09430991519385862,0.6536570634323855,-8.442020732747753,-6.340598462703739,-2.4974033134917164
0,0.09487007623309562,0.6484211588931802,0.280080519618503,-2.6179522696026525,-1.4642171392386814
0,0.09438928282627927,0.6453581583791209,-0.24039670340817582,-1.5315002570296388,-1.726493989331032
0,0.08486216383615557,0.6405541090146455,-4.763559495061853,-2.4020246822377134,-2.6745508601413994
0,0.08053629421046665,0.6414392187480418,-2.1629348128444565,0.4425548666981416,2.9397697879334626
0,0.07141470911599435,0.6427311401640269,-4.5607925472361535,0.6459607079925545,3.0008950390578315
0,0.0637423763913805,0.637479711329307,-3.8361663623069227,-2.6257144173599256,-2.541370407198786
0,0.06521759232812435,0.6404087092121655,0.7376079683719255,1.4644989414292486,1.1042258607348228
0,0.06500752580034898,0.6343178611579083,-0.10503326388768691,-3.045424027128596,-1.6052715419243309
0,0.05476805161353077,0.634057509047661,-5.119737093409102,-0.13017605512366526,-3.116171814435057
0,0.04977159915974475,0.6395612226064167,-2.4982262268930104,2.751856779377837,2.307922202477414
0,0.04682013048924518,0.6410865846063567,-1.4757343352497856,0.7626809999700113,2.664584055951768
0,0.03894660568156175,0.6418681230536278,-3.936762403841717,0.39076922363556754,3.0426551715489567
0,0.0257821801008542,0.634071407980634,-6.582212790353774,-3.8983575364969214,-2.606886446047433
0,0.01965991514223876,0.6386243922878309,-3.0611324793077195,2.2764921535984306,2.5021509121203818
0,0.014991582504292465,0.6336518954477476,-2.3341663189731467,-2.486248420041637,-2.3246553634236347
0,0.011579901089403304,0.6249024726431873,-1.7058407074445805,-4.374711402280129,-1.942593523644352
0,0.010008707608433844,0.6284590227948402,-0.7855967404847303,1.778275075826452,1.9867889817232782
0,0.004493047220801379,0.6303613742186553,-2.757830193816232,0.9511757119075592,2.809468443810682
0,0.005098438765114395,0.6365988625353378,0.30269577215650795,3.1187441583412356,1.4740424337982976
0,0.004036913757426039,0.6423459971021405,-0.5307625038441779,2.8735672834013237,1.753442927325392
0,0.004020050312394137,0.6544959707449455,-0.008431722515950864,6.074986821402506,1.5721842667772548
0,0.0047046146216098705,0.6572929552096577,0.3422821546078666,1.3984922323561078,1.3307641145551425
0,0.008849659120700463,0.6627681281244311,2.072522249545296,2.737586457386698,0.9227909369657189
0,0.010062634292114202,0.6664819504972977,0.6064875857068694,1.8569111864333299,1.2551080404756971
0,0.0038059334505952834,0.672570868476173,-3.128350420759459,3.044458989437615,2.3697841316948254
0,0.0011523065898048721,0.6736998594150182,-1.3268134303952055,0.5644954694226101,2.7393391936862135
0,0.012718896332899684,0.6768960413873968,5.7832948715474055,1.5980909861892933,0.2696011742324276
0,0.0015298455719240985,0.6926678544813654,-5.594525380487792,7.885906546984289,2.187825404557061
0,0.004379371359606008,0.6875271537472308,1.4247628938409547,-2.5703503670672645,-1.0646525043855313
0,0.0016986424252370578,0.694333938366838,-1.3403644671844752,3.4033923098035768,1.945974094934762
0,0.002336331756893931,0.6957676239742043,0.3188446658284365,0.7168428036831709,1.1522832968035575
0,0.004159181793702187,0.6958038554241278,0.911425018404128,0.01811572496174252,0.019873647887925103
0,0.003664482420327987,0.703495563309516,-0.24734968668709997,3.8458539426940996,1.6350237980193667
0,0.002850846258679825,0.6961673808846988,-0.4068180808240809,-3.6640912124086267,-1.6813718167654792
0,0.00911352469585017,0.703803862440214,3.1313392185851727,3.818240777757609,0.8839188924333534
0,0.00835742876428996,0.6955705112401743,-0.37804796578010547,-4.116675600019826,-1.6623727855180523
0,0.008886581359061705,0.7057415905238803,0.26457629738587274,5.0855396418529875,1.5188179724549522
0,0.001323106079240249,0.7149154290192908,-3.781737639910728,4.586919247705268,2.2602757816034873
0,0.010691260539993967,0.7178812031133626,4.684077230376859,1.4828870470358635,0.30659791375157996
0,0.004271903521657907,0.7307978799403826,-3.20967850916803,6.4583384135100115,2.032026692814404
0,0.006745413683526677,0.7343936445071944,1.236755080934385,1.7978822834058827,0.9682404872968492
0,0.004709652118642594,0.745129396078036,-1.0178807824420413,5.3678757854208055,1.758195835310741
0,0.00214120033655434,0.730612065612565,-1.2842258910441269,-7.258665232735495,-1.7459073820060929
0,0.013891406649937139,0.7487600129141407,5.875103156691399,9.073973650787881,0.996203473769935
0,0.007068983084285155,0.7558677296302213,-3.411211782825992,3.553858358040285,2.3357170745499185
0,0.004082595087612267,0.7630153121735526,-1.4931939983364442,3.5737912716656273,1.9665679861003977
0,0.0018755063639014987,0.7855430650294205,-1.1035443618553842,11.263876427933972,1.6684566456678265
0,0.007450468413681334,0.7915212427236381,2.787481024889918,2.9890888471088006,0.820284961015511
0,0.00015256706790630877,0.7939822346770931,-3.648950672887513,1.2304959767274748,2.8163489671665327
0,0.0014749668223551435,0.7939519354032037,0.6611998772244173,-0.015149636944655764,-0.022908332622389168
0,0.0005648483031329633,0.7988334934595274,-0.45505925961109006,2.4407790281618102,1.7551202458487145
0,0.007746660359530597,0.8006176936331715,3.590906028198817,0.8921000868220563,0.24350343558015677
0,0.007679059395084775,0.8057964405627743,-0.03380048222291097,2.5893734648014255,1.5838491224110924
0,0.0051260750595433485,0.8175307869785704,-1.2764921677707133,5.867173207898035,1.785022964105946
0,0.0067941432020210205,0.8128002767493595,0.834034071238836,-2.365255114605447,-1.2317901636079756
0,0.004981733515171724,0.8273882638726089,-0.9062048434246481,7.293993561624689,1.6944028200224832
0,0.0025791721745200965,0.8301354768342311,-1.2012806703258139,1.3736064808110848,2.2893685652942652
0,0.004843015193608204,0.8307181663362789,1.1319215095440538,0.2913447510239364,0.25192133655127263
0,0.002262142979864483,0.8372754562476293,-1.2904361068718606,3.278644955675203,1.9457631358384757
0,0.009767133296628434,0.8385671397243538,3.7524951583819757,0.6458417383622406,0.17044012075097387
0,0.0003460404950539264,0.8403915644581319,-4.710546400787253,0.9122123668890425,2.9503071712382924
0,0.00960591441382529,0.8326048847793369,4.629936959385681,-3.8933398393974916,-0.6991905350242078
0,0.004701724556111713,0.8436555596756217,-2.4520949288567886,5.525337448142375,1.988474848759121
0,0.0023557064622047887,0.8619885194132973,-1.1730090469534622,9.16647986883784,1.6980718277784326
0,0.006618835167992174,0.8651209791774619,2.1315643528936925,1.5662298820822707,0.6336886411367313
0,0.0072106696553805565,0.8668792256067789,0.29591724369419126,0.8791232146584949,1.2461041946162914
0,0.004952206431499132,0.868412080375611,-1.1292316119407122,0.7664273844160685,2.5452946366557083
0,0.003061054089520617,0.8697020542620987,-0.9455761709892575,0.6449869432438304,2.5429745905453016
0,0.002041898999488729,0.8731401872116021,-0.509577545015944,1.7190664747517292,1.8589718322230924
0,0.011729707683651072,0.8731441519971569,4.843904342081172,0.0019823927773776617,0.00040925512287245193
0,0.0016605544195009221,0.8777152544950771,-5.034576632075075,2.285551248960127,2.7154414413299097
0,0.010420628590598821,0.8776188731150409,4.38003708554895,-0.04819069001810172,-0.01100190356777128
0,0.003766195688346486,0.8843075706761598,-3.3272164511261675,3.3443487805594474,2.353626533321784
0,0.008801008284027884,0.896295824611486,2.517406297840699,5.994126967663105,1.1731863498372812
0,0.013248109936563376,0.8935693289289909,2.2235508262677466,-1.3632478412475835,-0.5499925597805627
0,0.005384362268886835,0.8992892201496606,-3.931873833838271,2.8599456103348686,2.512729664752451
0,0.005289790152210774,0.9110911799963906,-0.04728605833803027,5.900979923364968,1.5788094105328894
0,0.005580165513342103,0.9186581326852877,0.14518768056566433,3.7834763444485886,1.5324409986094718
0,0.009988354032928002,0.9207384571576037,2.2040942597929494,1.0401622361579932,0.44093458834810717
0,0.005012752295340557,0.9262818522625508,-2.4878008687937223,2.771697552473529,2.302268921590955
0,0.004782640594461724,0.9250761211792177,-0.11505585043941656,-0.6028655416665529,-1.7593768678332788
0,0.003982565979972018,0.9177190172236783,-0.40003730724485304,-3.678551977769673,-1.6791192280184486
0,0.008966269589703995,0.9094559932768119,2.491851804865988,-4.1315119734331995,-1.0280762284855134
0,0.0019666105068532427,0.9090028553050206,-3.499829541425376,-0.22656898589568097,-3.0769457136418206
0,0.0054784365739628145,0.9090691919625199,1.755913033554786,0.033168328749666465,0.018887259216174287
0,0.00034465154353768455,0.9095720359995083,-2.566892515212565,0.2514220184942073,3.0439560825913228
0,6.486993573404012e-05,0.8990418557750488,-0.1398908039018222,-5.265090112229753,-1.59735957581185
0,0.013914925885034728,0.9113282001509209,6.925027974650344,6.14317218793603,0.7256405156346818
0,0.00904655568703013,0.9163117237423679,-2.4341850990022986,2.491761795723524,2.3445065698543335
0,0.0006073855795559989,0.9204659821060374,-4.219585053737066,2.077129181834725,2.684156911331114
0,0.0010153876928760636,0.9207310370508657,0.20400105666003235,0.13252747241415674,0.5761228823209463
0,0.0032781010967562266,0.9232787268049928,1.1313567019400816,1.2738448770635569,0.8445706815999349
0,0.004271004314901212,0.9269836716253607,0.4964516090724927,1.8524724101839363,1.3089550740141003
0,0.0059310857741398425,0.9350525986984006,0.8300407296193152,4.034463536519983,1.3678900077395022
0,0.011119732608273068,0.9269975017247175,2.5943234170666125,-4.0275484868415585,-0.9985484335798914
0,0.01484282547752842,0.9200600736786287,1.8615464346276762,-3.4687140230443836,-1.0782467118758476
0,0.027272582470053222,0.9198667375841306,6.214878496262401,-0.09666804724905997,-0.015553039791489748
0,0.031004952166450335,0.9195340030002109,1.8661848481985563,-0.1663672919598458,-0.08891329880969782
0,0.03930945566664728,0.9283518524805587,4.152251750098472,4.4089247401739025,0.8153702270746613
0,0.04018893115147821,0.9379037010895854,0.439737742415465,4.775924304513346,1.478981348617847
0,0.03913918612202065,0.9434645341947784,-0.5248725147287796,2.7804165525964764,1.7573754745835937
0,0.05274197758979706,0.9590620942319318,6.801395733888206,7.798780018576701,0.8536053642698386
0,0.060838445129752,0.9671933072655023,4.048233769977469,4.06560651678528,0.7875392851900793
0,0.062062736115509,0.9884704751253895,0.6121454928784998,10.638583929943602,1.5133195743943293
0,0.07676535833298358,0.9945643843694445,7.351311108737289,3.0469546220274757,0.39292452801467176
0,0.08525941350642617,0.9968813738280877,4.2470275867212965,1.158494729321613,0.26629905316251656
0,0.10402725953524107,0.9914341296043094,9.383923014407449,-2.7236221118891457,-0.2824819638084756
0,0.09878273669965133,0.9936430438601787,-2.622261417794869,1.1044571279346105,2.7429577932786793
0,0.09452875429033042,0.9929551989883378,-2.126991204660457,-0.3439224359204074,-2.981285783311333
0,0.10074801919861368,0.9893173256688652,3.1096324541416283,-1.8189366597363144,-0.5292695518231366
0,0.10226775610070292,0.9914502292283337,0.7598684510446221,1.0664517797342454,0.9517168643222149
0,0.094213773040402,0.9964567583951722,-4.026991530150458,2.5032645834192624,2.5854264990207896
0,0.09718715842036027,0.9941466978529439,1.4866926899791342,-1.155030271114188,-0.6605038654210779
0,0.09436764200124463,0.9971445936361629,-1.4097582095578196,1.4989478916095367,2.3255410855292364
0,0.09007799995598516,0.9811799078737118,-2.1448210226297366,-7.982342881225568,-1.833292063891944
0,0.091718135702796,0.9923357900761943,0.8200678734054181,5.577941101241268,1.4248222512645679
0,0.08530499426991492,0.9951627131539286,-3.2065707164405377,1.4134615388671223,2.7264143861843113
0,0.07886777650328941,0.9993119484944436,-3.218608883312754,2.074617670257517,2.569044364506498
0,0.07242297702118872,0.9967315481527689,-3.2223997410503467,-1.2902001708373634,-2.760754517464418
0,0.0751360583433103,0.9953253936193402,1.3565406610607926,-0.7030772667143137,-0.4781698810889507
0,0.07798607948739429,0.9841221094828421,1.4250105720419945,-5.601642068249091,-1.321688702621349
0,0.08848508061578515,0.9947916744201339,5.24950056419543,5.334782468645938,0.793455398706138
0,0.09122816450188542,0.9924808382605421,1.371541943050135,-1.1554180797959113,-0.700078575052804
0,0.08734240452386205,0.9982662416006833,-1.9428799890116866,2.8927016700706076,2.1622402643788914
0,0.0893509086288764,0.9803435932753757,1.0042520525071763,-8.961324162653828,-1.4591968095569932
0,0.09321771565412829,0.9934156899651834,1.933403512625942,6.536048344903844,1.2831914980213899
0,0.09504943936659177,0.9918654802594166,0.9158618562317422,-0.7751048528834015,-0.7023490730510956
0,0.10374392839616338,0.9883617899310767,4.347244514785804,-1.7518451641699295,-0.38307122943861305
0,0.10786527733092281,0.9987012639789298,2.060674467379717,5.169737023926535,1.1914945426912429
0,0.1060823026406751,0.9897699501723305,-0.8914873451238564,-4.465656903299641,-1.7678378703613298
0,0.11945799658040662,0.9930561648416463,6.687846969865761,1.6431073346578895,0.24091389653365003
0,0.12396002283944106,0.9899707995084766,2.2510131295172195,-1.5426826665848603,-0.600811067179333
0,0.12709122257765082,0.9972722439740569,1.5655998691048791,3.650722232790171,1.1656720792216737
0,0.127508093990922,0.9969818032867388,0.2084357066355902,-0.14522034365904712,-0.6085180570399706
0,0.1284587194426014,0.9962112643428284,0.4753127258396994,-0.38526947195521855,-0.6811468660484968
0,0.12044223195549235,0.9988427268909174,-4.008243743554525,1.315731274044496,2.8244183644632344
0,0.12097377903145122,0.9935547943904302,0.2657735379794357,-2.643966250243601,-1.4706120815865886
0,0.11952380966084837,0.9979069248143349,-0.7249846853014247,2.1760652119523494,1.892393685491145
0,0.12918666995117767,0.9964468541011171,4.831430145164648,-0.7300353566088713,-0.1499668353431321
0,0.136641609373576,0.9984382070775706,3.727469711199166,0.9956764882267377,0.2610242730711874
0,0.13034076979355086,0.9924907063244597,-3.1504197900125708,-2.9737503765554507,-2.385034386040297
0,0.12595621772025062,0.9974981399323726,-2.1922760366501204,2.503716803956446,2.2899709323607915
0,0.12984096817133906,0.9884472080204126,1.9423752255442184,-4.525465955979968,-1.1653651857576721
0,0.13652113025015597,0.9917148327735289,3.3400810394084575,1.6338123765581303,0.4549328297597219
0,0.14510824898794716,0.999830321181399,4.293559368895597,4.057744203935065,0.7571687356007644
0,0.15682322509948685,0.9901189610028437,5.857488055769841,-4.855680089277669,-0.692157481652796
0,0.16224125979346896,0.9918726625071629,2.709017346991055,0.876850752159597,0.3130362106173403
0,0.16794651700227103,0.9975439597248921,2.852628604401039,2.835648608864594,0.7824130864637229
0,0.1653455285224324,0.9988585709830895,-1.3004942399193198,0.6573056290987145,2.6736124308121823
0,0.16583312516109855,0.9971243491316797,0.24379831933307727,-0.8671109257049059,-1.2967107718219184
0,0.17630268902083926,0.9997391151939694,5.234781929870355,1.3073830311448598,0.24474267981908554
0,0.17138412072833964,0.9958891706261025,-2.45928414624981,-1.924972283933457,-2.47746702955627
0,0.17633834404827484,0.9995850749521182,2.4771116599675986,1.847952163007871,0.6409431573129696
0,0.17967218977424687,0.9990557648161733,1.666922862986017,-0.2646550679724635,-0.15745440339170605
0,0.17764555186884134,0.9992550574897148,-1.013318952702763,0.0996463367707312,3.0435712052534862
0,0.18969387668101706,0.9943015486014323,6.024162406087857,-2.4767544441412492,-0.3900699886865994
0,0.19162377108801182,0.9853008437816333,0.9649472034973794,-4.500352409899488,-1.3595785072718705
0,0.20294977439153905,0.9799301901516652,5.663001651763616,-2.685326814984068,-0.44278552056707365
0,0.21587774137501575,0.9881713166444812,6.463983491738351,4.120563246408026,0.5675127393493689
0,0.22541293158838294,0.9949419076366435,4.767595106683592,3.385295496081131,0.6174481402233251
0,0.23208076214994944,0.9923397129547341,3.3339152807832506,-1.3010973409546822,-0.37208265642115773
0,0.2358757684749475,0.9890764027665085,1.8975031624990368,-1.6316550941127828,-0.7102111341122784
0,0.24546146651618334,0.9855964176295507,4.792849020617912,-1.7399925684788986,-0.3482435716869157
0,0.25506171670190475,0.9851921308754442,4.800125092860707,-0.20214337705326546,-0.04208723824065905
0,0.26273079286713474,0.9833898588313538,3.8345380826149964,-0.9011360220452236,-0.23081679756409462
0,0.265236528974465,0.9892688368915129,1.2528680536651182,2.9394890300795673,1.1678930589553338
0,0.27284548093659666,0.9990293482602095,3.804475981065841,4.8802556843483,0.9086406141473587
0,0.2715416928681798,0.992151618967617,-0.6518940342084278,-3.4388646462962247,-1.7581399843008532
0,0.2731486684371339,0.9995132736791619,0.8034877844770583,3.680827355772409,1.3558776676365638
0,0.2830123980432488,0.9949501966483014,4.931864803057434,-2.281538515430226,-0.4332922073469384
0,0.2847061937787656,0.9934701353553439,0.846897867758406,-0.740030646478762,-0.7181575082813194
0,0.28755498844742255,0.9915794389732894,1.4243973343284755,-0.9453481910272621,-0.5859340914990181
0,0.2889311073315275,0.9954096781421973,0.6880594420524688,1.9151195844539504,1.225880470061207
0,0.2908874600934523,0.9945891480564407,0.9781763809623978,-0.41026504287827725,-0.3971333864254937
0,0.29365803208041996,0.9902409983488738,1.3852859934838369,-2.1740748537834587,-1.0034833281346343
0,0.3008790601641984,0.9930608928493311,3.6105140418892234,1.409947250228638,0.37229996786583996
0,0.2942633743781451,0.9917506883152671,-3.307842893026658,-0.6551022670319706,-2.9460774545745365
1,0.509108465378274,0.5208418387150685,0.0,0.0,0.0
1,0.5207227954935636,0.515995973807468,5.807165057644781,-2.422932453800264,-0.39527234029798586
1,0.522342260600078,0.5228666377438648,0.8097325532572253,3.4353319681983963,1.3393142628077834
1,0.5311585227103026,0.5155596931675381,4.408131055112285,-3.6534722881633175,-0.6920586790987782
1,0.5375366748035677,0.5143336377955848,3.189076046632544,-0.6130276859766526,-0.18991082442331125
1,0.549456131787864,0.5177276496205095,5.959728492148153,1.697005912462357,0.2774037668575432
1,0.5542866067182325,0.5125638118712458,2.415237465184239,-2.5819188746318833,-0.8187410536892231
1,0.5574314017920791,0.5175924478549676,1.5723975369232868,2.514317991860915,1.0119257006255782
1,0.5783571916869977,0.5245431833820978,10.462894947459333,3.475367763565107,0.3206952656290864
1,0.5850490628615721,0.5220091086994147,3.3459355872871854,-1.267037341341537,-0.3619926574930645
1,0.6005092185437406,0.5273872952440475,7.73007784108426,2.6890932723163674,0.33477959868464824
1,0.6081134929035934,0.5354890636921912,3.8021371799263903,4.050884224071849,0.8170629061627258
1,0.6143838709865217,0.5414056824873358,3.135189041464148,2.9583093975723007,0.756378710767881
1,0.6201640616379342,0.549590411626714,2.8900953257062767,4.092364569689089,0.9559103974031165
1,0.6222907798658897,0.5530542272964064,1.063359113977702,1.7319078348462247,1.020159799471476
1,0.6261087760116572,0.5593747038562069,1.9089980728837497,3.1602382799002515,1.0273911901649182
1,0.6228353993955111,0.5783483380774125,-1.6366883080730088,9.486817110602786,1.741636992774281
1,0.6320139095695508,0.5840630796685405,4.58925508701985,2.8573707955640293,0.5568874044868085
1,0.6341724879613649,0.600941648854716,1.0792891959070516,8.439284593087736,1.4435980852766086
1,0.6341196742693445,0.6106926646696207,-0.02640684601024068,4.875507907452336,1.5762124984629138
1,0.6286461624630147,0.6207581904697069,-2.736755903164856,5.032762900043119,2.068857715196643
1,0.6277682369225221,0.6278960405543271,-0.4389627702462984,3.5689250423101004,1.6931774652085156
1,0.6289821227979758,0.6362722399484156,0.6069429377268398,4.188099697044256,1.4268774331713976
1,0.6356751901206852,0.6428893556710138,3.346533661354678,3.3085578612990774,0.7796919476752368
1,0.636156858678306,0.6585136942755937,0.24083427881038677,7.81216930228995,1.5399779946550942
1,0.6341274611579715,0.6609064686682371,-1.014698760167243,1.196387196321702,2.2742071056605297
1,0.6283993072086062,0.6642423670194203,-2.864076974682661,1.6679491755915987,2.6142381317790178
1,0.6309709982227614,0.6795835006374559,1.2858455070776098,7.670566809017787,1.404706898390948
1,0.62958133135776,0.6842586595002719,-0.6948334325007077,2.337579431407999,1.8597235420659775
1,0.6295010051266653,0.681471261422101,-0.04016311554733143,-1.3936990390854276,-1.599605992334984
1,0.6275022331871746,0.6890117790365867,-0.9993859697453589,3.7702588072428544,1.8299083223294526
1,0.626621275860591,0.6783450258421929,-0.44047866329177676,-5.333376597196904,-1.6531983921492235
1,0.6290559585356186,0.6793945650703856,1.2173413375137776,0.5247696140963654,0.4070078612521646
1,0.6249052869159825,0.6762040427672077,-2.0753358098180574,-1.595261151588978,-2.486245558395472
1,0.6307579795930308,0.6712558161610027,2.9263463385241772,-2.4741133031024876,-0.7018533505931116
1,0.630554506162534,0.6752739606491207,-0.10173671524843497,2.009072244058996,1.6213917639922468
1,0.6349678763834317,0.6878124282204908,2.2066851104488583,6.269233785685057,1.2323529719602109
1,0.6309254384414593,0.6938675921284985,-2.0212189709861716,3.027581954003822,2.159446007281907
1,0.6295320998721364,0.6931281453719953,-0.6966692846614442,-0.3697233782515852,-2.6536866341126903
1,0.6331820935965434,0.6978741425619894,1.8249968622034984,2.3729985949970667,0.9152030803653742
1,0.6380285319726792,0.7014978318430459,2.423219188067871,1.8118446405282485,0.6420284500675763
1,0.6356361165739918,0.7057528412996522,-1.1962076993436987,2.1275047283031423,2.0830023434767444
1,0.6299803783872514,0.7180367678339321,-2.8278690933701833,6.141963267139949,2.0022798297305635
1,0.6366521025052221,0.716563066260784,3.3358620589853394,-0.7368507865740392,-0.21739683411728963
1,0.6384756938464369,0.7200525033136086,0.911795670607396,1.744718526412281,1.0892300168102593
1,0.6446502585114237,0.7210899605037465,3.0872823324933907,0.5187285950689624,0.1664662210876609
1,0.6477223216975078,0.7373432011681078,1.5360315930420532,8.126620332180645,1.383987792378123
1,0.6625746492645641,0.7442219883646962,7.426163783528172,3.4393935982942048,0.4337317099620608
1,0.6679293877638377,0.7559884501903801,2.6773692496367962,5.88323091284193,1.1437218924011887
1,0.6621624131322797,0.7715787500095572,-2.8834873157789764,7.795149909588572,1.9250952091875495
1,0.6611054897948062,0.7749109164538838,-0.5284616687367683,1.6660832221632726,1.8779464295404544
1,0.6527760515979211,0.7760145956401939,-4.16471909844257,0.551839593155079,3.009856610460441
1,0.6519233638645099,0.7854276894915593,-0.4263438667055919,4.706546925682675,1.6611350469833266
1,0.6649680302809776,0.795761856814576,6.522333208233865,5.167083661508364,0.6699753153489038
1,0.6701233165194421,0.7988572655511155,2.5776431192322535,1.5477043682697311,0.5407384996777361
1,0.6668627055849179,0.7967538148197684,-1.6303054672621164,-1.0517253656735503,-2.568663158229678
1,0.6627894669540763,0.8077339931556808,-2.036619315420818,5.490089167956236,1.9260229192436324
1,0.6722924676915649,0.8232359538736332,4.751500368744332,7.7509803589762,1.0208587881665654
1,0.6680089316142404,0.8202499679495997,-2.141768038662284,-1.4929929620167703,-2.5328261888197394
1,0.6747001288447991,0.8289687511517618,3.345598615279388,4.359391601081064,0.9162228144731825
1,0.6775404050725014,0.8374310294836337,1.4201381138511104,4.231139165935926,1.2469715159573516
1,0.6767841116057072,0.8463081718640084,-0.37814673339708893,4.438571190187368,1.6557866945243267
1,0.6794228135164855,0.8408233299946672,1.3193509553891536,-2.7424209346705863,-1.1223909359760054
1,0.6781293920652793,0.8461812388424828,-0.6467107256030724,2.6789544239077534,1.807668563218564
1,0.6841018013988405,0.8480936156489992,2.9862046667805675,0.9561884032582291,0.3098860782028664
1,0.6930907871198719,0.8527281085324421,4.494492860515731,2.3172464417214322,0.4760295295451288
1,0.6947095294123553,0.8620767557584719,0.8093711462416886,4.674323613014897,1.3993437546354932
1,0.698758979128488,0.8701236834679725,2.024724858066318,4.0234638547503305,1.104568624453266
1,0.7059739826667549,0.8834432767552696,3.607501769133492,6.6597966436485185,1.0743605803196359
1,0.7045004247162496,0.8735171630846086,-0.7367789752526499,-4.963056835330493,-1.7181726383237967
1,0.7192313415683721,0.8813073175811765,7.365458426061233,3.8950772482839735,0.48644491537386075
1,0.7260521431717061,0.8854647341320856,3.4104008016669907,2.0787082754545327,0.5473902768397038
1,0.7357445536874802,0.8915835105208642,4.846205257887037,3.0593881943892787,0.5631137047110256
1,0.7477593249952952,0.8917672748399155,6.007385653907515,0.09188215952565804,0.015293673666029106
1,0.7661754785754825,0.900171137563652,9.208076790093667,4.201931361868249,0.4281063411586703
1,0.7745176911585785,0.901987195918262,4.1711062915479875,0.9080291773050364,0.21435070046531168
1,0.7852019851462219,0.9042200891261937,5.342146993821683,1.116446603965815,0.20602309794459808
1,0.7912209311113167,0.9032301905862157,3.0094729825474453,-0.4949492699889979,-0.1630045550557707
1,0.7901778371219632,0.9132386346809096,-0.5215469946767692,5.004222047346962,1.6746428062348782
1,0.7947799688000106,0.9078215235481153,2.301065839023675,-2.708555566397153,-0.8665608974196102
1,0.7949687044834951,0.9101480674099334,0.09436784174227109,1.1632719309090378,1.489850810759798
1,0.7980494691987404,0.9066963694270632,1.5403823576226605,-1.725848991435075,-0.8421203194142156
1,0.8038055474505249,0.9024273744659389,2.87803912589224,-2.1344974805621586,-0.6381356021761477
1,0.8022341426969304,0.9005785450180019,-0.7857023767972593,-0.9244147239684808,-2.2752589021339147
1,0.8013778186395134,0.8880164457548613,-0.42816202870848974,-6.281049631570334,-1.6388583077547179
1,0.8136827135910515,0.8801625488512714,6.152447475769041,-3.9269484517949205,-0.5680879081874328
1,0.81908848491307,0.8958570579098111,2.7028856610092356,7.84725452926982,1.239085882762586
1,0.8226750906568686,0.8982853524015847,1.7933028718993271,1.2141472458868097,0.5951534219087621
1,0.8217384559262753,0.8907618057575138,-0.46831736529667767,-3.761773322035422,-1.6946528543826236
1,0.8312881391939664,0.8853669277341611,4.774841633845561,-2.6974390116763503,-0.5142315298009464
1,0.8419163943012544,0.8824909158179891,5.314127553644021,-1.4380059580860194,-0.26427151535707044
1,0.8509445604770735,0.8788494075808081,4.514083087909515,-1.8207541185905063,-0.38339072121482953
1,0.8576417550977624,0.8839299972218287,3.348597310344481,2.540294820510325,0.6489916959313183
1,0.8682951872889245,0.8804661788990736,5.326716095581052,-1.731909161377554,-0.3143552405618802
1,0.8740041302944597,0.8708410089115396,2.854471502767575,-4.812584993767022,-1.0354462291379734
1,0.8802621221101489,0.8734725734855855,3.1289959078446006,1.3157822870229485,0.3980636702939589
1,0.9021628938828351,0.8743225852824678,10.950385886343117,0.4250058984411331,0.03879248552832962
1,0.9191904183143615,0.8644865067947151,8.51376221576322,-4.918039243876349,-0.5238292250082681
1,0.9309130103247331,0.870015405984449,5.861296005185756,2.764449594866991,0.44070721073281816
1,0.9271299639600632,0.8520992041309091,-1.891523182334931,-8.958100926769962,-1.7788918486024003
1,0.9297099579521642,0.8522800283707134,1.2899969960504798,0.09041211990212794,0.06997265436843986
1,0.9440947169589159,0.8527322544640911,7.192379503375867,0.22611304668884724,0.03142751277108897
1,0.9533187931499418,0.8584230226125324,4.612038095512971,2.8453840742206915,0.552787582264695
1,0.9600389040455659,0.8463692348469782,3.360055447812038,-6.026893882777107,-1.0622053382827303
1,0.9557748414419702,0.8485870244411996,-2.132031301797843,1.1088947971106822,2.661985303119975
1,0.948516381439336,0.8475601730272974,-3.6292300013170964,-0.5134257069511206,-3.001055656951078
1,0.9441840552013618,0.8404285338481285,-2.1661631189870967,-3.565819589584407,-2.116697484115203
1,0.9488767951894987,0.8498238273282428,2.3463699940684535,4.6976467400571265,1.107566610168998
1,0.9484654495961061,0.8382742595108026,-0.2056727966963101,-5.774783908720105,-1.6063969488109864
1,0.9560821140302069,0.828701701426754,3.808332217050403,-4.786279042024277,-0.8986969158128855
1,0.9568234046218255,0.8280159916842659,0.37064529580926875,-0.34285487124408043,-0.7464684120163019
1,0.9529031767487991,0.8253261955531637,-1.9601139365131859,-1.3448980655511034,-2.540234428644689
1,0.958502315740425,0.8157424313832652,2.799569495812948,-4.791882084949239,-1.0420518441986766
1,0.9663043205212323,0.8158267908737044,3.9010023904036406,0.042179745219583786,0.010812118874764192
1,0.9663119866047255,0.8093089686496213,0.003833041746614807,-3.258911112041518,-1.569620154801456
1,0.9613458030276347,0.8030319579455883,-2.4830917885453885,-3.138505352016485,-2.240129983613241
1,0.9601774764653419,0.7993917019019697,-0.5841632811464104,-1.8201280218093085,-1.881357398902773
1,0.9614368233423152,0.7934601606030037,0.6296734384866332,-2.9657706494830016,-1.3615892887122394
1,0.9534066202909095,0.7818802880110326,-4.0151015257028355,-5.789936295985565,-2.1771209651397476
1,0.9528760067512217,0.7772997047964392,-0.265306769843876,-2.2902916072967128,-1.6861220475479246
1,0.9505935708229027,0.7680939817445906,-1.1412179641595022,-4.602861525924262,-1.8138320515400337
1,0.9454660992089224,0.7647689798070222,-2.563735806990153,-1.6625009687842307,-2.566295071511506
1,0.9378931265159133,0.7676120834721758,-3.7864863465045806,1.4215518325768062,2.782447072574595
1,0.9392273553623257,0.757001012621484,0.6671144232062165,-5.305535425345897,-1.4457134515403767
1,0.9451405770689515,0.7535466212089725,2.956610853312891,-1.7271957062557353,-0.5287066260048688
1,0.9486268365077902,0.7461260500635386,1.7431297194193673,-3.710285572716965,-1.1315909734451557
1,0.9492528907637483,0.73203448097551,0.31302712797903753,-7.0457845440142775,-1.5263979467970428
1,0.9521641848227373,0.7270401717477178,1.4556470294945223,-2.497154613896102,-1.0430286353099283
1,0.9490728997493542,0.7151886699737292,-1.5456425366915938,-5.925750886994319,-1.8259462443520993
1,0.9485478535700661,0.7213097933963805,-0.26252308964402893,3.0605617113256267,1.6563629973021334
1,0.9542370358896406,0.7125527536132921,2.8445911597872464,-4.3785198915441965,-0.9946534255497418
1,0.9505494103852625,0.7163958041582137,-1.8438127521890335,1.9215252724608112,2.3355584972727677
1,0.9525445692051878,0.7189631602230269,0.9975794099626456,1.2836780324065877,0.9101594738971843
1,0.9499665096653033,0.7070797526061355,-1.2890297699422737,-5.941703808445664,-1.7844319056316136
1,0.9546229907327717,0.7114292308076069,2.328240533734205,2.1747391007356787,0.7513225005954344
1,0.958675924680183,0.7059059833750866,2.026466973705676,-2.761623716260153,-0.9377470354137407
1,0.9501254867729066,0.7043906471972095,-4.275218953638193,-0.7576680889385679,-2.9661906429561338
1,0.9441247250241736,0.7040376509385661,-3.0003808743665483,-0.1764981293216894,-3.0828351247578163
1,0.9416174870754187,0.695725986955725,-1.253618974377424,-4.1558319914205555,-1.8637688971914084
1,0.9417641830139544,0.693933931203893,0.07334796926783405,-0.8960278759159723,-1.4891194121354716
1,0.947396499856916,0.6921361470385603,2.8161584214808077,-0.8988920826663582,-0.3089688093069788
1,0.9551833216016046,0.6874442721972892,3.893410872344294,-2.3459374206355466,-0.5422853624707652
1,0.9596110976779068,0.6739994060641068,2.2138880381510906,-6.722433066591204,-1.252654544384059
1,0.9537405076167299,0.6610172228420287,-2.935295030588425,-6.491091611039057,-1.9954812611915156
1,0.9520653498292412,0.6559282710269009,-0.8375788937443618,-2.5444759075639034,-1.8888000917903691
1,0.952825659685036,0.6554462947811478,0.38015492789739147,-0.2409881228765398,-0.5649885814854142
1,0.9515553607548416,0.644409519344764,-0.6351494650971845,-5.518387718191908,-1.685389013798174
1,0.9467863964786806,0.6402358214658936,-2.3844821380805126,-2.086848939435171,-2.42266122393538
1,0.947758090998246,0.6332775249159992,0.4858472597827346,-3.479148274947219,-1.4320481272426384
1,0.9417356800129224,0.6342159510764911,-3.011205492661817,0.4692130802459449,2.9870134086807605
1,0.9317652952472709,0.6324966503716939,-4.985192382825742,-0.8596503523985999,-2.97083125593835
1,0.9307394795089498,0.6317412823900534,-0.5129078691605837,-0.3776839908202212,-2.5068795214236586
1,0.9370900422001148,0.6253294038392557,3.175281345582537,-3.2059392753988614,-0.7902025254083976
1,0.9333946278906241,0.6152288851142402,-1.8477071547453594,-5.050259362507747,-1.921533232111894
1,0.9238608004401456,0.6067124966292741,-4.766913725239241,-4.258194242483082,-2.412502041564745
1,0.9266086788550255,0.5905765336792674,1.3739392074399448,-8.067981475003316,-1.4021191923603842
1,0.9219784617707546,0.579166397171464,-2.315108542135458,-5.705068253901713,-1.9562914550818535
1,0.9211201379999365,0.5840871334174386,-0.4291618854090351,2.4603681229872776,1.7434888274961502
1,0.9253240408497884,0.5773817289228814,2.1019514249259186,-3.3527022472785717,-1.0108013990731353
1,0.9245459079040655,0.5731502997745678,-0.38906647286141016,-2.115714574156824,-1.7526581423229193
1,0.9273766226151205,0.5574595941305144,1.4153573555275023,-7.845352822026697,-1.3923090921184
1,0.9211108006072604,0.5584842673807908,-3.1329110039300945,0.5123366251382211,2.9794937779563533
1,0.9176386492078663,0.5601690216409254,-1.7360756996970261,0.8423771300672955,2.6898395120605096
1,0.9208900417493145,0.5514726291234545,1.6256962707241196,-4.348196258735448,-1.2130094180503024
1,0.9179951312165457,0.5493409142493536,-1.447455266384401,-1.0658574370504548,-2.506874293921966
1,0.9253935421178269,0.5411453080144669,3.6992054506405636,-4.097803117443344,-0.8364755694329417
1,0.909789785402379,0.5404109994870832,-7.801878357723946,-0.3671542636918823,-3.09456762051709
1,0.8989400661809585,0.5422465133922008,-5.424859610710264,0.9177569525588014,2.9740032987662444
1,0.8858632035381954,0.5498120265109323,-6.538431321381544,3.782756559365774,2.6171006069070875
1,0.8819072144846762,0.5524057066015431,-1.9779945267595633,1.2968400453053919,2.561267138859147
1,0.8754553608088351,0.552383485138011,-3.2259268379205563,-0.011110731766017512,-3.1381484688978056
1,0.8685781419675913,0.5427370132447673,-3.4386094206219076,-4.823235946621873,-2.1901447599519286
1,0.8670528311611736,0.5318295205926938,-0.7626554032088562,-5.453746326036734,-1.7097359730511783
1,0.8653975704309173,0.5277320132013581,-0.8276303651281736,-2.048753695667871,-1.9547184679599643
1,0.853992705199683,0.5360608070989739,-5.702432615617147,4.16439694880788,2.510829463138151
1,0.8553363787282836,0.5388075799497027,0.6718367643003265,1.3733864253644423,1.1158400139491818
1,0.8494757643986613,0.5394467398465193,-2.93030716481113,0.3195799484082551,3.0329617645444547
1,0.8500887874054636,0.5464178786656668,0.3065115034011079,3.4855694095737855,1.483084669912789
1,0.848967423331632,0.5538157683586559,-0.5606820369157828,3.698944846494523,1.7212300842135406
1,0.8478540323484607,0.5524689006513626,-0.556695491585657,-0.6734338536466544,-2.261578586122801
1,0.8422372209698685,0.5537924208696311,-2.8084056892960785,0.6617601091342684,2.9101785270198586
1,0.8358649546427271,0.5532779700047636,-3.1861331635706924,-0.25722543243372753,-3.0610345764495412
1,0.833514919728897,0.5628903913352061,-1.1750174569150618,4.806210665221244,1.81057201896166
1,0.8205024709844193,0.5756539171007188,-6.506224372238855,6.381762882756325,2.365851360431638
1,0.8295819054197427,0.5733589664203489,4.53971721766172,-1.1474753401849447,-0.24757801748958208
1,0.8228574813250147,0.5682789634398168,-3.3622120473640327,-2.540001490266064,-2.494609175653189
1,0.8229003079093816,0.5675977472375897,0.021413292183469768,-0.34060810111352646,-1.5080111264916003
1,0.827686792776759,0.5734910634045427,2.3932424336887137,2.9466580834764944,0.8886673056968539
1,0.8158869961735191,0.5874774474562782,-5.899898301619966,6.993192025867733,2.271599990508229
1,0.8059037633619426,0.59150867086197,-4.991616405788268,2.015611702845921,2.757815230033662
1,0.8034852413948274,0.5936088647249553,-1.209260983557614,1.0500969314926611,2.426524886547194
1,0.7967715395885011,0.608175361536123,-3.356850903163122,7.283248405583809,2.0026778270489607
1,0.7946803389880737,0.61411866265931,-1.0456003002137226,2.971650561593542,1.9091258025113884
1,0.7950901041249558,0.6159755829914451,0.20488256844108932,0.9284601660675129,1.353607799003227
1,0.7859935831479131,0.6336511550539035,-4.54826048852136,8.8377860312292,2.0460856387466633
1,0.782622605599119,0.6380311846536532,-1.6854887743970592,2.190014799874851,2.2267391907280096
1,0.7724561142682829,0.6424506156561648,-5.083245665418068,2.2097155012558156,2.731530056652371
1,0.7663732243412275,0.6524179197705067,-3.0414449635277063,4.983652057170939,2.1187435670668506
1,0.7679963061894769,0.6549526596582199,0.8115409241247207,1.2673699438566222,1.001245744569539
1,0.7680696248001819,0.6590185832045403,0.03665930535251549,2.0329617731602023,1.5527658192303357
1,0.7730017536723552,0.6717808851337626,2.466064436086657,6.381150964611115,1.2020159205157348
1,0.7682145497979826,0.6708485901333733,-2.393601937186296,-0.4661475001946358,-2.9492528365341353
1,0.7662573865591721,0.6839514457183506,-0.9785816194052832,6.551427792488684,1.7190693116879332
1,0.7598299705040071,0.6851239578261404,-3.2137080275824736,0.5862560538948958,2.9611532118099033
1,0.7617479156831932,0.6930255561763694,0.9589725895930434,3.9507991751144833,1.3326728036430837
1,0.7540208874536444,0.6847430688171431,-3.8635141147744245,-4.14124367961316,-2.321512840797866
1,0.7474264782256624,0.6869137303315526,-3.297204613990967,1.0853307572047388,2.8235965272459542
1,0.7445112827897579,0.6942568530966787,-1.4575977179522859,3.671561382563082,1.9487109657495012
1,0.7445557164430963,0.6983867643765934,0.022216826669196887,2.0649556399573443,1.560037756946237
1,0.7443022571579434,0.7041091661955688,-0.1267296425764286,2.8612009094877155,1.6150598616910223
1,0.757860088736497,0.7151736435133242,6.778915789276807,5.532238658877697,0.6844781519483284
1,0.7651144155941828,0.7140033609452473,3.6271634288428944,-0.5851412840384707,-0.15994400406103262
1,0.7696284814019649,0.7190324721274913,2.2570329038910653,2.514555591122014,0.8393158659514093
1,0.7699191896117229,0.7248828135165756,0.14535410487898082,2.925170694542123,1.5211463535173992
1,0.7719315234247756,0.735544282331693,1.006166906526329,5.330734407558713,1.3842427723686088
1,0.7688475234949799,0.7403548115318992,-1.5419999648978444,2.4052646001030964,2.140885021487548
1,0.7730067631938582,0.7361055402808325,2.0796198494391627,-2.124635625533333,-0.7961049475635745
1,0.77410720662516,0.7379996034469677,0.5502217156508893,0.9470315830675813,1.04446744797414
1,0.778044683623519,0.7377889371143564,1.968738499179501,-0.10533316630562117,-0.05345190903170799
1,0.7768408241696153,0.7380026536367856,-0.6019297269518331,0.10685826121459296,2.965896966762875
1,0.7830824581964994,0.7401655549686633,3.1208170134420232,1.0814506659388434,0.3335784351061617
1,0.796406503524836,0.7492633417990877,6.662022664168321,4.548893415212196,0.599095413826653
1,0.8012230878804358,0.753236728410251,2.40829217779992,1.986693305581655,0.6897635412407831
1,0.8080339047971072,0.7547316271305858,3.4054084583357014,0.747449360167407,0.2160627489621478
1,0.8227566266635877,0.7506192657118591,7.361360933240246,-2.0561807093633644,-0.2723787051507804
1,0.8274698128010121,0.7533734710939616,2.356593068712165,1.3771026910512352,0.5288413708653151
1,0.828449487126394,0.7595538029094696,0.4898371626909648,3.0901659077540167,1.41358948550647
1,0.8340668999217203,0.7742544518889913,2.8087063976631743,7.350324489760862,1.2057980750686448
1,0.8393797590821115,0.7724752973675654,2.656429580195574,-0.8895772607129815,-0.32313924162066104
1,0.8506064003683826,0.7813875720733525,5.6133206431355775,4.456137352893574,0.6709799777584684
1,0.8490998746599745,0.7858083588084975,-0.7532628542040731,2.210393367572505,1.8992358702779548
1,0.8508101068783988,0.7825367696224927,0.8551161092121284,-1.6357945930023932,-1.0891126458177602
1,0.8461781332904157,0.7925208446341955,-2.3159867939915313,4.992037505851365,2.005178951056751
1,0.8425873787249931,0.8027492911185219,-1.7953772827112857,5.114223242163207,1.908411337277753
1,0.8448126324541557,0.8017573162127377,1.112626864581301,-0.49598745289208823,-0.41933952107858713
1,0.8454182187500264,0.7936050660282812,0.30279314793535406,-4.076125092228266,-1.4966479577822749
1,0.8346280299538833,0.7929032968420486,-5.395094398071564,-0.35088459311627407,-3.076646411123089
1,0.8349067349370529,0.7968713814004943,0.1393524915848099,1.9840422792228307,1.500674828747404
1,0.8358406924841129,0.8001144359507391,0.4669787735299691,1.6215272751223808,1.2903967439211257
1,0.8386047373489011,0.7997768027501074,1.3820224323941033,-0.16881660031581314,-0.12154968868334284
1,0.8415350314599963,0.8022231537678747,1.465147055547622,1.2231755088836227,0.6956316810767437
1,0.8418458767829251,0.8134666696543992,0.15542266146439943,5.621757943262251,1.5431567374001711
1,0.8263257717174167,0.8104795024532433,-7.760052532754191,-1.4935836005779413,-2.951447069568076
1,0.8276499664010115,0.821937695517369,0.6620973417973963,5.729096532062827,1.4557392471194535
1,0.8316463133916123,0.821449371739235,1.9981734953004038,-0.2441618890669517,-0.12158977500654976
1,0.8334184683986946,0.802730267765644,0.8860775035411383,-9.3595519867955,-1.476406716274858
1,0.8367994624667485,0.8100336325941433,1.690497034026961,3.651682414249624,1.1372366446696385
1,0.8349639236175574,0.814993182112145,-0.9177694245955381,2.4797747590008523,1.925265899141313
1,0.829924772899151,0.8126271428021751,-2.519575359203219,-1.1830196549849625,-2.7026156802916788
1,0.8367903029565118,0.8093997237292014,3.4327650286803957,-1.6137095364868181,-0.4394348451909247
1,0.824248184123723,0.8026470603092184,-6.271059416394387,-3.37633170999152,-2.6476998181178453
1,0.813924056626121,0.8033707657549062,-5.162063748801016,0.3618527228438917,3.0716086720289835
1,0.8076011777760234,0.7946044199634105,-3.1614394250488176,-4.3831728957478555,-2.1956535286558756
1,0.8036775889804499,0.7999013842268898,-1.9617943977867092,2.6484821317396823,2.2083343443514316
1,0.8031536739708738,0.8108284417140975,-0.26195750478807955,5.46352874360384,1.6187062139220574
1,0.8089109979370299,0.8024546981337396,2.878661983078068,-4.186871790178959,-0.9684785510794052
1,0.8088658785548135,0.817639251319365,-0.022559691108203772,7.592276592812697,1.5737677181078922
1,0.8115333687926268,0.8250188380049831,1.3337451189066596,3.6897933428090557,1.2239410847352659
1,0.8123874925732008,0.8324630445631372,0.4270618902869616,3.7221032790770714,1.456559159696497
1,0.797686264780873,0.8375115638540859,-7.350613896163871,2.524259645474314,2.8108024640695195
1,0.7870032940379581,0.8410865680762165,-5.341485371457455,1.78750211106532,2.818661939678218
1,0.7726997361715566,0.8427332876439502,-7.151778933200736,0.8233597838668283,3.026970709844821
1,0.7604510156461985,0.8403448277767329,-6.1243602626790405,-1.194229933608626,-2.9490125721126357
1,0.7611121857758697,0.8320944666905558,0.3305850648355757,-4.12518054308858,-1.4908288958504583
1,0.7564734750594496,0.8193512309651183,-2.31935535821004,-6.371617862718725,-1.9199004421518149
1,0.7477373010356109,0.8265028039103058,-4.368087011919375,3.575786472593767,2.455603042702415
1,0.739513798551714,0.8213004974287413,-4.111751241948458,-2.60115324078225,-2.5775365092265847
1,0.7280004061869978,0.8230654495117873,-5.756696182358079,0.8824760415229727,2.9894812200226504
1,0.7265709403371596,0.8147531682263071,-0.7147329249190815,-4.156140642740113,-1.7411008562641352
1,0.7189847638771459,0.809518919911001,-3.793088230006847,-2.617124157653028,-2.5376287363983194
1,0.708695084168406,0.8071723357845457,-5.144839854369976,-1.1732920632276378,-2.9173749862886145
1,0.708903901475046,0.8022731571491956,0.10440865332000948,-2.4495893176750827,-1.5281991883566743
1,0.7006064959526715,0.809057961150756,-4.148702761187228,3.392402000780226,2.456150704768372
1,0.6922225970710505,0.8156529420637367,-4.191949440810527,3.2974904564903595,2.475060834994459
1,0.6974360607755228,0.8111932994237353,2.606731852236144,-2.2298213200007133,-0.7076257721610943
1,0.6944836822191693,0.8051897343867721,-1.4761892781767205,-3.0017825184815994,-2.027839007127289
1,0.685154659661558,0.8018000572150821,-4.664511278805683,-1.6948385858450155,-2.793076787400476
1,0.6842711176196534,0.8000213960511223,-0.44177102095227516,-0.8893305819798747,-2.031836998731177
1,0.678244914437559,0.7923057320824698,-3.013101591047229,-3.8578319843262654,-2.2338657600895835
1,0.6646643770694163,0.7902545470199236,-6.790268684071343,-1.0255925312731007,-2.9916871361359165
1,0.657343249673456,0.7894104470011891,-3.6605636979801237,-0.42205000936723636,-3.0268030533598456
1,0.6553567671519428,0.7843718176019991,-0.9932412607566166,-2.5193146995949878,-1.9463364951843893
1,0.6482295811226737,0.773961899835233,-3.5635930146345474,-5.20495888338307,-2.1711481619625976
1,0.6413889793272206,0.7820191673541574,-3.420300897726547,4.028633759462219,2.274708231049261
1,0.6270429113249941,0.7800955149181749,-7.173034001113243,-0.9618262179912906,-3.008298554870277
1,0.6186079948359035,0.7798448979015941,-4.217458244545336,-0.1253085082904004,-3.111889537005066
1,0.6079705890420852,0.7717963085341053,-5.318702896909111,-4.024294683744378,-2.4938612913993334
1,0.595324798813448,0.7724726595398321,-6.322895114318605,0.3381755028634137,3.088159283112405
1,0.5904051823713713,0.7675148705199974,-2.459808221038362,-2.47889450991734,-2.3523298733285545
1,0.5971388530291848,0.7677250145026546,3.3668353289067476,0.10507199132858691,0.031197813339325985
1,0.5977706754388843,0.7789593314172494,0.3159112048497503,5.617158457297378,1.5146151162916623
1,0.5853403566200293,0.7815213825037667,-6.2151594094275175,1.2810255432586515,2.938326117883177
1,0.5693478733240667,0.784528587400521,-7.996241647981295,1.5036024483771615,2.95572440254964
1,0.5542686822250633,0.7798603793413815,-7.539595549501676,-2.334104029569739,-2.8413706851370826
1,0.5465950407694387,0.7697243608516409,-3.836820727812329,-5.06800924487033,-2.2188047654170147
1,0.5459606964333006,0.7642561218811271,-0.31717216806903537,-2.7341194852568695,-1.686285352419143
1,0.5399586649949066,0.7514738677180686,-3.0010157191969755,-6.391127081529279,-2.0097965178905524
1,0.5291876559540546,0.7386218832062835,-5.385504520426021,-6.42599225589252,-2.2683301993310563
1,0.5144424548203543,0.735289731524908,-7.372600566850129,-1.6660758406877862,-2.9193436205624135
1,0.5149354297790893,0.7338541875314709,0.2464874793675076,-0.7177719967185192,-1.2400075944660987
1,0.5214913450439863,0.7280494698409075,3.2779576324484805,-2.9023588452817273,-0.7246994277038177
1,0.5264487113762762,0.7267452076880465,2.478683166144968,-0.6521310764304733,-0.25726562060863545
1,0.5199467051582695,0.7189275962109798,-3.251003109003392,-3.9088057385333608,-2.2645773608578774
1,0.5240527640142086,0.7209151800112507,2.053029427969588,0.9937919001354323,0.45081546182440085
1,0.5159218193090676,0.7107460309330242,-4.065472352570542,-5.0845745391132064,-2.2452749095183178
1,0.5261702164739472,0.7073056105013101,5.124198582439843,-1.7202102158570542,-0.32388197799320706
1,0.5216103208707475,0.7062040656486247,-2.2799478015998464,-0.5507724263427161,-2.9045614567084295
1,0.5241726136337952,0.7054167754564259,1.2811463815238233,-0.39364509609940423,-0.29810400671130366
1,0.5233933366595637,0.7035459355358833,-0.3896384871157621,-0.9354199602712998,-1.9654782890786089
1,0.5290479344006555,0.7008766228956826,2.8272988705458912,-1.3346563201003248,-0.44104729577447627
1,0.5228653023256935,0.6993142453175851,-3.0913160374809734,-0.781188789048759,-2.8940704110841797
1,0.5165943565898002,0.6982558564212636,-3.1354728679466315,-0.5291944481607413,-2.974391773697158
1,0.5187891509233171,0.6849496713067056,1.0973971667584403,-6.653092557279027,-1.4073228388675456
1,0.5257828237509523,0.6777608552811143,3.4968364138175945,-3.594408012795647,-0.7991567417671029
1,0.526808491179985,0.6830414159943482,0.5128337145163253,2.640280356616953,1.3789505478738169
1,0.5225158825223533,0.6808015838502095,-2.146304328815851,-1.119916072069349,-2.6606668772462005
1,0.5153613766986445,0.6762455276338085,-3.5772529118544005,-2.2780281082004916,-2.574546255558392
1,0.5173871366744278,0.6720077273735325,1.0128799878916794,-2.1189001301379906,-1.124885540950144
1,0.5125092773056132,0.6712495831025124,-2.438929684407287,-0.37907213551008345,-2.9874007550231125
1,0.5158575863510622,0.6622323476451462,1.674154522724458,-4.508617728683106,-1.2152530113089024
1,0.5168523769065018,0.6571161928814321,0.4973952777198032,-2.558077381857038,-1.3787515706901055
1,0.5193258217359555,0.6486063496544502,1.2367224147268874,-4.254921613490947,-1.287933051689308
1,0.5198459955289555,0.6452491728581791,0.26008689649997807,-1.678588398135561,-1.417074890314055
1,0.526200800375571,0.6354575296576013,3.1774024233077736,-4.895821600288897,-0.995122373649222
1,0.5233528110460162,0.6311337791363913,-1.4239946647774393,-2.161875260604962,-2.1532527410604265
1,0.5284837275529526,0.633204803880649,2.5654582534682113,1.035512372128844,0.38363728138750125
1,0.5297798436246982,0.6345226625597075,0.6480580358728116,0.6589293395292128,0.7937158052936933
1,0.5375437801049029,0.6275277604978404,3.8819682401023403,-3.4974510309335183,-0.7333385420509406
1,0.5326199702823654,0.6225397903259137,-2.461904911268742,-2.4939850859633794,-2.349721439609283
1,0.5291321790236484,0.6069726018759167,-1.743895629358505,-7.783594224998469,-1.791204079347795
1,0.5331998229389758,0.6087151302596544,2.0338219576637173,0.8712641918688369,0.4047365076463436
1,0.541319819401957,0.6172123116196415,4.059998231490558,4.2485906799935576,0.8080927595019737
1,0.5484002805613926,0.6046020183677492,3.540230579717807,-6.3051466259461675,-1.059180008862788
1,0.5402675141224402,0.6043554957471781,-4.066383219476166,-0.12326131028556064,-3.1112896614182315
1,0.5364216157040099,0.6033853261076186,-1.9229492092151523,-0.4850848197797131,-2.894487257508297
1,0.5349529690350537,0.6025656828721436,-0.7343233344780931,-0.4098216177375047,-2.632556307759192
1,0.5295421079848796,0.5985565183733051,-2.7054305250870936,-2.00458224941924,-2.5039103000007725
1,0.5389273019893082,0.6031815335515559,4.692597002214304,2.312507589125379,0.4578703140744943
1,0.5434532592442085,0.6085281967394875,2.262978627450174,2.673331593965822,0.8683369574400287
1,0.5415408888189048,0.6159244539889368,-0.9561852126518389,3.698128624724628,1.8238143519315724
1,0.5486115282702054,0.6073827787408287,3.535319725650299,-4.2708376240540575,-0.8793435914181053
1,0.546916689668148,0.6104664307373365,-0.8474193010287179,1.5418259982539206,2.0733481905105116
1,0.5500129557052313,0.6060545401238003,1.5481330185416753,-2.205945306768098,-0.9588631470926161
1,0.5573363726696864,0.6031915962884948,3.6617084822275214,-1.431471917652749,-0.37266309350337334
1,0.5542275321494311,0.5977179022108806,-1.5544202601276425,-2.736847038807111,-2.087323935253666
1,0.5589617646082383,0.5990293680691028,2.3671162294036097,0.6557329291110858,0.2702410166749347
1,0.5655543978506227,0.6098514789467141,3.2963166211921746,5.411055438805656,1.023652824819738
1,0.562233698864453,0.609324180303712,-1.6603494930848561,-0.26364932150102494,-2.9841159858918638
1,0.5659416080160058,0.6110771761827611,1.8539545757764175,0.8764979395245454,0.4416289752738419
1,0.5583181607823532,0.603425659155725,-3.8117236168263013,-3.825758513518074,-2.3543568582798717
1,0.5532824512789486,0.6035741703056382,-2.5178547517022976,0.0742555749566054,3.112109595407495
1,0.5497717047039465,0.6000809782704485,-1.7553732875010275,-1.7465960175948592,-2.358700866108895
1,0.5460159892542118,0.6068228994861603,-1.8778577248673711,3.3709606078559107,2.0790506039483265
1,0.5461946373436475,0.6122200271910028,0.08932404471784228,2.698563852421232,1.5377078217840288
1,0.5498308191392656,0.6113924207703791,1.8180908978090438,-0.4138032103118139,-0.22379076978624474
1,0.5527612469872306,0.6052282974211618,1.4652139239825224,-3.0820616746086715,-1.1270211994839143
1,0.5552336915822639,0.6013968775396417,1.2362222975166315,-1.9157099407600686,-0.997726839981456
1,0.5390131687005006,0.5952214890266155,-8.110261440881617,-3.0876942565130627,-2.777821433485134
1,0.5465077618368612,0.6026224720028708,3.7472965681802917,3.700491488127622,0.7791138191680222
1,0.5547394690673337,0.598086731305962,4.1158536152362535,-2.2678703484543816,-0.5036171654586096
1,0.5594681164743335,0.5957613551337103,2.364323703499871,-1.1626880861258515,-0.45703672019532854
1,0.5629074088226868,0.5954965296461363,1.7196461741766367,-0.13241274378700263,-0.07684835468800498
1,0.5685754908106582,0.5895451814718041,2.834040993985709,-2.9756740871660914,-0.8097719997694695
1,0.5770709048290887,0.5881647226661275,4.247707009215285,-0.6902294028383049,-0.16108663232466205
1,0.5860319007915348,0.5889818798836548,4.480497981223019,0.4085786087636434,0.090938928917624
1,0.5821988749650157,0.5853769967790415,-1.9165129132595604,-1.8024415523066328,-2.386857841475569
1,0.5686290905586593,0.5828862955591912,-6.784892203178183,-1.2453506099251443,-2.960065597969345
1,0.5672690870634356,0.5690574998580308,-0.680001747611847,-6.914397850580234,-1.6688268562266828
1,0.5737659421874403,0.570903179444213,3.2484275620023317,0.9228397930911014,0.27679561031565936
1,0.573263021145568,0.5689117707423159,-0.2514605209361087,-0.9957043509485342,-1.8181691911540847
1,0.575909402188581,0.5499331297987609,1.3231905215064788,-9.489320471777528,-1.4322496960911082
1,0.5816717781425396,0.54809671798047,2.8811879769792825,-0.9182059091454309,-0.3085142121881457
1,0.5868475039256038,0.550550425626883,2.5878628915321222,1.2268538232065307,0.4426973631142157
1,0.5854355144280877,0.5479895094416984,-0.7059947487580431,-1.280458092592307,-2.074683907318754
1,0.5947646171362889,0.5430596836698339,4.664551354100599,-2.4649128859322578,-0.4861361070731549
1,0.6060052975897595,0.5476155672339654,5.620340226735299,2.277941782065751,0.3850697097586487
1,0.6100206549340395,0.5365568578482212,2.0076786721399675,-5.529354692872134,-1.2225039237144748
1,0.6096559789655026,0.5300565874688267,-0.1823379842684214,-3.2501351896972452,-1.62683924114738
1,0.611327896753684,0.5376839650198196,0.8359588940907159,3.813688775496482,1.3550096390215458
1,0.6187720357265193,0.5364022566156874,3.722069486417623,-0.6408542020661101,-0.1705051000353415
1,0.6261870905848216,0.5352553665945595,3.7075274291511473,-0.5734450105639444,-0.1534544854419828
1,0.6280068224297296,0.5371142470623501,0.9098659224540118,0.9294402338952956,0.7960399874614807
1,0.6318994280665459,0.5464807511776703,1.94630281840813,4.68325205766007,1.1769247574496895
1,0.6375742938998266,0.5499275924342707,2.837432916640348,1.7234206283002207,0.5458336170551115
1,0.6363296373616425,0.5444633581397248,-0.6223282690920318,-2.73211714727295,-1.7947575379411131
1,0.63182615932238,0.5377651850633168,-2.2517390196312714,-3.3490865382039825,-2.162719260129615
1,0.6298996732910824,0.5398125777456048,-0.9632430156487626,1.0236963411439648,2.32577852318129
1,0.6390059030830135,0.5376685766429047,4.553114895965549,-1.0720005513500386,-0.23123205113429937
1,0.6365384353269111,0.5402260526366308,-1.233733878051202,1.2787379968630663,2.338284117942482
1,0.650599478249293,0.5321619887270055,7.03052146119093,-4.032031954812664,-0.5207092451987202
1,0.6490825516035541,0.533962819020879,-0.7584633228694404,0.9004151469367838,2.2708314781091206
1,0.652025447199094,0.5362670145480852,1.4714477977699758,1.1520977636030882,0.6642694674494107
1,0.6486016787499493,0.5481168713826843,-1.7118842245723576,5.924928417299524,1.8520656403829048
1,0.643965011081425,0.5463113281284261,-2.318333834262165,-0.9027716271290953,-2.770252817191203
1,0.648209044000625,0.5576413176137551,2.1220164595999735,5.664994742664519,1.2123904080564158
1,0.6454406459927551,0.5670337511413436,-1.3841990039349383,4.696216763794225,1.857427542222834
1,0.6534124280319943,0.5604435193404916,3.985891019619603,-3.295115900425971,-0.6908077181436177
1,0.6394471386934922,0.567961729166819,-6.982644669251026,3.759104913163669,2.647737961388819
1,0.641362062642007,0.5644936160273161,0.9574619742573898,-1.734056569751452,-1.0663027763975932
1,0.6460449369500098,0.5714164826748711,2.341437154001369,3.4614333237775186,0.9760609889109265
1,0.6455957409335379,0.5764923709122793,-0.22459800823593223,2.5379441187041163,1.6590624275064916
1,0.6415570636771956,0.577336444580061,-2.0193386281711634,0.42203683389080426,2.935560758091123
1,0.6475019451373258,0.5860139557623185,2.97244073006514,4.338755591128784,0.9701469035737325
1,0.6545858579353043,0.6000733156771934,3.5419563989892433,7.029679957437418,1.1040675465934842
1,0.6518319305283128,0.60691089198763,-1.3769637034957705,3.418788155218344,1.9536829150912
1,0.6513531115561171,0.6157357194635265,-0.2394094860978524,4.4124137379482065,1.6250013442735605
1,0.6597704851727813,0.6198836095261903,4.208686808332085,2.073945031331903,0.45785271636885766
1,0.6568381133195648,0.6202303942100201,-1.4661859266082433,0.17339234191493524,3.0238785754324655
1,0.6474308047015142,0.6393838832666846,-4.703654309025307,9.576744528332236,2.0273419513294537
1,0.6549527834174885,0.6579518341338819,3.760989357987188,9.283975433598657,1.1858964338506486
1,0.656193300384634,0.6611844635084553,0.6202584835727221,1.6163146872866796,1.2043778057529135
1,0.6486363149070251,0.6582131083253968,-3.7784927388044287,-1.485677591529233,-2.7669679588026144
1,0.6543762914955925,0.6745778257065976,2.8699882942836985,8.182358690600411,1.233450684594295
1,0.653370133037318,0.6816668221370484,-0.5030792291372821,3.5444982152254,1.7117870413766696
1,0.6595382769300816,0.6841539123201353,3.084071946381828,1.243545091543452,0.3832751375160463
1,0.6541604074435514,0.6981058053800585,-2.6889347432650923,6.975946529961585,1.9387040273843292
1,0.6470120201294413,0.6997323201624102,-3.5741936570550803,0.8132573911758256,2.9178658144364182
1,0.6434316019505602,0.7097556891846807,-1.7902090894405531,5.011684511135261,1.9138772060721188
1,0.6445196517394183,0.7177449938460447,0.5440248944290627,3.9946523306820247,1.4354407561738818
1,0.6421611795778267,0.727945668731192,-1.179236080795787,5.100337442573655,1.7980112093470255
1,0.6250133272553623,0.741370150458574,-8.573926161232203,6.712240863690988,2.4773865358535208
1,0.6191069392494232,0.7470704661731732,-2.9531940029695614,2.8501578572995845,2.373947217177733
1,0.603619334751209,0.7637689106388182,-7.74380224910709,8.349222232822529,2.3185921975645427
1,0.5911166696402497,0.772655558458789,-6.25133255547966,4.443323909985364,2.523668183571934
1,0.5895980585743448,0.7757922169276025,-0.7593055329524478,1.5683292344067512,2.0216831736847762
1,0.5836248629097741,0.781801271737216,-2.9865978322853315,3.0045274048067783,2.353201810472704
1,0.5716420836418187,0.7880081412869385,-5.991389633977717,3.1034347748612467,2.6636627824177173
1,0.5639043889406727,0.8033931405943896,-3.868847350572968,7.6924996537255375,2.0367912570980953
1,0.5524981035272681,0.8045702057610353,-5.703142706702302,0.588532583322865,3.0387622057669508
1,0.544387000707115,0.8032374824349297,-4.055551410076574,-0.6663616630528391,-2.9787392597012277
1,0.5405356518667893,0.7966794400448615,-1.9256744201628373,-3.279021195034093,-2.101803771074066
1,0.5295780623712648,0.8016068709332562,-5.47879474776225,2.4637154441973785,2.71900319820638
1,0.5242199160666091,0.800307578857875,-2.679073152327849,-0.6496460376906321,-2.9036954694875825
1,0.5278678633141496,0.798554436720023,1.8239736237702364,-0.8765710689259687,-0.44799385420235044
1,0.5242307728997033,0.8100054642709379,-1.8185452072231323,5.7255137754574355,1.8783400495354632
1,0.5062283042826574,0.8096946358292937,-9.001234308522953,-0.1554142208221032,-3.124328490174341
1,0.4997305581912052,0.8178759428510373,-3.2488730457261026,4.090653510871789,2.242002061041457
1,0.5061120288051187,0.8208131206917204,3.1907353069567654,1.4685889203415736,0.43135876559057384
1,0.502502761021055,0.8213647110947476,-1.8046338920318927,0.2757952015136067,2.989939923765662
1,0.5047029901944177,0.822073785991957,1.1001145866813555,0.35453744860469705,0.3117636286352873
1,0.5099257109528665,0.824953516670248,2.6113603792244366,1.439865339145474,0.5039060451634934
1,0.5214537852560736,0.8309104851725051,5.764037151603507,2.978484251128566,0.4769464197391153
1,0.5276089794397044,0.8374001711595713,3.0775970918154316,3.2448429935331147,0.811844741909587
1,0.5231609775516588,0.8390614082048773,-2.224000944022808,0.8306185226529816,2.784155784215071
1,0.5202587894303926,0.8455049101269109,-1.4510940606330958,3.2217509610167894,1.9939873405821378
1,0.5213076336602365,0.849863612669065,0.5244221149219297,2.1793512710770457,1.334653652953613
1,0.5077454480334909,0.8584850059793786,-6.781092813372802,4.31069665515682,2.575340557029764
1,0.498756168739117,0.862241106403713,-4.494639647186937,1.8780502121671927,2.745800296449676
1,0.49414319512162774,0.8846004618495719,-2.3064868087446233,11.179677722929437,1.7742524099138453
1,0.49444233564146484,0.9024741417109534,0.14957025991854667,8.936839930690777,1.5540615191620886
1,0.48088001026733446,0.911255388872919,-6.78116268706519,4.390623580982799,2.566995536435774
1,0.4815516562661154,0.9159978871850797,0.33582299939047267,2.371249156080335,1.4301091141807571
1,0.4750311183041846,0.9313975173916033,-3.2602689809654026,7.699815103261787,1.9713294006203348
1,0.48028305915237485,0.935607464792465,2.6259704240951254,2.10497370043089,0.6757148190498019
1,0.47293729293532155,0.9534785658242934,-3.672883108526648,8.935550515914159,1.9607849484190556
1,0.47893761805116336,0.9679370309535791,3.0001625579209046,7.229232564642862,1.1774225020226792
1,0.4842358678080686,0.9777388514873772,2.6491248784526187,4.9009102668990385,1.0752471492324833
1,0.48267613694944794,0.9782603680147479,-0.779865429310328,0.2607582636853789,2.818915548213849
1,0.47098699229240726,0.9757579516319324,-5.844572328520342,-1.2512081914077822,-2.9306956602776952
1,0.4694405260627367,0.9896649058229212,-0.7732331148352922,6.953477095494431,1.6815422699319558
1,0.4656147182307446,0.9912955406619814,-1.9129039159960504,0.8153174195301149,2.7386893248483513
1,0.4581796697632219,0.9996483646065022,-3.717524233761343,4.176411972260374,2.2981281634700417
1,0.45032968170428056,0.9972055764403738,-3.924994029470663,-1.221394083064209,-2.839907444592861
1,0.4440171190589313,0.9976131527684136,-3.15628132267462,0.2037881640198913,3.077116243422428
1,0.4426356797730816,0.9936001040576266,-0.6907196429248585,-2.006524355393502,-1.902327748171255
1,0.4493071749383397,0.9956619412518921,3.335747582629056,1.0309185971327794,0.29974031707534643
1,0.45198518716639785,0.993554772346428,1.3390061140290677,-1.0535844527320704,-0.6666652888822423
1,0.4474588872125094,0.9984192183234633,-2.263149976944212,2.4322229885176405,2.320201610423596
1,0.44293766796653633,0.9973454394881699,-2.2606096229865478,-0.5368894176466799,-2.9084151006569496
1,0.43028840524791373,0.994270106610556,-6.3246313593113,-1.5376664388069283,-2.903096399297529
1,0.4375491662078135,0.994978882299707,3.630380479949874,0.3543878445754767,0.09730896513604449
1,0.44890467159181885,0.9870369752033337,5.677752692002685,-3.970953548186662,-0.6103152793401306
1,0.4544721775917745,0.9938857739613078,2.783752999977823,3.4243993789870864,0.8882285488098999
1,0.4594356935597691,0.9905528927830045,2.4817579839973014,-1.6664405891516632,-0.5913246625928243
1,0.4620855254279812,0.9856734104980465,1.3249159341060524,-2.439741142479024,-1.0733000710152238
1,0.454503390244832,0.9936103648228692,-3.791067591574604,3.968477162411388,2.333335073381199
1,0.45236104781196296,0.9957576402732431,-1.0711712164345188,1.0736377251869267,2.3550445007376926
1,0.4457217713987898,0.9987344641304706,-3.319638206586567,1.4884119286137643,2.720098638457655
1,0.44164768988688813,0.9919154581873354,-2.0370407559508474,-3.409502971567613,-2.109345894727092
1,0.439994290194481,0.9964783671198092,-0.8266998462035657,2.2814544662368985,1.918436471988168
1,0.42880079045499975,0.989184858165704,-5.596749869740624,-3.646754477052594,-2.5641044793228054
1,0.4242942201644764,0.9900959334837711,-2.2532851452616853,0.4555376590335558,2.9421152654787774
1,0.4250552296596252,0.9927444985013316,0.38050474757442276,1.3242825087802501,1.2910044712326247
1,0.42383205028050325,0.9987585864980035,-0.6115896895609874,3.0070439983359565,1.7714452188519234
1,0.41154252733025065,0.9978774075516258,-6.144761475126298,-0.4405894731888682,-3.0700135119684067
1,0.40848999971249195,0.9871963880626662,-1.5262638088793523,-5.340509744479804,-1.8491659028662648
1,0.40911464177042983,0.9895875696438828,0.31232102896894265,1.1955907906083252,1.3152789657950401
1,0.40233804065703443,0.9903709015523172,-3.3883005566976987,0.39166595421719075,3.0265097865873796
1,0.39718388532153137,0.9901655722912478,-2.5770776677515315,-0.10266463053471009,-3.101776092115303
1,0.3949756054813209,0.998854832019181,-1.104139920105246,4.344629863966609,1.8196667163152591
1,0.3964979052225443,0.9937553182378018,0.7611498706117104,-2.5497568906895918,-1.2806991636297242
1,0.3794363135800967,0.9978381556307406,-8.53079582122379,2.041418696469399,2.906709736313369
1,0.3760625097812765,0.996412413233334,-1.6869018994101204,-0.7128711987033354,-2.7417633950321587
1,0.37015217159246505,0.990441194402044,-2.9551690944057127,-2.985609415644963,-2.3510705733877417
1,0.35198590492777454,0.9980525363436467,-9.083133332345255,3.8056709708013114,2.744830178462474
1,0.3463790806142167,0.9909986784073515,-2.8034121567789283,-3.5269289681476024,-2.2423948027097436
1,0.3443065874547014,0.9928733942719258,-1.0362465797576492,0.9373579322871639,2.406258226683371
1,0.3452784066441782,0.9955760013898958,0.485909594738404,1.3513035589849953,1.2256074577177374
1,0.3416105004480703,0.9992493225765913,-1.8339530980539531,1.8366605933477498,2.355456876531416
1,0.3459405637264339,0.9914262611865243,2.1650316391818025,-3.9115306950334716,-1.0652700652485736
1,0.3351639877995652,0.996202973034912,-5.388287963434352,2.3883559241938412,2.7243666099360304
1,0.33286541023284627,0.9997424623952611,-1.149288783359459,1.7697446801745453,2.146756231902979
1,0.33315443106973286,0.9942784681451098,0.14451041844329438,-2.731997125075658,-1.5179500532985344
1,0.3239135984379753,0.9937328029429098,-4.620416315878783,-0.27283260110000374,-3.082611787448769
1,0.3291358845792604,0.9933851820016004,2.6111430706425574,-0.17381047065467836,-0.06646684415473952
1,0.32400573792475296,0.9923025312014842,-2.565073327253725,-0.5413254000581347,-2.933607459347231
1,0.32744201176816634,0.9861016085760128,1.7181369217066922,-3.1004613127356695,-1.0647685013592778
1,0.31743945627801173,0.9895537804374049,-5.001277745077304,1.726085930696064,2.809263838540822
1,0.313424640808233,0.9913411318286008,-2.00740773488936,0.8936756955979508,2.7227468144849243
1,0.3229461944629666,0.9948016911717397,4.76077682736678,1.7302796715694124,0.3486018185781721
1,0.30862600511969235,0.9898836796879726,-7.160094671637113,-2.459005741883513,-2.8107809858742314
1,0.31099966759411624,0.988979282917819,1.1868312372119438,-0.45219838507681853,-0.36403207961775597
1,0.31767521823176886,0.9795207857349442,3.3377753188263135,-4.729248591437418,-0.9562064561384985
1,0.31630225264647976,0.9828517704157235,-0.6864827926445494,1.6654923403896515,1.961758489329239
1,0.32419630168041014,0.9830419091481094,3.947024516965186,0.09506936619296802,0.024081681605327084
1,0.32492691752719954,0.9770407653813589,0.3653079233947032,-3.0005718833752693,-1.4496464452470461
1,0.3233170757283694,0.9805000392746293,-0.8049208994150847,1.7296369466351935,2.006358059522031
1,0.32275679340211477,0.9811259342627702,-0.280141163127301,0.3129474940704591,2.3009364223277338
1,0.32017316655706757,0.9900666039885966,-1.2918134225236022,4.470334862913205,1.8521076758183093
1,0.3127685360486238,0.9814423598924693,-3.7023152542218773,-4.312122048063638,-2.28025228445188
1,0.3052911390741368,0.9739603576458646,-3.738698487243508,-3.7410011233023344,-2.3558866387937623
1,0.3115327433116067,0.9716472611705437,3.1208021187349444,-1.1565482376604819,-0.3549016427221827
1,0.3028395020190832,0.9660209699103834,-4.346620646261734,-2.813145630080116,-2.567186250621955
1,0.29489033280715343,0.9567050079629602,-3.9745846059648926,-4.657980973711617,-2.2771943283622926
1,0.29545590009163186,0.9455245170343752,0.2827836422392149,-5.590245464292487,-1.520254215132767
1,0.2963980132305638,0.9392886055774644,0.47105656946597185,-3.1179557284554127,-1.4208516235063262
1,0.29645107673679083,0.9400114767553478,0.026531753113512302,0.36143558894169425,1.4975211659646461
1,0.30027067338237756,0.9334551307716196,1.9097983227933657,-3.2781729918641145,-1.0432840666018066
1,0.2993299357896116,0.9334079526608083,-0.4703687963829861,-0.023589055405615067,-3.091484505247488
1,0.3012792656332013,0.9249998297208303,0.9746649217948489,-4.204061469989028,-1.3429821468799839
1,0.3089639819890645,0.9232047697552618,3.842358177931604,-0.8975299827842509,-0.22947373831150356
1,0.3190212877256067,0.902988007743453,5.028652868271088,-10.108381005904388,-1.1091718653604494
1,0.3353589588523399,0.9027237100078512,8.168835563366617,-0.1321488678008853,-0.016175786710778454
1,0.3545650845644246,0.8894238306422931,9.603062856042344,-6.649939682779049,-0.605661888450498
1,0.35596764182447904,0.8867181752266767,0.7012786300272245,-1.3528277078082018,-1.092553184026507
1,0.3618404000970851,0.8824601660933882,2.936379136303041,-2.129004566644277,-0.627337142165033
1,0.3753442326156225,0.8754274257363706,6.751916259268686,-3.5163701785088097,-0.4801455687372421
1,0.38360417170579464,0.8739603543322686,4.1299695450860705,-0.7335357020509803,-0.17577975553124256
1,0.40488620929129304,0.8790235489807872,10.641018792749202,2.5315973242592826,0.23356720991027496
1,0.4162898301120735,0.8808999693409509,5.701810410390223,0.9382101800818887,0.16308463357454692
1,0.41865900065287337,0.8823600394494265,1.1845852703999404,0.7300350542377987,0.5523034576686092
1,0.43103360665785806,0.8794526691489662,6.187303002492345,-1.453685150230144,-0.23076125440453457
1,0.44291484760223226,0.8757349842960085,5.940620472187103,-1.8588424264788794,-0.3032526557860437
1,0.4441996443833463,0.8720267813076259,0.6423983905570196,-1.8541014941912959,-1.2372659502191488
1,0.4391728266575705,0.8653476962416243,-2.5134088628878946,-3.3395425330007833,-2.2159725793933203
1,0.4411795626616728,0.8672129796086393,1.0033680020511415,0.9326416835074847,0.7488823955505735
1,0.4355211861220857,0.8693014608483671,-2.829188269793559,1.044240619863912,2.788008565229543
1,0.4391433223900695,0.8686246364214723,1.8110681339919,-0.33841221344743655,-0.1847274918177533
1,0.4258216703647546,0.8772189963800892,-6.660826012657439,4.297179979308452,2.5686399871066783
1,0.4303754828871763,0.8797715360169069,2.2769062612108537,1.2762698184088928,0.5108902155821728
1,0.4271080148285073,0.8829232387048102,-1.6337340293345048,1.5758513439516064,2.3742268540916394
1,0.4324435814958946,0.884429890624179,2.667783333693663,0.7533259596844144,0.27521337317180405
1,0.4374679006255894,0.8791760286518998,2.512159564847377,-2.626930986139586,-0.8077274733371683
1,0.44452330206417645,0.8881090953040497,3.527700719293536,4.46653332607494,0.9023014075417854
1,0.445887826920546,0.8984749117212103,0.6822624281847822,5.182908208580305,1.4399118777959075
1,0.4387159913532406,0.9007215539071731,-3.58591778365272,1.1233210929814108,2.838016442610176
1,0.4438381088228132,0.9040204685132877,2.56105873478632,1.6494573030572668,0.5721831143883074
1,0.44162721273505207,0.8997666511323618,-1.1054480438805747,-2.1269086904629475,-2.050114091321647
1,0.4459282076253856,0.9047050267913896,2.1504974451667658,2.4691878295139413,0.8542743438885411
1,0.4515335459673913,0.9134910375592173,2.8026691710028584,4.3930053839138505,1.0029143104911988
1,0.45766113232314554,0.9171712292563355,3.063793177877111,1.840095848559098,0.5408561621987168
1,0.4637733595600546,0.9207563336906903,3.0561136184545368,1.79255221717739,0.5304683555756018
1,0.477035900064237,0.9389155942232188,6.631270252091204,9.079630266264237,0.9399929909555738
1,0.4852202647228842,0.9452175059301836,4.092182329323596,3.1509558534824067,0.6561749532596002
1,0.47866030918529223,0.9594963586824107,-3.2799777687959883,7.1394263761135335,2.001454232642793
1,0.4864565085541289,0.9625511735182365,3.8980996844183435,1.5274074179129071,0.3734468329234224
1,0.49163464199751195,0.9627363916832262,2.589066721691513,0.09260908249486555,0.035754048368581724
1,0.4959414598756382,0.969653098910644,2.1534089390631284,3.4583536137088866,1.0138751273800053
1,0.499995123327852,0.9892075069721569,2.0268317261069035,9.777204030756437,1.3663897915621095
1,0.5060779110425041,0.9955805044879266,3.041393857326047,3.186498757884848,0.808693146341665
1,0.5022933545453784,0.9930049954925528,-1.892278248562862,-1.287754497686866,-2.5440528068032324
1,0.5089461387502908,0.994042098894665,3.3263921024562215,0.5185517010560803,0.15464543026381475
1,0.5079034357112956,0.9978519227566356,-0.5213515194976148,1.904911930985298,1.8379423647304052
1,0.5179610052086103,0.9922173470597002,5.028784748657366,-2.8172878484676867,-0.5106651773213626
1,0.5268042815979795,0.997970024886037,4.421638194684607,2.876338913168408,0.5767366882575686
1,0.5431091970272093,0.9938841994482328,8.152457714614869,-2.0429127189021123,-0.24553253439503897
1,0.5405559590764204,0.9978657523536931,-1.276618975394439,1.9907764527301586,2.14100774200481
1,0.5440882709576843,0.9902203324846206,1.7661559406319527,-3.8227099345362614,-1.1379943437871511
1,0.5420395005414019,0.9923888930538179,-1.0243852081411875,1.084280284598671,2.3277978684247382
1,0.5439048789374263,0.9877057221323723,0.9326891980122043,-2.341585460722828,-1.1917431636553018
1,0.5450759188067203,0.9873604637627202,0.5855199346470052,-0.17262918482602307,-0.2867074903216064
1,0.5583894879772084,0.9927561845412706,6.656784585244046,2.697860389275164,0.3850496342353218
1,0.5702700398540133,0.9863839716113413,5.940275938402406,-3.1861064649646442,-0.49230815913737036
1,0.5755946733990307,0.9906054518266887,2.6623167725087216,2.110740107673703,0.6703480238687398
1,0.5762872927560602,0.9900664746003471,0.3463096785147335,-0.2694886131707763,-0.6612889649592741
1,0.5815190662118707,0.9981540078642003,2.615886727905248,4.04376663192657,0.9966079724001986
1,0.5856276583953224,0.9918422185950067,2.05429609172586,-3.155894634596812,-0.9937610181812886
1,0.587463017914275,0.9811472231640068,0.9176797594763197,-5.347497715499916,-1.4008425945208645
1,0.5900763467068235,0.9814454388289735,1.3066643962742486,0.1491078324833417,0.11362184738393426
1,0.5995278621604323,0.9899814243795093,4.7257577268043915,4.267992775267904,0.7345439322653956
1,0.6045370796601054,0.992254957988328,2.5046087498365455,1.1367668044093282,0.4260675664908124
1,0.6014317773231823,0.9770976452862735,-1.5526511684615385,-7.578656351027224,-1.7728716629867616
1,0.6008135002982543,0.9704130613224563,-0.30913851246400226,-3.342291981908607,-1.6630268850071928
1,0.6110735837627151,0.9692899774682651,5.130041732230417,-0.5615419270956212,-0.10902740744105394
1,0.6126943437564416,0.9644251343404178,0.8103799968632308,-2.432421563923648,-1.2492038421426128
1,0.613729158232695,0.9547487002412463,0.5174072381267103,-4.838217049585758,-1.4642595157984162
1,0.6232949205081899,0.9467932058452948,4.782881137747441,-3.977747197975723,-0.6937519331588471
1,0.6359728306067607,0.9360462252647865,6.3389550492853886,-5.373490290254135,-0.7031534327177613
1,0.6477093001490267,0.928657696226243,5.868234771133018,-3.694264519271795,-0.5618544461641072
1,0.6531816474631303,0.9174950656189932,2.7361736570518103,-5.581315303624878,-1.1149886553082322
1,0.6464850992139818,0.9062884874620836,-3.3482741245742798,-5.603289078454809,-2.1094161881525717
1,0.6572432927827778,0.8936850317398392,5.379096784398018,-6.301727861122208,-0.8642213215233034
1,0.6607407223503134,0.8991386683817104,1.748714783767813,2.726818320935631,1.0005598228356967
1,0.6624208543919229,0.9003277258763893,0.8400660208047195,0.5945287473394512,0.6158862005981904
1,0.6619295385245942,0.888359477122195,-0.24565793366432276,-5.984124377097166,-1.6118248984749808
1,0.6746543825284393,0.8904208715134307,6.3624220019225515,1.03069719561788,0.16060240632179396
1,0.6778441412679964,0.8925045944209142,1.5948793697785346,1.0418614537417437,0.5786593976814567
1,0.676165613206984,0.8762949131797713,-0.8392640305062149,-8.104840620571485,-1.6739795315829402
1,0.6665312490405525,0.8767498442548394,-4.817182083215743,0.22746553753405507,3.094408075558145
1,0.6685371034273977,0.8856321269970887,1.002927193422598,4.441141371124668,1.3486953960244383
1,0.6606926336406457,0.8935027775848586,-3.9222348933760087,3.9353252938849614,2.3545285292468985
1,0.6567055871725205,0.8832237326081968,-1.9935232340625997,-5.139522488330939,-1.9408118513043882
1,0.6412342973297137,0.8706685880806785,-7.735644921403384,-6.277572263759135,-2.4598712320421514
1,0.6329991265281372,0.8727923538805407,-4.11758540078827,1.061882899931088,2.8892022772808206
1,0.6369271173971977,0.8652029907722181,1.9639954345302413,-3.7946815541612944,-1.093195440244309
1,0.6264888967811291,0.8624624289769124,-5.219110308034291,-1.3702808976528424,-2.884836922036998
1,0.60956756873508,0.8635613752527326,-8.460664023024533,0.5494731379100948,3.0767392843502894
1,0.6015019424916086,0.8572938822870225,-4.032813121735701,-3.1337464828550265,-2.480995523143413
1,0.6125064687842601,0.8587570020223916,5.5022631463257365,0.7315598676845281,0.1321809446428885
1,0.6063612061931887,0.8677077136037591,-3.0726312955356994,4.475355790683754,2.172449801764743
1,0.6077979123125289,0.8763797309723922,0.7183530596701071,4.33600868431655,1.4066160763208286
1,0.6093387538830191,0.8856903422330128,0.7704207852450851,4.655305630310302,1.4067897514583498
1,0.6169750963847406,0.8791066738386225,3.818171250860758,-3.2918341971951426,-0.7115052884008878
1,0.6098070836656675,0.875900040995924,-3.58400635953654,-1.6033164213492546,-2.720942055257829
1,0.6048316766907474,0.8698774481573165,-2.4877034874600246,-3.011296419303755,-2.2612646522805577
1,0.6119531311670515,0.8663958684074586,3.5607272381520394,-1.7407898749289274,-0.4547169836442847
1,0.6064098433832895,0.8608249643563604,-2.771643891881004,-2.78545202554914,-2.3537097201873323
1,0.6122766733561171,0.8576183337427121,2.933414986413807,-1.6033153068241157,-0.5002056529826333
1,0.610475576003963,0.8548702791358538,-0.9005486760770842,-1.3740273034291706,-2.150964011466068
1,0.6040234260358439,0.8492842728338155,-3.2260749840595238,-2.7930031510191577,-2.428020578798173
1,0.5921178072842346,0.8504820818840882,-5.9528093758046685,0.59890452513639,3.041321345516164
1,0.585857269826816,0.8448633097655677,-3.1302687287093067,-2.809386059260288,-2.4101658157272223
1,0.5847333039015593,0.8344135450397427,-0.5619829626283268,-5.224882362912464,-1.6779433710429639
1,0.5768014252986461,0.842929166280651,-3.9659393014566113,4.257810620454105,2.320718112100478
1,0.5675296660647158,0.847188705490462,-4.635879616965155,2.129769604905518,2.7109409545981538
1,0.5564560903962503,0.8476718975712839,-5.536787834232726,0.24159604041096294,3.097985621732727
1,0.5491754302440182,0.8464239624209479,-3.640330076116083,-0.6239675751680274,-2.9718381325649847
1,0.5482162886528966,0.839603766849153,-0.47957079556076865,-3.4100977858974035,-1.710512618522254
1,0.5484284481724231,0.8344711446536174,0.10607975976323347,-2.566311097767837,-1.5294843420877293
1,0.5330276747090474,0.8208075796372619,-7.700386731687825,-6.831782508177731,-2.4158945963751446
1,0.5267610228464982,0.8122014121233566,-3.133325931274633,-4.3030837569526525,-2.200171547983668
1,0.5218502451970751,0.8035266896247124,-2.455388824711524,-4.337361249322102,-2.0859178034365145
1,0.5080062313421089,0.7888672656759487,-6.922006927483126,-7.329711974381869,-2.327594860605007
1,0.5100679058062522,0.7825546932226651,1.0308372320716463,-3.156286226641769,-1.2551196384136118
1,0.5078699977317244,0.7798525751178402,-1.0989540372638995,-1.351059052412451,-2.2536559205336433
1,0.5057328306599436,0.7735332121160002,-1.0685835358903994,-3.1596815009199974,-1.8969145753908758
1,0.5112337051081368,0.7671083498961379,2.7504372240966246,-3.212431109931191,-0.8627221523041511
1,0.5085601884646754,0.757862993979393,-1.336758321730691,-4.6226779583724005,-1.8522916673447718
1,0.5149779563195402,0.755979558945395,3.2088839274324044,-0.9417175169990077,-0.2854570766608321
1,0.5071832821697014,0.7566518857535702,-3.8973370749194047,0.33616340408759715,3.055550971912841
1,0.5029535964354307,0.7484103604490836,-2.114842867135369,-4.1207626522433145,-2.044961046061872
1,0.4969867546704463,0.7456838228388671,-2.983420882492205,-1.363268805108231,-2.7129756466124064
1,0.49213984843177,0.7476035487394944,-2.4234531193381423,0.9598629503136391,2.7644766970503194
1,0.489209823959391,0.7458147924631819,-1.4650122361895002,-0.8943781381562377,-2.5934941995183043
1,0.4915535418675391,0.7478741894559766,1.1718589540740398,1.0296984963973355,0.7209150108169124
1,0.4892470826789006,0.7496133688175631,-1.1532295943192383,0.869589680793259,2.495506290473437
1,0.48407109203015564,0.7473835111215429,-2.587995324372483,-1.1149288480101216,-2.734812959956825
1,0.48227388775561836,0.7399707993961865,-0.8986021372686392,-3.706355862678201,-1.80865560299403
1,0.47848549714810473,0.7398457713819246,-1.8941953037568127,-0.06251400713092048,-3.1086016915676375
1,0.4792666460563737,0.7328590912314614,0.39057445413448466,-3.49334007523161,-1.4594532880598305
1,0.479197677011632,0.7229784122479247,-0.03448452237084232,-4.940339491768364,-1.5777764062773867
1,0.46249932968967233,0.7104856271574682,-8.349173660979842,-6.2463925452282405,-2.4992798009848225
1,0.44556789815134823,0.7007369409468885,-8.465715769162053,-4.874343105289835,-2.6191765253680246
1,0.43244421728034327,0.7147215168009584,-6.56184043550248,6.992287927034934,2.324447493385043
1,0.42137389992071755,0.720442825336827,-5.535158679812857,2.860654267934304,2.664583537356753
1,0.41431217350938154,0.7258776896972172,-3.5308632056680054,2.7174321801951007,2.4856508945843037
1,0.3929581088588572,0.7309535444716263,-10.67703232526218,2.5379273872045416,2.9082238237221927
1,0.38210281159785964,0.726970734090859,-5.427648630498771,-1.991405190383655,-2.7899420469748106
1,0.3714202402278528,0.7352370377375506,-5.341285685003416,4.133151823345782,2.4830251210920493
1,0.3729933937511709,0.7462144603585967,0.7865767616590524,5.488711310523087,1.4284573670643061
1,0.37300879919809177,0.7463796911285387,0.007702723460428773,0.08261538497100762,1.4778291465858477
1,0.3795104057749105,0.7528722144917167,3.2508032884093763,3.24626168158898,0.7846991391300847
1,0.38470831155001,0.7631304842796144,2.5989528875497436,5.129134893948839,1.101799955696907
1,0.3917701352372341,0.7625212822666627,3.530911843612039,-0.3046010064758353,-0.08605390442813528
1,0.38927844633788794,0.7506503451063796,-1.2458444496730725,-5.935468580141545,-1.7776910637277779
1,0.3929567046667286,0.7490154966474006,1.8391291644203334,-0.817424229489494,-0.41823953540417425
1,0.3903047247975472,0.7500195394821915,-1.32598993459071,0.5020214173954152,2.779668486532885
1,0.38369627947596485,0.7395358664912751,-3.3042226607911673,-5.241836495458174,-2.1332378217612953
1,0.3883065011939019,0.731773179449099,2.305110858968534,-3.881343521088043,-1.0348778235032876
1,0.377676907547249,0.7249103856346306,-5.314796823326473,-3.4313969072342076,-2.568295010770298
1,0.37002478600838373,0.7238166143684762,-3.8260607694326207,-0.5468856330771987,-2.9996173437342653
1,0.35686148777753784,0.7117712368582476,-6.581649115422944,-6.022688755114302,-2.400512119223875
1,0.35119419180435124,0.7097865992908281,-2.8336479865933017,-0.9923187837097558,-2.8047474490137922
1,0.3543782969857818,0.7071175080974711,1.5920525907152927,-1.3345455966785047,-0.697635679514218
1,0.33715043208351514,0.7052916594960643,-8.613932451133344,-0.9129243007033883,-3.036004515455951
1,0.34180538503190433,0.7040934465802318,2.327476474194595,-0.5991064579162764,-0.25193679803036934
1,0.3371560354299937,0.7110160895912375,-2.3246748009553286,3.461321505502879,2.1622167523466236
1,0.33797623975937957,0.6989836481097785,0.41010216469294924,-6.016220740729494,-1.502735537156604
1,0.3374331392435122,0.7014189126763413,-0.2715502579336837,1.2176322832813669,1.7902206118276522
1,0.3269693425458105,0.6930956913733265,-5.23189834885085,-4.161610651507385,-2.469644310778721
1,0.3256553266457152,0.6970365361796869,-0.6570079500476389,1.9704224031801831,1.892638449669783
1,0.32927476560906754,0.6996713061166203,1.8097194816761586,1.3173849684667283,0.6292389981503074
1,0.32758881967590736,0.7057256197795302,-0.8429729665800911,3.0271568314549357,1.8423858835353601
1,0.3287086631781501,0.7101482944419883,0.5599217511213783,2.2113373312290796,1.322803440349023
1,0.32499446766798273,0.709812058374399,-1.857097755083692,-0.16811803379468415,-3.051311447188976
1,0.32254005229544774,0.6989300664833195,-1.2272076862674952,-5.440995945539761,-1.7926326402007668
1,0.32683801242586186,0.7044799891770943,2.1489800652070565,2.774961346887428,0.9118499578943221
1,0.32309327765030693,0.7142173771330327,-1.8723673877774627,4.868693977969185,1.9379330832753074
1,0.3295357880942319,0.7160894680610465,3.2212552219624824,0.9360454640068849,0.2827961012059769
1,0.3183672667312423,0.7278732631708442,-5.584260681494785,5.8918975548988834,2.3293943006053497
1,0.3105306941641417,0.7292833738306648,-3.918286283550315,0.7050553299102758,2.963558105882646
1,0.31336027717151005,0.7206474297405829,1.4147915036841763,-4.317972045040919,-1.254167798138025
1,0.3123368603417476,0.7200832073383817,-0.5117084148812123,-0.28211120110060994,-2.6377423901383157
1,0.3049324859235984,0.7170950467409855,-3.7021872090746144,-1.4940802986981305,-2.758015130333447
1,0.3085826209309658,0.7230646902712747,1.8250675036836916,2.9848217651446407,1.0220006502900003
1,0.3092322376155887,0.7267145823413078,0.3248083423114667,1.8249460350165392,1.394658319405631
1,0.3088952050127372,0.7288709856812564,-0.1685163014257529,1.0782016699742991,1.7258358836645287
1,0.29885362622042166,0.7351383869388725,-5.020789396157771,3.1337006288080227,2.58360840151735
1,0.29911082497941366,0.7356418850261675,0.1285993794959972,0.25174904364749784,1.09852729371591
1,0.3005277503100662,0.7262397364642287,0.7084626653262593,-4.701074280969386,-1.4212196126712833
1,0.3051847360274785,0.7254513508175202,2.328492858706149,-0.39419282335423356,-0.1677009655473257
1,0.3088613596187606,0.7306416122469729,1.8383117956410622,2.5951307147263347,0.9544752170715686
1,0.3067364059437235,0.745733246936801,-1.0624768375185611,7.5458173449140515,1.7106801502018787
1,0.30006553975528605,0.7488210524671055,-3.3354330942187147,1.5439027651522608,2.708080110113089
1,0.3012271007806761,0.751436945430527,0.5807805126950283,1.3079464817107311,1.1529098073531454
1,0.30193734507686026,0.7604831706764127,0.35512214809207965,4.523112622942859,1.492444276652796
1,0.2999232462064115,0.7671640096368028,-1.0070494352243942,3.3404194801950338,1.8636048142829704
1,0.3054381706149329,0.7712350178174421,2.7574622042607078,2.035504090319662,0.6358934413488868
1,0.30171609499368024,0.778997640708934,-1.861037810626326,3.8813114457459386,2.0178991614138426
1,0.29865681675408945,0.7791246305597743,-1.5296391197953951,0.0634949254201822,3.1001067280792305
1,0.3034876108341492,0.7839594959937033,2.4153970400298816,2.417432716964485,0.7858193817967234
1,0.30813748772470145,0.7916104550226699,2.32493844527612,3.82547951448331,1.0246971514220176
1,0.3070520417640293,0.795002800671594,-0.5427229803360856,1.69617282446205,1.880471288528749
1,0.31006147380311616,0.8088444008612428,1.5047160195434395,6.920800094824375,1.356708841058029
1,0.31236673334528053,0.8204492210338223,1.1526297710821864,5.802410086289789,1.3747023291841942
1,0.3232880189281711,0.827298604662079,5.460642791445286,3.4246918141283555,0.5601504195949797
1,0.3349553660463095,0.834197636697837,5.833673559069191,3.449516017878962,0.5340061173543607
1,0.3369211501913646,0.8429843509363377,0.9828920725275525,4.393357119250374,1.3506983254490694
1,0.34567766125265614,0.8470202484051771,4.378255530645775,2.0179487344196834,0.43188333333080026
1,0.3433730139897274,0.8474741452872678,-1.1523236314643637,0.22694844104537149,2.9471329174361
1,0.34460929195241763,0.8603666455906804,0.6181389813451066,6.446250151706301,1.4751973772749565
1,0.3580820822673843,0.8626002154312974,6.736395157483338,1.1167849203084779,0.1642895106170441
1,0.35565998282173894,0.8641340500048884,-1.2110497228226824,0.7669172867955099,2.577070921819232
1,0.3623736798973536,0.855659673474343,3.356848537807322,-4.237188265272695,-0.9008081519971126
1,0.3615846112261046,0.8484560005504479,-0.39453433562450235,-3.6018364619475607,-1.679898359068733
1,0.3672487720531859,0.8435459102273338,2.8320804135406608,-2.4550451615570346,-0.7142067257539865
1,0.35729479374509726,0.8396981767372169,-4.97698915404432,-1.9238667450584557,-2.7727325782245877
1,0.36976116644615564,0.8360941403157961,6.2331863505291905,-1.80201821071041,-0.281427638211094
1,0.3736911709338123,0.85874040951051,1.9650022438283399,11.323134597356955,1.3989688728605567
1,0.3770691561986144,0.8583525860948369,1.6889926324010485,-0.1939117078365582,-0.11430860492270964
1,0.37673345957760324,0.8484238535493054,-0.16784831050559168,-4.964366272765752,-1.6045940737913162
1,0.3864899989170607,0.8374463604362222,4.878269669728735,-5.488746556541579,-0.844216699514587
1,0.38809931174999246,0.8351765996300853,0.8046564164658765,-1.1348804030684723,-0.9540402289453963
1,0.4040858612137057,0.8395612909241307,7.9932747318566255,2.1923456470226976,0.26769092138733885
1,0.41371015338700434,0.8338600464345608,4.8121460866493155,-2.8506222447849394,-0.5347982029511962
1,0.4162330922273059,0.8354192776383386,1.2614694201507903,0.7796156018888833,0.5535655391027539
1,0.42657987048618606,0.8357179707000008,5.1733891294400705,0.14934653083109595,0.028860203756590548
1,0.4327193111043272,0.8247521344343018,3.0697203090705725,-5.4829181328494565,-1.0604071230589385
1,0.4406569722807576,0.8180486020096169,3.968830588215205,-3.351766212342455,-0.7013054092006805
1,0.4392901937291227,0.8155030109700019,-0.6833892758174587,-1.2727955198075236,-2.0635418231821148
1,0.44858087382445727,0.816625501198564,4.645340047667284,0.5612451142810726,0.12023617371963848
1,0.453545246489295,0.8213201385307748,2.4821863324188675,2.34731866610538,0.7574796450501314
1,0.4600098631606412,0.8105992676476049,3.2323083356730895,-5.360435441584932,-1.0281785471284486
1,0.461215332483039,0.8024269613128792,0.6027346611988948,-4.086153167362882,-1.4243457755987516
1,0.47224925069621226,0.7965959502290361,5.516959106586644,-2.915505541921548,-0.4861574229160582
1,0.4766232753539791,0.7987391337247108,2.1870123288834087,1.071591747837386,0.45559932142350473
1,0.48293454080217013,0.8028375473450426,3.155632724095525,2.0492068101659044,0.5759396976160773
1,0.48217564132801816,0.7942083550547248,-0.3794497370759875,-4.314596145158944,-1.6585162346785587
1,0.4847539911761133,0.7898786209150855,1.2891749240475647,-2.1648670698196093,-1.0336933848199792
1,0.4899930286573869,0.7816862134958659,2.619518740636817,-4.096203709609836,-1.001838538703926
1,0.4873888465138794,0.7765155460521144,-1.302091071753747,-2.585333721875749,-2.037355888761612
1,0.48832981696716316,0.7706071169503181,0.47048522664186465,-2.9542145508981155,-1.4128636613295236
1,0.4939713275085071,0.7695612551946625,2.820755270671965,-0.522930877827843,-0.1833057691976622
1,0.5004682543458527,0.7779752929011116,3.2484634186728254,4.207018853224553,0.9132672148148906
1,0.5036011428917845,0.7805238497818714,1.5664442729658723,1.2742784403799168,0.682909402548984
1,0.5124061646780665,0.7714138648142533,4.402510893141032,-4.554992483809028,-0.8024192973409993
1,0.5177363251907864,0.7573454823878881,2.6650802563599196,-7.034191213182606,-1.2086325999455378
1,0.5336251722051738,0.7537014878149583,7.94442350719371,-1.821997286464927,-0.22544423181580198
1,0.5370823992331862,0.7511908716496891,1.7286135140062164,-1.2553080826345764,-0.6280901209811884
1,0.5491290839905544,0.7422411536073413,6.023342378684071,-4.474859021173893,-0.6389542214686034
1,0.5613334086497757,0.7294596799026118,6.102162329610638,-6.390736852364742,-0.8084931400156272
1,0.5712302070497902,0.7172654247636485,4.94839920000728,-6.097127569481664,-0.889025048870754
1,0.5732667493209403,0.7113365934958691,1.0182711355750662,-2.9644156338897165,-1.2399255482208356
1,0.5727667180145627,0.7065921661852722,-0.2500156531888287,-2.3722136552984385,-1.6758020746243159
1,0.5775747432036792,0.7041649145068608,2.404012594558247,-1.2136258392057009,-0.46750684434536144
1,0.5724299928562425,0.7013914311015901,-2.572375173718333,-1.3867417026353634,-2.647164219617929
1,0.578125203538845,0.7078654835307286,2.8476053413012403,3.237026214569283,0.8493117251578831
1,0.5660537641608785,0.7166711180473756,-6.035719688983254,4.402817258323477,2.5113671334883048
1,0.565978503536857,0.71834835962374,-0.03763031201076128,0.8386207881821983,1.6156379133832715
1,0.5635188527764082,0.7099099668614025,-1.2298253802243697,-4.219196381168744,-1.854421457859403
1,0.56266893636846,0.7042017833618194,-0.4249582039740907,-2.854091749791565,-1.7186048024414862
1,0.5703576911266072,0.6967249927129412,3.8443773790735603,-3.738395324439092,-0.7714223845543562
1,0.5744231173532296,0.6884464635753954,2.032713113311213,-4.1392645687728935,-1.1143095504335874
1,0.5813204747832248,0.6910489307184524,3.4486787149975995,1.301233571528504,0.3607975357787837
1,0.5739897181679731,0.6888916911377543,-3.665378307625866,-1.0786197903490669,-2.8553987561503287
1,0.5779685178967443,0.684549202382822,1.9893998643856214,-2.1712443774661305,-0.8290762210425852
1,0.5722678180212724,0.683847884976739,-2.8503499377359742,-0.3506587030415176,-3.0191846794855075
1,0.5768741398221429,0.6962326178586848,2.3031609004352527,6.192366440972929,1.2147150456860973
1,0.5827821238551384,0.7026149329785771,2.953992016497764,3.191157559946145,0.8239729602411758
1,0.5833359939119199,0.7020374669420305,0.2769350283907679,-0.28873301827331277,-0.806251877295915
1,0.578841854621302,0.7045280634789384,-2.2470696453089634,1.2452982684539315,2.635540034898819
1,0.5826078150925232,0.708144107104859,1.8829802356106207,1.8080218129603032,0.7650925338880405
1,0.5834426781048965,0.7162091573433003,0.4174315061866163,4.032525119220642,1.467647555645913
1,0.576131752856488,0.7175339431340823,-3.655462624204242,0.6623928953909952,2.962331508930996
1,0.5785149055910892,0.7213857818261808,1.1915763673006063,1.9259193460492985,1.0167364007157453
1,0.5734070317394971,0.7304828524181789,-2.55393692579603,4.548535295999023,2.0824148462429886
1,0.5775190095708519,0.7418495151437295,2.055988915677376,5.6833313627753235,1.223685575875703
1,0.5813763963193136,0.7484049265545465,1.9286933742308499,3.2777057054084735,1.0389292038930213
1,0.5862979192795275,0.7488785267503878,2.460761480106932,0.23680009792065304,0.09593501375391632
1,0.6034414812348025,0.7453653545258592,8.5717809776375,-1.7565861122643134,-0.20212817631398763
1,0.6096160277174155,0.7358489485784624,3.087273241306532,-4.758202973698388,-0.9952427983526863
1,0.6185498372773742,0.7392397782617247,4.466904779979353,1.6954148416311599,0.36275395363285035
1,0.6218029148194454,0.7440769309139198,1.6265387710355794,2.4185763260975435,0.9787529761159878
1,0.6323132738617527,0.7449912079841337,5.255179521153674,0.4571385351069268,0.0867697654957353
1,0.6318523857094747,0.7544517912405652,-0.23044407613903584,4.730291628215754,1.6194745157920667
1,0.6399192735756725,0.7641690076797074,4.033443933098901,4.858608219571125,0.877931114460683
1,0.6525221188465139,0.7712128193898793,6.301422635420717,3.5219058550859383,0.5096554626692354
1,0.6684237586859356,0.7765698115271484,7.95081991971086,2.6784960686345727,0.32494184532909726
1,0.6803831908896985,0.7805226826175575,5.979716101881416,1.9764355452045468,0.31921940296307066
1,0.6938572545230055,0.7842442458716048,6.737031816653527,1.8607816270236333,0.2694833521633868
1,0.7006410160177704,0.7953045192073206,3.3918807473824475,5.5301366678578985,1.0206221907255069
1,0.7025755610829774,0.7964589062787863,0.9672725326034803,0.5771935357328783,0.5380062808309612
1,0.7020793837771461,0.8027702676594093,-0.24808865291564564,3.1556806903114687,1.6492514860664398
1,0.7094820864585645,0.8020224145781569,3.7013513407092025,-0.37392654062617936,-0.10068273777245058
1,0.706148983598786,0.8008561632262369,-1.6665514298892514,-0.5831256759600278,-2.805007281673597
1,0.7196515495359499,0.806315370222998,6.751282968581962,2.729603498380584,0.38421538084447
1,0.7323238831054681,0.8034915133889594,6.336166784759123,-1.4119284170193147,-0.21925411806105927
1,0.7346830694069234,0.8136439366846323,1.1795931507276314,5.076211647836448,1.3424718545591987
1,0.7437401026421375,0.8266593773778149,4.528516617607059,6.507720346591306,0.9628486677771303
1,0.7454475078566528,0.8274942492625883,0.8537026072576448,0.41743594238669024,0.45478566208810717
1,0.7504552241477296,0.8253465954356148,2.5038581455383846,-1.0738269134867306,-0.40514307966813445
1,0.740311375958624,0.8204911316335095,-5.0719240945528155,-2.4277319010526655,-2.6951615681738623
1,0.7456655907524,0.8248969285432523,2.6771073968880343,2.2028984548713715,0.6885284580759224
1,0.7477361617462431,0.8220634902890244,1.0352854969215564,-1.4167191271139412,-0.9397211954900347
1,0.7383029781235925,0.8203880060329373,-4.7165918113253325,-0.8377421280435504,-2.9658098628157985
1,0.7350585974663718,0.8295432095876387,-1.622190328610329,4.577601777350726,1.9113638908476949
1,0.7353753584170327,0.8320318318214357,0.15838047533045518,1.2443111168984888,1.4441934393373552
1,0.7338358191706025,0.8351904084894367,-0.7697696232151219,1.579288334000506,2.024325751668923
1,0.7275486542889571,0.8462971310867407,-3.14358244082269,5.5533612986519705,2.085892379985376
1,0.7222867704820648,0.8512487328546086,-2.630941903446149,2.475800883933954,2.3865647917054997
1,0.7198559470215024,0.8597217747969187,-1.215411730281224,4.236520971155066,1.850181806573852
1,0.7123463150468714,0.8761213021073705,-3.754815987315474,8.1997636552259,2.000214979536053
1,0.7237362787108925,0.8845595718536478,5.694981832010559,4.21913487313863,0.63762020327807
1,0.7233604260434028,0.8905630028830623,-0.18792633374487,3.0017155147072927,1.633321032995896
1,0.7244500799004147,0.9102614101218947,0.5448269285059371,9.849203619416159,1.5155357948293295
1,0.7302573136671907,0.910425401653884,2.903616883388027,0.08199576599465797,0.028231679257253412
1,0.7362442187825047,0.9078531472291642,2.9934525576569837,-1.2861272123598777,-0.4057999076902255
1,0.7325509775696494,0.9088182628388206,-1.8466206064276514,0.48255780482819866,2.885989128445585
1,0.7260738944216968,0.9116158824855549,-3.2385415739762946,1.398809823367153,2.7338704044713125
1,0.7262501002306949,0.9238754557995404,0.08810290449906555,6.1297866569927635,1.5564244010829271
1,0.7343731894969927,0.9351073347800676,4.061544633148895,5.615939490263566,0.944657625006779
1,0.7302030624192594,0.9476325214742418,-2.0850635388666716,6.26259334708712,1.8921922227498986
1,0.735540443142023,0.9484334012913337,2.6686903613818425,0.40043990854593536,0.1489399170172321
1,0.7369644936934331,0.9524629553947584,0.7120252757050194,2.0147770517123798,1.231094418468173
1,0.7368544070970711,0.9616782437311888,-0.05504329818101228,4.607644168215185,1.5827418412500975
1,0.736502962524908,0.9562687735154864,-0.17572228608153662,-2.704735107851186,-1.635673539689682
1,0.7332659810774286,0.9666884290356856,-1.6184907237397073,5.209827760099595,1.872005005080409
1,0.7368974130694789,0.9723813801300143,1.8157159960251468,2.846475547164329,1.0029870146532875
1,0.7443436486593917,0.9684537297787594,3.723117794956432,-1.9638251756274316,-0.48537970629804944
1,0.7407087230824108,0.9680361619414395,-1.817462788490487,-0.2087839186599716,-3.027217432584762
1,0.7453857547769112,0.9694171094477815,2.3385158472502,0.6904737531709948,0.28710391945113756
1,0.7456612059987737,0.9666416993225269,0.137725610931283,-1.387705062627309,-1.471873241068522
1,0.7360794808383105,0.9652768173440923,-4.790862580231591,-0.68244098921727,-3.000098178391512
1,0.7397757325786145,0.9518104592870941,1.8481258701519843,-6.7331790284991255,-1.3029132207889007
1,0.73717489040582,0.9475790028229666,-1.3004210863972743,-2.1157282320637405,-2.121914435323388
1,0.7516999253225423,0.9576750494068198,7.262517458361151,5.048023291926606,0.6074156313416949
1,0.7454806147479505,0.9529108294130849,-3.1096552872958982,-2.382109996867443,-2.487906825566948
1,0.7400213689803493,0.9461910847430057,-2.7296228838005754,-3.359872335039593,-2.2530638670464973
1,0.7433161986119021,0.9410825766918458,1.6474148157764046,-2.5542540255799606,-0.9979659299082406
1,0.749001388122775,0.9306586557564067,2.8425947554364117,-5.211960467719545,-1.0714928988452213
1,0.7521678070531951,0.9368272677564743,1.583209465210067,3.0843060000337874,1.096556386717245
1,0.7387057023057411,0.932373340374927,-6.7310523737270085,-2.226963690773631,-2.822079429586248
1,0.7448034302098938,0.9328266036533103,3.048863952076375,0.22663163919162121,0.0741966876064695
1,0.731386792223852,0.9417270642200659,-6.708318993020934,4.45023028337782,2.5558620939267693
1,0.7430346759630652,0.9475429070012139,5.823941869606608,2.9079213905739976,0.4630911926740847
1,0.7470305034547355,0.9435505431700889,1.9979137458351892,-1.9961819155625005,-0.7849645658296949
1,0.7544217793417483,0.952700955942229,3.695637943506358,4.575206386070063,0.8913456253509452
1,0.7442506227819509,0.9542501051876705,-5.085578279898694,0.7745746227207362,2.9904461907394375
1,0.7399671867476424,0.9554105056708919,-2.141718017154237,0.5802002416107066,2.877038319979652
1,0.7530072548970325,0.9630725105509141,6.520034074695036,3.831002440011111,0.531232622644725
1,0.7580856695105372,0.9595616007993124,2.539207306752389,-1.755454875800866,-0.6048900198095489
1,0.7683041159145432,0.9629988552448732,5.1092232020029655,1.7186272227803778,0.3244877089988856
1,0.7561866459463193,0.9763863506448295,-6.058734984111913,6.693747699978158,2.306440363137642
1,0.7570415361162037,0.9774668033039089,0.4274450849421907,0.5402263295397058,0.9014238131479445
1,0.752703713407058,0.9818873101132393,-2.1689113545728667,2.2102534046651856,2.3467541461491135
1,0.7530470148607742,0.9970747451869991,0.1716507268580969,7.593717536879929,1.5481958679637242
1,0.7516490354288226,0.9959145350269584,-0.6989897159758174,-0.5801050800203766,-2.44887258214126
1,0.7510455407043903,0.9959394793552132,-0.3017473622161093,0.012472164127419472,3.100283033815154
1,0.7534388925980683,0.9849065104975105,1.1966759468389765,-5.5164844288513315,-1.3571787731852452
1,0.766707981121542,0.9852873404992996,6.634544261736874,0.19041500089450603,0.02869266316806515
1,0.7604293281326451,0.9827472601117189,-3.13932649444848,-1.270040193790345,-2.7571630029404863
1,0.7691013139288023,0.9999864818164228,4.335992898078622,8.619610852351967,1.104721171098127
1,0.7693376183525726,0.9984849104677747,0.11815221188515856,-0.7507856743240726,-1.4147050729880262
1,0.767083381569805,0.9968821879818944,-1.1271183913837968,-0.8013612429401129,-2.523533973220502
1,0.7687200601906538,0.9999459620218177,0.8183393104243541,1.531887019961653,1.0801618293228905
1,0.7672099326988502,0.987355446857946,-0.755063745901785,-6.2952575819358865,-1.6901677564651585
1,0.7674255684777623,0.9863045409197357,0.1078178894560744,-0.5254529691051113,-1.3684150438400526
1,0.7736765027792235,0.9828711465299843,3.1254671507305876,-1.716697194875716,-0.5022756590663776
1,0.7847422079052969,0.9960519662829538,5.532852563036705,6.590409876484737,0.8724116161038382
1,0.7892234196319784,0.9990744326936551,2.240605863340739,1.5112332053506816,0.5933890826090432
1,0.7841197471328679,0.9962368737501928,-2.5518362495552394,-1.4187794717311908,-2.6341670081836424
1,0.7874105190608633,0.999934773205134,1.6453859639977142,1.848949727470628,0.843587751348048
1,0.7982153023543663,0.9913902291226371,5.402391646751492,-4.2722720412484705,-0.6691128725887804
1,0.8022343221940363,0.995592227336282,2.0095099198350064,2.1009991068224876,0.8076518753430667
1,0.804218712187848,0.9998033511523006,0.9921949969058375,2.105561908009257,1.1304319379195906
1,0.8050123404440132,0.9843823411499906,0.39681412808256766,-7.710505001154999,-1.5193775992291907
1,0.8091497082240482,0.9799105503675427,2.0686838900175197,-2.23589539122393,-0.8242236704962603
1,0.8165027118203564,0.9790227944152365,3.676501798154097,-0.4438779761530842,-0.12015223119847596
1,0.8149510326424207,0.9716378640567095,-0.7758395889678193,-3.6924651792635266,-1.7778979525268135
1,0.818366077328037,0.9659526597239659,1.707522342808132,-2.842602166371777,-1.0298697191517951
1,0.8252579553610484,0.9636810713709067,3.4459390165056947,-1.135794176529592,-0.3183901179112391
1,0.8256040247850854,0.9589435922350104,0.17303471201851606,-2.368739567948197,-1.4978765708111164
1,0.8430757090734307,0.9599217668378942,8.735842144172612,0.48908730144192614,0.05592789378613539
1,0.848366340045674,0.9612170420301472,2.64531548612168,0.6476375961265157,0.2401015451868989
1,0.8538104786351761,0.9642999240418255,2.7220692947510505,1.5414410058391392,0.5152528282729748
1,0.8462021882231794,0.9635460721256093,-3.804145205998366,-0.3769259581081208,-3.0428320460794076
1,0.8511360684430958,0.9556578361796366,2.4669401099581822,-3.9441179729863274,-1.0118568014814335
1,0.8554058568037681,0.9396065425115487,2.1348941803361887,-8.025646834043942,-1.3108080522770742
1,0.8535845661424225,0.9335147772827299,-0.9106453306728102,-3.045882614409412,-1.861313265562696
1,0.8675953229928091,0.9270976463774777,7.005378425193276,-3.2085654526261,-0.42949882937247047
1,0.8631549334140799,0.9174739692738353,-2.2201947893645824,-4.811838551821213,-2.003092088641266
1,0.8742962112914797,0.9053122928988206,5.570638938699912,-6.08083818750732,-0.8291585835460108
1,0.8866450122367538,0.9071950152907325,6.174400472637065,0.9413611959559476,0.15129685819738678
1,0.8893662097194788,0.9036033106470995,1.360598741362462,-1.7958523218165046,-0.922427347034302
1,0.8893132023533955,0.9040332667205089,-0.026503683041634307,0.21497803670467164,1.6934628815932176
1,0.9126391391671949,0.9096665595149512,11.662968406899676,2.8166463972211786,0.23696600508024812
1,0.9094735041690856,0.9039557757056221,-1.582817499054645,-2.8553919046645504,-2.0769546477810774
1,0.8989936314768838,0.8971608775110614,-5.239936346100871,-3.3974490972803473,-2.5663599150174785
1,0.8928849247239412,0.8864418954200991,-3.0543533764713082,-5.359491045481168,-2.088786477445892
1,0.8909884526215313,0.8907567319047015,-0.9482360512049759,2.157418242301201,1.984903932156594
1,0.8900075320670964,0.884913472089451,-0.49046027721744156,-2.921629907625234,-1.7371176715168315
1,0.8953016387646179,0.880595529211138,2.647053348760753,-2.1589714391564985,-0.6841888966508397
1,0.8855442582658879,0.8778289154353344,-4.8786902493649915,-1.3833068879018362,-2.865303756226621
1,0.8838431281337081,0.8707931343008896,-0.8505650660898811,-3.5178905672224037,-1.8080262295752327
1,0.8740467615409807,0.8674425489964906,-4.898183296363712,-1.675292652199456,-2.812041653345349
1,0.8697065905396988,0.8623996248946139,-2.1700855006409614,-2.5214620509383945,-2.2814383996589234
1,0.8596647262874161,0.8595751578159725,-5.020932126141353,-1.4122335393206842,-2.867407414234833
1,0.8630577288695647,0.8545262071701631,1.6965012910742927,-2.5244753229046735,-0.9790957971290147
1,0.8525655040967185,0.8517983429681513,-5.246112386423085,-1.363932101005938,-2.887234793602749
1,0.8394574535670526,0.8457728771846038,-6.554025264832952,-3.0127328917737284,-2.7107207593926246
1,0.836084846776537,0.8368114424109313,-1.686303395257771,-4.480717386836252,-1.9307471802473222
1,0.836042039024515,0.8391390206409348,-0.021403876011016898,1.1637891150017565,1.5891857952529715
1,0.8323352074850137,0.841730222904788,-1.853415769750677,1.2956011319266159,2.5315151270297123
1,0.8271521733762953,0.8435369731183601,-2.5915170543591715,0.9033751067860085,2.806175138050861
1,0.8208832159116519,0.8432891014932405,-3.1344787323216994,-0.12393581255976116,-3.1020737103681593
1,0.8110994066468128,0.8366006766494025,-4.891904632419563,-3.344212421919013,-2.5419435824045244
1,0.8048354739579294,0.8311179079058343,-3.1319663444416834,-2.741384371784117,-2.422597426405853
1,0.7883280290695465,0.8309345928828938,-8.25372244419148,-0.09165751147022227,-3.130488119289192
1,0.7819511954549717,0.8352155582525235,-3.1884168072873753,2.140482684814815,2.55036792161782
1,0.7732963974221928,0.8363697561172732,-4.327399016389455,0.5770989323748421,3.0090156017567464
1,0.7659955175054395,0.841751762559797,-3.650439958376661,2.691003221261923,2.5063519476127016
1,0.7560554193263249,0.8446051955001526,-4.970049089557282,1.4267164701777801,2.862046650776621
1,0.7481995864671724,0.8461791906384803,-3.927916429576239,0.7869975691638942,2.9438509067590917
1,0.7515622749098589,0.8385558208103862,1.6813442213432506,-3.8116849140470976,-1.1553660467862485
1,0.7591948961737927,0.8353214731967477,3.816310631966857,-1.6171738068192498,-0.400814114897762
1,0.7692843586951293,0.8283446930440932,5.044731260668344,-3.48839007632723,-0.604992879791196
1,0.7557854600471929,0.8209427743781154,-6.749449323968204,-3.700959332988918,-2.6400286479596513
1,0.7581602903064492,0.8241094116425002,1.187415129628111,1.5833186321924098,0.927325067677744
1,0.7454764525384064,0.8208357775967056,-6.341918884021358,-1.6368170228973078,-2.889009876104347
1,0.7376493495170516,0.8201152965325821,-3.9135515106774044,-0.36024053206173967,-3.0498018033699696
1,0.7275275884549262,0.8093878961549618,-5.060880531062739,-5.363700188810161,-2.327154039198122
1,0.7231385265846281,0.8094498120169324,-2.1945309351490416,0.030957930985342497,3.1274867336607914
1,0.7174230471817102,0.8135275717652009,-2.8577397014589168,2.038879874134203,2.5218908552197887
1,0.7127362720168423,0.8053577227075293,-2.3433875824339645,-4.084924528835798,-2.0916284625303327
1,0.7143087918820957,0.8037962922451666,0.7862599326267095,-0.7807152311813392,-0.7818597038020186
1,0.7067906212516573,0.8104005595505155,-3.759085315219235,3.302133652674455,2.4208172409558686
1,0.6904997797837645,0.8004359641767889,-8.145420733946363,-4.982297686863313,-2.5926374864181803
1,0.6852462317317645,0.8063072371206376,-2.626774026000034,2.935636471924352,2.3007247254283496
1,0.6702143507532718,0.8029362808041427,-7.515940489246309,-1.6854781582474332,-2.9209885757693455
1,0.6618471152293435,0.7976670902412368,-4.183617761964187,-2.634595281452934,-2.579591402074293
1,0.6664581933764693,0.7996192659400263,2.305539073562901,0.9760878493947356,0.40048618665408653
1,0.6665698518036667,0.8061765494052632,0.05582921359870152,3.278641732618437,1.553769819159272
1,0.6529720011255756,0.8047918257727747,-6.798925339045525,-0.6923618162442136,-3.040108483423033
1,0.6360269284072836,0.8125841986427742,-8.472536359146021,3.8961864349997266,2.7105688973089204
1,0.6332995996031114,0.8185265814967659,-1.3636644020860733,2.9711914269958672,2.0010781345576834
1,0.6195923010738053,0.8163941239312298,-6.853649264653094,-1.066228782768075,-2.9872588390262176
1,0.613613385674331,0.8231029820753443,-2.9894576997371303,3.354429072057241,2.2987266447192556
1,0.6074890773059747,0.8293780882904955,-3.0621541841781563,3.13755310757563,2.3440333988950686
1,0.6082254656831446,0.8350764708777081,0.36819418858496933,2.849191293606279,1.442280948640001
1,0.5990127110450036,0.8406090057635086,-4.606377319070487,2.766267442900261,2.6007835909734207
1,0.598487303412151,0.8466098628966333,-0.2627038164263462,3.000428566562352,1.6581290493423437
1,0.6072530751178348,0.8376164746839465,4.382885852841911,-4.496694106343401,-0.7982143126764425
1,0.5981027455278711,0.8526424941395109,-4.575164794981823,7.513009727782182,2.11778214380187
1,0.5927087146839016,0.8566049130266323,-2.6970154219847498,1.9812094435607275,2.5080249720072825
1,0.5826600213158563,0.8630343058872956,-5.024346684022684,3.2146964303316206,2.572404494739391
1,0.5799638947704621,0.8714743513282388,-1.3480632726970976,4.220022720471617,1.87999533786359
1,0.5825225443252122,0.8711637965952327,1.2793247773750793,-0.15527736650305934,-0.12078366327423978
1,0.5888487746526039,0.8788319022207232,3.163115163695829,3.8340528127452367,0.8809929309680291
1,0.5895580855701723,0.8965875038845679,0.35465545878421434,8.877800831922356,1.5308689864054352
1,0.586749801762438,0.9041776253308546,-1.4041419038671732,3.7950607231433398,1.9251691621228872
1,0.5723250642220256,0.9095538374991826,-7.212368770206201,2.6881060841640325,2.784833097763298
1,0.5674611521405392,0.9154196847550297,-2.4319560407431995,2.9329236279235227,2.263085399078056
1,0.5665166342774066,0.9212427579021657,-0.47225893156627174,2.9115365735680188,1.7315985121610995
1,0.5555380357062978,0.9290184794528084,-5.4892992855544165,3.887860775321328,2.5253433779328014
1,0.5569872428909293,0.9365791554804243,0.7246035923157423,3.780338013807949,1.381416375274298
1,0.5504321046723899,0.9411853240872481,-3.2775691092696846,2.3030843034119175,2.5290698781613346
1,0.5507322436567423,0.9477672129525524,0.15006949217621912,3.290944432652154,1.5252271580338328
1,0.543010945773181,0.9525118073879589,-3.8606489417806755,2.3722972177032675,2.590593009871907
1,0.5419231511376983,0.963199784649094,-0.5438973177413486,5.343988630567509,1.6722244789441338
1,0.5432798592151314,0.9618985923958715,0.6783540387165776,-0.6505961266112248,-0.7645141022567487
1,0.5411815730955158,0.9639504932070716,-1.0491430598078,1.0259504056000512,2.3673707041503347
1,0.5386760090841728,0.9699931186680507,-1.2527820056715266,3.021312730489556,1.9638663718829295
1,0.5312273964081629,0.9886294508339194,-3.724306338004968,9.318166082934342,1.9510288210796953
1,0.5323138968279791,0.9878070274046592,0.5432502099081415,-0.41121171463009976,-0.6479324980150625
1,0.5300334979871371,0.985841763612925,-1.1401994204210397,-0.9826318958671143,-2.4302838018879918
1,0.5249835040336523,0.9935923246690257,-2.5249969767423552,3.875280528050362,2.148270903801483
1,0.5224426600943359,0.9973750895538689,-1.2704219696582086,1.8913824424215964,2.162268308319241
1,0.5222850850283179,0.9941642901277984,-0.07878753300899488,-1.6053997130352493,-1.6198335666007446
1,0.5277866445520892,0.9931665074934868,2.7507797618856467,-0.4988913171558029,-0.17941342826262358
1,0.5287644918534574,0.9990714955378897,0.48892365068409216,2.952494022201435,1.4066887517796314
2,0.4657002938429879,0.5195677043610514,0.0,0.0,0.0
2,0.47364183180993674,0.5129731592165371,3.9707689834744264,-3.2972725722571483,-0.6929965815399345
2,0.46490791030839007,0.5176372779168185,-4.366960750773336,2.3320593501406917,2.6510982103486924
2,0.4616278049449048,0.5204297508013525,-1.6400526817426375,1.396236442266996,2.4363232883903865
2,0.45895989148290756,0.5181567809553933,-1.33395673099862,-1.1364849229795748,-2.435958704161497
2,0.44826005966580523,0.5238647659054153,-5.349915908551162,2.8539924750110024,2.651532884697155
2,0.4468352184982461,0.5268706769891383,-0.7124205837795716,1.5029555418614726,2.013439116198067
2,0.44450605626738116,0.5354619338846353,-1.164581115432467,4.2956284477485,1.8355409953900697
2,0.4279137814040031,0.5394021666069052,-8.296137431689028,1.970116361134977,2.9084375309327464
2,0.4239229824562882,0.5488088919606884,-1.995399473857462,4.703362676891587,1.9720311600971308
2,0.41768832886426027,0.561631652875384,-3.117326796013953,6.411380457347793,2.0233574456864503
2,0.4184451694121952,0.5797453111837486,0.37842027396745026,9.056829154182322,1.5290377508568964
2,0.41018656146463417,0.5948495879307312,-4.129303973780502,7.552138373491279,2.0711584782120585
2,0.41808831995230405,0.6100200718405597,3.9508792438349425,7.585241954914279,1.0905971975833204
2,0.41191314116103256,0.6168217606235366,-3.087589395635748,3.4008443914884112,2.307952963595632
2,0.40670164705587997,0.6300388177987699,-2.605747052576296,6.6085285876166795,1.946379827439615
2,0.4010104139222716,0.6397398631568011,-2.845616566804182,4.850522679015589,2.1013506240911193
2,0.39883840836379836,0.6471540198311594,-1.0860027792366223,3.7070783371791483,1.8557762704776775
2,0.4073303038334517,0.6629656816979855,4.245947734826672,7.905830933413071,1.0779379669438152
2,0.41363587638703303,0.6574489802334992,3.1527862767906645,-2.7583507322431755,-0.7187694104811252
2,0.4075056034158936,0.6633032460722168,-3.0651364855697194,2.9271329193588103,2.3792206871021095
2,0.4035602635265089,0.6762960472553572,-1.9726699446923346,6.496400591570195,1.8656037142397686
2,0.4062533459164127,0.6762860554498816,1.3465411949518946,-0.004995902737781055,-0.0037101574264312947
2,0.4205272460552888,0.6821286006650141,7.136950069438042,2.92127260756625,0.3885120945986513
2,0.42417594376443446,0.6895089161494738,1.8243488545728326,3.6901577422298604,1.1116529290480242
2,0.43076958219206163,0.6900930639671357,3.2968192138135843,0.29207390883090323,0.08836194500408685
2,0.4326905681963697,0.6911192273346624,0.9604930021540337,0.5130816837633501,0.4906207448599739
2,0.42581570608159675,0.6957611502704476,-3.4374310573864753,2.320961467892624,2.5477039994636383
2,0.421442208239498,0.702183972596861,-2.186748921049364,3.2114111632067233,2.168609229011562
2,0.4219147318382798,0.7184144946358328,0.2362617993909022,8.115261019485898,1.5416912761641939
2,0.422746275876428,0.7305971947918871,0.41577201907408434,6.091350078027135,1.5026458950240187
2,0.41851656502358736,0.7323328570371076,-2.1148554264203145,0.8678311226102409,2.7521957471839005
2,0.41959012773475657,0.7436050487672959,0.5367813555846035,5.636095865094171,1.475842805713561
2,0.42571054600436026,0.7553409418485707,3.0602091348018443,5.867946540637381,1.0900869790750443
2,0.4237392248252776,0.7629591439190154,-0.9856605895413317,3.809101035222362,1.8240068832543286
2,0.4245123786750002,0.7688012871401207,0.38657692486129824,2.9210716105526613,1.4392201272487233
2,0.421150453055316,0.7748340332074904,-1.6809628098420903,3.0163730336848493,2.0792112091000807
2,0.4184126948534405,0.7835510477620846,-1.3688791009377477,4.358507277297085,1.875111443558878
2,0.425168651548441,0.7830381527002346,3.3779783475002545,-0.25644753092501915,-0.0757721116739095
2,0.42205523027991004,0.792740298166642,-1.5567106342654902,4.851072733203732,1.8813157190734178
2,0.4249222241190222,0.798335011256271,1.4334969195560765,2.7973565448145,1.09724078739716
2,0.4231899822997196,0.8057790217817459,-0.8661209096512967,3.7220052627374156,1.7994301650633913
2,0.4264780059117264,0.8112099102940111,1.6440118060034037,2.7154442561326264,1.0263936373065956
2,0.43063392744141044,0.8254444459853035,2.077960764842013,7.117267845646202,1.2867314828333287
2,0.4446323306211908,0.835587869273838,6.999201589890175,5.071711644267229,0.6270544025153346
2,0.4589065633942181,0.8513931380175896,7.137116386513653,7.902634371875827,0.8362539208311105
2,0.46932560969616866,0.851915148801307,5.209523150975281,0.261005391858693,0.05005973164687836
2,0.4669265527229139,0.8487670285777146,-1.1995284866273825,-1.5740601117962272,-2.221971357421142
2,0.4636602845399159,0.8455839261221614,-1.6331340914989834,-1.5915512277765997,-2.369088944987499
2,0.4797248576487984,0.8558696029902901,8.032286554441242,5.1428384340643785,0.5695052695370172
2,0.47711345041487235,0.8602652860256302,-1.3057036169630276,2.1978415176700516,2.106854853807067
2,0.4859797331090489,0.8657825381947766,4.433141347088276,2.758626084573168,0.5566362347904426
2,0.49424353750585936,0.8704244754524907,4.131902198405229,2.3209686288570563,0.5117961014538497
2,0.4890631554582363,0.8755840015170429,-2.5901910238115278,2.5797630322760834,2.358211525020984
2,0.4999439929715404,0.8797619441521657,5.440418756652049,2.0889713175614166,0.36661369482687595
2,0.5073648227436836,0.8798229644210197,3.710414886071572,0.030510134427008673,0.00822265103599851
2,0.5157136865161076,0.8750615888479648,4.174431886212027,-2.3806877865274467,-0.5182966092152973
2,0.53162713505775,0.8717614097909282,7.9567242708212245,-1.650089528518306,-0.20448443616383682
2,0.5424253385528149,0.8724914129078192,5.399101747532442,0.365001558445488,0.06750141738750227
2,0.5526008769617323,0.8767319376970338,5.0877692044586915,2.1202623946073307,0.3948511677140762
2,0.5533465743943503,0.8799789405182485,0.3728487163089933,1.623501410607353,1.3450535821865768
2,0.5597625145838079,0.8885749322731091,3.207970094728785,4.297995877430294,0.9296112751430508
2,0.5598651052982121,0.8908100706960417,0.05129535720210798,1.1175692114662739,1.5249294753711582
2,0.5591566108585302,0.8926532888700215,-0.354247219840953,0.9216090869899052,1.9377642600007645
2,0.5562620156549063,0.8960897780595343,-1.4472976018119477,1.7182445947563907,2.2708099941216933
2,0.5568833527920976,0.8908952246204954,0.31066856859562897,-2.5972767195194257,-1.4517487315725632
2,0.5622831247489961,0.8928884188882227,2.699885978449279,0.9965971338636304,0.35361062466047205
2,0.5601644106479835,0.8931883366416972,-1.0593570505063044,0.14995887673724395,3.0009704600484786
2,0.564766702976675,0.8982614167488492,2.3011461643457354,2.5365400535760085,0.8340181785035595
2,0.5697428996987942,0.8945083931539983,2.488098361059621,-1.8765117974254286,-0.6461806234436821
2,0.5755240007333843,0.8982741466330287,2.890550517295032,1.8828767395152046,0.5773520050727236
2,0.5864183342365733,0.9032650978089145,5.447166751594512,2.495475587942886,0.4295889337340138
2,0.5888509142625967,0.9116242325047642,1.2162900130117116,4.17956734792485,1.2876088055594526
2,0.5879316455631308,0.9154879877892269,-0.45963434973295136,1.93187764223135,1.8043746543402572
2,0.5948488773454743,0.9172150107835038,3.4586158911717457,0.863511497138425,0.24466774257817883
2,0.6029590001977824,0.9237051797908539,4.055061426154027,3.2450845036750553,0.6748966094401924
2,0.6103130402141287,0.9350851377254742,3.6770200081731597,5.689978967310161,0.9970778089965399
2,0.6105351415795667,0.9447949466804413,0.11105068271899388,4.8549044774835455,1.547926397741231
2,0.6062815728918948,0.9401452596680653,-2.1267843438359524,-2.3248435061880013,-2.311732410481314
2,0.6155339434009554,0.9418223363743635,4.626185254530291,0.8385383531491208,0.17931229253154193
2,0.6113682787935765,0.9475946562049992,-2.0828323036894414,2.886159915317821,2.1959131742107583
2,0.6144306223168435,0.9482499035607175,1.5311717616335319,0.3276236778591568,0.21079074562994418
2,0.6164639974668377,0.9431005988459921,1.016687574997066,-2.5746523573627056,-1.194708546000232
2,0.6180033344909793,0.9589266919470263,0.7696685120708313,7.913046550517111,1.4738355658940754
2,0.6210491897590565,0.9780943154696922,1.5229276340386066,9.583811761332939,1.4132076903970516
2,0.6209190536644853,0.9815105081006311,-0.06506804728562132,1.7080963154694762,1.6088718145061178
2,0.6252108762407433,0.9940475215538005,2.145911288129021,6.268506726584688,1.2409688322573869
2,0.6206803780480135,0.988607936164924,-2.2652490963649408,-2.719792694438228,-2.2652644314099613
2,0.6161862490446617,0.9959607616527264,-2.2470645016758883,3.6764127439011807,2.1194185713468285
2,0.6184917083128115,0.9983446012541763,1.1527296340749227,1.191919800724972,0.802111330408557
2,0.6142570205052423,0.9920473184221001,-2.1173439037845965,-3.1486414160381004,-2.1628008409866224
2,0.6180046886231304,0.9955834709968103,1.873834058944035,1.7680762873550915,0.7563672293122206
2,0.6201738160773913,0.9997005070716887,1.0845637271304498,2.058518037439172,1.0858874224612556
2,0.6225146883752757,0.9885924329167106,1.1704361489421888,-5.554037077489027,-1.3630992217534263
2,0.6315307160643346,0.9815454666813594,4.508013844529479,-3.5234831176755854,-0.6634229844293162
2,0.6336861495672118,0.977152797499319,1.0777167514385844,-2.1963345910201992,-1.1146253979595784
2,0.6379460651935581,0.9737197088375704,2.1299578131731556,-1.7165443308743145,-0.6783313882220396
2,0.6410128984497645,0.9674951310329504,1.5334166281031902,-3.112288902310023,-1.1130078514066382
2,0.6403698094907282,0.9704381145262684,-0.32154447951815435,1.4714917466590038,1.7859306943828925
2,0.6430134760967927,0.9688595079331963,1.3218333030322604,-0.7893032965360369,-0.5383048476527132
2,0.6438743666233411,0.9880797581079251,0.43044526327418176,9.610125087364418,1.5260354365969577
2,0.6481579451648285,0.9876345477356577,2.1417892707437103,-0.2226051861337064,-0.10356237828108887
2,0.6483393416807676,0.9765798547013533,0.09069825796953479,-5.527346517152198,-1.5543887940539256
2,0.6560512007009184,0.9911182043313613,3.8559295100754065,7.269174815003998,1.0830869557054246
2,0.6515459382872008,0.9970813458685438,-2.252631206858813,2.981570768591235,2.217819787713082
2,0.6495364983646077,0.9893595733522413,-1.0047199612965296,-3.8608862581512304,-1.8253801810011945
2,0.6595254968504564,0.992630852025301,4.9944992429243324,1.635639336529826,0.3164807005986226
2,0.6682097583684874,0.9961118438833592,4.342130759015516,1.7404959290290845,0.3812295582887463
2,0.669662071572773,0.9913204890622733,0.7261566021428134,-2.395677410542918,-1.2764876902607833
2,0.6760896929230986,0.9840793456540536,3.213810675162798,-3.620571704109843,-0.8448449049606794
2,0.6848476842406754,0.9880800287206766,4.378995658788409,2.000341533311467,0.42849748129362536
2,0.6912127757514828,0.9755023083873644,3.182545755403665,-6.288860166656085,-1.1023118229580668
2,0.6938242709324521,0.9735012452993048,1.305747590484685,-1.0005315440297924,-0.6538214339022971
2,0.6989957877646655,0.980421189066189,2.585758416106698,3.4599718834421034,0.9290029400028068
2,0.7020965054499858,0.9870354678660721,1.5503588426601378,3.307139399941539,1.1324257428028361
2,0.7051396534156859,0.9820482627260634,1.5215739828500219,-2.4936025700043607,-1.0229170821661238
2,0.7184861040214211,0.9853276974193923,6.673225302867625,1.63971734666446,0.240942492061488
2,0.725106366268106,0.9810181114943706,3.3101311233424413,-2.1547929625108653,-0.5770561597606221
2,0.7236163258806122,0.9868199040586503,-0.7450201937468925,2.900896282139853,1.8221873260094337
2,0.7241385139400254,0.9916492259678257,0.2610940297065878,2.4146609545876996,1.4630861512256061
2,0.7155248162487777,0.9910729545291375,-4.306848845623823,-0.288135719344107,-3.074790451579714
2,0.7240031161191115,0.9938275510828798,4.2391499351668855,1.377298276871164,0.3141411218781421
2,0.7267892456632122,0.9901089280352039,1.3930647720503675,-1.8593115238379476,-0.9277837913218151
2,0.7410605635190022,0.9847095678686081,7.135658927894972,-2.699680083297906,-0.36169259021992284
2,0.756886052792779,0.9837365260337747,7.9127446368884025,-0.48652091741668846,-0.06140842778728904
2,0.7559905078420114,0.9854168547207737,-0.4477724753838008,0.8401643434994832,2.060461547962763
2,0.7578687222417819,0.991279307369823,0.9391071998852696,2.9312263245246384,1.2607484362554306
2,0.7638313056480436,0.991114298855581,2.9812917031308284,-0.08250425712097442,-0.027666935356483506
2,0.7657005690044137,0.9970371366684005,0.9346316781850827,2.961418906409774,1.2650873397606708
2,0.7768960844757811,0.9910874269515246,5.597757735683661,-2.9748548584379586,-0.4884796796130772
2,0.7833701097859185,0.9863473101140338,3.237012655068705,-2.3700584187454354,-0.631994901517219
2,0.7836303606096725,0.9897550356900174,0.13012541187701343,1.7038627879918389,1.4945734590791822
2,0.7838349101503217,0.9837260873708679,0.1022747703245952,-3.014474159574787,-1.5368814384632827
2,0.7892272079801754,0.982957486835806,2.696148914926866,-0.3843002675309459,-0.14158304232767902
2,0.7920633247153125,0.9808292728142234,1.418058367568531,-1.064107010791293,-0.6437552603595473
2,0.7878087653731619,0.9821846015152521,-2.1272796710752884,0.677664350514362,2.833197289908239
2,0.7968362346802664,0.9926915411474635,4.513734653552259,5.253469816105693,0.8609904815407246
2,0.8101445664777422,0.9991840884167036,6.654165898737907,3.246273634620045,0.45388515976870253
2,0.8106142753658839,0.9999321499851961,0.23485444407084222,0.3740307842462487,1.0101133488483443
2,0.8127344551587596,0.9968163202889005,1.0600898964378547,-1.5579148481477678,-0.973309063499457
2,0.8312641762960302,0.9918238724544004,9.26486056863529,-2.4962239172500733,-0.263179736628287
2,0.8334129959318745,0.9975463172128495,1.0744098179221173,2.8612223792245373,1.2115809967317317
2,0.8368727704767936,0.9998701089474873,1.729887272459596,1.1618958673189073,0.5914514775061402
2,0.834065959177172,0.994800725289028,-1.4034056498108405,-2.5346918292296627,-2.0764597209615374
2,0.8383973271408066,0.9940617360402448,2.1656839818173235,-0.3694946243915642,-0.1689862300561822
2,0.8393308579756134,0.9922331043292759,0.46676541740336974,-0.9143158554844599,-1.0987778218507906
2,0.850132428624921,0.9937079753991969,5.400785324653823,0.7374355349604733,0.13570309089992236
2,0.8571628564165031,0.9933030991331931,3.5152138957910695,-0.20243813300185876,-0.057525597968560944
2,0.8581047471495441,0.9926735047043157,0.470945366520481,-0.31479721443872233,-0.5892270804590091
2,0.8599139572205856,0.997387680002856,0.9046050355207558,2.357087649270173,1.204349712096813
2,0.8602852998282999,0.982920133848274,0.18567130385716002,-7.233773077291006,-1.5451346777521293
2,0.8677005062478534,0.9924856571853323,3.7076032097767553,4.782761668529145,0.9113604881807778
2,0.8633660382076341,0.9968550288458541,-2.167234020109654,2.1846858302608796,2.3521843711636587
2,0.8647506007196709,0.9995444845142116,0.69228125601839,1.3447278341787716,1.095369908115539
2,0.8640502335505744,0.9981180219473484,-0.35018358454824705,-0.7132312834315924,-2.0272033890377137
2,0.8740836661843024,0.9980179250181294,5.016716316864011,-0.050048464609542265,-0.009976008438721881
2,0.8727032643670238,0.9980616201905155,-0.6902009086393046,0.021847586193057822,3.109949267716684
2,0.8840238845141549,0.9968376743172787,5.660310073565544,-0.6119729366184101,-0.1076981697090391
2,0.8932484317312512,0.9963647102173732,4.612273608548156,-0.23648204995274646,-0.05122747927976659
2,0.8946403473998695,0.9985874497361179,0.6959578343091466,1.1113697593723715,1.0113228625708026
2,0.9025234190437385,0.9994003166518967,3.941535821934461,0.4064334578893769,0.10275235019907548
2,0.9059828743222553,0.9973704484447019,1.7297276392584382,-1.0149341035973758,-0.5306269384206513
2,0.9212711463632319,0.9966792430177285,7.644136020488301,-0.34560271348671456,-0.04518071385740187
2,0.9161731805501406,0.9922047782967365,-2.5489829065456493,-2.237232360496,-2.421237696999236
2,0.9269424653197076,0.9883851945764296,5.3846423847834775,-1.9097918601534425,-0.3408325248803345
2,0.9295357418453976,0.9885070758593996,1.2966382628449846,0.06094064148498557,0.04696439398530033
2,0.9377119073826468,0.987636959956077,4.088082768624601,-0.43505795166126626,-0.10602197669215023
2,0.9460232020017008,0.9825789561443,4.155647309527,-2.529001905888506,-0.5466970867649444
2,0.9542877209347249,0.9749075256217145,4.132259466512078,-3.8357152612927825,-0.7481983210319694
2,0.9553841887694862,0.9807103575048157,0.548233917380625,2.9014159415506335,1.38404420537086
2,0.9688765605490491,0.9766163845949023,6.746185889781486,-2.046986454956712,-0.2945994203203572
2,0.9780944552296964,0.9696617827491874,4.608947340323632,-3.4773009228574736,-0.6463541753499734
2,0.9856273770002563,0.9678494644691764,3.766460885279932,-0.9061591400054692,-0.23609933842270592
2,0.9934778310130684,0.9664708309214273,3.9252270064060735,-0.6893167738745709,-0.17383937186730156
2,0.9931951252363937,0.9643791979471613,-0.14135288833733162,-1.0458164871329778,-1.7051424993058992
2,0.9940639962806941,0.97053667956959,0.43443552215016723,3.078740811214342,1.430613670837529
2,0.999929906437882,0.9645131863989629,2.9329550785939795,-3.011746585313557,-0.7986514598420258
2,0.9943202478293596,0.9708801444698387,-2.804829304261236,3.1834790354379194,2.293047057749207
2,0.9941286924238976,0.9751514103070373,-0.09577770273100361,2.135632918599306,1.6156137515940154
2,0.994678675571914,0.9609653334814557,0.27499157400823204,-7.093038412790797,-1.5320465123234501
2,0.9929192606235531,0.9618708368097185,-0.87970747418048,0.45275166413139,2.666284672887674
2,0.9884627365531894,0.9644723741993041,-2.2282620351818383,1.3007686947927866,2.61320044141105
2,0.9879029586607408,0.9501374657717573,-0.2798889462242715,-7.167454213773405,-1.6098264761706784
2,0.9938308864592921,0.9402799191713543,2.9639638992756123,-4.928773300201472,-1.0293779051809342
2,0.9900840802177542,0.9377416836325478,-1.873403120768946,-1.2691177694032496,-2.546168788287582
2,0.9878436343038979,0.9382452678681742,-1.1202229569281519,0.25179211781317656,2.9204974760169664
2,0.9923271197720098,0.942073615416032,2.2417427340559737,1.9141737739288844,0.7067408738032193
2,0.9914373191029869,0.9420073556085985,-0.4449003345114444,-0.03312990371673319,-3.0672639397083437
2,0.9942304892183323,0.9379072701385546,1.3965850576727057,-2.050042735021962,-0.9727675902582673
2,0.9884072534109528,0.9367835960548745,-2.911617903689767,-0.5618370418400409,-2.950971672110372
2,0.9763974810701614,0.9375908773454664,-6.004886170395684,0.4036406452959662,3.07447491875449
2,0.9703397270676959,0.9409326031173819,-3.028877001232777,1.6708628859577468,2.6374878621476348
2,0.9708221938813605,0.9328497693670091,0.24123340683229744,-4.041416875186387,-1.511176761247795
2,0.9677460581605569,0.9227576698768677,-1.5380678604017817,-5.046049745070724,-1.86665673666356
2,0.967306417751895,0.9267933609654593,-0.21982020433097826,2.017845544295793,1.6793065011121204
2,0.9663207083424844,0.9208956008580477,-0.49285470470528114,-2.9488800537058046,-1.7363985460944877
2,0.9700867906758198,0.9173539310863924,1.8830411666677094,-1.7708348858276324,-0.7546989749799478
2,0.9623795420363809,0.917671949919063,-3.853624319719473,0.1590094163352873,3.100353743601914
2,0.9598160870278231,0.9200701101637085,-1.2817275042789067,1.199080122322782,2.3894968815069753
2,0.9569530482746733,0.9181383466740025,-1.4315193765748746,-0.9658817448530144,-2.54803201318324
2,0.9533162020346269,0.9251620759310607,-1.818423120023227,3.5118646285290933,2.0485777443729223
2,0.9538283173927451,0.9168367723906278,0.25605767905911847,-4.162651770216463,-1.5093606213833377
2,0.9543329180352427,0.9090839654410564,0.25230032124878843,-3.8764034747856835,-1.5058018132395132
2,0.9612917079935328,0.9073704070363235,3.4793949791450673,-0.8567792023664311,-0.24144023881510443
2,0.9636167147124124,0.8972570827192339,1.1625033594397927,-5.0566621585448335,-1.3448272876468723
2,0.963561658930523,0.8994706754517142,-0.027527890944678557,1.1067963662401703,1.5956628854792398
2,0.9601049257890464,0.8942708162890115,-1.7283665707383267,-2.5999295813513568,-2.157487740067211
2,0.9596151914989616,0.8826300928073554,-0.24486714504240448,-5.820361740828061,-1.6128423097774087
2,0.9643499905036906,0.8728467941844619,2.367399502364531,-4.891649311446755,-1.1200567493886777
2,0.9717030108252992,0.8703424436656234,3.6765101608042805,-1.2521752594192304,-0.32826548701772446
2,0.9826006906177505,0.8604423456133002,5.448839896225632,-4.950049026161585,-0.7374691129478312
2,0.9897281663690555,0.865889786888615,3.563737875652506,2.7237206376573564,0.6525826344562191
2,0.9962858551052423,0.8582168256779538,3.278844368093392,-3.8364806053305944,-0.8636094543726287
2,0.9956211556677868,0.8553960574001614,-0.33234971872775354,-1.410384138896159,-1.8022192743192196
2,0.998675259114179,0.8494227032287774,1.5270517231961156,-2.986677085692002,-1.098159265037687
2,0.9936061609558181,0.8519615241136459,-2.534549079180437,1.2694104424342267,2.677271099768477
2,0.9906120093079522,0.8491003623611216,-1.4970758239329363,-1.430580876262133,-2.3789032719428933
2,0.9932421725438847,0.8377533192433121,1.3150816179662295,-5.6735215589047705,-1.3430258527814718
2,0.9996011494131892,0.8462105524979833,3.1794884346522667,4.22861662733559,0.92608159672639
2,0.9981452922124782,0.8382516729424322,-0.7279286003555319,-3.9794397777755397,-1.751718483588495
2,0.9926031733533247,0.8502066085069059,-2.7710594295767277,5.977467782236845,2.0048892496938984
2,0.9893939330722692,0.8538455511546678,-1.6046201405277571,1.819471323880939,2.293529727622036
2,0.9917450283687004,0.8508666440110767,1.1755476482155913,-1.4894535717955293,-0.9026462039849348
2,0.9979034122253747,0.8491407388728303,3.079191928337166,-0.8629525691232209,-0.27324323235709885
2,0.9969475950569529,0.8386815939129253,-0.47790858421092874,-5.229572479952482,-1.6619289800077337
2,0.9970928493473475,0.8390026545578552,0.07262714519734592,0.1605303224649357,1.145931663838331
2,0.9933891965027744,0.8351856250753722,-1.8518264222865954,-1.908514741241485,-2.341120319352329
2,0.9954568214035566,0.82611143766132,1.0338124503911361,-4.537093707026096,-1.3467634052411277
2,0.9979117602146088,0.8161697019274917,1.2274694055260937,-4.9708678669141415,-1.3287066905234204
2,0.9918557382208066,0.8110959810449548,-3.028010996901087,-2.5368604412684403,-2.4442254875858356
2,0.9976999242981661,0.8079333261449733,2.9220930386797406,-1.5813274499907881,-0.496032945490321
2,0.998782825594941,0.788956374038084,0.5414506483874537,-9.488476053444606,-1.5137941188756912
2,0.9969219151479021,0.7830151474578515,-0.9304552235194774,-2.970613290116275,-1.8743369205660632
2,0.999942165945077,0.7938005766917715,1.5101253985874696,5.392714616960004,1.2977591989080657
2,0.9989814467026464,0.7896620846460372,-0.4803596212152872,-2.069246022867177,-1.7988984677834685
2,0.9965514100423241,0.7872098109380339,-1.2150183301611883,-1.226136854001636,-2.3516399059403046
2,0.9928143684393443,0.7737392906327046,-1.868520801489859,-6.735260152664623,-1.8414144343938568
2,0.9915901997060531,0.7615292794208184,-0.6120843666456155,-6.105005605943125,-1.6707218315467052
2,0.9994469457060547,0.7554559774924444,3.9283730000008177,-3.036650964186982,-0.6580623153283298
2,0.9967769252248879,0.756949887166312,-1.335010240583412,0.7469548369337664,2.631475572148506
2,0.9926078291811293,0.7481522231504713,-2.0845480218792956,-4.39883200792035,-2.013335925505325
2,0.9951598676744865,0.7320659407498995,1.2760192466785836,-8.043141200285875,-1.4134606884128973
2,0.9928741140660955,0.7211948242060867,-1.1428768041955029,-5.435558271906393,-1.7780368782640332
2,0.9951060660681653,0.7190834291665472,1.115976001034913,-1.0556975197697493,-0.7576485925529302
2,0.998756494493263,0.71633042114287,1.8252142125488313,-1.3765040118385863,-0.6461583579619596
2,0.9996831912744009,0.7109166288862088,0.4633483905689406,-2.706896128330638,-1.401266030049787
2,0.9889517264557501,0.7045453773170962,-5.365732409325363,-3.1856257845562785,-2.605819699480932
2,0.9930887409474186,0.7020931705823279,2.068507245834239,-1.226103367384157,-0.5350700239737191
2,0.9879193063828171,0.695225155863022,-2.5847172823007525,-3.4340073596529352,-2.216012033229143
2,0.9877697777727417,0.6862532806733342,-0.07476430503772225,-4.485937594843891,-1.5874611559938125
2,0.9955296658373908,0.6697860996492644,3.879944032324556,-8.233590512034928,-1.1304255635645446
2,0.9913302129448788,0.664125022023394,-2.0997264462560006,-2.8305388129352127,-2.209036211026635
2,0.9926061175707823,0.6593417183981842,0.6379523129517728,-2.391651812604867,-1.3101242581883605
2,0.9955271349253354,0.6525830744845224,1.4605086772765397,-3.3793219568309385,-1.1628516005737428
2,0.998025710601594,0.6443988344593536,1.249287838129276,-4.092120012584354,-1.2744924047925532
2,0.9926409829552968,0.6360447422987989,-2.6923638231485802,-4.177046080277358,-2.1433389674349828
2,0.997202581890704,0.6276129542505707,2.280799467703598,-4.215894024114097,-1.0748890066182453
2,0.9925158629522453,0.6167250715070942,-2.343359469229367,-5.4439413717382585,-1.9772764119945216
2,0.9919861723512361,0.6111322375130018,-0.2648453005045792,-2.7964169970461916,-1.6652234703084272
2,0.9976892309456648,0.6014469641322248,2.851529297214328,-4.842636690388535,-1.0386244871327868
2,0.9921302909153664,0.5979707148492204,-2.779470015149166,-1.7381246415021923,-2.58274607182537
2,0.9977904024606357,0.594260789993036,2.830055772634621,-1.8549624280921884,-0.5801975537187032
2,0.9844051334293662,0.5912034582435285,-6.692634515634732,-1.528665874753754,-2.9170347300859425
2,0.9890656432282959,0.5923465895162696,2.3302548994648675,0.5715656363705635,0.24053168966651164
2,0.995280582731945,0.5951568574597452,3.107469751824521,1.4051339717378042,0.4246648818421666
2,0.9933865213152859,0.5855693842176622,-0.9470307083295215,-4.7937366210414885,-1.7658406406850513
2,0.9813676926065562,0.5893277368330071,-6.0094143543648615,1.8791763076724255,2.838520671965147
2,0.9881188716959473,0.5839264560569278,3.375589544695523,-2.7006403880396324,-0.6747714243728299
2,0.9929986249657754,0.5875882796597737,2.4398766349140733,1.8309118014229186,0.6437644996358454
2,0.9993849636640589,0.5848856773949695,3.1931693491417668,-1.3513011324020607,-0.4003322588598209
2,0.996396041373024,0.576637025406152,-1.4944611455174894,-4.124325994408761,-1.9184332206559627
2,0.9957708061104626,0.5691834931992305,-0.3126176312806539,-3.726766103460788,-1.6544848245924173
2,0.9933205186364861,0.5695772562087835,-1.2251437369882878,0.196881504776536,2.9822542176537006
2,0.997186093736416,0.5579090913650301,1.9327875499649538,-5.834082421876718,-1.2508836765801399
2,0.9944136267767765,0.5477613436443929,-1.386233479819754,-5.0738738603186,-1.8374977023644654
2,0.9972563351973387,0.5500968791583123,1.4213542102811116,1.1677677569597034,0.6877665258341438
2,0.9913400495816417,0.5393396917008667,-2.9581428078485072,-5.378593728722791,-2.0736275839599867
2,0.9948804353332803,0.5352407601524551,1.7701928758193097,-2.049465774205783,-0.8583829175799152
2,0.9984322522013596,0.532089356244667,1.7759084340396303,-1.5757019538940598,-0.7257346464859189
2,0.9890117744163696,0.5296557541370049,-4.710238892495,-1.2168010538310403,-2.8887884832713877
2,0.9835818880267493,0.5250241949108985,-2.7149431948101377,-2.315779613053237,-2.4353737813924625
2,0.9780211629510843,0.5317098341351194,-2.7803625378324814,3.3428196121104703,2.2645945553568962
2,0.9676808759458229,0.5251049870381634,-5.17014350263073,-3.302423548477984,-2.573167513386914
2,0.967275779020238,0.5170892500125589,-0.2025484627924401,-4.00786851280227,-1.6212910687401905
2,0.9549519387385398,0.5159256992405372,-6.161920140849097,-0.581775386010841,-3.0474570776877807
2,0.9592164411776215,0.51102816413747,2.1322512195408594,-2.448767551533615,-0.8543815313213629
2,0.957612821320759,0.5042906188579441,-0.801809928431263,-3.368772639762929,-1.8044611873261258
2,0.9595597280234865,0.5174996727621387,0.9734533513637844,6.604526952097289,1.4244581219229693
2,0.9562207837123858,0.5215136883730781,-1.6694721555503556,2.007007805469696,2.264641684003688
2,0.959172683619259,0.5239017093577834,1.4759499534365839,1.1940104923526262,0.6801911830171378
2,0.9559009242001889,0.5160604509853028,-1.6358797095350486,-3.9206291862402542,-1.9660837726827383
2,0.963749647306297,0.512501645850229,3.9243615530540343,-1.7794025675369474,-0.42569827930175763
2,0.9708580535801671,0.5153723442110549,3.5542031369350524,1.4353491804129925,0.38381711857276907
2,0.9767476588013652,0.5152377979560361,2.94480261059904,-0.06727312750942627,-0.022840725586053247
2,0.9714524321258906,0.5189001570827734,-2.6476133377372757,1.8311795633686456,2.5365035086733823
2,0.968524303711358,0.5234799692258708,-1.4640642072663024,2.2899060715487196,2.1396522136265106
2,0.9752089497178105,0.5233879900956996,3.342323003226233,-0.04598956508561347,-0.013758892528889987
2,0.9741498035669514,0.5180364074372568,-0.5295730754295569,-2.675791329221411,-1.7661840601450587
2,0.9776409419288661,0.5117520111129171,1.7455691809573626,-3.142198162169818,-1.0637212819498902
2,0.9727345746712426,0.5087494119062878,-2.4531836288117503,-1.5012996033146875,-2.592410781631053
2,0.9589243184081868,0.5007238513288859,-6.905128131527882,-4.012780288700945,-2.6151633754842267
2,0.9614657202555913,0.5008365352919192,1.2707009237022393,0.05634198151666103,0.04431027135287828
2,0.9564562979462752,0.5013476008799157,-2.504711154658057,0.2555327939982588,3.0399235494018177
2,0.947195742909326,0.4978478908404048,-4.630277518474612,-1.7498550197554419,-2.7802681216821505
2,0.9491569997606029,0.5028186017835764,0.9806284256384523,2.485355471585793,1.1949860963054761
2,0.9416292596332837,0.4929780787813177,-3.76387006365958,-4.920261501129342,-2.2238118555646955
2,0.940868340984162,0.4996877546684488,-0.3804593245608223,3.3548379435655304,1.6837200442392495
2,0.9283314246443584,0.50028714280018,-6.268458169901847,0.2996940658656355,3.0938191779920423
2,0.9282146751966063,0.5023954797454039,-0.05837472387604237,1.054168472611916,1.626114967092383
2,0.9267859550933157,0.4963863102175108,-0.7143600516452686,-3.0045847639465495,-1.8042190734416865
2,0.932153421350831,0.49016319482564963,2.683733128757637,-3.111557695930578,-0.8590872887093206
2,0.9166505892690099,0.47725200214562136,-7.751416040910564,-6.455596340014136,-2.4471526793908915
2,0.9101794496275073,0.4674530878174304,-3.235569820751294,-4.899457164095483,-2.154443407803762
2,0.9050374279675141,0.45564128574005486,-2.5710108299966117,-5.905901038687766,-1.9813832192592815
2,0.8842921438873137,0.45314725131509553,-10.372642040100189,-1.247017212479662,-3.0219451279206644
2,0.8771185795288902,0.4578051590245147,-3.586782179211767,2.3289538547095754,2.56569866276319
2,0.8651430932486834,0.4626224915739025,-5.987743140103363,2.40866627469391,2.7591342419250022
2,0.8550094185807939,0.47104983478416995,-5.066837333944751,4.213671605133723,2.447867737550365
2,0.8499160376947178,0.4740095006285879,-2.546690443038069,1.4798329222089623,2.6152004988425746
2,0.8594070184427417,0.46344119732090966,4.745490374011951,-5.284151653839109,-0.8390535442967798
2,0.852830124691552,0.46331628065111297,-3.288446875594875,-0.06245833489834651,-3.122601674444987
2,0.8529141955065004,0.45394750128492634,0.04203540747421686,-4.684389683093315,-1.5618230598192104
2,0.84739222057084,0.45691883012743245,-2.7609874678302115,1.4856644212530579,2.6479380438988174
2,0.8423700761285361,0.44700118949999784,-2.511072221151933,-4.958820313717305,-2.039538878564528
2,0.8429528829835152,0.4473484591282113,0.29140342748956716,0.17363481410673232,0.5373677143668564
2,0.84649311778823,0.4532494394131218,1.7701174023573851,2.950490142455242,1.030420859034714
2,0.8459833748613649,0.4618136162589696,-0.25487146343255995,4.282088422923907,1.6302465531672343
2,0.834806656063181,0.4567540168521863,-5.588359399091913,-2.5297997033916495,-2.716503189391688
2,0.8244278941237861,0.45981771011143574,-5.189380969697455,1.5318466296247168,2.8545557185872
2,0.8292480247049032,0.4621550373147207,2.4100652905585385,1.1686636016424723,0.45150250789278634
2,0.8280230088999044,0.46809326488935793,-0.6125079024993929,2.9691137873186224,1.7742356260202665
2,0.8267966462375308,0.47121736545833864,-0.6131813311868184,1.5620502844903572,1.944863001152588
2,0.8321525938214814,0.47401476379395724,2.677973791975319,1.3986991678092975,0.4813261207765517
2,0.8358686714610946,0.49758262887855054,1.8580388198065623,11.783932542296649,1.4144082481261397
2,0.8332523728913896,0.49834231712768967,-1.3081492848524556,0.3798441245695672,2.858996212669851
2,0.8378882755902503,0.49962280599179487,2.317951349430303,0.6402444320526002,0.26949202841534725
2,0.8371078397851488,0.5117833997019007,-0.39021790255072686,6.080296855052902,1.6348858763667693
2,0.829929564089675,0.5118970106655844,-3.5891378477369007,0.05680548184183731,3.1257669200045775
2,0.8233028186503912,0.5169547160722091,-3.3133727196418827,2.5288527033123787,2.4896804071558325
2,0.8160116313082172,0.5163200666617538,-3.645593671087022,-0.31732470522766176,-3.0547681336482473
2,0.8154771595048794,0.5202154824196925,-0.267235901668883,1.9477078789693625,1.7071502752170302
2,0.8060132588572562,0.5239470416690176,-4.7319503238116285,1.8657796246625558,2.7660148989821187
2,0.8008027848545647,0.5182338244223613,-2.6052370013457393,-2.8566086233281496,-2.310203741867467
2,0.7992299480720789,0.5257893578959734,-0.7864183912428824,3.777766736806021,1.7760353467496874
2,0.8005688102285754,0.5264854446405395,0.6694310782482393,0.3480433722830578,0.47944781100540657
2,0.7871233178430427,0.5278026872367755,-6.72274619276636,0.6586212981180006,3.0439352090076497
2,0.7891099146229309,0.5377741562025334,0.9932983899441084,4.9857344828789785,1.3741430920471145
2,0.7938441449831142,0.5407996505343814,2.367115180091639,1.5127471659239777,0.568651611442739
2,0.7827049008304533,0.5408551100190139,-5.569622076330438,0.02772974231624037,3.1366139471679433
2,0.770721972100604,0.5509116975542829,-5.9914643649246475,5.028293767634528,2.4433769009158812
2,0.7659616469579802,0.5487097964686053,-2.3801625713119057,-1.1009505428388189,-2.708349100482833
2,0.7650394196643068,0.55001514593444,-0.4611136468367083,0.6526747329173577,2.1858703238173796
2,0.7633526373331042,0.5433480089141041,-0.8433911656012816,-3.3335685101679724,-1.818596050057803
2,0.7619716952984442,0.5374357906330246,-0.6904710173299966,-2.956109140539731,-1.8002567386767467
2,0.7605972299221055,0.54151518010131,-0.6872326881693369,2.039694734142672,1.8957796507008295
2,0.7617092516233482,0.5402070324295645,0.5560108506213468,-0.6540738358727372,-0.8662595796268009
2,0.7600789885039386,0.5447567068426953,-0.815131559704807,2.2748372065654054,1.914868492372064
2,0.7570478797524307,0.5463743674265026,-1.515554375753958,0.8088302919036505,2.651360728518694
2,0.7564573639164801,0.5393890874643487,-0.2952579179753001,-3.4926399810769615,-1.6551329785207647
2,0.7610099391120906,0.5431088362405467,2.2762875978052377,1.8598743880990365,0.6850600177558361
2,0.759542099463637,0.5440590410769769,-0.7339198242267697,0.4751024182150787,2.567083163668701
2,0.7438903141721621,0.5410268703669073,-7.825892645737464,-1.5160853550347797,-2.950236202449091
2,0.7338101007277914,0.5401044321243591,-5.040106722185356,-0.4612191212741146,-3.050337020731952
2,0.7200135935944982,0.539010295976456,-6.898253566646583,-0.547068073951551,-3.0624529873091615
2,0.7027097462380967,0.5358593672907986,-8.65192367820078,-1.5754643428286808,-2.961472068198162
2,0.7057978836653102,0.5284026070466431,1.5440687136067388,-3.728380122077768,-1.1781606383047976
2,0.7034126569759713,0.5302803704077752,-1.1926133446694132,0.9388816805660505,2.4746762411564163
2,0.6989033818813138,0.5328707394041996,-2.2546375473287417,1.2951844982121985,2.620169157371184
2,0.6945786057061326,0.5329381544723751,-2.1623880875906165,0.03370753408776794,3.1260058102788935
2,0.6905282357277059,0.52860138601563,-2.0251849892133356,-2.1683842283725663,-2.322060412056038
2,0.6829058857924591,0.5210949424543282,-3.8111749676233986,-3.753221780650906,-2.3638556501068666
2,0.6849410005608221,0.5109340647830888,1.0175573841814667,-5.080438835619705,-1.373122638474321
2,0.6898301220850828,0.5029474777342618,2.4445607621303433,-3.993293524413466,-1.0214788231402177
2,0.6925684971425619,0.48868064229149544,1.369187528739546,-7.133417721383206,-1.3811627326251534
2,0.6920205181453305,0.48753240849657725,-0.2739894986156788,-0.5741168974590927,-2.0160678072510687
2,0.6762828454683412,0.48035256991122777,-7.868836338494667,-3.5899192926747423,-2.713578356548477
2,0.6732453826609017,0.4787640352135649,-1.5187314037197197,-0.7942673488314234,-2.659729885674513
2,0.6679425958027042,0.474419679258779,-2.6513934290987584,-2.1721779773929693,-2.455218229812032
2,0.6673582985678457,0.4623273132141439,-0.29214861742926646,-6.046183022317547,-1.6190782870342773
2,0.6618781340490069,0.46310009917258627,-2.7400822594194074,0.38639297922118954,3.0015012627469675
2,0.6596163323103589,0.45948717529121563,-1.130900869323992,-1.8064619406853166,-2.1301365702369583
2,0.654922863633305,0.45392416582657413,-2.3467343385269457,-2.78150473232075,-2.2716170735878114
2,0.6537035923403202,0.43857044058660216,-0.6096356464924124,-7.676862619985986,-1.6500421063563333
2,0.6534217687796612,0.44273291558336303,-0.14091178032948903,2.0812374983804336,1.6383989210183283
2,0.6559883212403254,0.44143749164691914,1.2832762303320866,-0.6477119682219423,-0.4674269023803764
2,0.6528384710428936,0.43041803233121056,-1.5749250987158736,-5.509729657854289,-1.8492162307866422
2,0.6561679535360795,0.42077574282539615,1.6647412465929379,-4.821144752907208,-1.2383147171034345
2,0.6652141307668881,0.4161728810457356,4.5230886154042915,-2.3014308898302858,-0.47067744729892813
2,0.667954680594817,0.4001960428319912,1.3702749139644643,-7.988419106872175,-1.4009169211478418
2,0.6736959517236972,0.38402199273047727,2.870635564440116,-8.08702505075698,-1.2297024960835947
2,0.6781659781068322,0.39280533305556053,2.235013191567492,4.391670162541633,1.100037410317191
2,0.6937609531806065,0.3965257587408421,7.797487536887138,1.8602128426407905,0.23418832829205052
2,0.6957607496737331,0.3846064379110411,0.9998982465633244,-5.959660414900508,-1.4045668180094137
2,0.70487945369712,0.3737233204597074,4.5593520116934405,-5.441558725666845,-0.8733830553351574
2,0.7091339253049352,0.3632403163445541,2.1272358039076122,-5.241502057576647,-1.1852615961784276
2,0.7094842191790963,0.3642892187814832,0.1751469370805392,0.5244512184645334,1.2484798059492397
2,0.7245874427540302,0.3611337173833863,7.551611787466938,-1.577750699048447,-0.20596620974420748
2,0.7252265503182651,0.3453588925835378,0.31955378211745433,-7.8874123999242425,-1.530304071842678
2,0.7215731307171968,0.339965307786388,-1.8267098005341764,-2.6967923985748987,-2.1661681857303323
2,0.7146030026434614,0.3387312093242822,-3.4850640368676578,-0.6170492310529074,-2.9663534107073946
2,0.7188905253267129,0.3395241869985447,2.1437613416257495,0.3964888371312536,0.18288350025631328
2,0.723410551381377,0.33718626104263505,2.2600130273320307,-1.1689629779548238,-0.477342143735507
2,0.7180769937051783,0.33295515545274645,-2.6667788380993485,-2.1155527949442976,-2.470951107824428
2,0.7190051469002603,0.31882194346574627,0.4640765975409966,-7.066605993500091,-1.5052187121391205
2,0.7163698892225875,0.31909924707491777,-1.3176288388364044,0.13865180458574877,3.0367502195159948
2,0.7126815061689701,0.30865971125884584,-1.8441915268087028,-5.219767908035966,-1.9104160766460172
2,0.7146755181750264,0.3107329934511295,0.9970060030281558,1.0366410961418215,0.8048853575379155
2,0.7112148030132428,0.3091694876834934,-1.7303575808917948,-0.7817528838180432,-2.717253735731154
2,0.7119647938309798,0.2977728053525637,0.3749954088684837,-5.69834116546486,-1.5050832581619153
2,0.711258575444664,0.2882407463847291,-0.3531091931578967,-4.7660294839173,-1.6447499657498363
2,0.7178477345472893,0.2803495664455736,3.294579551312682,-3.9455899695777505,-0.8750734689116666
2,0.7200226667286868,0.2632855087938007,1.0874660906987077,-8.532028825886439,-1.4440229498896218
2,0.7193409443531127,0.2557011995797152,-0.3408611877870338,-3.7921546070427414,-1.660441305628089
2,0.7244826811060081,0.24355889787733143,2.5708683764477103,-6.071150851191892,-1.1702337517912176
2,0.7270137599127473,0.23541390999695516,1.2655394033695977,-4.072493940188132,-1.269503890543898
2,0.734284522500642,0.2285164756772148,3.6353812939473595,-3.4487171598701765,-0.7590545217273057
2,0.7423252484900301,0.22180292762135292,4.0203629946940485,-3.356774027930942,-0.6956875045932209
2,0.7426667899944146,0.20963703933332045,0.1707707521922397,-6.082944144016236,-1.5427299980538347
2,0.7467855996965178,0.1920897580856065,2.059404851051605,-8.773640623856979,-1.340243687955365
2,0.753682521184152,0.18440553632158885,3.4484607438171055,-3.842110882008823,-0.8393401966680434
2,0.7542920121929235,0.17763319708852382,0.30474550438575054,-3.3861696165325137,-1.481041012082207
2,0.7604115594774061,0.18026058360613145,3.0597736422413035,1.3136932588038164,0.40554368737315877
2,0.7640413981735769,0.1786607832805521,1.8149193480853643,-0.7999001627896768,-0.4151232687949972
2,0.7740688967369995,0.17556192555053754,5.013749281711332,-1.5494288650072796,-0.2997259198545467
2,0.775759964452051,0.17484888573764565,0.8455338575257265,-0.35651990644594567,-0.399030306732687
2,0.7782274433227189,0.1776190095561868,1.233739435333947,1.3850619092705823,0.843117086832508
2,0.7882200206189941,0.1638532727167056,4.9962886481376145,-6.882868419740603,-0.942897088533421
2,0.7993189035637173,0.16426900508672082,5.549441472361583,0.20786618500760745,0.03743963300537555
2,0.8034368000638735,0.16919602020885635,2.0589482500781298,2.4635075610677655,0.8746163542464318
2,0.8114940441596413,0.1743300218217089,4.028622047883901,2.5670008064262726,0.5673177253364626
2,0.8096561043124275,0.17305225807079092,-0.9189699236069049,-0.6388818754589909,-2.534085176217592
2,0.8099290253587356,0.18023507487815416,0.13646052315402502,3.59140840368162,1.53281821510133
2,0.8231602051265277,0.17889932881736703,6.615589883896044,-0.667873030393562,-0.10061353182800184
2,0.8174523060386193,0.17803302454265885,-2.8539495439541818,-0.4331521373540925,-2.9909692920482476
2,0.8134042816135822,0.17874197773589165,-2.0240122125185223,0.3544765966164015,2.9682154179033478
2,0.8247280394937524,0.1795787485862332,5.661878940085074,0.4183854251707808,0.07376109318631018
2,0.8268884531666685,0.181420180333107,1.080206836458042,0.9207158734368948,0.7058576244588087
2,0.8369276090354184,0.180911571469846,5.019577934374963,-0.254304431630506,-0.0506192344935723
2,0.8402977319377425,0.181773178907195,1.6850614511620399,0.4308037186745023,0.2502990926412045
2,0.8432532064257781,0.18780440065747847,1.477737244017785,3.0156108751417388,1.1151571649737924
2,0.8497992397194877,0.20077306094994052,3.2730166468548094,6.484330146231024,1.1033496734675472
2,0.8475413772443727,0.19690835642225044,-1.1289312375574734,-1.9323522638450412,-2.0995368576891917
2,0.8510010900443058,0.1994078968361779,1.729856399966534,1.249770206963735,0.6256481850962623
2,0.8469577452986734,0.21016429323224953,-2.0216723728161967,5.37819819803581,1.9303570541887718
2,0.8529219870377127,0.22059578705724633,2.9821208695196555,5.215746912498403,1.0514053993411194
2,0.8537939150670941,0.22617326418452813,0.435964014690704,2.7887385636408966,1.4157213121230696
2,0.8657267736657459,0.2379966188999421,5.966429299325893,5.911677357706979,0.7807887121248672
2,0.8655951974002207,0.24462617728940028,-0.06578813276258977,3.314779194729098,1.590640634050009
2,0.8792084733970845,0.2475501859721673,6.8066379984318965,1.4620043413835075,0.21157635178125986
2,0.8815584230485211,0.25371071595988104,1.1749748257182668,3.080264993856871,1.2063806931110566
2,0.8805949671938084,0.25146933711493397,-0.48172792735634573,-1.1206894224735364,-1.9767674682648697
2,0.8841821062622284,0.2642293589114724,1.7935695342100044,6.380010898269228,1.2967463187027686
2,0.8800446009318327,0.26619294708721164,-2.0687526651978483,0.9817940878696085,2.6984849058694222
2,0.8942018928498906,0.26895512432943236,7.078645959028962,1.3810886211103601,0.1926857085125296
2,0.9049833825290781,0.2725043283771331,5.39074483959373,1.7746020238503801,0.31802073507857426
2,0.900167826148995,0.2753653500005413,-2.4077781900415096,1.4305108117040888,2.6055073990832835
2,0.8956256471673654,0.2826441126873702,-2.271089490814837,3.6393813434144606,2.128699065934881
2,0.8946268497588674,0.288473807003699,-0.4993987042489767,2.914847158164396,1.7404781554966406
2,0.8956645024169415,0.28490520523899104,0.5188263290370476,-1.784300882353984,-1.2878261174125
2,0.8888276112524685,0.28616666543613795,-3.418445582236529,0.630730098573451,2.9591367775495723
2,0.8891727262621566,0.28141545608413454,0.17255750484407306,-2.375604676001702,-1.4982863749521058
2,0.8948690057360098,0.28853676787285065,2.8481397369266026,3.5606558943580557,0.896121314953913
2,0.9000660416613833,0.295236720802236,2.5985179626867305,3.3499764646926775,0.9110600325539471
2,0.899896004243182,0.29730587658927793,-0.08501870910065934,1.0345778935209604,1.6527892841650849
2,0.9082101746916499,0.3070621287201187,4.1570852242339695,4.878126065420374,0.8650328249527592
2,0.9084347462799779,0.3009675839558037,0.11228579416400208,-3.0472723821574896,-1.5339650226251451
2,0.9145387598755323,0.3054856026702643,3.052006797777229,2.259009357230307,0.6371813290830047
2,0.91113648403285,0.30218869396507575,-1.7011379213411892,-1.6484543525942807,-2.3719215461374823
2,0.9162962855451314,0.30655056583318463,2.5799007561407294,2.18093593405444,0.7017921021091972
2,0.9138338234052334,0.29840187830691683,-1.2312310699489903,-4.074343763133897,-1.8642622359089127
2,0.9125527106613174,0.2942205200257519,-0.6405563719580343,-2.0906791405824743,-1.8681021698757867
2,0.9174626051453884,0.2901659744170673,2.454947242035488,-2.027272804342284,-0.6902703910217862
2,0.9282027829611336,0.2972146412110583,5.3700889078726055,3.5243333969954826,0.5807840189413422
2,0.9405590850490361,0.2955861273324578,6.178151043951252,-0.8142569393002341,-0.1310409627048834
2,0.9353634718817887,0.29113279901834416,-2.597806583623685,-2.226664157056829,-2.432972417428882
2,0.9391312026457603,0.29017456741930153,1.8838653819858164,-0.47911579952131245,-0.24904595638681795
2,0.9545776918326015,0.30581108911743277,7.723244593420608,7.8182608490656165,0.791511797124981
2,0.9598935895584387,0.30515900114310474,2.657948862918591,-0.3260439871640153,-0.12205774039630132
2,0.9680422043417879,0.31525741609761415,4.074307391674581,5.049207477254708,0.8918499854237437
2,0.986375199884931,0.30455622419483214,9.16649777157158,-5.350595951391007,-0.5283570283413889
2,0.9983379463895505,0.30709902429477626,5.981373252309741,1.2714000499720601,0.2094426961980742
2,0.992208459788656,0.3143992397309082,-3.064743300447259,3.650107718065981,2.269239718964506
2,0.9965662269274055,0.3238880390189637,2.1788835693747344,4.74439964402773,1.1402736396376294
2,0.9998287854921077,0.31644131932383884,1.631279282351128,-3.7233598475624183,-1.1578654151376393
2,0.9979374013325775,0.31303363209868373,-0.9456920797651369,-1.7038436125775547,-2.077496619378977
2,0.9993533487737869,0.31283586060652063,0.7079737206047154,-0.09888574608155065,-0.13877650516558437
2,0.9977114535218417,0.31432880560039683,-0.8209476259726234,0.7464724969380998,2.4036732472399165
2,0.9997003306630659,0.3019281028432887,0.9944385706120995,-6.200351378554069,-1.4117664495702047
2,0.9965625369361022,0.30408998170934565,-1.5688968634818279,1.0809394330284772,2.53830063804306
2,0.9922297870591545,0.29314149510627313,-2.166374938473825,-5.474243301536258,-1.9476245715429807
2,0.9954738625781854,0.2745822686831656,1.6220377595154156,-9.279613211553766,-1.3977487633864554
2,0.9898147062460849,0.26771949154268687,-2.8295781660502284,-3.431388570239363,-2.260367885189772
2,0.9952282929898404,0.2656054654536439,2.706793371877736,-1.0570130445214931,-0.37229327069372514
2,0.988172707809394,0.2587366663512896,-3.5277925902231777,-3.4343995511771364,-2.3696080007533564
2,0.9924693770191588,0.24975759398914407,2.148334604882396,-4.48953618107277,-1.1244795893717021
2,0.9969443075232975,0.24207519882800344,2.2374652520693594,-3.8411975805703187,-1.043350151567384
2,0.9943082063860915,0.23858990606247005,-1.318050568603013,-1.7426463827666938,-2.218349055590538
2,0.995898509066484,0.23371833253933189,0.795151340196254,-2.435786761569081,-1.255257684938198
2,0.9997894839157493,0.21797936952729835,1.9454874246326304,-7.8694815060167675,-1.3284365346432736
2,0.9865274393641796,0.21539529864535337,-6.631022275784826,-1.2920354409724915,-2.9491566821500967
2,0.990842217449814,0.20232231886602883,2.157389042817204,-6.536489889662267,-1.252000841608321
2,0.992200671626625,0.1917558811346424,0.6792270884054541,-5.283218865693217,-1.442934584050797
2,0.9996845773902516,0.17387684594137442,3.7419528818133374,-8.939517596633985,-1.1743712975881462
2,0.9985158972918926,0.16496373078379736,-0.5843400491795103,-4.456557578788531,-1.7011717253166445
2,0.9982302640278424,0.1551141482847553,-0.14281663202508899,-4.924791249521027,-1.5997877317123732
2,0.9932801771542545,0.15009418558689888,-2.4750434367939445,-2.509981348928214,-2.349186031538351
2,0.9831383006577781,0.14651857058616705,-5.070938248238233,-1.7878075003659177,-2.8026394699947246
2,0.9885274343176823,0.1373029741064569,2.6945668299521164,-4.607798239855076,-1.0416401757483444
2,0.9994499126592147,0.1283517000465812,5.461239170766185,-4.4756370299378485,-0.6865352035695984
2,0.9979458052068659,0.13062805979822445,-0.7520537261743732,1.1381798758216266,2.1546924231559617
2,0.990680632637986,0.1272001858559696,-3.632586284439965,-1.7139369711274277,-2.7007398310553894
2,0.9855578309275588,0.11505473875650944,-2.5614008552136136,-6.0727235497300756,-1.9699430897924757
2,0.9845078066764136,0.11210337918837616,-0.5250121255725992,-1.4756797840666385,-1.912607913314855
2,0.9949175605817614,0.10469387768737339,5.204876952673909,-3.7047507505013897,-0.6185913178412834
2,0.9987077819909735,0.11356132978945198,1.8951107046060733,4.433726051039296,1.166868643075476
2,0.9929996661044502,0.10385923524666703,-2.8540579432616564,-4.851047271392475,-2.10259707584361
2,0.9907222980364615,0.10638425909257507,-1.1386840339943638,1.2625119229540196,2.304670875631444
2,0.9967605250277491,0.10562790028595162,3.0191134956438215,-0.3781794033117236,-0.12461269737970439
2,0.9891893883933752,0.09573440842784461,-3.7855683171869603,-4.946745929053503,-2.2239952596372152
2,0.9832114315628142,0.09554774343434161,-2.9889784152805077,-0.09333249675150257,-3.110377245724137
2,0.9749785369278228,0.09534306432390596,-4.1164473174957195,-0.10233955521782301,-3.116736638050529
2,0.975980880936704,0.09546829200111757,0.5011720044406087,0.06261383860580588,0.12429082552820296
2,0.9787892179597213,0.08780967664748993,1.4041685115086522,-3.829307676813824,-1.2193310386529446
2,0.9706578427772439,0.08574583949931236,-4.065687591238709,-1.031918574088783,-2.8930298548019913
2,0.9637824603298023,0.07500067853262964,-3.4376912237207846,-5.372580483341362,-2.140009119711643
2,0.9657482721869635,0.07200959718821894,0.9829059285805797,-1.4955406722053504,-0.9893591450409542
2,0.9710999250602811,0.051587224762436344,2.6758264366588125,-10.211186212891295,-1.3145104003253167
2,0.978401532937867,0.04210278108049982,3.650803938792968,-4.742221840968262,-0.9147111937167656
2,0.9929251223696014,0.030966475123236414,7.261794715867187,-5.568152978631703,-0.6541501122564165
2,0.9932396042543654,0.022759081768403175,0.1572409423820087,-4.10369667741662,-1.5324981606473562
2,0.995701203027001,0.014685865466490861,1.2307993863178157,-4.036608150956157,-1.2748416904614308
2,0.9975402149967855,0.018989999962745162,0.9195059848922105,2.1520672481271506,1.1670076014219046
2,0.9922886897454909,0.013337288849365983,-2.6257626256472877,-2.8263555566895895,-2.319419334540517
2,0.9848934548151395,0.012084387261304027,-3.6976174651757177,-0.6264507940309778,-2.9737661427381874
2,0.9867162754554386,0.0008473115070297323,0.9114103201495749,-5.618537877137148,-1.4099822416241063
2,0.9782884396879192,0.01108801352876516,-4.213917883759688,5.120351010867714,2.259389916214742
2,0.9672134898680613,0.00839886519928059,-5.537474909928952,-1.344574164742285,-2.903389022617028
2,0.9605376169321418,0.0023604579182912614,-3.337936467959768,-3.0192036404946645,-2.4062903112225413
2,0.9601655322203239,0.005741215812747644,-0.18604235590896634,1.6903789472281914,1.680414696886473
2,0.9508122148505401,0.005847787018709381,-4.676658684891866,0.0532856029808685,3.13019919923086
2,0.947782067720041,0.0012896915773233171,-1.5150735652495473,-2.279047720693032,-2.157494140683971
2,0.9491168557717521,0.0008123171086250819,0.6673940258555278,-0.2386872343491176,-0.3434653537508893
2,0.9545172774889024,0.001394307092537695,2.700210858575136,0.2909949919563065,0.10735319198886166
2,0.9535301305521797,0.004073845647687331,-0.4935734683613191,1.3397692775748182,1.9237697989008673
2,0.9376744149043009,0.002156315001948387,-7.927857823939399,-0.9587653228694721,-3.0212408797214914
2,0.9338646798334246,0.0014425365968786326,-1.9048675354381706,-0.3568892025348772,-2.9563833903477397
2,0.9233427818294534,0.005579944131198087,-5.260949001985593,2.068703767159727,2.7669458202926496
2,0.9113308592577282,0.0038374326635349865,-6.0059612858626155,-0.8712557338315502,-2.9975324144218365
2,0.9056051180652288,0.010742660832270955,-2.862870596249678,3.452614084367984,2.263083944110207
2,0.907434706171881,0.012704072858435566,0.9147940533261179,0.9807060130823056,0.8201570190285448
2,0.906204627640777,0.019497570464894642,-0.6150392655520087,3.396748803229538,1.7499226293259862
2,0.896186916043781,0.01839329338576126,-5.008855798498024,-0.5521385395666906,-3.03180344325701
2,0.8964659402802001,0.02281975954663299,0.13951211820956155,2.213233080435865,1.5078441793297008
2,0.8852346291328295,0.015020926662909443,-5.615655573685318,-3.899416441861774,-2.534646362732076
2,0.8824896145656371,0.017044989764158143,-1.3725072835961694,1.01203155062435,2.5062305441462134
2,0.8689563768401263,0.01205989352498597,-6.766618862755425,-2.4925481195860866,-2.788656491995256
2,0.8608505972793148,0.021853714201219263,-4.052889780405744,4.896910338116647,2.262166503329008
2,0.8612313165845707,0.022411323953730633,0.1903596526279805,0.2788048762556849,0.9717278452801538
2,0.8538086244500446,0.019024052183481254,-3.7113460672630882,-1.6936358851246893,-2.7134788567956836
2,0.8559747676606728,0.017870486950756884,1.0830716053141232,-0.5767826163621849,-0.4893421110400437
2,0.8474030405269241,0.020008590371104064,-4.285863566874381,1.0690517101735897,2.8971442154241127
2,0.8380612165802321,0.013991159052782224,-4.670911973345959,-3.0087156591609197,-2.5693488219684544
2,0.8268554013928309,0.011163898282154147,-5.6029075937006345,-1.4136303853140384,-2.89444763991036
2,0.8242231456088458,0.014322296516900746,-1.3161278919925357,1.5791991173732993,2.2655826705712863
2,0.807337634535658,0.01782539511847639,-8.442755536593904,1.7515493007878216,2.93703268488476
2,0.805810876488978,0.005576587013859989,-0.7633790233400051,-6.1244040523082,-1.6948021985591086
2,0.8086727228692677,0.010732700191313463,1.4309231901448727,2.578056588726737,1.0640922679111675
2,0.8083215531745891,0.0023292352506744766,-0.17558484733931623,-4.201732470319493,-1.6125607056477012
2,0.8010602623744604,0.0073034565886769265,-3.6306454000643584,2.487110669001225,2.5409826743935744
2,0.8003658700668986,0.011052182366958966,-0.347196153780871,1.8743628891410196,1.7539545557352267
2,0.7971832785181345,0.019495109707763768,-1.591295774382051,4.221463670402401,1.9312786094179426
2,0.7914988583573469,0.01262338376471756,-2.8422100803938144,-3.4358629715231035,-2.261915094615818
2,0.7952338397402979,0.012508775281185821,1.8674906914755152,-0.057304241765869686,-0.030675529841143346
2,0.8061158859772036,0.0018306582260117325,5.441023118452848,-5.339058527587044,-0.7759398351943438
2,0.8050337707550362,0.001700617713149692,-0.5410576110836951,-0.06502025643102025,-3.0219936603540245
2,0.8032281289967921,0.010879392250927131,-0.9028208791220793,4.58938726888872,1.7650353503941167
2,0.8098792237425868,0.010136254579964785,3.325547372897364,-0.37156883548117303,-0.11127013297874805
2,0.8090231630815274,0.0013798871578260992,-0.42803033052968287,-4.378183711069343,-1.6682509883489907
2,0.7905951165673596,0.011067965517637625,-9.214023257083925,4.844039179905763,2.6575777446024422
2,0.7757869634410453,0.011818931931646917,-7.404076563157169,0.37548320700464627,3.0909230246566164
2,0.7784961658993915,0.008802024121899388,1.3546012291731357,-1.5084539048737644,-0.8390837655184121
2,0.7718996669837793,0.019491267372993178,-3.2982494578061017,5.344621625546894,2.123705870770276
2,0.7714200713271429,0.020101131748031895,-0.23979782831823337,0.30493218751935847,2.237187687629577
2,0.7685852218070214,0.035100255924113914,-1.417424760060737,7.499562088041009,1.7575939076219005
2,0.7591750066558095,0.03708070343952063,-4.705107575605938,0.9902237577033568,2.9341626122709212
2,0.7661932605095844,0.038170689177607,3.509126926887429,0.5449928690431857,0.15407633214777453
2,0.7728165072699793,0.031824715185743244,3.3116233801974704,-3.1729869959318777,-0.764022126959408
2,0.7790093045784442,0.03449755240703811,3.096398654232446,1.3364186106474343,0.4074511247653486
2,0.7796231993138898,0.042631414352868685,0.3069473677227985,4.066930972915286,1.4954651912549752
2,0.7774331393667987,0.053563418093357906,-1.095029973545547,5.46600187024461,1.7685137154754353
2,0.7740738994019739,0.05745759068300833,-1.6796199824123947,1.9470862948252134,2.28257866409631
2,0.7720877500517802,0.058139864407241046,-0.99307467509685,0.3411368621163563,2.810706023853294
2,0.7804325749002796,0.05844967417018419,4.172412424249705,0.15490488147157366,0.037108932218881036
2,0.7765732259792062,0.0615044435357025,-1.9296744605367122,1.5273846827591544,2.4720410853970884
2,0.7710152077782403,0.07208145691756339,-2.7790091004829542,5.2885066909304435,2.05462022243011
2,0.759729749631819,0.08001840933301392,-5.642729073210617,3.968476207725266,2.528661895150989
2,0.7516702745907239,0.09490776828551012,-4.029737520547583,7.4446794762480994,2.0669285365436383
2,0.7362907556662311,0.10315824663263651,-7.6897594622463705,4.125239173563195,2.649205160068563
2,0.7321622342384002,0.10413793008230844,-2.0642607139154667,0.48984172483596683,2.9086055499416648
2,0.7266719685165671,0.11609174936810232,-2.7451328609165437,5.976909642896939,2.0013486355514063
2,0.7333042873630826,0.10636454176341799,3.3161594232577474,-4.8636038023421655,-0.9723681806620292
2,0.7261775584076915,0.11045319129110467,-3.563364477695563,2.044324763843343,2.6207311431590474
2,0.7208254335457454,0.12658093187196204,-2.6760624309730696,8.063870290428682,1.8912187804614085
2,0.7150247281357377,0.13259486115659,-2.900352705003828,3.0069646423139806,2.3381490122796458
2,0.7084943721027974,0.14163349176187598,-3.2651780164701383,4.5193153026429895,2.1964599313033992
2,0.7060096015174184,0.14862763272529073,-1.2423852926894963,3.4970704817073734,1.9121534790408368
2,0.7112535458188952,0.1422973070940169,2.621972150738394,-3.165162815636918,-0.8789857282579647
2,0.7104740354182976,0.1374308808903113,-0.3897552002988247,-2.4332131018527936,-1.729628343511305
2,0.706085490760051,0.14057475646755724,-2.1942723291232813,1.571937788622968,2.519956284943642
2,0.7105705810595746,0.1550648703768637,2.2425451497617988,7.245056954653231,1.270621689492524
2,0.7130851925964075,0.15789080074364548,1.257305768416428,1.4129651833908878,0.8436257587869639
2,0.7107214700318768,0.1473717582175571,-1.1818612822653285,-5.259521263044187,-1.7918336867988116
2,0.7097559667978703,0.14451424859037743,-0.48275161700322977,-1.4287548135898387,-1.896635760010618
2,0.7156902442753337,0.13153097249358195,2.9671387387316672,-6.491638048397738,-1.14207783344808
2,0.7030700878935139,0.12598069619416016,-6.310078190909896,-2.7751381497108927,-2.7272578982927613
2,0.6975087693379103,0.13214086332017239,-2.7806592778018002,3.080083563006111,2.305149053714462
2,0.6993649036800813,0.13607331662286304,0.9280671710855115,1.9662266513453264,1.1297951583205477
2,0.7011320279596731,0.1330652250712383,0.8835621397959015,-1.5040457758123682,-1.0396507140248383
2,0.7008396298032803,0.1395422256656483,-0.14619907819640732,3.238500297205002,1.6159097647408727
2,0.698200930774292,0.14508398442382006,-1.3193495144941392,2.7708793790858777,2.01518115845241
2,0.7064080398275133,0.12991276624184744,4.103554526610653,-7.585609090986309,-1.0749156680516032
2,0.7090669795286304,0.12631008228328738,1.32946985055854,-1.80134197928003,-0.9349909967646667
2,0.7097302462426743,0.12932447669235128,0.3316333570219654,1.5071972045319486,1.3542143970882456
2,0.6961965695333672,0.13100403434975233,-6.766838354653581,0.8397788287005242,3.018121845803374
2,0.7068806158591998,0.13205526906637632,5.342023162916321,0.5256173583119972,0.09807725094804737
2,0.7064939067235827,0.13777878782994832,-0.19335456780855687,2.861759381785997,1.6382587241706856
2,0.7018629210250945,0.13021709072429927,-2.315492849244094,-3.7808485528245255,-2.120303083026003
2,0.6964209568660966,0.12739080924452106,-2.720982079498946,-1.4131407398891016,-2.662585524765728
2,0.6889419045410885,0.11865141964800388,-3.739526162504059,-4.369694798258592,-2.278640220280973
2,0.6801864206630697,0.11895776057946851,-4.377741939009416,0.1531704657323149,3.1066184567661357
2,0.6730274944109317,0.11958107258528951,-3.5794631260689935,0.31165600291049866,3.054743866350767
2,0.6750753641350584,0.10866132083499166,1.0239348620633693,-5.459875875148922,-1.385411550809527
2,0.6763625351401914,0.10806117143442763,0.6435855025664905,-0.30007470028201727,-0.4362887294738291
2,0.6799989674739918,0.10200777582703364,1.8182161669001995,-3.0266978036969925,-1.0298431491891642
2,0.670306577747112,0.09954857486861196,-4.846194863439901,-1.229600479210842,-2.8931112531343666
2,0.6653626254983948,0.09763713356173176,-2.4719761243586214,-0.9557206534401008,-2.772671859386116
2,0.6706851270651228,0.0992182870910303,2.661250783364044,0.7905767646492686,0.28876621088989285
2,0.6731121976711788,0.09330766202756449,1.2135353030279794,-2.9553125317329023,-1.1811612332837234
2,0.6526162998980478,0.09332679222757362,-10.247948886565494,0.009565100004563232,3.1406592865977427
2,0.6572002467925614,0.08006789423399376,2.29197344725679,-6.6294489967899315,-1.2379340663410727
2,0.6462873251532858,0.08686566039933274,-5.456460819637798,3.3988830826694945,2.5844977938506615
2,0.638855841535981,0.07930956592835682,-3.7157418086524174,-3.778047235487962,-2.347880406240688
2,0.6458236966771871,0.08167355149443521,3.4839275706030626,1.1819927830391956,0.32708417890601454
2,0.6455393705289352,0.06467347665559275,-0.14216307412595608,-8.50003741942123,-1.5875197615039633
2,0.6416415500780057,0.06810909988253806,-1.9489102254647284,1.7178116134726542,2.419137182334029
2,0.6377974283154002,0.05944142469192982,-1.9220608813027562,-4.333837595304122,-1.9882324736960624
2,0.6440933317714006,0.054501851465039323,3.147951728000198,-2.4697866134452475,-0.6652609676439312
2,0.635453492655049,0.05976840340449669,-4.319919558175789,2.633275969728684,2.594169023902915
2,0.6296686246905295,0.04998458243988403,-2.8924339822597456,-4.891910482306329,-2.1047710819921566
2,0.6328300347927109,0.03341969576677117,1.5807050510907028,-8.282443336556433,-1.3822140379465853
2,0.6294927269845113,0.014529368758033895,-1.668653904099815,-9.445163504368637,-1.7456595334832226
2,0.6334684404170482,0.005746877478670018,1.9878567162684435,-4.391245639681939,-1.1457107231734525
2,0.6281272919532039,0.00045901355384261557,-2.6705742319221293,-2.643931962413701,-2.3612075704959086
2,0.6261065416400484,0.011584544025187243,-1.0103751565777586,5.562765235672314,1.750469419402325
2,0.6261668153940874,0.006261619255125805,0.030136877019470987,-2.661462385030719,-1.5594733829735725
2,0.6261784709488569,0.0015485919359422482,0.005827777384781463,-2.3565136595917786,-1.5683232812938661
2,0.6349261159573389,0.016784744698656654,4.3738225042410095,7.618076381357203,1.0496105615709745
2,0.6260577236543017,0.016656969224499406,-4.434196151518632,-0.06388773707862415,-3.1271856867709587
2,0.6193733466176702,0.014574549952556349,-3.3421885183157474,-1.0412096359715284,-2.8395869172347883
2,0.6291684405606649,0.004066428527461016,4.897546971497357,-5.254060712547666,-0.8205026801329233
2,0.6161380708879609,0.001014351015551103,-6.515184836351994,-1.5260387559549566,-2.911512410258356
2,0.6096968737887702,0.007286775758684923,-3.2205985495953326,3.1362123715669097,2.369468633887016
2,0.6075481168767315,0.001167142723501954,-1.0743784560193759,-3.0598165175914844,-1.908473132512537
2,0.6062695272025421,0.0021089162914566797,-0.6392948370946838,0.47088678397736283,2.5067408912913516
2,0.603366937624874,0.001701084335119421,-1.4512947888340455,-0.20391597816862936,-3.002000235347215
2,0.5965428165683877,0.0009692176944489777,-3.412060528243166,-0.36593332033522163,-3.034754002375203
2,0.593296562610767,0.007477283515481953,-1.6231269788103408,3.254032910516487,2.0334872556733523
2,0.5979899836884102,0.010339408351833546,2.3467105388215725,1.4310624181757967,0.5476061453296934
2,0.6100216049268439,0.013881298995657852,6.015810619216855,1.7709453219121527,0.2862945709758004
2,0.6128236478386345,0.021471873521925523,1.4010214558953238,3.7952872631338352,1.217166310760011
2,0.6082986151630728,0.024491067207304245,-2.262516337780851,1.5095968426893611,2.5532068593704706
2,0.6128611783240434,0.03225504028589291,2.281281580485295,3.8819865392943336,1.0395010399189173
2,0.6035148219332425,0.02769734578431663,-4.673178195400474,-2.2788472507881408,-2.687878625012099
2,0.6044771110382744,0.031769582958302164,0.48114455251596633,2.036118586992767,1.3387482326676239
2,0.596638435000275,0.03515885646109792,-3.919338018999685,1.6946367513978773,2.733489146280341
2,0.5869160562635364,0.036392106153028486,-4.861189368369323,0.6166248459652836,3.0154199841032723
2,0.5800905300489554,0.049664863433540075,-3.412763107290495,6.636378640255795,2.0457794811296193
2,0.560495319134106,0.0516523211739911,-9.797605457424696,0.9937288702255125,3.0405126293928366
2,0.5629106058425737,0.05749471723045763,1.207643354233845,2.9211980282332664,1.178785990374347
2,0.5611388069760596,0.05793580918439097,-0.8858994332570647,0.22054597696666983,2.8976010739724662
2,0.564474512798239,0.0633689538565247,1.6678529110897289,2.7165723360668657,1.0201790061648894
2,0.5645460694944068,0.0755144743828437,0.03577834808388136,6.0727602631594975,1.5649047828225418
2,0.5725190691081666,0.08364436028099151,3.9864998068799284,4.064942949073905,0.7951405987279088
2,0.578260527636575,0.0923719626135119,2.870729264204175,4.363801166260194,0.9889220055502246
2,0.5730275135566626,0.10742324138829326,-2.616507039956195,7.525639387390682,1.9054019768691337
2,0.5672145630295584,0.1136063911851756,-2.9064752635520885,3.091574898441168,2.325344313163305
2,0.5634160494623534,0.11786053964224859,-1.899256783602532,2.127074228536495,2.29967286040752
2,0.5701107605077258,0.12133281729779741,3.347355522686224,1.7361388277744096,0.47846378929968436
2,0.5750723416002078,0.12754063576812724,2.4807905462410074,3.103909235164917,0.896514620611295
2,0.5728462366236367,0.13769129536057145,-1.113052488285582,5.075329796222105,1.7866849902010054
2,0.5743607311736365,0.13772964951628452,0.7572472749999282,0.019177077856535885,0.02531931164405261
2,0.5755026334420437,0.13554082067592166,0.5709511342035789,-1.0944144201814332,-1.0899433018963502
2,0.5766242232232703,0.1438059370185597,0.5607948906133364,4.1325581713190225,1.4359185888360633
2,0.5807301835183383,0.15059787084110013,2.052980147533967,3.395966911270212,1.027049091169509
2,0.5809461756815444,0.15552872829976658,0.10799608160305674,2.465428729333224,1.5270201327314128
2,0.5791304808527007,0.15042928435896924,-0.9078474144218474,-2.549721970398669,-1.9128572820979082
2,0.581143680201908,0.14962778637316693,1.0065996746036476,-0.4007489929011565,-0.37888594994179
2,0.5760478203332073,0.1649064254668321,-2.5479299343503237,7.639319546832585,1.8927224201741795
2,0.5664948336424652,0.1708033349962793,-4.776493345371057,2.948454764723607,2.5885608937585305
2,0.5713382129949037,0.1722004184243155,2.421689676219252,0.6985417140180916,0.280829103193671
2,0.568668159457783,0.18375060597281928,-1.3350267685603434,5.775093774251894,1.7979753743057871
2,0.5670739507314291,0.201445213215272,-0.7971043631769814,8.847303621226363,1.66064947050823
2,0.5755355673091641,0.20797412757905837,4.230808288867515,3.2644571818931793,0.6571772882074847
2,0.5786362965738162,0.2088718575385586,1.5503646323260512,0.4488649797501215,0.2818166317769185
2,0.5856049570623038,0.20818546338814178,3.484330244243772,-0.34319707520841236,-0.09818059729298301
2,0.5842369907316156,0.22498153223792464,-0.6839831653440709,8.398034424891426,1.6520625786434524
2,0.5939389516435597,0.23426502790727854,4.850980455972042,4.641747834676954,0.7633603738883769
2,0.5918942658556628,0.24206546963563455,-1.0223428939484247,3.900220864178003,1.8271531992321375
2,0.5921094959202493,0.24844468889687754,0.107615032293229,3.1896096306214954,1.537069871659573
2,0.602626655581574,0.2481661023661309,5.258579830662358,-0.1392932653733192,-0.026482568485320254
2,0.5929674583052048,0.2529934234729794,-4.829598638184606,2.413660553424235,2.6781336934856466
2,0.5925382578815949,0.25897838095580517,-0.21460021180497169,2.992478741412896,1.6423869647225597
2,0.5916587427133385,0.2580886488842416,-0.43975758412817534,-0.4448660357817824,-2.3504198367066094
2,0.5865382593251752,0.24694245070899304,-2.560241694081644,-5.57309908762428,-2.001433811248382
2,0.578067257991684,0.25079796458063897,-4.235500666745606,1.9277569358229634,2.7144703479362495
2,0.5885110644425855,0.26269357466577625,5.221903225450741,5.9478050425686435,0.850295332938538
2,0.587867166242116,0.26666680365489437,-0.321949100234753,1.986614494559058,1.7314587145997833
2,0.5801851870833545,0.26878111511131075,-3.840989579380727,1.0571557282081923,2.8730125858497773
2,0.5786946623800213,0.2702764237096652,-0.745262351666609,0.747654299177225,2.354592293939441
2,0.5732536500176122,0.2764723988473966,-2.720506181204563,3.097987568865701,2.2914091450795158
2,0.5668929896540961,0.289918237361491,-3.180330181758062,6.72291925704721,2.012658905793165
2,0.5612989356513647,0.28819843488903674,-2.797027001365693,-0.8599012362271452,-2.843329694585387
2,0.5571354963955135,0.29675421739954566,-2.0817196279255823,4.277891255254462,2.0236850582125374
2,0.5457670487375472,0.3036143346455841,-5.684223828983148,3.430058623019233,2.5986513719844933
2,0.5550427731750163,0.30181525966474265,4.637862218734523,-0.8995374904207376,-0.19157655260291503
2,0.5433358554568165,0.31224331024178725,-5.85345885909988,5.214025288522301,2.41390620644464
2,0.5373656428019465,0.31691409013733257,-2.985106327434983,2.335389947772659,2.477708604514394
2,0.5314209930396403,0.3269611700110641,-2.972324881153121,5.023539936865773,2.10507524302566
2,0.5295874819819658,0.33407726518031267,-0.9167555288372431,3.558047584624274,1.8229684047002972
2,0.5233596925894363,0.3445542664472971,-3.113894696264774,5.23850063349221,2.1071063311578295
2,0.5147575035080965,0.35312324631825776,-4.301094540669903,4.284489935480335,2.3581284976595303
2,0.5150650973326041,0.35952531402295895,0.15379691225381187,3.201033852350599,1.5227872333595374
2,0.5058448333901633,0.36799474651020503,-4.610131971220399,4.234716243623038,2.398613593333331
2,0.5030010258788206,0.35565268721191906,-1.421903755671361,-6.171029649142984,-1.7972597455005785
2,0.5040761378061043,0.3595653202588379,0.5375559636418559,1.9563165234594282,1.3026349879028583
2,0.4997311766807358,0.35858021395224143,-2.1724805626842367,-0.4925531532982419,-2.918638034699818
2,0.5042027884950336,0.35474839978089273,2.2358059071489187,-1.915907085674351,-0.7084978615926056
2,0.49880465332940793,0.3515228124990089,-2.699067582812853,-1.612793640941912,-2.6029859065102525
2,0.492117304749201,0.3464414047982015,-3.34367429010346,-2.540703850403697,-2.4918148385424947
2,0.4825343346479495,0.3311417384437988,-4.791485050625766,-7.6498331772013595,-2.130366970112004
2,0.48513940261497124,0.33405751779032833,1.3025339835108785,1.4578896732647673,0.8416185105445554
2,0.483295809316159,0.33628578286773103,-0.9217966494061147,1.1141325387013512,2.2620032222977855
2,0.4773341720390238,0.33514271488274827,-2.9808186385676114,-0.5715339924913798,-2.9521545144857453
2,0.48601717650387954,0.34040901963757964,4.34150223242788,2.6331523774156818,0.5451904756919344
2,0.4823205096446879,0.3386263813494074,-1.848333429595811,-0.8913191440861057,-2.692263015928281
2,0.47456314832751945,0.33641724943633206,-3.878680658584238,-1.1045659565376842,-2.8641581071387443
2,0.46854052826933607,0.3325607002252405,-3.0113100290916903,-1.9282746055457878,-2.5720353899643724
2,0.46726811032671545,0.3311708581912283,-0.6362089713103092,-0.6949210170060782,-2.312116137676687
2,0.4668031319614796,0.32729999796248166,-0.23248918261792317,-1.9354301143733321,-1.6903462559228482
2,0.45333068798996473,0.3247192466645263,-6.736221985757434,-1.2903756489776874,-2.9523276455465286
2,0.44823290027207346,0.3308871079530188,-2.5488938589456334,3.083930644246252,2.2614930910513342
2,0.44134116550301766,0.3324584070213324,-3.445867384527901,0.7856495341568015,2.9174268793853
2,0.4430329317091936,0.33255621738198593,0.8458831030879743,0.04890518032676927,0.05775124061716736
2,0.446569150353421,0.3336396212909529,1.7681093221136868,0.5417019544834978,0.297293795234716
2,0.43554048044075094,0.32048068068463054,-5.514334956335021,-6.5794703031611945,-2.268348353245339
2,0.45059952389140673,0.3182899744057063,7.529521725327892,-1.0953531394621296,-0.14446108447711511
2,0.43446721986282727,0.31591034733867973,-8.06615201428973,-1.1898135335132731,-2.995141777628066
2,0.4271844210129864,0.3241679814776464,-3.641399424920422,4.128817069483342,2.2935476085911337
2,0.4248341659509269,0.32449195588579216,-1.1751275310297737,0.16198720407287204,3.0046094474389347
2,0.4206057985879074,0.3153075941653302,-2.1141836815097292,-4.592180860230971,-2.0022550279840985
2,0.4227900918598704,0.3046409290797466,1.092146635981478,-5.3333325427918075,-1.3688112421928165
2,0.4143959107163753,0.31132133721966676,-4.197090571747525,3.3402040699600786,2.469394687680932
2,0.3939455705927234,0.31288569876694594,-10.225170061825967,0.7821807736395903,3.0652457137794507
2,0.3967816000184018,0.31233573360355593,1.4180147128391996,-0.27498258169500467,-0.1915434235638462
2,0.39401703186716025,0.30188440760039736,-1.382284075620771,-5.225663001579283,-1.8293920154559904
2,0.392115771478189,0.2950439744312009,-0.9506301944856299,-3.4202165845982346,-1.8418978971901712
2,0.3776071351683638,0.2849909990951002,-7.254318154912593,-5.026487668050361,-2.535650437393575
2,0.38181520650890827,0.28695612419973504,2.1040356702722307,0.9825625523174342,0.43689222218057167
2,0.3823850940789028,0.2967535600382555,0.28494378499727135,4.89871791926022,1.5126947825206134
2,0.38454925525741257,0.29045448364432225,1.0820805892548802,-3.149538196966617,-1.2398630118099243
2,0.3773367748864529,0.2851276163276146,-3.6062401854798365,-2.6634336583538363,-2.5054518400178494
2,0.37391469843051567,0.27991008656008154,-1.7110382279686143,-2.6087648837665176,-2.151294421633596
2,0.3685259407446091,0.2807193441099428,-2.6943788429532876,0.40462877493063765,2.992531404364782
2,0.3692803105912226,0.2895371208138149,0.377184923306767,4.408888351936035,1.4854531040819172
2,0.36758866224208786,0.2800692016698366,-0.8458241745673833,-4.733959571989132,-1.74760226598365
2,0.36488955616273006,0.2768000258623312,-1.3495530396789024,-1.6345879037527045,-2.2609668338505045
2,0.35428931374083,0.27926552661703885,-5.300121210950026,1.2327503773538195,2.9130666506174383
2,0.3508895402664963,0.2876722693141849,-1.6998867371668391,4.203371348573015,1.9550989093050242
2,0.35665347724543406,0.2886860842142731,2.881968489468867,0.506907450044114,0.17410842046371333
2,0.35522342452701144,0.2825520572851956,-0.7150263592113071,-3.067013464538748,-1.799839594770705
2,0.34221748962467724,0.2807390727521472,-6.502967451167102,-0.9064922665242003,-3.003088454089508
2,0.343660428872651,0.2810128056443033,0.7214696239868923,0.13686644607804888,0.18747727787909377
2,0.3427242894411353,0.285238385080702,-0.4680697157578573,2.112789718199337,1.7888160905487216
2,0.34444679685567103,0.28263903588820555,0.8612537072678617,-1.2996745962482181,-0.9855666386998302
2,0.33930764417858045,0.2873346191301861,-2.5695763385452928,2.3477916209902747,2.401266267695203
2,0.3349143143852726,0.2877512339083536,-2.1966648966539326,0.20830738908375612,3.0470464469096217
2,0.33603632810057715,0.2910397249058115,0.5610068576522853,1.6442454987289357,1.24198784706807
2,0.33155858586440695,0.29135564155599647,-2.2388711180851004,0.1579583250924943,3.0711567025383952
2,0.32934390993356816,0.2878295661023157,-1.107337965419397,-1.7630377268403885,-2.1316111625535368
2,0.3290856187773569,0.2840221863192361,-0.1291455781056161,-1.9036898915398004,-1.6385321515683051
2,0.3307112455140698,0.28214072868411194,0.8128133683564243,-0.9407288175620754,-0.8582160755729903
2,0.3226180195521608,0.2817163156034274,-4.046612980954489,-0.2122065403422635,-3.08920011238465
2,0.3156460054550621,0.2857905554234661,-3.4860070485493444,2.0371199100193413,2.612744661154337
2,0.31281668480526453,0.29116363012044383,-1.4146603248987866,2.6865373484888653,2.0554763193962327
2,0.3085408265272829,0.28924506721126625,-2.1379291389908293,-0.9592814545887896,-2.719823196082988
2,0.30726864875123927,0.2889934785996825,-0.6360888880218019,-0.12579430579187645,-2.946349796135343
2,0.30038912937063883,0.2909455511969785,-3.43975969030022,0.9760362986480087,2.865108765971116
2,0.2977170648852212,0.2825341839470985,-1.3360322427088123,-4.205683624940004,-1.8783870220782608
2,0.28610942642755693,0.27542568333837825,-5.803819228832135,-3.5542503043601292,-2.59210643886554
2,0.27553017504031585,0.2779664258425316,-5.289625693620542,1.2703712520766852,2.9058937568221155
2,0.2650373694553948,0.2791636543265012,-5.2464027924605245,0.5986142419847906,3.0279840297652725
2,0.2540005399617705,0.28512775793023076,-5.518414746812139,2.9820518018647824,2.64616370762571
2,0.2501053079063568,0.28780286757115403,-1.94761602770685,1.3375548204616339,2.539804472484132
2,0.24599097893086105,0.2999052174611916,-2.057164487747884,6.0511749450187775,1.8985000228652955
2,0.24708143858175324,0.2862520788509062,0.5452298254460947,-6.8265693051426934,-1.4910967187376098
2,0.24955566311862862,0.2807323269789909,1.2371122684376872,-2.7598759359576395,-1.1493992943556848
2,0.24715579705009633,0.285581593002184,-1.1999330342661456,2.4246330115965384,2.0303497070487526
2,0.23548154588583434,0.2730507880213485,-5.837125582130994,-6.2654024904177374,-2.320821858333877
2,0.21768261751848034,0.2676971147969029,-8.899464183676999,-2.6768366122228158,-2.84941466921571
2,0.21853773827007952,0.2548733944395077,0.4275603757995933,-6.411860178697603,-1.5042121653907061
2,0.21010384142200417,0.2478913819303762,-4.216948424037678,-3.491006254565748,-2.4500984078130004
2,0.20431163693988613,0.2494144328595984,-2.8961022410590176,0.7615254646111125,2.8844648705935176
2,0.20274580903882009,0.23678962330868678,-0.7829139505330235,-6.312404775455818,-1.6941940066789103
2,0.2002061448642964,0.2304048857142787,-1.269832087261849,-3.1923687972040398,-1.9493797734121179
2,0.2016016324599925,0.22632948219964208,0.6977437978480522,-2.0377017573183083,-1.2408928379706423
2,0.19948126443588307,0.22612319040872114,-1.0601840120547101,-0.1031458954604686,-3.044607329079118
2,0.19090103717318666,0.2318188000091895,-4.290113631348208,2.84780480023418,2.5555728633520474
2,0.18084715686796027,0.2232904052912619,-5.026940152613194,-4.2641973589638,-2.438104398729689
2,0.1776291269018132,0.20477813301456305,-1.6090149830735312,-9.256136138349428,-1.74290871993021
2,0.17412925430677897,0.20641349946755674,-1.7499362975171155,0.8176832264968487,2.7044746296575193
2,0.18119811017683896,0.2030896052314153,3.5344279350299908,-1.6619471180707168,-0.4395383825810778
2,0.17700443722627723,0.19362263293227705,-2.096836475280861,-4.73348614956913,-1.9877965368424786
2,0.16892971858520986,0.18040812994387673,-4.037359320533687,-6.6072514942001614,-2.1193010457601495
2,0.16536215082499175,0.18774250631154238,-1.7837838801090522,3.6671881838328257,2.023518874444245
2,0.16251453451349873,0.18921675498347315,-1.4238081557465114,0.7371243359653862,2.663875076177988
2,0.16122070445050996,0.18794431491090505,-0.6469150314943883,-0.636220036284052,-2.364529347385377
2,0.15999357363016178,0.18612097599413238,-0.6135654101740856,-0.9116694583863327,-2.163179695847568
2,0.15775576556941096,0.18463185772962504,-1.1189040303754143,-0.7445591322536721,-2.554442465972252
2,0.14317341011947313,0.1797683079645214,-7.291177724968914,-2.431774882551821,-2.8196714812097663
2,0.13359720782277532,0.16664495522999762,-4.788101148348906,-6.56167636726189,-2.201182913521489
2,0.12230641090784558,0.17040394911413062,-5.645398457464867,1.8794969420665024,2.8202092199368147
2,0.10963360694644436,0.17200177231194472,-6.336401980700609,0.7989115989070483,3.0161716141041968
2,0.11085507280041929,0.18260566225966934,0.6107329269874617,5.301944973862313,1.4561114330683431
2,0.10836556086341467,0.1897036301948331,-1.2447559685023062,3.548983967581881,1.9081265564236147
2,0.1092317705455223,0.18806884536702217,0.4331048410538135,-0.8173924139054656,-1.0835458132094078
2,0.0912899198587542,0.19601137410912417,-8.970925343384048,3.9712643710509976,2.7248412793443437
2,0.08370354548671852,0.20745769553353186,-3.7931871860178434,5.723160712203843,2.1561022066602216
2,0.0716951909794767,0.2144670614816794,-6.004177253620909,3.504682974073775,2.613239119417976
2,0.06289022542780752,0.21117595509450005,-4.40248277583459,-1.6455531935896799,-2.783893360032395
2,0.06327443463910672,0.20918722465253203,0.19210460564959841,-0.9943652209840059,-1.3799542453214082
2,0.05234228189353122,0.2057565785156207,-5.466076372787748,-1.7153230684556624,-2.8375125067597926
2,0.04040666280245529,0.20720313731978263,-5.967809545537963,0.7232794020809591,3.020984087351209
2,0.026610723173927646,0.20180768981509242,-6.897969814263823,-2.697723752345102,-2.7687912407535147
2,0.006325754886702062,0.20686241064311553,-10.142484143612792,2.5273604140115533,2.8973806854392072
2,0.004146126315434791,0.19441162836132675,-1.0898142856336352,-6.22539114089439,-1.7440997908933833
2,0.005640866721850517,0.201695730503089,0.7473702032078631,3.6420510708811276,1.3684001852695626
2,0.004395094264856106,0.1990345148150634,-0.6228862284972055,-1.3306078440128015,-2.0086175374315585
2,0.015817831547723746,0.1996636769466038,5.71136864143382,0.31458106577020306,0.05502420515394222
2,0.007503332372389264,0.21383977589635772,-4.157249587667241,7.088049474876956,2.101241610235892
2,0.0043092613712371365,0.20949519767719063,-1.5970355005760637,-2.1722891095835446,-2.204748555528828
2,0.0015857840004147028,0.21464577384462558,-1.3617386854112168,2.5752880837174725,2.0571952494036534
2,0.00918478279956383,0.218246908166145,3.799499399574564,1.800567160759714,0.44254709876824005
2,0.0010649725245155351,0.22095304554822404,-4.059905137524147,1.3530686910395162,2.81989375629487
2,0.008601031480111952,0.21603700474259357,3.7680294777982084,-2.458020402815231,-0.5780154845360512
2,0.007764816046183245,0.21435573675681324,-0.4181077169643538,-0.8406339928901663,-2.0323392375126357
2,0.009139165478637119,0.21657841148349913,0.6871747162269372,1.1113373633429429,1.0170068342752445
2,0.0030649981894229944,0.21208334555587188,-3.0370836446070624,-2.2475329638136228,-2.504502949461995
2,0.006576693483235495,0.21800405178778762,1.75584764690625,2.9603531159578673,1.0354502569129067
2,0.0041784710782775,0.21836573789392807,-1.1991112024789972,0.18084305307022874,2.9919064716747106
2,0.018684027047824056,0.22514019549072595,7.252777984773278,3.387228798398936,0.4369213893467094
2,0.014464551258154679,0.22751601599377708,-2.1097378948346885,1.1879102515255646,2.628777450926194
2,0.018364280934592952,0.23079097611525007,1.9498648382191364,1.6374800607364959,0.6985376109397329
2,0.015776785801934524,0.24281105978239056,-1.293747566329214,6.010041833570248,1.7828251143862468
2,0.027553144489774868,0.24231857449443078,5.888179343920172,-0.24624264397989093,-0.04179547343330352
2,0.0219374315327343,0.25098017180669197,-2.807856478520283,4.330798656130591,2.146008006963501
2,0.026417328004789433,0.2541302559433002,2.239948236027566,1.575042068304111,0.6128436427025161
2,0.016822099748487064,0.2525036091321093,-4.797614128151184,-0.8133234055954508,-2.973662596047769
2,0.024710434228255744,0.25828659319765673,3.9441672398843397,2.8914920327737237,0.6326008817574725
2,0.035774366769386945,0.2595672793177784,5.531966270565601,0.6403430600608329,0.1152403787591131
2,0.03110300816207054,0.26214838819251357,-2.335679303658203,1.290554437367586,2.6368020305649984
2,0.0319610879617669,0.2585856078429289,0.4290398998481812,-1.781390174792341,-1.3344519989341868
2,0.04203852210541555,0.26329312906467855,5.038717071824326,2.3537606108748332,0.4370115914995446
2,0.03665839897611297,0.2627226986335476,-2.6900615646512915,-0.28521521556548746,-3.035961752928468
2,0.02930243718869379,0.265053258086357,-3.6779808937095897,1.1652797264047055,2.8347715902464246
2,0.037019780588855265,0.25802904171894187,3.8586717000807376,-3.512108183707563,-0.7384141980481385
2,0.036027248114359055,0.25841446232145654,-0.49626623724810526,0.19271030125733724,2.7711952720000945
2,0.03647683514815224,0.2583334891699327,0.2247935168965924,-0.04048657576191661,-0.17819524178108825
2,0.04556249269515169,0.27109692102833227,4.542828773499725,6.381715929199783,0.9521610913419584
2,0.04593487719182412,0.2737438884384766,0.1861922483362144,1.3234837050721537,1.4310301403606398
2,0.05399516862863901,0.2856848909141605,4.0301457184074465,5.970501237841957,0.977040057408118
2,0.06586156582410245,0.29161295937203335,5.933198597731719,2.9640342289364296,0.46330168921550613
2,0.07649144391440266,0.2999045708798574,5.314939045150103,4.145805753912018,0.6624442262997404
2,0.07847780149277603,0.3104895632177259,0.9931787891866856,5.292496168934263,1.385295830596185
2,0.08641709438790027,0.31770027829059644,3.9696464475621194,3.605357536435261,0.7373442658435654
2,0.090687710424536,0.30877117838793455,2.1353080183178634,-4.464549951330943,-1.124674649550888
2,0.09240283453537763,0.31266711158867305,0.8575620554208199,1.9479666003692497,1.156093024889013
2,0.10399988651805969,0.30732087939968916,5.7985259913410285,-2.673116094491945,-0.4319631581568192
2,0.10079972457769265,0.2959353448873593,-1.6000809701835206,-5.692767256164938,-1.8447993867178842
2,0.10640910269428602,0.2955539506056936,2.804689058296686,-0.19069714083283507,-0.06788777235720395
2,0.0995611717978867,0.30354028102532754,-3.423965448199659,3.9931652098169623,2.279603374400778
2,0.08866135442275454,0.2993905793278583,-5.449908687566084,-2.074850848734627,-2.7778227953415686
2,0.08956694308479717,0.2972635908525768,0.45279433102131394,-1.0634942376407386,-1.1682813132401797
2,0.08749694354961969,0.3029848025665933,-1.0349997675887372,2.860605857008258,1.9179545441998573
2,0.08655974510673767,0.30452198070036374,-0.46859922144101146,0.7685890668852058,2.1183086266662006
2,0.08530115726513754,0.30965907911780016,-0.6292939208000642,2.5685492087182125,1.81106336623034
2,0.09118138380030599,0.3242896339201306,2.9401132675842265,7.315277401165221,1.1886409375194757
2,0.07944081099213804,0.3359660642108489,-5.870286404083977,5.838215145359149,2.3589336262278633
2,0.08138812547252215,0.34059076579900843,0.9736572401920565,2.312350794079765,1.172260710994208
2,0.08536161181969286,0.34530772909006635,1.9867431735853536,2.358481645528959,0.8707413927832194
2,0.08290071061989933,0.35393504233244794,-1.2304505998967652,4.313656621190792,1.8486624107604275
2,0.08737421063334729,0.3563676859257973,2.236750006723978,1.2163217966746909,0.4980627889420436
2,0.08931811166520705,0.36829405446340663,0.9719505159298814,5.963184268804655,1.4092252503017706
2,0.08047968064123533,0.3679416089616426,-4.41921551198586,-0.17622275088202688,-3.1017372915873263
2,0.0694771939752579,0.38914176933121153,-5.501243332988715,10.600080184784478,2.04951340646946
2,0.06758225776286073,0.38691378136242505,-0.9474681061985846,-1.1139939843932412,-2.2755890452033443
2,0.06638909822773596,0.3872718589884151,-0.5965797675623815,0.1790388129950249,2.850036084264909
2,0.06175326936661527,0.3832596695923951,-2.317914430560345,-2.006094698009997,-2.428183442560974
2,0.049249487632335526,0.38636860289366987,-6.251890867139873,1.5544666506373817,2.897894925912091
2,0.05314941958158619,0.37839444006687994,1.9499659746253333,-3.9870814133949604,-1.115930065334506
2,0.04242119146641798,0.3842254630049568,-5.364114057584107,2.9155114690384285,2.6437369201617273
2,0.04105322293395183,0.38483966557597127,-0.6839842662330724,0.30710128550723303,2.7195799474635862
2,0.03764099195271404,0.382781743155834,-1.7061154906188973,-1.028961210068624,-2.5988955874599067
2,0.02811206506028634,0.38523193148560225,-4.764463446213849,1.2250941648841163,2.889913229830066
2,0.02599906137655077,0.3746384382539742,-1.0565018418677852,-5.29674661581403,-1.767674919187977
2,0.024012946030315646,0.37483872471659585,-0.993057673117562,0.10014323131082858,3.041089102100735
2,0.015081345250588157,0.38414884696151774,-4.465800389863745,4.655061122460946,2.3354471544632567
2,0.015006239973065971,0.38428155381294093,-0.03755263876109322,0.06635342571159608,2.0858017528876855
2,0.0026617045422609896,0.39634200927860985,-6.172267715402491,6.030227732834459,2.3678342050725285
2,0.012647520612694457,0.40421705431825355,4.9929080352167325,3.937522519821851,0.6677651958378893
2,0.011905352511168553,0.4133140688621371,-0.3710840507629518,4.548507271941782,1.6521997414770304
2,0.0063575247916852415,0.4154291462698619,-2.7739138597416555,1.0575387038623818,2.7773588437523022
2,0.0008811532350478401,0.4181189575323921,-2.7381857783187007,1.344905631265103,2.685036635140804
2,0.008781506590367225,0.4213674860688056,3.9501766776596927,1.6242642682067487,0.3901136308976865
2,0.005282605407971355,0.4222099998401833,-1.7494505911979352,0.4212568856888643,2.905297224701179
2,0.017314670402145748,0.42508009440969075,6.016032497087197,1.4350472847537155,0.23416134946098965
2,0.012868279395488309,0.4408379757778652,-2.2231955033287196,7.878940684087232,1.845815524333487
2,0.016003078551086132,0.4540851917706684,1.5673995777989116,6.623607996401604,1.3384323394545306
2,0.004391265062967945,0.45236991063769233,-5.805906744059094,-0.8576405664880438,-2.9949346219322748
2,0.006864066471772393,0.44734598039645923,1.2364007044022238,-2.511965120616549,-1.113404489456073
2,0.0051808140341343106,0.4462578815151882,-0.8416262188190412,-0.544049440635519,-2.5677337050966216
2,0.0011419249944734863,0.4451507011970921,-2.019444519830412,-0.5535901590480452,-2.8740355315250463
2,0.00042485579444563083,0.4436294945718352,-0.35853460001392773,-0.7606033126284495,-2.011288444456146
2,0.004616240155998981,0.4544424737813255,2.095692180776675,5.406489604745157,1.2010030967317695
2,0.010398599468204997,0.4560528241200467,2.891179656103008,0.8051751693606002,0.27161131766554036
2,0.015240509924206879,0.4558451483038656,2.420955228000941,-0.10383790809057047,-0.042865023477849366
2,0.014993245942201108,0.4597284558393217,-0.12363199100288556,1.9416537677280632,1.6343840359205049
2,0.01608101614811153,0.4586316121637045,0.5438851029552112,-0.5484218378085937,-0.7895514911825446
2,0.010490596491654916,0.4725572108472673,-2.795209828228307,6.9627993417814,1.9525513404647985
2,0.0010057118129189434,0.47683410613993066,-4.742442339367987,2.13844764633167,2.717976450842628
2,0.010497800759280945,0.4820223656826979,4.7460444731810005,2.594129771383624,0.500219667295548
2,0.008260438893489033,0.4832711299677669,-1.1186809328959562,0.6243821425344909,2.632520342728311
2,0.014846682912894111,0.4873930874768683,3.293122009702539,2.0609787545507183,0.5592055926717299
2,0.014317490882905126,0.47685281798967166,-0.26459601499449237,-5.270134743598331,-1.6209608937529898
2,0.010260738786256744,0.4880785106039812,-2.028376048324191,5.612846307154778,1.917573931420433
2,0.013200975966389512,0.4901247989297404,1.470118590066384,1.0231441628796023,0.608009602234032
2,0.013197339081237455,0.49133528793678644,-0.0018184425760285616,0.6052445035230059,1.5738007937398337
2,0.0046884412310409795,0.49529240853169376,-4.254448925098238,1.9785602974536631,2.7062883002327727
2,0.005536464949877102,0.4885369321838685,0.4240118594180612,-3.3777381739126255,-1.4459182416918506
2,0.014171229227636284,0.48413567741573926,4.317382138879591,-2.200627384064624,-0.4713880725475498
2,0.014339595587667552,0.4852368946083728,0.08418318001563417,0.5506085963167817,1.4190800574975684
2,0.022121485418531206,0.48154489442730736,3.890944915431827,-1.8460000905327345,-0.4429871705850746
2,0.019762240707555417,0.47859975193729276,-1.1796223554878942,-1.472571245007298,-2.246185110454661
2,0.025444976378917933,0.48273229089731834,2.8413678356812575,2.0662694800127888,0.6287548843657585
2,0.021977206208502086,0.48951923610429926,-1.7338850852079233,3.3934726034904603,2.0431632367926738
2,0.019996155140030645,0.4960007719331814,-0.9905255342357207,3.240767914441056,1.8674242297214014
2,0.037739332063535386,0.4934136536224584,8.87158846175237,-1.2935591553614734,-0.14478886065819813
2,0.05368648606957296,0.49645962433675417,7.973577003018786,1.5229853571478713,0.1887308171552535
2,0.06348273917649509,0.5089052308390173,4.898126553461068,6.222803251131559,0.9039551947865553
2,0.07829708587891027,0.5139703026859853,7.407173351207587,2.532535923484014,0.3294434618828752
2,0.08631973580293167,0.5276299749303022,4.011324962010704,6.829836122158428,1.0397497434502037
2,0.09778633786808698,0.5340890976507444,5.733301032577652,3.2295613602211226,0.5129960261014863
2,0.11488296923482648,0.5369027564840029,8.54831568336975,1.4068294166292294,0.16311175693875868
2,0.10567347157912133,0.5491346883477707,-4.6047488278525766,6.115965931883904,2.2161548270217355
2,0.10665165953437272,0.5630728080948889,0.4890939776256986,6.969059873559114,1.500730440377194
2,0.11751759175657768,0.5768006067578489,5.432966111102479,6.863899331480017,0.9012428440109563
2,0.1160243041372858,0.5828567298231057,-0.7466438096459388,3.0280615326283566,1.8125487277562733
2,0.11559700025573166,0.5858305402477091,-0.21365194077706956,1.4869052123017146,1.7135085179697402
2,0.1075711756117319,0.588918312676409,-4.012912321999878,1.5438862143499765,2.7743193132418
2,0.11056937822938818,0.5963449623056019,1.4991013088281393,3.713324814596408,1.1870969409034784
2,0.11659179173302851,0.5953667784485583,3.011206751820164,-0.48909192852175654,-0.1610177563443337
2,0.12217259058636125,0.5840079983102796,2.790399426666368,-5.679390069139367,-1.114116586127046
2,0.1263664983054611,0.5964311890522728,2.096953859549923,6.211595370996581,1.2452223682117796
2,0.13296038715307162,0.5915896967353417,3.2969444238052645,-2.4207461584655476,-0.6333377192276836
2,0.13573926241243722,0.5983651620212227,1.3894376296827993,3.387732642940511,1.1815810268483045
2,0.13844322130520245,0.5936216554207272,1.3519794463826145,-2.3717533002477476,-1.0527023191787472
2,0.13932768566698547,0.6008800438974354,0.44223218089151084,3.6291942383541165,1.449540028195172
2,0.13359363631905088,0.6157519396129182,-2.867024673967294,7.435947857741376,1.9387952005629923
2,0.1297904886140751,0.6137095384656682,-1.9015738524878893,-1.0212005736249807,-2.648762384695942
2,0.12358700617390878,0.6213843768517588,-3.101741220083165,3.8374191930453105,2.2505707462267033
2,0.12544243207474326,0.6169474474457741,0.9277129504172421,-2.218464702992362,-1.1747182049798817
2,0.135412444590122,0.6158429516177013,4.98500625768937,-0.5522479140364078,-0.1103319039607779
2,0.13464241486409356,0.618434906986434,-0.3850148630142186,1.295977684366345,1.8595761952568448
2,0.1338520949465667,0.6327430178984359,-0.3951599587634358,7.154055456000951,1.625976052262
2,0.12271760117315068,0.6343283308008292,-5.567246886708004,0.7926564511966383,3.0001646668762008
2,0.13304740149385547,0.6429872859019155,5.164900160352391,4.329477550543137,0.6976329071129949
2,0.13439970393751383,0.6397453903634662,0.6761512218291799,-1.6209477692246121,-1.1756077051708076
2,0.13328710965606236,0.6476562492509055,-0.5562971407257339,3.955429443719627,1.7105212845474895
2,0.13669749505754236,0.6471314954518442,1.7051927007400018,-0.26237689953062526,-0.15267199217766367
2,0.14426155568660537,0.6513174945998493,3.7820303145315037,2.092999574002552,0.5054546849698439
2,0.1524591656389204,0.647257776024151,4.098804976157513,-2.029859287849156,-0.4598259196608995
2,0.15770332156005054,0.641726556858266,2.6220779605650724,-2.76560958294253,-0.8120325366151576
2,0.15334633966204164,0.6283611503348371,-2.1784909490044497,-6.6827032617144395,-1.8859229145708185
2,0.1621245680362555,0.6243557465452666,4.389114187106927,-2.0027018947852415,-0.4280710411269668
2,0.162910686587808,0.6274764339876667,0.3930592757762502,1.5603437212000637,1.3240249909431876
2,0.15853630962981863,0.626318326674123,-2.187188478994684,-0.5790536567718552,-2.882782452995777
2,0.15286344198806268,0.6314036894836563,-2.836433820877976,2.5426814047666557,2.4107501025436795
2,0.14875080333906654,0.629915492275461,-2.056319324498068,-0.7440986040976871,-2.794391925280941
2,0.16677745132544425,0.6351487602165018,9.013323993188854,2.616633970520421,0.282540881919419
2,0.1729316500447919,0.6289127248803521,3.077099359673832,-3.118017668074846,-0.792002996399265
2,0.18327773002365405,0.6333037879731908,5.173039989431069,2.195531546419327,0.4013776275616311
3,0.5260398342468715,0.46471702575955975,0.0,0.0,0.0
3,0.5242533530522883,0.46580047526851626,-0.8932405972916224,0.5417247544782511,2.596428452334829
3,0.5191111740864217,0.4625526589563836,-2.5710894829332753,-1.6239081560663338,-2.578259107761023
3,0.5173415305039871,0.4588662372368603,-0.884821791217294,-1.8432108597616348,-2.0183518315751017
3,0.527752974700424,0.4487423408003152,5.205722098218457,-5.0619482182725495,-0.7713964979826123
3,0.5369605893953754,0.43923094048217026,4.603807347475675,-4.755700159072479,-0.8016254572867433
3,0.5411270467652853,0.4324030897441626,2.083228684954974,-3.4139253690038394,-1.0228995878540879
3,0.5484733214659581,0.42325334495833916,3.673137350336364,-4.57487239291171,-0.8942932724063258
3,0.5436377179496829,0.42020740676820845,-2.4178017581376055,-1.5229690950653574,-2.579478753256974
3,0.5504436107222288,0.41738927232709894,3.402946386272976,-1.409067220554755,-0.3925788477829238
3,0.5495816537776335,0.40203081661737816,-0.4309784722976717,-7.679227854860388,-1.626860144956672
3,0.552359917345257,0.3952486015275342,1.3891317838117812,-3.3911075449219727,-1.1820077089927359
3,0.5454319013861685,0.38356948548138087,-3.46400797954427,-5.839558023076674,-2.1061985641781034
3,0.5558987935966233,0.37697341228473735,5.233446105227412,-3.298036598321757,-0.5623188085149864
3,0.5539052116904902,0.36271850369585246,-0.9967909530665398,-7.1274542944424475,-1.709747415184944
3,0.5519466684760549,0.3514255148057687,-0.9792716072176688,-5.646494445041866,-1.7425182537324262
3,0.5638358819184053,0.3425067398583597,5.944606721175194,-4.459387473704501,-0.6436014875242061
3,0.5572491352452987,0.33640764127319234,-3.2933733365532736,-3.049549292583692,-2.3946159038397137
3,0.5554606332093958,0.32628487224343805,-0.8942510179514862,-5.061384514877143,-1.745672679051645
3,0.5571277883965171,0.32053482168264436,0.8335775935606748,-2.875025280396848,-1.2885965729026227
3,0.5617026912473749,0.31699875063920374,2.2874514254289102,-1.768035521720307,-0.6580143476330814
3,0.565350659151739,0.30297421867755897,1.823983952182029,-7.012265980822385,-1.3163221042166207
3,0.558712898143702,0.30818341053597864,-3.3188805040185176,2.604595929209835,2.476200432763749
3,0.5675343327174138,0.3045338620500656,4.410717286855936,-1.8247742429565172,-0.39227236151856504
3,0.5765769098758424,0.3091843680000127,4.5212885792143,2.325252974973546,0.47501405311346273
3,0.5946664915214109,0.30637956295819707,9.044790822784254,-1.402402520907814,-0.1538259584299128
3,0.6041264125772391,0.3062317651942706,4.729960527914079,-0.07389888196324135,-0.01562230162385264
3,0.6061213805271424,0.3102395957108773,0.9974839749516407,2.003915258303346,1.1089362775738338
3,0.6138112682000622,0.30526692708084374,3.844943836459891,-2.4863343150167694,-0.574016859373158
3,0.6145556039361693,0.29733560642615536,0.3721678680535523,-3.9656603273441893,-1.477222755879712
3,0.620966719715484,0.29544726331534893,3.2055578896573733,-0.9441715554032171,-0.28644199915816726
3,0.6233718077286419,0.2792420294472118,1.2025440065789317,-8.102616934068552,-1.423457571446463
3,0.6341331753175993,0.27855416562266544,5.380683794478702,-0.3439319122731932,-0.06383290035915871
3,0.6401582305838194,0.280390737649909,3.0125276331100515,0.9182860136217885,0.2958751551171497
3,0.6478708461593651,0.26839296943601626,3.85630778777285,-5.998884106946378,-0.9994727311786769
3,0.6534454583238848,0.2671172020885087,2.787306082259855,-0.6378836737537807,-0.22497885055580719
3,0.658700656593905,0.2607394642517792,2.6275991350100947,-3.1888689183647565,-0.8815969801354934
3,0.6723400974875511,0.26944372539587913,6.819720446823052,4.352130572049973,0.568012785309391
3,0.6817799541343929,0.26119836830947507,4.719928323420885,-4.12267854320203,-0.7179583170453494
3,0.6940761586322992,0.25290757511074946,6.14810224895318,-4.145396599362805,-0.5932385675505976
3,0.7003533775085358,0.24101412520121568,3.1386094381182783,-5.946724954766891,-1.0851663215221063
3,0.703839463735279,0.2506524298283176,1.7430431133715896,4.819152313550956,1.2237447298261803
3,0.7103935613670689,0.2510972101097732,3.2770488158949673,0.22239014072780727,0.06775904071465463
3,0.7178541846738339,0.25907716652887364,3.730311653382501,3.9899782095502156,0.819019790285739
3,0.7250372881603,0.25506467078290307,3.591551743233057,-2.0062478729852837,-0.5094234125861735
3,0.7210182640734192,0.26411569216634706,-2.009512043440409,4.525510691721996,1.9886836629534956
3,0.7271653893198805,0.2604616741713237,3.0735626232306634,-1.8270089975116754,-0.5363117225727086
3,0.7245230040857573,0.2668994621355681,-1.321192617061595,3.2188939821221894,1.9602780951247092
3,0.7406111006492003,0.2701267016843567,8.044048281721505,1.6136197743943093,0.19797046704037682
3,0.7388173656646594,0.26728642402032327,-0.89686749227047,-1.4201388320167208,-2.1340812297078466
3,0.7414409940982005,0.2688794513788964,1.3118142167705682,0.7965136792865701,0.5456857147218354
3,0.7508339650421869,0.2617211987517179,4.696485471993195,-3.5791263135892537,-0.6511914483620371
3,0.7654505091874859,0.26481832344112854,7.308272072649502,1.5485623447053232,0.2088033225839334
3,0.7624621708138595,0.26153679071295033,-1.4941691868132212,-1.640766364089108,-2.309466109650132
3,0.7713285488272024,0.26901759541085746,4.433189006671445,3.7404023489535643,0.7008411158321003
3,0.7836025252236489,0.2743159020899196,6.136988198223281,2.649153339531085,0.40750655648626405
3,0.7727429829864662,0.2812242620774471,-5.429771118591386,3.4541799937637396,2.5750114325003435
3,0.7762928672722085,0.279104385560346,1.774942142871161,-1.0599382585505523,-0.538334382987888
3,0.7816005230245012,0.2888385390203565,2.653827876146375,4.867076730005248,1.071598663873984
3,0.7908377077615986,0.2929426107973644,4.6185923685486685,2.0520358885039447,0.4181028545426753
3,0.7914374020405405,0.2924535435061435,0.29984713947095454,-0.24453364561044522,-0.6841375936562254
3,0.7794613841417489,0.2983736215209312,-5.988008949395773,2.9600390073938607,2.682493130248302
3,0.7761193591839675,0.2988753424458735,-1.6710124788907321,0.25086046247113636,2.992580626169757
3,0.780321038431479,0.30522947817290075,2.1008396237557903,3.1770678635136274,0.9865523377568556
3,0.7755880981769785,0.3020551873076189,-2.3664701272502753,-1.587145432640935,-2.550816369003546
3,0.7845018769685004,0.3142515182764983,4.4568893957609435,6.098165484439699,0.939659463266225
3,0.7824525526292019,0.31518690794792165,-1.0246621696492486,0.467694835711685,2.713397731634115
3,0.787302482656833,0.30888851135283957,2.424965013815561,-3.149198297541039,-0.9146011977600356
3,0.7930738486162004,0.3216006366168871,2.8856829796837236,6.356062632023762,1.144616996979717
3,0.7969312194952042,0.3171468533748586,1.9286854395018649,-2.2268916210142486,-0.8570358386252444
3,0.8061930240318929,0.31694116993683086,4.630902268344339,-0.10284171901386863,-0.022204056895830368
3,0.8062745711644522,0.3193032379445816,0.04077356627968376,1.1810340038753697,1.5362864154357525
3,0.8019983607379735,0.3253449813169089,-2.138105213239372,3.020871686163662,2.186723084833467
3,0.8027611212082499,0.33161908541684887,0.38138023513822894,3.1370520499699737,1.449817206675478
3,0.7968486488601779,0.3293693867913441,-2.956236174036009,-1.1248493127523906,-2.7780083780039084
3,0.8003814645675105,0.3311635391494149,1.7664078536662742,0.8970761790353943,0.4699105477725349
3,0.8032590362649207,0.34272613742471847,1.4387858487051042,5.781299137651796,1.3268824638507173
3,0.803915635997004,0.34617687269387504,0.32829986604165917,1.7253676345782842,1.3827658769068283
3,0.801292282001886,0.3449026291419252,-1.3116769975590192,-0.6371217759749137,-2.68942551665233
3,0.7980740604003644,0.3499424122787927,-1.6091108007607602,2.519891568433741,2.1390897757039995
3,0.7960176894902794,0.3545494132234801,-1.0281854550425185,2.3035004723437056,1.990617290547969
3,0.811451849176756,0.35830257513021235,7.717079843238272,1.8765809533661248,0.23854245115222725
3,0.8013293091453476,0.35479728430894275,-5.061270015704166,-1.752645410634801,-2.808230615432459
3,0.8010045247928874,0.3536551154610718,-0.16239217623009727,-0.5710844239354695,-1.8478412101240673
3,0.8114893244010261,0.35809299529595934,5.242399804069319,2.218939917443763,0.40040268733462486
3,0.8173635268503883,0.35693554309795267,2.9371012246811046,-0.5787260990033349,-0.19454768571448422
3,0.8070957093922465,0.3555280746017759,-5.133908729070879,-0.7037342480883946,-3.005365919801285
3,0.7975490991309936,0.3577728792423979,-4.77330513062646,1.1224023203110223,2.910646564685194
3,0.7942787992339518,0.3575149629314887,-1.6351499485208754,-0.12895815545460598,-3.062889302499992
3,0.7878879538515258,0.3629327467524392,-3.1954226912130346,2.708891910475242,2.438411320903527
3,0.7857909722962152,0.3647617308163041,-1.0484907776552865,0.9144920319324457,2.424351576798877
3,0.7898271845480732,0.3723933448775448,2.018106125929009,3.815807030620344,1.0843121068806563
3,0.7863651446280577,0.37437179461809933,-1.7310199600077403,0.9892248702772777,2.6224157908858574
3,0.7912168331471479,0.37831767716830667,2.4258442595450624,1.972941275103668,0.6827987792590556
3,0.7777077290615526,0.38768751669297097,-6.754552042797624,4.684919762332151,2.535178670190382
3,0.7704012134681983,0.3881769204124538,-3.653257796677134,0.24470185974140302,3.074710736559037
3,0.7675739461716564,0.3935068758493602,-1.4136336482709622,2.664977718453226,2.058505048704802
3,0.7543172105398003,0.4081567385419673,-6.628367815928071,7.324931346303548,2.3063148346553572
3,0.7422521603120239,0.41006644890168253,-6.0325251138881875,0.9548551798576055,2.9846105237425538
3,0.7462565949704062,0.4164616796528768,2.002217329191147,3.1976153755971235,1.0113636292128014
3,0.7402510267533808,0.4147985761941252,-3.0027841085126794,-0.8315517293757957,-2.8714358923265317
3,0.7309849835636941,0.4156826065069095,-4.633021594843356,0.44201515639216704,3.046475175078419
3,0.7143977273429728,0.41389983610098996,-8.293628110360663,-0.8913852029597824,-3.0345253387063593
3,0.7133418127395339,0.41111122959045515,-0.5279573017194505,-1.394303255267404,-1.9327658945264166
3,0.7076278298600416,0.40054521519965197,-2.8569914397461593,-5.28300719540159,-2.0665401508352126
3,0.7003883632276011,0.4042048973656953,-3.6197333162202305,1.8298410830216716,2.673540233030186
3,0.6880678873693101,0.40418039561826224,-6.160237929145495,-0.012250873716534993,-3.1396039548240933
3,0.6764614156124125,0.4100530473255155,-5.803235878448831,2.9363258536266312,2.673171870713413
3,0.6674597990579453,0.40704275977626636,-4.500808277233592,-1.5051437746245733,-2.8188677213711366
3,0.6785511040871964,0.415829112287398,5.545652514625576,4.393176255565817,0.6699567811191799
3,0.6688447017560248,0.41713429592966383,-4.853201165585796,0.6525918211329196,3.0079281470826307
3,0.6544146569782019,0.40763145189677935,-7.215022388911474,-4.751422016442241,-2.5592333453942033
3,0.6486569664702931,0.4058444415766368,-2.8788452539543763,-0.8935051600712784,-2.8406501052362167
3,0.6475169462472693,0.40653459668951747,-0.5700101115119205,0.34507755644033744,2.597220451086655
3,0.6457778367390677,0.40754066800054706,-0.8695547541007764,0.5030356555147941,2.617133534071084
3,0.6456872287792449,0.4090752193292326,-0.04530397991142632,0.7672756643427592,1.629773098112761
3,0.6379126349434093,0.4130534425701185,-3.887296917917782,1.9891116204429626,2.668632627807299
3,0.6289748266602603,0.40647319823662054,-4.468904141574526,-3.290122166748982,-2.5069655246419242
3,0.6315558813469394,0.39343271909849553,1.2905273433395648,-6.520239569062502,-1.3753954356239082
3,0.6246067203597089,0.3880635062977469,-3.4745804936152647,-2.684606400374323,-2.483757518529049
3,0.632247558265968,0.3830774213824438,3.8204189531295674,-2.493042457651556,-0.578170903991018
3,0.6269837952748946,0.3772266282649795,-2.6318814955367253,-2.9253965587321407,-2.303427184012701
3,0.6248867502346308,0.374246024266092,-1.0485225201318782,-1.4903019994437494,-2.183910092920192
3,0.6138495609795187,0.3636986054551951,-5.51859462755605,-5.27370940544844,-2.378881323920737
3,0.6178196198535167,0.3666812423616176,1.9850294369990196,1.4913184532112378,0.6443215888624768
3,0.6188759157700079,0.3623310137348686,0.5281479582455728,-2.1751143133744986,-1.3325924169939634
3,0.6279078215822791,0.3558746010772581,4.515952906135601,-3.228206328805244,-0.6206197219991145
3,0.6204159102476078,0.3438886376540357,-3.745955667335654,-5.992981711611195,-2.1294366895592223
3,0.6156534524100914,0.3381822603484141,-2.3812289187581936,-2.853188652810812,-2.266272933411747
3,0.6157763305950267,0.33777091750752564,0.06143909246764112,-0.2056714204442256,-1.2805101251798587
3,0.622661773465854,0.3338428698760868,3.442721435413687,-1.9640238157194179,-0.5184351480603291
3,0.6198266777712139,0.3430739143178056,-1.4175478473200664,4.615522220859397,1.8687780383259913
3,0.6116910997622946,0.334824121072997,-4.067789004459643,-4.124896622404283,-2.349224041716261
3,0.6122228742855592,0.3318825559188406,0.2658872616322916,-1.4707825770782224,-1.391948505368096
3,0.6051952973724444,0.33441376288483504,-3.5137884565574207,1.2656034829972296,2.795875930842809
3,0.6123361022231726,0.3300402678439986,3.5704024253641053,-2.186747520418225,-0.5495347649441804
3,0.6161186927905083,0.3250466769127787,1.891295283667882,-2.4967954656099356,-0.9225194153192746
3,0.6272825331527805,0.3265455453977904,5.581920181136068,0.749434242505842,0.13346289421370577
3,0.6271867522864853,0.32468720076392965,-0.047890433147568245,-0.9291723169303767,-1.6222917203083553
3,0.6272771512704344,0.32592117828203726,0.04519949197451245,0.6169887590538048,1.4976687497815127
3,0.6253979547706144,0.3242984680625476,-0.9395982499099675,-0.8113551097448379,-2.4293058383360835
3,0.6353701324297051,0.32074813088623416,4.986088829545321,-1.7751685881567114,-0.3420315305377479
3,0.6322646914810158,0.3100885055735703,-1.5527204743446266,-5.329812656331923,-1.8542777411855849
3,0.6377540325919105,0.310387781264435,2.7446705554473594,0.14963784543234326,0.05446549839951353
3,0.6435267871079904,0.2994019863672674,2.8863772580399183,-5.492897448583806,-1.0869774636241154
3,0.6536581891493523,0.2902211295082889,5.065701020680935,-4.590428429489257,-0.7362180696395408
3,0.6586531420497417,0.283357826627096,2.4974764501947133,-3.4316514405964282,-0.9416704007918258
3,0.6597852564210305,0.28277454030447363,0.5660571856443974,-0.2916431613111947,-0.4757481918985083
3,0.6655313469728631,0.26943376259448787,2.8730452759163083,-6.670388854992881,-1.1640938933728309
3,0.6694998117252334,0.2605210427836568,1.9842323761851688,-4.456359905415541,-1.1518923776095347
3,0.670239853051982,0.24839417176950268,0.37002066337427086,-6.0634355070770525,-1.5098469916315764
3,0.667569338825621,0.23551055642896507,-1.3352571131804991,-6.4418076702688065,-1.7751818702923978
3,0.661321900950747,0.22788521656578617,-3.123718937436959,-3.8126699315894492,-2.257195031422878
3,0.666308844082522,0.21352405114178233,2.493471565887473,-7.180582712001921,-1.2365717264877083
3,0.6688944071362384,0.20731271661055792,1.2927815268581888,-3.105667265612205,-1.17634724574678
3,0.6598351166746028,0.22085440476439436,-4.52964523081778,6.77084407691822,2.1604075297936887
3,0.6528032949700088,0.21035182324862275,-3.5159108522970217,-5.251290757885801,-2.160780479908906
3,0.6429000275101013,0.20689935487167263,-4.951633729953719,-1.726234188475062,-2.8061485470147876
3,0.6387741839643423,0.19516818201452482,-2.0629217728795335,-5.865586428573905,-1.9089840646320373
3,0.6330494267304101,0.19616726905578435,-2.862378616966088,0.4995435206297666,2.968812353545248
3,0.6321733805590007,0.18746800249030657,-0.4380230857046752,-4.3496332827388935,-1.6711614176137652
3,0.6204596426063013,0.17563796845508337,-5.856868976349738,-5.915017017611601,-2.3512549615242966
3,0.608768031917122,0.17863356039088052,-5.845805344589616,1.4977959678985768,2.8907711074889346
3,0.5959464440958498,0.16615641439352385,-6.410793910636092,-6.2385729986783325,-2.369808631751721
3,0.5807039659328278,0.1610216374823926,-7.621239081511022,-2.567388455565631,-2.816659932716322
3,0.5770096916428941,0.14380889071555938,-1.8471371449668705,-8.606373383416605,-1.7822133898522983
3,0.5641182126808656,0.13580999196069446,-6.445739481014234,-3.9994493774324624,-2.5862506224732495
3,0.5524667543888503,0.12751565365576775,-5.825729146007652,-4.147169152463354,-2.5229437537810893
3,0.5509918293057899,0.1233228915092255,-0.7374625415301761,-2.0963810732711265,-1.90905499579421
3,0.5475909491578776,0.1340292755514466,-1.7004400739561443,5.353192021110558,1.878365874080859
3,0.5452620484184625,0.1291777275915683,-1.1644503697075814,-2.4257739799391635,-2.0183427230558273
3,0.5478251206995991,0.12938225386491045,1.2815361405683068,0.10226313667108244,0.07962858142563756
3,0.5305880657618465,0.12326664911616568,-8.618527468876314,-3.0578023743723857,-2.8006533548424364
3,0.5210003602878052,0.11441387589374956,-4.793852737020654,-4.426386611208061,-2.3960277028026433
3,0.5091764890098219,0.11567940596812648,-5.911935638991617,0.632765037188461,3.034966791618945
3,0.503382079111795,0.118069387067327,-2.8972049490134655,1.194990549600261,2.7503884867090997
3,0.49575683353284644,0.1282989434472412,-3.812622789474279,5.114778189957092,2.21135536590346
3,0.49074403199208855,0.1321793023766928,-2.506400770378947,1.9401794647257997,2.482851440468855
3,0.48538774131853174,0.1348414681667267,-2.6781453367784036,1.3310828950169606,2.680334550150118
3,0.48209166856703384,0.13406768923359288,-1.6480363757489513,-0.3868894665669115,-2.9110101882776815
3,0.48507466845274844,0.1305445839598902,1.4914999428572995,-1.761552636851349,-0.8682234120938929
3,0.47927652959110756,0.1342585351733184,-2.8990694308204388,1.8569756067141063,2.5718950813485284
3,0.4727478890366873,0.13477256976612015,-3.264320277210131,0.25701729640087434,3.063019432665019
3,0.47251425561370763,0.14604738885205515,-0.11681671148983108,5.6374095429675,1.5915150620533696
3,0.47053152818259153,0.14442174809886535,-0.9913637155580524,-0.8128203765948999,-2.4548340372796913
3,0.47249752534251144,0.15127932899276678,0.9829985799599539,3.4287904469507136,1.2915951897047748
3,0.4768805160635876,0.158445887890835,2.191495360538087,3.58327944903411,1.0218988358356684
3,0.47807028116038924,0.15336720098154952,0.5948825484008158,-2.5393434546427396,-1.3406797994589241
3,0.4705537095019109,0.15985853407444914,-3.758285829239177,3.2456665464498102,2.429254222343793
3,0.4749249544010309,0.16506380353127287,2.1856224495599985,2.602634728411865,0.8722695908733485
3,0.47000836384586575,0.17604318369164026,-2.4582952775825673,5.489690080183698,1.991821055539451
3,0.45379588884096067,0.18726368560421316,-8.10623750245254,5.61025095628645,2.536194744325777
3,0.44932389585710875,0.19242434804705308,-2.2359964919259623,2.5803312214199567,2.284822715069101
3,0.44786953983410455,0.19648251681760717,-0.7271780115020998,2.029084385277047,1.9149147384710852
3,0.4496192744486632,0.1925450198424232,0.8748673072793145,-1.968748487591987,-1.1526279955820844
3,0.4506707191853841,0.1892339937659595,0.5257223683604595,-1.6555130382318455,-1.263309590679665
3,0.4508213913089852,0.19820285291304937,0.07533606180054608,4.484429573544932,1.553998432081331
3,0.46071607550483484,0.20411449626628442,4.947342097924828,2.955821676617523,0.5385471782691434
3,0.45534479526799637,0.20878042038567435,-2.6856401184192356,2.332962059694965,2.4263533110223436
3,0.4632413178263332,0.21470827039910206,3.948261279168419,2.9639250067138576,0.6439433315268541
3,0.4598093703183329,0.22577938898062316,-1.7159737540001496,5.53555929076055,1.8713938178435734
3,0.46611496022893006,0.23428741944123435,3.152794955298577,4.254015230305594,0.9329937031719155
3,0.4647778987589833,0.24942221506492987,-0.6685307349733882,7.567397811847759,1.6589111120581796
3,0.47007877749090354,0.2625926303408783,2.6504393659601275,6.585207637974224,1.1881505820413754
3,0.4650753267009823,0.27367344833441315,-2.50172539496063,5.5404089967674155,1.9949315466808963
3,0.4661342909541074,0.2801858523595077,0.5294821265625638,3.2562020125472824,1.4095999117423155
3,0.4593686713850375,0.2810355633745914,-3.382809784534951,0.42485550754184365,3.0166543258573832
3,0.4586056143363727,0.28610315067404307,-0.3815285243324029,2.533793649725835,1.7202495564592095
3,0.4460817871693137,0.28881864906952853,-6.26191358352951,1.3577491977427303,2.928071290190501
3,0.44235442741860775,0.28609260359177197,-1.8636798753529638,-1.3630227388782834,-2.510127625515519
3,0.4438606553696545,0.28370863571062993,0.753113975523384,-1.1919839405710175,-1.0073109557097892
3,0.43687911882761715,0.2933746360417647,-3.490768271018685,4.833000165567397,2.196317829831233
3,0.43025556802808745,0.2970386484516741,-3.311775399764849,1.8320062049546892,2.636311658276157
3,0.4322008559144137,0.3075461845812171,0.9726439431631262,5.253768064771486,1.3877363145667145
3,0.4297276144874971,0.3156646312567584,-1.236620713458314,4.059223337770673,1.8665088112321848
3,0.4258022638642165,0.3174151239175012,-1.962675311640294,0.8752463303713931,2.722115518254642
3,0.424688644372109,0.3199476230772686,-0.556809746053738,1.2662495798836937,1.985078175726005
3,0.4183642939901356,0.3166267179308664,-3.1621751909867157,-1.6604525732011044,-2.658068655332659
3,0.4156728561384484,0.32118969817389087,-1.345718925843592,2.281490121512242,2.1037133015374487
3,0.40849139287226655,0.32958815610440995,-3.5907316330909267,4.199228965259538,2.2782397657176174
3,0.4099784011786645,0.33627445960441554,0.7435041531989872,3.3431517500027983,1.3519616226712503
3,0.4051039198551432,0.3248715208678389,-2.4372406617606535,-5.701469368288331,-1.974762200305372
3,0.40124130512875095,0.3319251931486942,-1.931307363196133,3.526836140427647,2.0717976543436545
3,0.3843908964365455,0.33199413826169727,-8.42520434610272,0.0344725565015469,3.1375010775618497
3,0.3787291437354679,0.3390834532675191,-2.8308763505388024,3.5446575029109137,2.24470246934241
3,0.3924727033107987,0.3372555658324803,6.8717797876654,-0.9139437175194054,-0.1322235789326503
3,0.39400174764513607,0.33696502504655,0.7645221671686853,-0.14527039296513555,-0.18777606199242233
3,0.39958602867352455,0.3348523118961459,2.7921405141942413,-1.056356575202061,-0.3616888182399739
3,0.40929884340834183,0.345969223828309,4.8564073674086385,5.558455966081565,0.8527046775099392
3,0.41391427985044693,0.3532980389675224,2.3077182210525513,3.664407569606676,1.0087773246871927
3,0.4185138629131438,0.35968535969948373,2.2997915313484327,3.1936603659806773,0.9466998503543286
3,0.42758545941203435,0.355561656679052,4.5357982494452775,-2.061851510215873,-0.4266503385710086
3,0.4271912475348099,0.37145016627963673,-0.1971059386122187,7.944254800292372,1.595602367496527
3,0.4385610428421414,0.3764448343106685,5.684897653665755,2.497334015515884,0.41391413949439015
3,0.43248520806948576,0.38227646757981776,-3.0379173863278317,2.9158166345746306,2.3766998801827337
3,0.4360987475895082,0.38928797611981747,1.8067697600112065,3.5057542699998554,1.0949263905862612
3,0.42854754286241936,0.38577033116835335,-3.775602363544406,-1.758822475732058,-2.7056454395671836
3,0.43048156246229924,0.38422564609054366,0.9670097999399385,-0.7723425389048466,-0.6739425866889186
3,0.4412219745984126,0.3858422319673771,5.370206068056688,0.8082929384167215,0.149392916401141
3,0.44020940502888106,0.3958779855406653,-0.5062847847657759,5.017876786644088,1.671352243811996
3,0.43915224599110536,0.40017909029910803,-0.5285795188878506,2.1505523792213763,1.811806645748565
3,0.43729855088728786,0.4019363822993151,-0.9268475519087493,0.878646000103539,2.3828853110747032
3,0.43193858488627096,0.3960963780276467,-2.679983000508451,-2.92000213583421,-2.3133600332130664
3,0.43024740960061136,0.4042611271660796,-0.8455876428297981,4.0823745692164515,1.7750394294120695
3,0.42313733914048485,0.3979184314352068,-3.555035230063258,-3.171347865436408,-2.413174894299882
3,0.42370719127422085,0.4026136318007437,0.28492606686800204,2.3476001827684723,1.4500179781926572
3,0.4207656915900171,0.4131469567420102,-1.4707498421018816,5.266662470633232,1.8431154695983554
3,0.4223643178761979,0.41635775731174063,0.7993131430903966,1.6054002848652216,1.1088379447652847
3,0.4166485959610227,0.4113103218121924,-2.857860957587582,-2.5237177497741126,-2.4182050676073854
3,0.41702190644043435,0.4075511757279798,0.18665523970581854,-1.879573042106314,-1.4718136072122072
3,0.42463490198208353,0.4019536201545641,3.8064977708245906,-2.79877778670784,-0.6340026609084771
3,0.4278704344570635,0.3962227154969438,1.6177662374899926,-2.8654523288101363,-1.0568310797118756
3,0.4383292867247734,0.406180320364899,5.229426133854936,4.97880243397758,0.7608519494085323
3,0.45335223931566143,0.4110051329597704,7.5114762954440195,2.4124062974357208,0.3107573220720012
3,0.4628263978038206,0.4145808383292166,4.737079244079595,1.7878526847230902,0.36088771146885307
3,0.4603934475538422,0.4208636612407103,-1.216475124989208,3.1414114557468396,1.9402531424095684
3,0.4598474578113596,0.41722589781455494,-0.27299487124129995,-1.8188817130776747,-1.7197737093832448
3,0.46901036668025986,0.41663926923604344,4.581454434450127,-0.2933142892557472,-0.06393483289021719
3,0.47607015150872145,0.41738690358011993,3.5298924142307953,0.3738171720382433,0.10550719844589086
3,0.48913264645676957,0.4148145324026284,6.53124747402406,-1.2861855887457696,-0.19443998893185213
3,0.4966990310158657,0.4019989526324502,3.7831922795480697,-6.407789885089082,-1.0374617206300007
3,0.5106223140298594,0.40123303390269444,6.961641506996824,-0.38295936487789395,-0.05495453540726188
3,0.5151772020189951,0.4037298091048282,2.2774439945678626,1.2483876010668804,0.501424009855597
3,0.5215956510298324,0.39678485826412524,3.209224505418662,-3.4724754203514783,-0.824776589974088
3,0.5192795055454825,0.4018669520704003,-1.1580727421749426,2.541046903137528,1.998418596665615
3,0.5225804752808337,0.4002689725235618,1.6504848676756056,-0.7989897734192453,-0.4508420067278526
3,0.528880809684229,0.4058798146890046,3.15016720169764,2.8054210827213875,0.7275765317498218
3,0.5431048249643331,0.39946158578836305,7.112007640052043,-3.2091144503207656,-0.4238720301732595
3,0.5474719001773481,0.40608282398448664,2.183537606507524,3.3106190980617956,0.9877328893182221
3,0.5475301129571508,0.41278230814841815,0.029106389901334406,3.3497420819657564,1.5621074018867365
3,0.5524716761305911,0.4119678023358379,2.47078158672015,-0.4072529062901231,-0.16335874681358864
3,0.5642695687653114,0.40790601093736,5.898946317360154,-2.030895699238949,-0.331570969947859
3,0.5723724602125818,0.40672880365817815,4.051445723635194,-0.5886036395909289,-0.14427296674393378
3,0.5779639657472743,0.4099936971544399,2.795752767346227,1.6324467481308724,0.5284989311925914
3,0.5784338142195202,0.40778151026350495,0.23492423612297975,-1.106093445467471,-1.3615152759602542
3,0.5708024846388488,0.4078782382995864,-3.8156647903357377,0.04836401804073076,3.1289182099701622
3,0.5758975207889523,0.4084305227979604,2.547518075051769,0.2761422491869836,0.10797500231718495
3,0.5701686445694366,0.4087925316982952,-2.8644381097578386,0.18100445016741573,3.0784863473282913
3,0.5574235635021134,0.4061083693906052,-6.372540533661597,-1.342081153845015,-2.9340222473128175
3,0.5573352648230513,0.4088950675734697,-0.04414933953106326,1.3933490914322666,1.6024714996284983
3,0.5571222944822297,0.4007959772556227,-0.10648517041078609,-4.049545158923501,-1.5970858563769381
3,0.5566826395999117,0.4040914282069719,-0.219827441159004,1.6477254756745996,1.703425800819888
3,0.5521417916814291,0.4021020442784443,-2.270423959241319,-0.9946919642637997,-2.728671611345263
3,0.5633812059933229,0.4039367626584629,5.619707155946895,0.9173591900092926,0.16181246900218246
3,0.5656290340655338,0.409600735546454,1.1239140361054556,2.831986443995543,1.1929961446950594
3,0.574097058938509,0.4199816354040369,4.234012436487633,5.1904499287914465,0.8865364681734148
3,0.5776054151040498,0.4223947725834261,1.7541780827703968,1.2065685896946177,0.602508408607253
3,0.588065675297767,0.42859624944927016,5.230130096858576,3.1007384329220233,0.5351534548875384
3,0.5881603466798395,0.4342999529895875,0.04733569103626545,2.8518517701586754,1.554199621020699
3,0.6036694762036333,0.4472241200811693,7.754564761896898,6.462083545790892,0.6947341850790749
3,0.5973456652498187,0.4510829322518389,-3.161905476907312,1.9294060853347894,2.5937042721204207
3,0.5989491844658055,0.45896965644721976,0.8017596079933909,3.9433620976904447,1.370211669452673
3,0.6034907810753299,0.4772576519844659,2.2707983047622338,9.143997768623068,1.3273829024146382
3,0.6026071144251304,0.4851883677973989,-0.441833325099783,3.9653579064664877,1.6817619344143067
3,0.6235325028575626,0.496067305077773,10.462694216216095,5.439468640187073,0.47943409647098933
3,0.633484606396498,0.5109282020281619,4.976051769467693,7.430448475194446,0.9807077720658404
3,0.6358038797285067,0.5135132705371227,1.1596366660043822,1.292534254480393,0.8395410866457903
3,0.6326895318239096,0.5223590061680146,-1.5571739522985406,4.4228678154459296,1.909317046017987
3,0.6403816720943762,0.5292924512061032,3.8460701352333038,3.4667225190443407,0.733570098259616
3,0.6451335796139058,0.5390821089694067,2.375953759764793,4.894828881651714,1.1188961574765557
3,0.6544135597941756,0.5315550290219332,4.639990090134882,-3.7635399737367403,-0.6814784040521926
3,0.6652067255584048,0.540638471262267,5.396582882114586,4.5417211201669305,0.6995925041694766
3,0.6721360129846173,0.5428785756047105,3.4646437131062857,1.1200521712217415,0.3126759944884024
3,0.6690619315889843,0.5548329530191815,-1.5370406978165163,5.977188707235459,1.8224940375119154
3,0.6783694519535748,0.560488026665462,4.653760182295241,2.8275368231402975,0.5459752140541689
3,0.6937099974817075,0.5646374497634279,7.670272764066343,2.0747115489829215,0.26416599003726565
3,0.7003918650476691,0.5588276602095565,3.340933782980837,-2.9048947769356737,-0.7156984153807755
3,0.7142903144486737,0.5705276403866174,6.949224700502299,5.849990088530432,0.6997254156138794
3,0.725652614348992,0.5688219800319019,5.6811499501591145,-0.8528301773577662,-0.1490031644108517
3,0.7228788498620373,0.5630997686677293,-1.3868822434773276,-2.861105682086307,-2.0221587126902127
3,0.7322445459807101,0.5731295751486805,4.682848059336386,5.014903240475599,0.8196252222418932
3,0.7267341123568336,0.5674472797870114,-2.7552168119382436,-2.8411476808345437,-2.3408409304504016
3,0.7345814251536521,0.5687641289168625,3.9236563984092476,0.6584245649255416,0.16625985827277925
3,0.7302416029998987,0.5667244150362996,-2.169911076876696,-1.0198569402814495,-2.7022322441210145
3,0.7291849071882099,0.5625819902160398,-0.5283479058443841,-2.0712124101298635,-1.820560868258446
3,0.7316733987002583,0.5655406447902251,1.2442457560241649,1.4793272870926577,0.8714984198181359
3,0.740113513511106,0.5707295925445892,4.22005740542386,2.5944738771820353,0.5512278426565221
3,0.7373802011272659,0.5724031068323355,-1.366656191920057,0.8367571438731569,2.592202807575969
3,0.7443769803939407,0.5754876982990318,3.4983896333374287,1.5422957333481313,0.4152261214933554
3,0.7479025776811363,0.5919813923244747,1.762798643597796,8.246847012721437,1.3602111752903276
3,0.7476847008918694,0.5987326188834424,-0.1089383946334399,3.37561327948388,1.6030573086340512
3,0.7517434152849468,0.5984080300722386,2.0293571965386836,-0.16229440560189268,-0.0798034621650691
3,0.7605233851511901,0.5927062724184963,4.3899849331216485,-2.8508788268711838,-0.5759569351498492
3,0.7534755000567998,0.58950204612222,-3.52394254719518,-1.602113148138129,-2.7148896505954996
3,0.7426898211971656,0.597785320373755,-5.392839429817053,4.141637125767483,2.4866781345975526
3,0.7423221738224831,0.6013419899368482,-0.18382368734126686,1.7783347815465977,1.6737989414466155
3,0.7440404019006172,0.6078890351894253,0.8591140390670216,3.2735226262885497,1.314141053865936
3,0.7254078041063904,0.6162037123583753,-9.316298897113384,4.157338584475034,2.7218669556061905
3,0.7233309265377743,0.6236459819194896,-1.0384387843080378,3.7211347805571338,1.8429378708242288
3,0.7157784486782408,0.6187982773194413,-3.776238929766751,-2.4238523000241763,-2.5709543803663704
3,0.7021816320574547,0.6195159982461023,-6.798408310393078,0.3588604633305015,3.0888556453608667
3,0.6992832922615031,0.6255117599898192,-1.4491698979757772,2.9978808718584826,2.021074418137711
3,0.7006825650009161,0.6266927276090852,0.6996363697064911,0.5904838096330023,0.7009926737045514
3,0.6941350180489779,0.625634345342359,-3.2737734759690773,-0.5291911333631383,-2.9813332638683847
3,0.696134017543906,0.6228117605846529,0.9994997474640499,-1.411292378853013,-0.9545775707771541
3,0.686656225117528,0.63015607477156,-4.738896213189014,3.672157093453532,2.48234685466588
3,0.6849950055440716,0.6368954026212564,-0.8306097867282203,3.3696639248482207,1.8124747082597976
3,0.6900311642309744,0.6390443484475626,2.5180793434514404,1.0744729131531017,0.40331252241256577
3,0.682948490045932,0.6329554986968864,-3.5413370925211907,-3.0444248753381253,-2.431504293470224
3,0.6865927023673262,0.6332995031457823,1.8221061606970568,0.17200222444796465,0.09411857834493595
3,0.6874459871853594,0.6305293845326365,0.426642409016631,-1.3850593065729,-1.2719872295695407
3,0.6846635717164372,0.6353403410210329,-1.3912077344611085,2.405478244198178,2.095144386491114
3,0.6839535918242858,0.6385020148590927,-0.35498994607569,1.5808369190299376,1.7916902497207767
3,0.683299424197934,0.6376168677042489,-0.3270838131759213,-0.44257357742194525,-2.207252246957061
3,0.6833138269789526,0.6565297886925087,0.0072013905093037955,9.456460494129903,1.570034795657356
3,0.6869070434959319,0.6522341602286325,1.7966082584896514,-2.1478142319381055,-0.8742026102362894
3,0.6955613728281447,0.6497753208899198,4.327164666106387,-1.229419669356302,-0.27682200706711674
3,0.6881492901369964,0.6550110629445267,-3.706041345574118,2.617871027303431,2.526598074263117
3,0.6900022883225803,0.6714009217580887,0.9264990927919103,8.194929406781014,1.45821676240897
3,0.692202325431171,0.6809361825762622,1.1000185542953678,4.767630409086731,1.3440380738976514
3,0.6977992724282045,0.6850479439433944,2.7984734985167514,2.0558806835661025,0.6336003636022715
3,0.6938961995292885,0.6962041350199862,-1.9515364494580023,5.578095538295913,1.9073438546988148
3,0.706432878995633,0.7072272526576231,6.268339733172256,5.511558818818429,0.72124291207991
3,0.7084890170921407,0.7082599088132999,1.0280690482538657,0.5163280778384127,0.4654307626946912
3,0.7012773265478874,0.7130204105387021,-3.605845272126651,2.3802508627011054,2.558143734396556
3,0.7000900158504622,0.711791465757885,-0.5936553487126406,-0.6144723904085714,-2.338965366826017
3,0.7020419993104898,0.7025155502256873,0.9759917300138365,-4.637957766098821,-1.363386904813213
3,0.7099695779468735,0.6996998179764329,3.963789318191857,-1.4078661246272328,-0.34128371024793064
3,0.7133377342597924,0.6981731588290089,1.6840781564594343,-0.7633295737120016,-0.4255637572797756
3,0.7245027420168153,0.6959514313658283,5.582503878511447,-1.1108637315903058,-0.19642443902709145
3,0.7297619881261852,0.7057559064819097,2.6296230546849486,4.9022375580407,1.078444545518664
3,0.7356306461673723,0.7107267149687866,2.93432902059354,2.4854042434384604,0.7027552986874208
3,0.7390280029957206,0.7153839098569346,1.6986784141741484,2.3285974440739876,0.9405541939101004
3,0.751921316703513,0.7194637399033993,6.446656853896227,2.0399150232323637,0.3064611222430634
3,0.7573605740623461,0.712418705710957,2.7196286794165525,-3.522517096221145,-0.9133195867331647
3,0.7607030131611178,0.7163132244104871,1.6712195493858162,1.9472593497650292,0.8615368371064844
3,0.7651559506037509,0.7173276893487011,2.2264687213165435,0.5072324691069996,0.22399623437453436
3,0.7710473208542635,0.7128786896365591,2.9456851252563365,-2.2244998560709828,-0.646803180438505
3,0.7841200067138079,0.7125270387199084,6.536342929772176,-0.17582545832534047,-0.026893183233329503
3,0.7913987451271053,0.7062398134249921,3.6393692066487016,-3.1436126474581605,-0.7124395991471222
3,0.8027090192983188,0.6999699721850855,5.655137085606776,-3.1349206199532964,-0.5061761811359333
3,0.8213267925374078,0.6980083160721366,9.308886619544488,-0.9808280564744254,-0.10497736809589292
3,0.827458694424241,0.6983952165360917,3.0659509434166066,0.1934502319775322,0.06301279085999972
3,0.8410407601364733,0.6939855028048633,6.791032856116153,-2.2048568656142242,-0.31393502535741374
3,0.8463450608533023,0.6865099192952335,2.6521503584144845,-3.7377917548148676,-0.9536896419028063
3,0.8552045592049748,0.6825586175448876,4.429749175836273,-1.975650875172985,-0.41951929902585455
3,0.8570124213120033,0.6829749626565729,0.9039310535142175,0.20817255584265615,0.22635039103882526
3,0.861632642174839,0.6794860272695284,2.3101104314178778,-1.7444676935222114,-0.6467856064178427
3,0.8596956004210384,0.6822081493952933,-0.9685208769003029,1.3610610628824182,2.1892602113849944
3,0.8534439068711039,0.6742296672073521,-3.1258467749672447,-3.989241093970586,-2.2354379323996434
3,0.8621504446897945,0.6627883086764659,4.353268909345287,-5.720679265443118,-0.9203109071451677
3,0.8740686239635566,0.6690385248305948,5.9590896368810204,3.1251080770644535,0.48299777988684495
3,0.8739587300506537,0.6644287635200515,-0.05494695645141823,-2.304880655271624,-1.594631205526354
3,0.8682831586760651,0.6631225145560125,-2.837785687294314,-0.6531244820195403,-2.9153790938047695
3,0.8643722800829864,0.6735080868439361,-1.955439296539352,5.192786143961847,1.9309413445410155
3,0.8568524520807664,0.6774371641148618,-3.7599140011099763,1.9645386354628092,2.6601109243528755
3,0.8547505876253322,0.6802018750638241,-1.0509322277171274,1.3823554744811783,2.22082361117992
3,0.8545660751383606,0.6818936370095994,-0.09225624348579986,0.8458809728876249,1.6794322129450787
3,0.851222079986267,0.6884084399940312,-1.671997576046802,3.257401492215928,2.045020769829113
3,0.8517826185018208,0.6884369865242116,0.2802692577769106,0.01427326509018112,0.05088301465018653
3,0.8557914509264068,0.6874859147626831,2.0044162122930254,-0.47553588076426623,-0.2329375316806276
3,0.8607374745342843,0.6894101644136098,2.4730118039387183,0.962124825463373,0.3710310811728264
3,0.8606215824391186,0.692566054840635,-0.057946047582857485,1.5779452135126215,1.607502304051537
3,0.8686362776269949,0.6844419063409812,4.007347593938171,-4.062074249826908,-0.792180039214087
3,0.8605904292064582,0.6773992376161053,-4.022924210268341,-3.5213343624379556,-2.422583084435649
3,0.8670431675956423,0.6695391705942778,3.226369194592016,-3.930033510913755,-0.883409651665039
3,0.8670060244849352,0.6639978385369484,-0.018571555353508185,-2.7706660286647145,-1.5774991473565032
3,0.8664838094225775,0.647589902302906,-0.2611075311788613,-8.203968117021176,-1.6026125671144469
3,0.8704550424671208,0.657106496228535,1.9856165222716382,4.75829696281449,1.1754694065440905
3,0.876109521462327,0.6567211294078618,2.8272394976031068,-0.19268341033662484,-0.06804726528632765
3,0.8753172138082799,0.6543938331055891,-0.39615382702357094,-1.1636481511363428,-1.898930304277707
3,0.8708431392682697,0.6503997018534213,-2.237037270005071,-1.9970656260838715,-2.412809835051523
3,0.8791047395445003,0.6503911545396276,4.130800138115287,-0.004273656896869316,-0.0010345829449963744
3,0.8811042589065077,0.6597412668690538,0.9997596810036868,4.675056164713087,1.3601198369789396
3,0.8870532195670696,0.6642938620438685,2.974480330280971,2.276297587407383,0.6532061046245571
3,0.8894730625620392,0.655527204818138,1.2099214974847783,-4.383328612865278,-1.3014746296529338
3,0.8987694256763382,0.6493321525429315,4.648181557149522,-3.0975261376032237,-0.5878146801519383
3,0.8913043952330454,0.6575936170287884,-3.7325152216464152,4.130732242928425,2.3055948987518624
3,0.8904145223440583,0.6522233701230161,-0.44493644449355996,-2.685123452886129,-1.7350084806689718
3,0.901362826704977,0.6420043596733527,5.474152180459379,-5.1095052248317225,-0.7509580111807951
3,0.904072801226619,0.6335772506832378,1.3549872608210056,-4.213554495057448,-1.2596624369924407
3,0.9118103292633669,0.634765806354011,3.868764018373938,0.5942778353866252,0.1524178676210721
3,0.9127105350965056,0.637264561992654,0.4501029165693282,1.2493778193214955,1.2250091335138584
3,0.9054697105041233,0.6404426574021215,-3.6204122961911445,1.589047704733726,2.727996444487208
3,0.9031506028536482,0.6416311650448457,-1.1595538252375248,0.594253821362134,2.6680070864702947
3,0.9115347224427165,0.6438554188011559,4.1920597945341305,1.1121268781550953,0.25932009972025116
3,0.9121326169131853,0.644904685660638,0.2989472352343814,0.5246334297410171,1.0528627842592286
3,0.9036496398328471,0.6494050364057203,-4.241488540169091,2.2501753725411855,2.653831716089317
3,0.9054962208678875,0.6488239116479698,0.9232905175202144,-0.2905623788752587,-0.3048906931963042
3,0.9165975810339652,0.657087397402797,5.550680083038828,4.13174287741358,0.639886206799784
3,0.925162648467566,0.6586428100898439,4.28253371680043,0.7777063435234766,0.1796418894379549
3,0.9404922463158397,0.6563859254114075,7.664798924136851,-1.1284423392182164,-0.1461739315519616
3,0.9404813928437463,0.6553748865677822,-0.0054267360466986325,-0.5055194218126502,-1.5815308848923355
3,0.945462984524675,0.6570117979759394,2.490795840464355,0.8184557040786244,0.3174773445893803
3,0.9428342585584816,0.6657437472119198,-1.3143629830967285,4.365974617990154,1.8632132733903308
3,0.951069293670352,0.6674673928730136,4.117517555935201,0.8618228305469211,0.20632781000520978
3,0.9555636120236438,0.6626236104523442,2.2471591766459187,-2.4218912103347034,-0.8228041701966112
3,0.9634490826781038,0.6709782798307005,3.942735327229996,4.177334689178136,0.8142814267471704
3,0.9782863300947292,0.6698593827525832,7.418623708312699,-0.559448539058649,-0.0752688989915293
3,0.9827989263399977,0.6748123380880825,2.256298122634226,2.476477667749666,0.8318869290323154
3,0.9853258336795251,0.6741168121187753,1.2634536697637144,-0.3477629846536101,-0.2685966782119155
3,0.9890641431297059,0.6782854857196429,1.8691547250904161,2.0843368004337948,0.8397728755642805
3,0.996569123517137,0.6712890523337786,3.752490193715541,-3.4982166929321545,-0.7503437411546622
3,0.9837205604618531,0.6790307459954189,-6.424281527641962,3.870846830820174,2.5993121396057663
3,0.9849580950076905,0.6883541624224079,0.6187672729187077,4.661708213494486,1.438833685290734
3,0.9923118874848821,0.6823378413636206,3.676896238595795,-3.008160529393622,-0.6856954417747053
3,0.9970568956632823,0.6886965235769806,2.3725040892000893,3.1793411066800004,0.9297155440887466
3,0.9961931735717398,0.6908773825392095,-0.4318610457712535,1.09042948111443,1.947890085943724
3,0.9936163433505436,0.7038712845243031,-1.2884151105980735,6.496950992546823,1.766567064599762
3,0.9979616568398937,0.7050503402102231,2.172656744675039,0.5895278429599582,0.26496000491510463
3,0.9937361231252786,0.708715619261747,-2.1127668573075464,1.8326395257619588,2.427076423274925
3,0.996942608738687,0.7118730687101607,1.6032428067042082,1.578724724206837,0.7776929944893861
3,0.9980379578386855,0.721924274758073,0.5476745499992663,5.02560302395616,1.4622477979249695
3,0.9950384231292076,0.7242964675778166,-1.4997673547389456,1.1860964098718285,2.4724537211802526
3,0.9955201799750326,0.7273874513303031,0.24087842291248274,1.5454918762432546,1.4161815390083214
3,0.9982305971559886,0.7311092482020798,1.3552085904779965,1.8608984358883252,0.9413578810353128
3,0.9967882792357886,0.7384142285548079,-0.721158960099999,3.6524901763640427,1.7657321183458774
3,0.9948871168460938,0.7472259045167998,-0.9505811948474219,4.405837980995974,1.7832939346961683
3,0.9895861837248601,0.7501153418541854,-2.6504665606168487,1.4447186686927793,2.642533954537315
3,0.9873863661365299,0.7494713909843249,-1.0999087941651053,-0.32197543493023284,-2.856819582231789
3,0.9841361340369166,0.7557917201965048,-1.6251160498066408,3.1601646060899213,2.0457791892636705
3,0.9830441770497333,0.7525264369969893,-0.5459784935916145,-1.6326415997577337,-1.89351932303402
3,0.9843148371131137,0.764226552245047,0.6353300316901955,5.850057624028848,1.4626179451557968
3,0.9755565569738529,0.7692365382449974,-4.379140069630416,2.5049929999751974,2.6219943895292785
3,0.9656926819244356,0.7720705898907603,-4.931937524708663,1.4170258228814459,2.8618125555535268
3,0.955627429519711,0.7820120343531962,-5.032626202362278,4.970722231217972,2.362382736194345
3,0.9503320702695015,0.7898528661710514,-2.6476796251047596,3.9204159089276103,2.1647910854243295
3,0.9451292284035157,0.7974765412615511,-2.601420932992926,3.81183754524983,2.169652204187262
3,0.9391961456433084,0.8078709172379789,-2.9665413801036045,5.197187988213892,2.0894665039427505
3,0.9206129993115554,0.8155282570981467,-9.291573165876532,3.8286699300839055,2.750734596179258
3,0.9101684718910925,0.8098313644624614,-5.2222637102314335,-2.8484463178426456,-2.64225495800339
3,0.906730392019013,0.8224994208842884,-1.719039936039779,6.3340282109135,1.835810322780068
3,0.8955607098134604,0.8230665909453059,-5.584841102776294,0.2835850305087373,3.0908585910147037
3,0.8929506146446652,0.8365200960866214,-1.3050475843975895,6.726752570657745,1.7624243057890012
3,0.88043203398066,0.8394357019722476,-6.25929033200262,1.4578029428131134,2.912769562991048
3,0.8690165560745339,0.8568190359104705,-5.707738953063035,8.691666969111445,2.1518608246293915
3,0.8630472765378026,0.8603916122832647,-2.98463976836566,1.7862881863970892,2.602281441142971
3,0.86444831794737,0.8800489915397476,0.7005207047837136,9.82868962824146,1.4996435939291968
3,0.8716197998080707,0.8852081958590183,3.5857409303503562,2.5796021596353746,0.6236314878888607
3,0.8685273761551989,0.8927193485050969,-1.5462118264358837,3.7555763230393002,1.9613573909702222
3,0.8625362275133187,0.8934639323716466,-2.9955743209401087,0.37229193327481536,3.017946001577227
3,0.8598405401587448,0.9022605021246318,-1.347843677286964,4.398284876492631,1.8681577688622715
3,0.8593742397760908,0.9125466376754956,-0.23315019132696957,5.143067775431886,1.6160982136575754
3,0.8548515266870864,0.9245507819637648,-2.2613565445022132,6.002072144134618,1.9311114287699027
3,0.8534670392716662,0.9199440793713319,-0.692243707710094,-2.3033512962164493,-1.862746274083452
3,0.862561364323801,0.9328145162180473,4.547162526067405,6.4352184233577026,0.9556506985752091
3,0.854444262244238,0.9335642348006782,-4.058551039781532,0.3748592913154214,3.0494911254373043
3,0.8521559969969059,0.9243058600689055,-1.1441326236660276,-4.629187365886356,-1.8130967405387632
3,0.855238203257258,0.9265250663406963,1.5411031301760247,1.1096031358954206,0.6240268487471337
3,0.8557280778816583,0.9337561373790748,0.24493731220015524,3.61553551918925,1.5031538913237041
3,0.851882698418167,0.932117182845178,-1.9226897317456415,-0.8194772669484207,-2.7386941930862054
3,0.834136764903835,0.933711369668546,-8.872966757165978,0.7970934116839912,3.0519992245111194
3,0.8454751451349665,0.9293186212088896,5.669190115565714,-2.1963742298281574,-0.36961727639565684
3,0.8485876200386769,0.9305676570061094,1.5562374518552358,0.6245178986098998,0.3816264585373624
3,0.8493499343865111,0.9261258575167711,0.38115717391706827,-2.220899744669158,-1.4008293135807623
3,0.8498246542710327,0.9242303234562144,0.23735994226081747,-0.9477670302783792,-1.3254024300725857
3,0.845536649229019,0.9253297611859105,-2.144002521006827,0.5497188648480589,2.8906010705770657
3,0.8448507156954451,0.921786066516707,-0.34296676678696736,-1.7718473346017283,-1.7619963301618327
3,0.8484985629202251,0.9149831280883921,1.8239236123899771,-3.40146921415746,-1.0785970779254361
3,0.8498822232096906,0.921408055465223,0.6918301447327857,3.2124636884154345,1.3586778934128199
3,0.8603208547030051,0.925971049115556,5.219315746657238,2.28149682516654,0.41209619581240864
3,0.8508637815795933,0.9292736508038729,-4.728536561705909,1.651300844158432,2.8056126344486128
3,0.8476235624126057,0.9282409058261823,-1.6201095834937895,-0.5163724888452847,-2.8330449886085636
3,0.8458520612708681,0.9263030057292159,-0.8857505708688151,-0.9689500484832414,-2.3113658334876908
3,0.8472236431967438,0.9121614561628062,0.68579096293786,-7.070774783204836,-1.4741092399558535
3,0.8498136385021252,0.9146774578035083,1.2949976526906992,1.2580008203510462,0.7709076561658323
3,0.8550629752170732,0.9189115321007327,2.6246683574739915,2.117037148612222,0.6787476989909499
3,0.8580242868915068,0.926382102851348,1.4806558372167933,3.735285375307651,1.1933998563594912
3,0.8578767451753235,0.9350123120210503,-0.07377085809162631,4.315104584851126,1.5878906221595532
3,0.8567165474249467,0.9437955253617394,-0.5800988751883951,4.39160667034455,1.7021286299053056
3,0.8580983506286155,0.9487444102504403,0.6909016018343817,2.4744424443504665,1.2985156442332069
3,0.8673397781836361,0.953794066824299,4.620713777510277,2.524828286929348,0.5000868070813858
3,0.8772099421274098,0.9554253198009337,4.935081971886857,0.8156264883173447,0.1637905345144656
3,0.8859584784976103,0.9522704553773177,4.3742681851002825,-1.5774322118080053,-0.3461010250333177
3,0.896831248493564,0.9617028266694523,5.436384997976829,4.716185646067294,0.7145791598580996
3,0.8932925852328378,0.9689203586384616,-1.7693316303630802,3.6087659845046582,2.026643516755001
3,0.90137386534318,0.983989098349454,4.040640055171074,7.534369855496214,1.0785365383588952
3,0.9083672723908756,0.9913623187436539,3.4967035238477884,3.6866101970999265,0.8118292028374356
3,0.9149311139442139,0.9958015293548806,3.281920776669167,2.2196053056133813,0.5946510560534718
3,0.916342043928031,0.9993377116163873,0.7054649919085443,1.7680911307533242,1.1911539596879133
3,0.9184584913253675,0.9960454117801782,1.0582236986682592,-1.6461499181045225,-0.9994655242973541
3,0.9225605066010635,0.996838279125923,2.0510076378479902,0.3964336728723983,0.1909327614729378
3,0.9243223792995418,0.9893381876560252,0.8809363492391364,-3.7500457349489147,-1.3400663459425857
3,0.9271087013173568,0.985457116996366,1.3931610089075175,-1.940535329829629,-0.948140446896393
3,0.9146291432865632,0.9920191011466263,-6.239779015396795,3.2809920751301624,2.6575041173606
3,0.9173126653954985,0.9982297316692159,1.3417610544676495,3.1053152612948165,1.1629397116595013
3,0.9237637369693937,0.9953281882417717,3.2255357869476198,-1.4507717137220988,-0.42266843893755573
3,0.9300340665255372,0.9888770638958035,3.1351647780717418,-3.2255621729840867,-0.7996090091593845
3,0.9300464788928758,0.996259708972973,0.006206183669310583,3.6913225385847293,1.5691150383795114
3,0.9365632376293722,0.9935910469394325,3.2583793682481876,-1.3343310167702738,-0.3886755931485082
3,0.9255097485930397,0.9938817805209097,-5.52674451816626,0.14536679073862135,3.1152962902003623
3,0.9348814978088801,0.9958259645720112,4.6858746079201925,0.9720920255507637,0.20455015243075442
3,0.9308703098944227,0.9963091252493306,-2.005593957228713,0.24158033865967488,3.02171692178147
3,0.9327546558547511,0.9973228395456352,0.9421729801642464,0.5068571481522954,0.4935572312071258
3,0.9351146073254343,0.999854667203038,1.1799757353415652,1.2659138287013927,0.8205194365438705
3,0.9424298308938625,0.9937729121023364,3.6576117842140876,-3.0408775503507623,-0.6935863641455361
3,0.9502210971622925,0.9943510187975025,3.8956331342150374,0.289053347583057,0.07406360357290671
3,0.9586450903477151,0.9948606804920345,4.211996592711264,0.2548308472659633,0.060427542034299626
3,0.9732539967592305,0.9966962268752044,7.304453205757732,0.9177731915849807,0.12499071756478489
3,0.9825601925346946,0.9932348258719301,4.6530978877320495,-1.7307005016371502,-0.3560903843677641
3,0.986168864595585,0.993689230428244,1.8043360304451639,0.22720227815692384,0.1252608934932305
3,0.9921822412128823,0.9964938081176684,3.0066883086486973,1.4022888447122184,0.4363998051108251
3,0.9934891583155601,0.9962221289240084,0.6534585513388591,-0.1358395968300008,-0.20495886898364346
3,0.9884973378508288,0.9953084777947455,-2.495910232365617,-0.45682556463144675,-2.9605667076312474
3,0.9958100359259998,0.9957980260852507,3.6563490375854935,0.2447741452525909,0.06684522201003805
3,0.99387185574218,0.9999388577237767,-0.9690900919099299,2.070415819262983,2.008571498668148
3,0.9989910711749312,0.9902907424134757,2.5596077163756448,-4.824057655150482,-1.0829754724383032
3,0.9977866651461149,0.9947845265691306,-0.6022030144081647,2.246892077827467,1.832658040580329
3,0.9991708571359025,0.9983078552657647,0.6920959948937822,1.761664348317038,1.1964560366070691
3,0.9899070452410208,0.9992833900026206,-4.631905947440839,0.4877673684279271,3.0366733679137816
3,0.9849157738110178,0.9984811054754669,-2.4956357150014985,-0.401142263576848,-2.9822183760216987
3,0.9926130793440257,0.9942465698549595,3.848652766503924,-2.1172678102536757,-0.5029447017407157
3,0.9953826291117875,0.9938871717627782,1.384774883880946,-0.17969904609066445,-0.12904655391042952
3,0.9958910859929984,0.9922558910035488,0.2542284406054085,-0.8156403796146794,-1.2686478986501804
3,0.9961126113877188,0.9883753648332037,0.1107626973602116,-1.9402630851725888,-1.5137717857138588
3,0.9952385770102898,0.9895895280952104,-0.4370171887144725,0.60708163100337,2.194730866592003
3,0.9991757043925257,0.9821013433194615,1.9685636911179194,-3.7440923878744314,-1.086739145588242
3,0.9828200644968108,0.977419307925713,-8.177819947857435,-2.3410176968742813,-2.8627845880080782
3,0.9791237581422658,0.9735141831636307,-1.8481531772724935,-1.952562381041134,-2.3287304640525632
3,0.9790229954292341,0.9724105349766511,-0.05038135651586062,-0.5518240934898055,-1.6618435759488366
3,0.985867523794763,0.9696234894129353,3.422264182764423,-1.3935227818578921,-0.3866920091872749
3,0.988626797326339,0.9590830284485597,1.379636765788006,-5.270230482187777,-1.3147624415779617
3,0.9932022758343332,0.9624756115919785,2.287739253997112,1.696291571709363,0.63801995599656
3,0.9925134222726085,0.9559005711389412,-0.34442678086232803,-3.2875202265186254,-1.6751834672198909
3,0.998890977739396,0.9448327561168044,3.1887777333937106,-5.533907511068414,-1.0480416595626325
3,0.9863126599093115,0.9398292301845139,-6.289158915042226,-2.501762966145238,-2.762993113536453
3,0.9959811582667559,0.9372167461668561,4.834249178722216,-1.306242008828895,-0.26390361065640433
3,0.9952795840016484,0.9287280110593237,-0.3507871325537648,-4.244367553766226,-1.6532565957317977
3,0.9974960464751857,0.9273528046996641,1.1082312367686753,-0.6876031798297988,-0.5553214349246874
3,0.996892656668669,0.9259653804522626,-0.301694903258376,-0.6937121237007293,-1.981021785919483
3,0.9983437489602255,0.9150677749848943,0.7255461457782442,-5.448802733684143,-1.4384180661697639
3,0.9949424466856823,0.9104985396179652,-1.7006511372715805,-2.2846176834645515,-2.210698646708137
3,0.9848026455551203,0.8993404935198532,-5.069900565281005,-5.579023049055998,-2.308421107594836
3,0.9798406558800199,0.901894734363317,-2.48099483755021,1.277120421731892,2.6662057676643363
3,0.990710570878572,0.8923205757821717,5.4349574992760274,-4.787079290572649,-0.7221022882186448
3,0.9915154677905312,0.8769959359171686,0.4024484559796426,-7.662319932501549,-1.518321489340886
3,0.996628880517461,0.8739475666399388,2.556706363464889,-1.5241846386149227,-0.5375850036955142
3,0.9921072637965466,0.8670598163235856,-2.2608083604572227,-3.443875158176568,-2.1517079889649633
3,0.9929701755022331,0.8593047327289159,0.4314558528432655,-3.877541797334849,-1.4599817044506627
3,0.9905730201772511,0.860522192210965,-1.198577662490985,0.6087297410245496,2.671663509933274
3,0.9839873727324892,0.8565809851908329,-3.2928237223809886,-1.9706035100660602,-2.6023106974038352
3,0.9945588289338031,0.8497205049057669,5.285728100656972,-3.4302401425330142,-0.5756456342147451
3,0.9999924535693525,0.8421870362671114,2.7168123177747083,-3.7667343193277247,-0.9459408885978017
3,0.9921658024486399,0.8453285183313275,-3.9133255603562844,1.570741032108025,2.7598948947557824
3,0.9918665482829588,0.8410461658908294,-0.14962708284055326,-2.1411762202490636,-1.6405636973501736
3,0.9872222810865088,0.8325689741477195,-2.322133598225029,-4.238595871554951,-2.0719907880539887
3,0.9804772709560706,0.8280596048460808,-3.372505065219078,-2.2546846508193497,-2.5522880768665437
3,0.9781027788183216,0.8261946884094596,-1.1872460688744924,-0.9324582183105612,-2.4758202911882425
3,0.9679519960626635,0.8204703843458068,-5.075391377829086,-2.862152031826437,-2.628119573587073
3,0.952574767488961,0.8216774133844645,-7.688614286851247,0.6035145193288849,3.0632586962343242
3,0.9458460165512677,0.8076646384365976,-3.3643754688466587,-7.006387473933451,-2.0184681912514675
3,0.928151185802699,0.8071833498418939,-8.84741537428435,-0.24064429735187742,-3.114399968486495
3,0.9037037010765806,0.7970712375154947,-12.223742363059175,-5.056056163199596,-2.749395296376444
3,0.9013549719298093,0.7921604096927416,-1.1743645733856556,-2.455413911376547,-2.0169138678464535
3,0.8865328233540422,0.7838159447067806,-7.411074287883568,-4.172232492980488,-2.6288441830282325
3,0.8734863573008678,0.7863387089329916,-6.523233026587194,1.2613821131055025,2.9505824297111682
3,0.8665477499312257,0.7716258938421375,-3.4693036848210124,-7.356407545427046,-2.011469349116948
3,0.8593258306148963,0.7737396848424664,-3.610959658164714,1.056895500164412,2.856854751661675
3,0.86426897229103,0.7672550424932901,2.4715708380668167,-3.242321174588114,-0.9194794504293216
3,0.8535063139559045,0.7667310064033896,-5.381329167562732,-0.2620180449502407,-3.0929408665967806
3,0.8532212954311204,0.7635610107535249,-0.1425092623920654,-1.584997824932377,-1.6604665426856104
3,0.8595251277629014,0.7544645094678617,3.1519161658905004,-4.548250642831597,-0.9647870126532924
3,0.8516544916050495,0.7529199638791038,-3.9353180789259423,-0.7722727943789698,-2.947813616767433
3,0.8522821292058307,0.74329920387966,0.3138188003906084,-4.810379999721892,-1.5056508014748258
3,0.8496757449981003,0.7395496688020697,-1.3031921038652028,-1.874767538795119,-2.1782409370872213
3,0.8414739532252267,0.7465556453907598,-4.100895886436806,3.502988294345033,2.4346648939638413
3,0.8419982848353361,0.7516304034940827,0.262165805054726,2.537379051661459,1.467840155234616
3,0.8418679216158275,0.7414398039334644,-0.06518160975432785,-5.095299780309148,-1.583588126551624
3,0.8393710731297479,0.7500282400769975,-1.2484242430397807,4.2942180717665535,1.8537197341455316
3,0.8468947363104452,0.7522733952581725,3.761831590348652,1.1225775905874813,0.2899997420212317
3,0.8459219960053521,0.762553561913826,-0.4863701525465447,5.140083327826727,1.6651384407515846
3,0.8496602811823859,0.7715394801049146,1.8691425885168922,4.492959095544313,1.1765598029559672
3,0.859713148937176,0.7638025216939842,5.026433877395042,-3.8684792054651806,-0.6559445091281654
3,0.8613918339513079,0.7671828942435063,0.8393425070659655,1.6901862747610297,1.1098743122938162
3,0.8676677403404582,0.7697494509393072,3.1379531945751604,1.283278347900485,0.3882013866731409
3,0.8642098650932039,0.7612236085806691,-1.7289376236271914,-4.26292117931909,-1.9561001582695718
3,0.8691422854499876,0.7633890037091613,2.466210178391881,1.0826975642461156,0.4136794036119281
3,0.87285350144247,0.7642457454295695,1.855607996241182,0.4283708602040859,0.22687745292738953
3,0.8709724112564842,0.761837153653405,-0.940545092992906,-1.2042958880822408,-2.233838899671519
3,0.8685727753734643,0.7586876434751887,-1.1998179415099175,-1.5747550891081485,-2.221874872451215
3,0.8682048350172936,0.7530125336034456,-0.18397017808535754,-2.837554935871567,-1.6355397627265715
3,0.8649195022414186,0.7514362515551097,-1.6426663879375303,-0.7881410241679099,-2.694240341166332
3,0.8640258503350572,0.7443335696151699,-0.4468259531806851,-3.551340969969896,-1.695957579927036
3,0.8587640254209592,0.7350949450077756,-2.630912457048995,-4.619312303697165,-2.0885223844024514
3,0.8478094807615401,0.7358137596037929,-5.47727232970957,0.35940729800865157,3.0760686536846755
3,0.8453138453378569,0.7296833260775772,-1.24781771184157,-3.0652167631078364,-1.9573994045287484
3,0.8356986792967367,0.7326558105781714,-4.807583020560113,1.4862422502970873,2.8417668311480044
3,0.8380966030917522,0.7332773431688709,1.1989618975077332,0.3107662953497625,0.2536149509660727
3,0.831811854516314,0.7178244861811164,-3.142374287719074,-7.72642849387728,-1.9570691666762847
3,0.8220358474327937,0.7086439548147078,-4.888003541760166,-4.590265683204309,-2.387596846237776
3,0.816350934728785,0.705991436613861,-2.8424563520043633,-1.3262591004233881,-2.7050292055576515
3,0.8091457926205936,0.7014814501537989,-3.6025710540956712,-2.2549932300310327,-2.5823176878046197
3,0.8010373303514142,0.7006778550172197,-4.054231134589692,-0.4017975682896191,-3.042809487269394
3,0.792243046177274,0.696272173068163,-4.397142087070094,-2.2028409745283306,-2.6771684907029027
3,0.797820306227271,0.6864683452271677,2.788630024998462,-4.901913920497658,-1.0535690468526016
3,0.7924970779430884,0.6743445777978038,-2.661614142091262,-6.06188371468197,-1.984526940361108
3,0.7893677334192597,0.6540890295430056,-1.5646722619143683,-10.12777412739907,-1.7240776819040466
3,0.7906353450119815,0.6486207870694957,0.633805796360909,-2.7341212367549828,-1.3430063814850208
3,0.7901583307783437,0.6289214921552908,-0.2385071168188868,-9.849647457102428,-1.5950063827958372
3,0.7950109434804548,0.6234980502773076,2.426306351055507,-2.7117209389915797,-0.8408905814622755
3,0.7947479180027246,0.6217020269510931,-0.13151273886508053,-0.8980116631072677,-1.7162114310706937
3,0.7976617525243778,0.6173753859185953,1.4569172608265846,-2.163320516248901,-0.9781030189686929
3,0.8096706034620805,0.6088866938302837,6.004425468851382,-4.2443460441558,-0.6153215940493398
3,0.8085178719310842,0.6173340466454403,-0.576365765498188,4.2236764075783135,1.7064193141060058
3,0.8198245712672891,0.6098001155656737,5.653349668102492,-3.7669655398833157,-0.5877656997684936
3,0.822968821645497,0.6038432177839048,1.5721251891039345,-2.978448890884444,-1.0851306294196024
3,0.8198515043112211,0.5998199974946979,-1.5586586671379465,-2.0116101446034373,-2.230001041038847
3,0.8220853290011586,0.5877384172283625,1.1169123449687457,-6.040790133167717,-1.3879660152045172
3,0.8254081570000338,0.5755485471420336,1.6614139994375887,-6.09493504316444,-1.3046727147501225
3,0.8212954644909634,0.5706049015455449,-2.056346254535213,-2.471822798244372,-2.2646969198335216
3,0.8222347100711319,0.5830904355767408,0.46962279008427865,6.242767015597949,1.4957110463934251
3,0.819994701856065,0.5795914908132966,-1.1200041075334344,-1.7494723817220725,-2.1402481006682255
3,0.8166857719101595,0.5754939893695076,-1.654464972952796,-2.0487507218945322,-2.2501229176694055
3,0.8155770369128856,0.5694682724289326,-0.5543674986369096,-3.0128584702874828,-1.7527615071913862
3,0.8264016457153005,0.5684372154643533,5.412304401207435,-0.51552848228964,-0.09496469206790722
3,0.8317830651700673,0.5805820867782345,2.690709727383389,6.0724356569406,1.1536933809945495
3,0.838044605039319,0.5804972777071471,3.1307699346258544,-0.04240453554371637,-0.013543615037103078
3,0.8432321727471264,0.5741215087467917,2.593783853903686,-3.187884480177705,-0.8877946945885452
3,0.8445288570854188,0.5698384262944767,0.648342169146221,-2.141541226157506,-1.276822546681401
3,0.8486192551583797,0.5668293275798072,2.0451990364804273,-1.504549357334739,-0.6342532574272425
3,0.861742775627184,0.5647376281807175,6.5617602344021915,-1.045849699544854,-0.15805608253948578
3,0.86749992942351,0.5642734457903984,2.8785768981629545,-0.23209119515954502,-0.08045302790558935
3,0.8781267410496836,0.5591043928385697,5.313405813086813,-2.5845264759143394,-0.45272160620426966
3,0.885594334304166,0.5535300934641371,3.733796627241215,-2.787149687216328,-0.6412350716078379
3,0.8849618870095666,0.5487079668895196,-0.3162236472997182,-2.4110632873087234,-1.7012072292796208
3,0.8877243198082,0.5456930967154163,1.3812163993167093,-1.507435087051645,-0.8290650625069986
3,0.8908460358179299,0.5268221132528379,1.56085800486494,-9.435491731289213,-1.4068568476390506
3,0.8886838493456596,0.5343010246124063,-1.0810932361351444,3.739455679784176,1.8522274638559333
3,0.8839135653791391,0.5298634603326012,-2.3851419832602305,-2.2187821399025087,-2.392313133915118
3,0.8917144494986224,0.5169287781125077,3.90044205974166,-6.467341110046765,-1.0281018203128838
3,0.8985139326486167,0.5171576851134043,3.399741574997117,0.11445350044830827,0.03365264342891456
3,0.8862007102174215,0.5123293537700554,-6.156611215597573,-2.414165671674462,-2.7678928163814467
3,0.8822407340662207,0.5078476994586896,-1.979988075600403,-2.240827155682912,-2.294474709965749
3,0.8865622952846115,0.5046147302486937,2.1607806091953896,-1.6164846049979142,-0.6422853736210725
3,0.8976141744189958,0.5063609187520054,5.525939567192162,0.873094251655826,0.1567038364858756
3,0.902663814144708,0.5089839227111681,2.524819862856076,1.3115019795813532,0.4790813636455543
3,0.9169673987735213,0.5134805320617235,7.1517923144066575,2.2483046752777014,0.30458704617940896
3,0.9270021781947059,0.5225164181910827,5.01738971059229,4.517943064679619,0.7330674621530936
3,0.9410092671497011,0.5273498678991425,7.003544477497625,2.4167248540298836,0.3322776044845419
3,0.9448071109357455,0.5331456416500652,1.8989218930222096,2.8978868754613307,0.9907195899300365
3,0.9408852038482424,0.5245512463896777,-1.9609535437515868,-4.297197630193761,-1.9989043689448778
3,0.9475285775191767,0.5237912433002441,3.321686835467186,-0.3800015447167904,-0.11390498753945524
3,0.9630271264004949,0.5270111976819053,7.749274440659093,1.6099771908306137,0.20484434940171153
3,0.9655965255137094,0.5287935275895957,1.2846995566072605,0.8911649538452249,0.6064688919555455
3,0.9773979117016759,0.5232394794391491,5.9006930939832225,-2.7770240752233444,-0.4398741227715993
3,0.9754319069163084,0.5284670149797317,-0.9830023926837295,2.61376777029132,1.9305190772678333
3,0.989941607596296,0.5305559756402954,7.25485033999379,1.0444803302818717,0.14298742038658316
3,0.9977816156383339,0.5410640213519413,3.9200040210189413,5.254022855822937,0.9297986367504769
3,0.9984158744315244,0.5367146116406396,0.3171293965952282,-2.1747048556508553,-1.4259906101138065
3,0.9944227977763715,0.5400944065312924,-1.9965383275764026,1.6898974453263826,2.4391842941553006
3,0.9857888320583329,0.5374363882481435,-4.316982859019324,-1.329009141574411,-2.8429441796728314
3,0.9983151632276694,0.5356804660196612,6.263165584668273,-0.8779611142411547,-0.1392709991624563
3,0.9900622947616946,0.5491210403465165,-4.126434232987419,6.720287163427652,2.1214656226266015
3,0.9890944130901504,0.5490241592262851,-0.4839408357720787,-0.048440560115714515,-3.0418289152251767
3,0.9884353971478127,0.5508605070050997,-0.3295079711688742,0.9181738894072922,1.915353998514234
3,0.9817048803511945,0.5473766913683403,-3.36525839830909,-1.7419078183796843,-2.6639526508633273
3,0.9832950549829071,0.5522921917454635,0.7950873158563132,2.4577501885615916,1.2579198345688218
3,0.9978126269980718,0.558835780900007,7.258786007582341,3.271794577271725,0.4234656333781226
3,0.9978399696267563,0.5635745492600179,0.013671314342211804,2.369384180005485,1.5650264044909943
3,0.991247194761992,0.5614479985991788,-3.296387432382142,-1.0632753304195552,-2.829571264742923
3,0.9984328239702078,0.5479459800251918,3.59281460410793,-6.751009286993514,-1.0817301419331664
3,0.999082556578283,0.5543796339047532,0.32486630403760763,3.2168269397807037,1.4701478953528726
3,0.9981698082372785,0.5489485352954562,-0.4563741705022606,-2.7155493046485124,-1.7372999983364155
3,0.9846815726096902,0.5540368845971809,-6.744117813794137,2.544174650862374,2.780856525937739
3,0.9859812245033792,0.5559271035600595,0.6498259468444845,0.9451094814392769,0.9684635895026625
3,0.9810432548369952,0.5593221881831264,-2.4689848331920228,1.697542311533462,2.5392736140328704
3,0.9781588575255394,0.553610397497607,-1.4421986557278665,-2.8558953427597067,-2.0384279811354484
3,0.9848035180704154,0.5559575677715342,3.322330272438001,1.1735851369635841,0.33955970187147394
3,0.9925661932501492,0.5541085645193193,3.8813375898668623,-0.9245016261074102,-0.23383427740283622
3,0.9936621539054288,0.5524419226421012,0.5479803276398076,-0.8333209386090501,-0.9891065919496916
3,0.9948510400152868,0.5514859680363636,0.5944430549290058,-0.4779773028688039,-0.67722127822231
3,0.9986181074774954,0.5503332881331844,1.883533731104281,-0.5763399515896217,-0.2969418767709839
3,0.995485039842982,0.5523448766234963,-1.5665338172566878,1.0057942451559554,2.570825956649373
3,0.9964480417760362,0.5572143231240614,0.48150096652710417,2.4347232502825444,1.3755515471558017
3,0.9952588822506154,0.5598378378501301,-0.5945797627103788,1.3117573630343493,1.9963659429316127
3,0.9972340573437916,0.5531523828555278,0.9875875465880646,-3.3427274973011345,-1.2835249123460657
3,0.9993116243037813,0.5426508891041428,1.0387834799948648,-5.250746875692491,-1.3754830003937981
3,0.996063604130624,0.5413420502579046,-1.6240100865786422,-0.6544194231191125,-2.758532753003518
3,0.9895562000936899,0.5352767009880159,-3.2537020184670307,-3.0326746349443323,-2.39133975504534
3,0.9827694140008207,0.523840351606831,-3.3933930464346007,-5.718174690592492,-2.106378264915952
3,0.9779330282261924,0.518713643327191,-2.4181928873141523,-2.563354139819951,-2.3270629401280813
3,0.9759491033277027,0.5136263820477796,-0.9919624492448764,-2.5436306397057518,-1.9426341442662456
3,0.9856311950771997,0.5015311272974659,4.841045874748484,-6.04762737515685,-0.8957586268275187
3,0.9897264812042016,0.48713725823651927,2.04764306350097,-7.196934530473293,-1.2936048622038876
3,0.9970141301868026,0.47236105608204026,3.643824491300518,-7.388101077239501,-1.112602081178455
3,0.9895861747787228,0.45279560448823525,-3.713977704039917,-9.782725796902508,-1.933634413465868
3,0.9836590311847924,0.4402758255803895,-2.9635717969652142,-6.259889453922862,-2.0129566844279325
3,0.9833692591066441,0.42148892251462167,-0.14488603907414355,-9.393451532883928,-1.5862192573892455
3,0.980004667633619,0.4085506364984577,-1.682295736512518,-6.46914300808199,-1.825210508937631
3,0.9782836703713494,0.40104913471501985,-0.8604986311347984,-3.750750891718918,-1.7963141303701868
3,0.9704505159554784,0.39679556797949944,-3.9165772079355343,-2.126783367760204,-2.6441234454051643
3,0.9704025527986324,0.3804445460919226,-0.02398157842298243,-8.175510943788433,-1.5737296614580203
3,0.9619956876825763,0.36653107278560465,-4.203432558028075,-6.956736653158963,-2.1143164815539044
3,0.9606421836387697,0.36960821280772893,-0.6767520219032597,1.5385700110621403,1.9851840606673217
3,0.9511929310751973,0.36624147948673963,-4.724626281786215,-1.6833666604946507,-2.7993197452089134
3,0.9448286353579968,0.363415350883577,-3.1821478586002705,-1.4130643015813071,-2.7236894733201846
3,0.9381175803247043,0.36176985666104783,-3.3555275166462506,-0.8227471112645934,-2.9011446522439415
3,0.9414768083108594,0.35629304297748954,1.6796139930775889,-2.738406841779145,-1.0206152099122154
3,0.9399960976491025,0.3520807657985738,-0.7403553308784616,-2.1061385894578786,-1.908826945796269
3,0.9382668307533765,0.3629540256508469,-0.864633447863028,5.436629926136555,1.728513944906301
3,0.9325810814549288,0.36114499561703706,-2.8428746492238366,-0.9045150169049165,-2.8335513741908995
3,0.9226556597554985,0.35612355748152164,-4.962710849715168,-2.5107190677577105,-2.6732227717905164
3,0.9196490549812633,0.3681805356219192,-1.5033023871176,6.028489070198789,1.8151785357845507
3,0.9249511391068921,0.36725915050267105,2.6510420628144127,-0.46069255962408184,-0.17205964916541813
3,0.9199268471430218,0.3661619632477704,-2.5121459819351655,-0.5485936274503278,-2.926591432724772
3,0.9189379420344203,0.37260765391735046,-0.4944525543007505,3.2228453347900308,1.7230304262933243
3,0.9192075540695486,0.36684876873346983,0.13480601756415966,-2.879442591940312,-1.5240137801292009
3,0.9079393849108027,0.3712333984571185,-5.634084579372922,2.1923148618243347,2.7705037327885464
3,0.8979336056729804,0.3681142663697642,-5.002889618911155,-1.5595660436771575,-2.8394066529908146
3,0.888462521393252,0.3669933245639627,-4.735542139864212,-0.5604709029007338,-3.0237865620085524
3,0.8798766197212436,0.35711901108832234,-4.292950836004172,-4.9371567378201915,-2.286513511405476
3,0.8815230031129958,0.35985525002650837,0.8231916958760799,1.3681194690930154,1.029130870428221
3,0.8786918264207675,0.3572645635183088,-1.4155883461141605,-1.2953432540997734,-2.4005210705219073
3,0.8762409596414718,0.36237233174606087,-1.2254333896478675,2.553884113876026,2.018179136970712
3,0.8682505418260611,0.35264545998373636,-3.9952089077053277,-4.863435881162253,-2.258497504648932
3,0.8561575982151757,0.3561122972087058,-6.04647180544271,1.7334186124847162,2.862397935614192
3,0.8512426303414122,0.3609684254606962,-2.4574839368817214,2.428064125995194,2.3622162210007236
3,0.8379566515852803,0.361921532132159,-6.6429893780659555,0.47655333573140557,3.069977552817552
3,0.8316925796841863,0.3527837044150089,-3.1320359505470075,-4.568913858575052,-2.1717310893809585
3,0.8315050278252473,0.35353393834479235,-0.09377592946951951,0.37511696489173074,1.8157666806445074
3,0.8353018025254164,0.3453054265293595,1.8983873500845738,-4.114255907716413,-1.1384887412815994
3,0.8331534823637982,0.33153095779395036,-1.0741600808091278,-6.887234367704581,-1.7255137960017186
3,0.8287530486969453,0.32331107021942473,-2.200216833426416,-4.109943787262815,-2.062314545305194
3,0.8248692762271919,0.3067981102871349,-1.941886234876733,-8.256479966144925,-1.8017934674510128
3,0.8270452333840809,0.3015167244172941,1.087978578444504,-2.640692934920391,-1.1799838788735968
3,0.83561163988635,0.3007645308855682,4.28320325113457,-0.3760967658629488,-0.08758272853613233
3,0.8330804708831211,0.28816868929171946,-1.2655845016144585,-6.297920796924372,-1.7691078240624671
3,0.8339660522733954,0.2864324982135166,0.44279069513714076,-0.8680955391014433,-1.0991241092107618
3,0.8387444171417481,0.27037128365460755,2.3891824341763512,-8.030607279454511,-1.2816259033153126
3,0.823449766330801,0.2591606875871732,-7.647325405473526,-5.605298033717176,-2.50907690461535
3,0.8249187962318782,0.25414280035806175,0.7345149505386117,-2.5089436145557253,-1.2859961395536357
3,0.8203141310197639,0.25280959829629657,-2.302332606057167,-0.6666010308825909,-2.8597661518659963
3,0.8221500311083813,0.24368572518267398,0.9179500443086686,-4.561936556811294,-1.3722285618542687
3,0.824553084238907,0.23564346784901735,1.2015265652629004,-4.0211286668283135,-1.2804377721215245
3,0.8200042545206722,0.23127603006730965,-2.2744148591174462,-2.18371889085385,-2.3765356159131663
3,0.814087447941475,0.21648718103566286,-2.9584032895985657,-7.3944245158233946,-1.9513765555142482
3,0.8085900350403447,0.2084570260847774,-2.748706450565186,-4.015077475442733,-2.1711091314273854
3,0.811834020390421,0.2047000709881451,1.621992675038153,-1.8784775483161458,-0.8585390077307283
3,0.8180404926192872,0.1923673078936138,3.103236114433139,-6.166381547265648,-1.1045515039102531
3,0.8201834450418922,0.18747732478359155,1.0714762113024912,-2.4449915550111276,-1.1577707335432088
3,0.8198540486258177,0.18026827462755318,-0.16469820803727275,-3.6045250780191855,-1.6164566373149358
3,0.8173835869061296,0.17740467741197719,-1.235230859844061,-1.4317986077879985,-2.282624632885935
3,0.8113781904562287,0.16369321079229493,-3.0026982249504175,-6.855733309841128,-1.98361253823097
3,0.8137989378179933,0.15793833080280484,1.2103736808822818,-2.8774399947450457,-1.172622265045296
3,0.8108608764870502,0.15740293116449927,-1.469030665471549,-0.2676998191527835,-2.961341622563105
3,0.8086747689653269,0.15172487907089502,-1.093053760861662,-2.8390260468021262,-1.9383139831321077
3,0.7959247505210979,0.14990405235048992,-6.37500922211448,-0.9104133602025472,-2.99974206167345
3,0.8035001113096976,0.14986434752898953,3.7876803942998305,-0.0198524107501985,-0.005241262961968012
3,0.8042837254753196,0.14893238604140618,0.39180708281100207,-0.46598074379167187,-0.8716544763833919
3,0.8077301809692289,0.14584133885460182,1.7232277469546586,-1.5455235934021816,-0.7310870896930272
3,0.8026559717138263,0.13677090208694861,-2.537104627701292,-4.535218383826603,-2.080845147636722
3,0.8099933121623272,0.13309266988686405,3.6686702242504365,-1.8391161000422818,-0.4646896204049669
3,0.8095153323289228,0.1282628543355096,-0.2389899167021814,-2.4149077756772246,-1.6694395351949387
3,0.8133093019508094,0.127372475445626,1.896984810943303,-0.44518944494180424,-0.23051120884925239
3,0.8249190308215877,0.13199480961437582,5.804864435389134,2.3111670843749126,0.3789046309459563
3,0.8305431259439332,0.1425703788918389,2.812047561172759,5.2877846387315435,1.0820329880998445
3,0.8323404667391611,0.14702225651182782,0.8986703976139321,2.225938809994457,1.187081617201553
3,0.8357459422223819,0.14390396842359732,1.702737741610394,-1.5591440441152515,-0.7414048315564997
3,0.8417903605189527,0.1351379568528576,3.0222091482854374,-4.383005785369861,-0.9671325721310546
3,0.8478912687475121,0.12572364731582783,3.050454114279677,-4.707154768514882,-0.9957957770967246
3,0.8473728192349975,0.11555383154157375,-0.25922475625728136,-5.084907887127038,-1.6217314757828372
3,0.8578517165877425,0.10757562836492104,5.2394486763724935,-3.9891015883263545,-0.6507313428608809
3,0.8607628813081456,0.09291742984199178,1.455582360201546,-7.329099261464633,-1.3747442310003923
3,0.8749749929388706,0.08360446003505669,7.1060558153625,-4.656484903467546,-0.5800808655329227
3,0.8910032810163542,0.07722281432059654,8.014144038741788,-3.1908228572300743,-0.37890960745718344
3,0.896206470318767,0.06996892218632567,2.601594651206407,-3.6269460671354348,-0.9485562445008929
3,0.9083658464329248,0.07353907682400117,6.079688057078925,1.785077318837751,0.28558719320811526
3,0.9176999597552904,0.0717775269364683,4.6670566611827775,-0.8807749437664338,-0.18652791250386824
3,0.9224889872670893,0.05903482180428013,2.394513755899441,-6.371352566094085,-1.2113025406601905
3,0.9275767695625591,0.05032977406261316,2.5438911477349,-4.352523870833486,-1.0418790921129715
3,0.9232716207662756,0.049596978251975975,-2.15257439814176,-0.36639790531859184,-2.9729946922453743
3,0.9171966166303748,0.04574193849241626,-3.037502067950393,-1.9275198797798556,-2.5761382587777284
3,0.9293722615830907,0.045606419579530405,6.087822476357974,-0.06775945644292916,-0.011129867667082268
3,0.9312188276695182,0.040699521292296086,0.9232830432137629,-2.4534491436171595,-1.2108685197866118
3,0.9317274451625572,0.052197697339431706,0.25430874651949376,5.74908802356781,1.5265905203900398
3,0.9350878902134757,0.06857816787290355,1.6802225254592407,8.190235266735922,1.3684542804044841
3,0.9261388394991538,0.07153305128659762,-4.474525357160974,1.4774417068470351,2.822674128818696
3,0.928909491077573,0.07262548199215851,1.385325789209635,0.5462153527804464,0.37557132300908
3,0.9388610345190125,0.07098733293882152,4.975771720719724,-0.8190745266684964,-0.1631494249832146
3,0.9429553045566308,0.07109607694205573,2.047135018809154,0.0543720016171062,0.026553803829545166
3,0.9369249851482117,0.08632928465877455,-3.015159704209569,7.616603858359411,1.9477344288178449
3,0.9485061445362988,0.08559235703561831,5.790579694043562,-0.3684638115781236,-0.06354592024430226
3,0.952247152456552,0.07640198749434932,1.8705039601266127,-4.5951847706344955,-1.1842208295514642
3,0.9542621035608425,0.06999073167070313,1.0074755521452539,-3.205627911823092,-1.2662875745682698
3,0.952065915451514,0.07644898098406547,-1.098094054664267,3.2291246566811678,1.898588039026006
3,0.9551179955128031,0.08773146244667786,1.5260400306445487,5.641240731306195,1.306604581106138
3,0.9529580313531201,0.08244555353842144,-1.0799820798415016,-2.64295445412821,-1.958717426251586
3,0.9544998435908634,0.0832621102502389,0.7709061188716504,0.40827835590873107,0.48705280717028404
3,0.9697241180177081,0.08946537316369893,7.612137213422354,3.1016314567300154,0.38691969926803127
3,0.9863857464527142,0.08300502439264613,8.330814217503034,-3.230174385526398,-0.36989131982159873
3,0.9874620186205553,0.08879985627277412,0.5381360839205596,2.897415940063992,1.3871591367916773
3,0.9922059089746162,0.08203112628233852,2.371945177030488,-3.3843649952177977,-0.9594975503823331
3,0.9956453885143574,0.08290757274858278,1.719739769870554,0.43822323312212724,0.24950949676476386
3,0.999241844793026,0.08500359317797274,1.7982281393343347,1.048010214694979,0.5276776137687669
3,0.9982939240066628,0.06583727367630376,-0.4739603931815939,-9.583159750834486,-1.6202136929755298
3,0.9873303020547468,0.06529207862058617,-5.4818109759580125,-0.27259752785879776,-3.091905941421997
3,0.986046664837383,0.06579030942051041,-0.6418186086818989,0.24911539996212012,2.77135213997429
3,0.9908458719495413,0.06794319105537754,2.399603556079155,1.0764408174335631,0.4216816726661826
3,0.991656152760586,0.0682515037709791,0.40514040552236397,0.15415635780078457,0.36358478223865076
3,0.9961751337845497,0.06487580507534599,2.259490511981821,-1.6878493478165584,-0.6415811646712003
3,0.9938109055614771,0.06909842731764329,-1.182114111536292,2.1113111211486513,2.081205278754774
3,0.9952740356345704,0.07044189108458908,0.7315650365466442,0.6717318834728938,0.7427864155913643
3,0.9958728361776262,0.07026936150528383,0.2994002715279165,-0.08626478965262363,-0.28052727705783814
3,0.9960215586866678,0.06978297067764029,0.07436125452076059,-0.24319541382177012,-1.2740566799524184
3,0.9993391829574005,0.07572966159474816,1.6588121353663943,2.973345458553933,1.0619125323959837
3,0.9958771328315361,0.07708894245160972,-1.7310250629322121,0.6796404284307791,2.767461803646082
3,0.9927822566044129,0.08194898623692981,-1.5474381135616166,2.4300218926600476,2.1378361216211124
3,0.992811581631779,0.08086806524137992,0.014662513683039169,-0.5404604977749458,-1.5436733121886628
3,0.9833811099170836,0.08453617930228868,-4.715235857347677,1.8340570304543822,2.770636116857998
3,0.9926687302733257,0.08625777557728043,4.6438101781210435,0.8607981374958718,0.18328430300039153
3,0.9896943573629773,0.09485735580585689,-1.4871864551742053,4.299790114288229,1.9037908804393142
3,0.9772454453095727,0.10181509527399579,-6.224456026702296,3.4788697340694537,2.631939515093547
3,0.9819786852540743,0.10917157689360195,2.366619972250794,3.678240809803078,0.9990671670246889
3,0.9763550282296946,0.11691346330472491,-2.8118285121898623,3.870943205561479,2.1990173999280707
3,0.9766876414842826,0.12164169608747996,0.16630662729399948,2.364116391377527,1.500565811992227
3,0.9883830598760445,0.13314850854413238,5.847709195880957,5.753406228326208,0.7772695579057505
3,0.9818676789927233,0.1488020540888845,-3.2576904416605768,7.826772772376062,1.9652101788823775
3,0.9878954328650181,0.15944483566117174,3.0138769361474083,5.321390786143618,1.0554717873313508
3,0.9897987500679388,0.1554046915495846,0.9516586014603479,-2.020072055793562,-1.1305337704349145
3,0.9942450794148577,0.1647434173829871,2.2231646734594546,4.669362916701239,1.1264367322201754
3,0.9992797457442939,0.17145554801470053,2.517333164718083,3.356065315856721,0.9272410276330717
3,0.9967409459365497,0.1894719772865176,-1.2693999038720927,9.008214635908535,1.7107903648298295
3,0.9989294988558063,0.19882078635731507,1.094276459628285,4.6744045353987325,1.3408377688840376
3,0.9993417072753847,0.19711968814041625,0.20610420978922628,-0.8505491084494082,-1.3330598020055493
3,0.9973977303362929,0.199297305447932,-0.9719884695459369,1.0888086537578778,2.2995682005604023
3,0.9978877055956883,0.19922700386590134,0.2449876296977127,-0.03515079101533425,-0.14250726494830512
3,0.999226236198897,0.19788137248572138,0.6692653016043826,-0.6728156900899784,-0.78804359256703
3,0.9983655906213218,0.20424950572105408,-0.4303227887876293,3.184066617666348,1.7051311904626818
3,0.9964857757940697,0.20778946881558322,-0.9399074136260399,1.7699815472645708,2.0589560910658973
3,0.9999528408891759,0.20617567249420723,1.733532547553096,-0.806898160687991,-0.43563966682760547
3,0.9952839043159445,0.2025087237197582,-2.3344682866157096,-1.8334743872245178,-2.47582227292822
3,0.994224487832219,0.21053455880719507,-0.5297082418627697,4.012917543718436,1.7020383529709355
3,0.9820304444791226,0.20682811306005283,-6.097021676548186,-1.8532228735711198,-2.846510982135358
3,0.9821095332629325,0.20750629006327967,0.0395443919049554,0.33908850161341875,1.4547010577557575
3,0.9887225548976013,0.20320324367125348,3.306510817334407,-2.151523196013097,-0.5768621842742699
3,0.9868972634570046,0.21539843244596896,-0.9126457202983662,6.0975943873577405,1.719366530954785
3,0.9881008511493704,0.2178238213206332,0.6017938461829186,1.2126944373321151,1.1101570322349952
3,0.9920195991783686,0.21506597180988923,1.9593740144990823,-1.3789247553719768,-0.6132435312132979
3,0.9992470520075756,0.21379455212284149,3.613726414603502,-0.6357098435238739,-0.1741336508101183
3,0.9978196499634207,0.21189594237340226,-0.713701022077462,-0.9493048747196142,-2.215457605145225
3,0.9968202892485221,0.21173312731607336,-0.49968035744929473,-0.08140752866445111,-2.980092351979295
3,0.9974464984574536,0.21261330259139485,0.3131046044657637,0.4400876376607493,0.9524206443218172
3,0.9966231429698142,0.21021894535656901,-0.4116777438196717,-1.1971786174129195,-1.902002655887604
3,0.9940167967583347,0.21288275196603135,-1.3031731057397966,1.3319033047311661,2.3452919370354617
3,0.9976170390028427,0.22066158828047192,1.800121122254028,3.889418157220284,1.1373282143927654
3,0.9999825350126991,0.23113152249226884,1.1827480049281802,5.2349671058984635,1.3485947131964287
3,0.9923303534212209,0.22479196765137008,-3.82609079573909,-3.1697774204493823,-2.449735137672103
3,0.9827242460018347,0.2184332253289465,-4.803053709693083,-3.1793711612117943,-2.556864029669893
3,0.968996354763706,0.2211170871926768,-6.863945619064338,1.3419309318651595,2.9485235889519874
3,0.9657520717600041,0.2177414302823263,-1.622141501850971,-1.687828455175261,-2.3363519136665096
3,0.9554254790794636,0.21241951184380262,-5.16329634027024,-2.6609592192618354,-2.6657322570581656
3,0.946164889436199,0.19776672975060594,-4.6302948216322966,-7.326391046598338,-2.1344150505351798
3,0.9388597178337111,0.19057901502429142,-3.652585801243946,-3.59385736315726,-2.3642987630062415
3,0.9326817318002499,0.18941532728507146,-3.0889930167306012,-0.5818438696099798,-2.9554136827640445
3,0.9357636131287485,0.19246770482829173,1.5409406642492574,1.5261887716101346,0.7805885265048657
3,0.9310308854786827,0.17943568831467124,-2.366363825032858,-6.5160082568102435,-1.9191479280934223
3,0.9298255808156192,0.1734454825332187,-0.6026523315317833,-2.99510289072627,-1.7693575410480626
3,0.9211945864511917,0.17785032864732508,-4.315497182213745,2.2024230570531906,2.669697701889163
3,0.917082174050733,0.16865799653141225,-2.056206200229338,-4.596166057956416,-1.9914645069204728
3,0.9206734661555753,0.16827770091228034,1.7956460524211626,-0.19014780956595756,-0.10550064276901734
3,0.9072964734684668,0.15365081691188207,-6.688496343554284,-7.313442000199135,-2.3115912963568817
3,0.8957402321838513,0.16086180034875375,-5.778120642307704,3.605491718435841,2.5837196836995973
3,0.8966393531494393,0.15629220733614863,0.44956048279398697,-2.284796506302561,-1.3765164311223337
3,0.9037503125760414,0.15125617282986464,3.5554797133010574,-2.518017253141991,-0.616213113183804
3,0.9099141593501987,0.14150655794332553,3.0819233870786333,-4.874807443269555,-1.0070259524703953
3,0.9050804025373897,0.13466957335335725,-2.416878406404477,-3.4184922949841434,-2.186205693587279
3,0.9024452804968067,0.12631717609373266,-1.3175610202915133,-4.1761986298122915,-1.8764054956682337
3,0.8932092916300277,0.11310023435321921,-4.617994433389505,-6.608470870256726,-2.180715958487486
3,0.8925209603945755,0.1172164844870786,-0.3441656177260999,2.058125066929692,1.7364861437511394
3,0.881181092591653,0.10000085080949007,-5.669933901461254,-8.60781683879426,-2.1532604080075024
3,0.8754639781525668,0.08844150630506703,-2.8585572195430897,-5.779672252211522,-2.030105064456761
3,0.8696582040025537,0.06851638420786656,-2.902887075006577,-9.962561048600236,-1.8543258569601517
3,0.8705408018160928,0.05640309193924568,0.4412989067695827,-6.05664613431044,-1.4980629288556286
3,0.8643844091202445,0.04750310959052081,-3.078196347924167,-4.4499911743624345,-2.1759509656186857
3,0.8547942385607731,0.04601117518164632,-4.795085279735711,-0.7459672044372451,-2.9872606322633466
3,0.8540342129569769,0.039832552098829646,-0.3800128018980886,-3.0893115414083354,-1.693190371608341
3,0.8586005302778903,0.04016603092687151,2.2831586604566967,0.1667394140209312,0.07290072846201764
3,0.8584240828933386,0.01714650657462916,-0.08822369227584614,-11.509762176121175,-1.5784612952932817
3,0.8513808291346763,0.0067630433008715905,-3.5216268793311634,-5.191731636878783,-2.1668195278944693
3,0.8442127953149843,0.005070299941335577,-3.5840169098459995,-0.8463716797680069,-2.909689549154177
3,0.8593457997128131,0.011373606527529995,7.5665021989144154,3.151653293097209,0.39467220154855126
3,0.852294586637869,0.001929592361808498,-3.5256065374720813,-4.722007082860748,-2.212139101017291
3,0.8450213308581942,0.008965747876617133,-3.636627889837374,3.5180777574043174,2.3727625072113563
3,0.8493262623546628,0.0004695920556907771,2.1524657482343,-4.248077910463178,-1.1018097126062574
3,0.8503129033328761,0.005209953815055267,0.4933204891066634,2.370180879682245,1.3655898589439612
3,0.8447282658557147,0.0003861485443077303,-2.7923187385807124,-2.4119026353737683,-2.429162314943628
3,0.8404031873618567,0.0035318743745340175,-2.162539246928996,1.5728629151131437,2.512763976089278
3,0.845067798216475,0.0027323680464676017,2.332305427309167,-0.3997531640332079,-0.16974885773649248
3,0.8454591777579008,7.991547955774319e-05,0.1956897707128813,-1.3262262834549292,-1.4242995733992163
3,0.8517240630512601,0.003915724504519724,3.1324426466796673,1.9179045124809906,0.549393637365904
3,0.8577437755623526,0.007768521347179491,3.0098562555462283,1.9263984213298835,0.5693345022205127
3,0.865531990030664,0.0015562557383237757,3.894107234155675,-3.1061328044278578,-0.6733060845222414
3,0.8740550387525514,0.008279114345378258,4.261524360943736,3.361429303527241,0.6678654255801028
3,0.8724125725957496,0.008795179537127055,-0.8212330784009292,0.2580325958743985,2.8371584926950777
3,0.8760907186338012,0.0044411631159515744,1.8390730190258053,-2.17700821058774,-0.8693459134551503
3,0.878461873910837,0.0024810215183768813,1.1855776385178984,-0.9800707987873466,-0.6907875632995554
3,0.882509588966568,0.00662629806110422,2.0238575278654913,2.0726382713636693,0.7973055204180186
3,0.8799071803743403,0.006427223350683285,-1.3012042961138004,-0.09953735521046761,-3.06524501127551
3,0.8727752225900713,0.0021580537931238275,-3.5659788921345026,-2.134584778779728,-2.6022053038563424
3,0.8790052888034244,0.0020573089952355007,3.1150331066765458,-0.05037239894416343,-0.016169333433318788
3,0.8805931854616164,0.00621085478669791,0.7939483290959615,2.076772895731205,1.2056418852819049
3,0.8818265610842918,0.002739766629506657,0.6166878113377239,-1.7355440785956264,-1.2293826601301818
3,0.8941931009466543,0.003282499675374432,6.1832699311812345,0.27136652293388747,0.04385907485049109
3,0.8893318169849154,0.00111094238098811,-2.4306419808694524,-1.085778647193161,-2.721482666833396
3,0.8976818661018787,0.011388152622911984,4.1750245584816765,5.1386051209619374,0.8884905683476971
3,0.8929981407204277,0.011540047182657791,-2.3418626907255047,0.07594727987290331,3.1091737283548406
3,0.9046624864412831,0.007411492829349922,5.832172860427698,-2.0642771766539347,-0.34018629766870234
3,0.9168938013410523,0.001045736603102098,6.11565744988457,-3.1828781131239117,-0.47987141214035195
3,0.920718864035892,0.006825199784291602,1.9125313474198657,2.889731590594752,0.9861447813087794
3,0.9158243842500299,0.0004152757365834174,-2.4472398929310524,-3.204962023854092,-2.2229311478513503
3,0.9120423254788048,0.00030257862431598776,-1.8910293856125304,-0.056348556133714825,-3.111803646630817
3,0.9124332187413949,0.0009286446801450394,0.1954466312950598,0.3130330279145258,1.0126543115516906
3,0.9205785976082004,0.009144687520902264,4.07268943340272,4.108021420378612,0.7897170750329569
3,0.9210750102169445,0.0030721532986053776,0.24820630437205615,-3.0362671111484434,-1.4892305048340442
3,0.9251428045375965,0.0016284897432739798,2.0338971603259814,-0.7218317776656988,-0.3410341202945276
3,0.932839951834167,0.002765885332916134,3.8485736482852806,0.5686977948210771,0.14670679955958701
3,0.9411985733208922,0.006217940441338345,4.179310743362585,1.7260275542111057,0.391657118118931
3,0.9518532144018929,0.0028818287971814766,5.327320540500335,-1.6680558220784343,-0.3034436618547578
3,0.9602545776832191,0.00884229928331079,4.2006816406631176,2.9802352430646564,0.6170498925768447
3,0.9616339981211578,0.0007710001773165139,0.6897102189693527,-4.035649552997138,-1.4015273154093417
3,0.9729406331772921,0.0012961582458510318,5.653317528067136,0.2625790342672589,0.04641353598129016
3,0.9743654861779758,0.015559049358854568,0.7124265003418673,7.1314455565017685,1.471227366985875
3,0.9805125037567999,0.008356736551525613,3.0735087894120383,-3.601156403664477,-0.8642864020266942
3,0.9903184204927497,0.007424367361250773,4.902958367974885,-0.4661845951374204,-0.09479731666167461
3,0.9989018869284898,0.0007298258602907149,4.291733217870075,-3.347270750480029,-0.6623855614599702
3,0.990175267989329,0.002230070366041437,-4.363309469580412,0.750122252875361,2.971341006935703
3,0.9877915061481507,0.0034748986865067123,-1.191880920589139,0.6224141602326376,2.6603339912529416
3,0.9821760014914374,0.001886825607738546,-2.807752328356672,-0.7940365393840831,-2.8659880246096168
3,0.9822945195239204,0.0018151901274174034,0.05925901624154184,-0.03581774016057134,-0.5436681763848682
3,0.9820926556905807,0.0041580708236485,-0.10093191666987744,1.1714403481155482,1.656744589404996
3,0.9936060719508486,0.008185116141963527,5.756708130133958,2.0135226591575135,0.33646972792828717
3,0.9996691935274742,0.012977678627826523,3.0315607883127926,2.3962812429314977,0.6688873391665247
3,0.9858597884727749,0.015147339709868594,-6.904702527349649,1.0848305410210355,2.985751892053171
3,0.9885417591081396,0.0051874998770768364,1.3409853176823416,-4.979919916395879,-1.3077570997177645
3,0.9940857204883675,0.02099334077612357,2.771980690113973,7.902920449523367,1.2334499808062807
3,0.995027543728016,0.02357285195660406,0.47091161982426577,1.2897555902402438,1.2207182794628215
3,0.9943510346469813,0.024462646819930982,-0.3382545405173909,0.4448974316634616,2.2208555197215656
3,0.992955846533778,0.016915280797470317,-0.6975940566016359,-3.7736830112303323,-1.7535904203279866
3,0.9945663695349666,0.0025589712601887457,0.8052615005942898,-7.178154768640785,-1.4590811613549652
3,0.997516440858413,2.8643662166033665e-05,1.4750356617231897,-1.2651637990113558,-0.7089574032707819
3,0.9926874459536088,0.01366967121626201,-2.4144974524020757,6.820513777047988,1.9110348017292806
3,0.9989307663061071,0.017138597247257803,3.1216601762491525,1.7344630154978966,0.5071492630945913
3,0.9997203712754565,0.008753014768811695,0.3948024846747167,-4.192791239223054,-1.4769109437453574
3,0.9945083213100296,0.010901968781604137,-2.6060249827134507,1.074477006396221,2.750523771030789
3,0.9955530060206701,0.01561231408062196,0.5223423553202267,2.355172649508911,1.3525439090102787
3,0.9997342729931546,0.011828329021223438,2.090633486242277,-1.8919925296992604,-0.7355625822329304
3,0.9917218216551205,0.017575377856333174,-4.006225669017094,2.8735244175548678,2.519373346751716
3,0.9942835665049756,0.01988912373859401,1.2808724249275816,1.1568729411304182,0.7345755032692727
3,0.985774916090335,0.01946133949471772,-4.25432520732033,-0.21389212193814558,-3.0913585589042403
3,0.9922867289644194,0.021278658618470593,3.255906437042211,0.9086595618764369,0.2721557237888461
3,0.9882174223363436,0.022388019723138513,-2.034653314037904,0.55468055233396,2.875443488321689
3,0.9858092672540016,0.024391962150646537,-1.204077541170967,1.0019712137540118,2.44755408289475
3,0.9882544628379161,0.029884113705232723,1.222597791957214,2.7460757772930933,1.151927613879853
3,0.9941631001166991,0.02227187317511424,2.9543186393914955,-3.8061202650592416,-0.9107356604678645
3,0.9906274865976048,0.02440546408815925,-1.7678067595471303,1.0667954565225044,2.598635079397688
3,0.9922186698877478,0.0258769131259032,0.7955916450714806,0.735724518871975,0.7463228538451262
3,0.9964083872845321,0.029425216053486573,2.0948586983921547,1.774151463791687,0.7026959445499615
3,0.9973148311007469,0.025255013741155543,0.45322190810742624,-2.085101156165515,-1.3567635563820732
3,0.9959586921959611,0.0241351058925138,-0.6780694523929043,-0.5599539243208718,-2.4513131255404836
3,0.9949153034746507,0.011124922057722414,-0.5216943606551894,-6.505091917395692,-1.650822897380279
3,0.9936508671521604,0.005482689715880953,-0.6322181612451461,-2.8211161709207304,-1.7912560055967561
3,0.9959931644907593,0.004517582214415602,1.1711486692994044,-0.4825537507326758,-0.3908377726079998
3,0.9956925040429544,0.007130889495788004,-0.15033022390242845,1.3066536406862013,1.6853424910942858
3,0.991869110246455,0.013483182000244263,-1.9116968982497151,3.176146252228129,2.112605814236702
3,0.9803411377356384,0.01717009222078867,-5.763986255408304,1.8434551102722037,2.83205031792568
3,0.9780062401319044,0.018729597042920626,-1.167448801866977,0.779752411065978,2.552728778505417
3,0.9854144859377151,0.014835923668833694,3.704122902905338,-1.946836687043466,-0.4839066006689804
3,0.9923037101746488,0.01762978495996478,3.444612118466861,1.396930645565543,0.38527375685642856
3,0.978885014198553,0.02101269831023166,-6.709347988047898,1.6914566751334397,2.894634287761309
3,0.9686811729180972,0.020243144771153354,-5.101920640227908,-0.38477676953915274,-3.0663171338257866
4,0.48151711005982034,0.5197286316001053,0.0,0.0,0.0
4,0.4812134522297788,0.5073794571245932,-0.1518289150207741,-6.174587237756046,-1.5953806949356775
4,0.47928439166952075,0.5131336603131982,-0.9645302801290223,2.877101594302489,1.8942652548136776
4,0.4689437264815788,0.5185587672189955,-5.170332593970983,2.7125534528986694,2.6584294007055953
4,0.46640617511227195,0.5336650386486044,-1.268775684653417,7.5531357148044265,1.737222562477055
4,0.45625570987592495,0.5369012124625678,-5.075232618173497,1.6180869069817305,2.832960244837989
4,0.4525860743662818,0.5415718307076453,-1.8348177548215827,2.335309122538709,2.2367475643894257
4,0.4568398718028761,0.5482259473230503,2.1268987182971597,3.327058307702524,1.001999018230608
4,0.46094336266259567,0.5550483252110664,2.05174542985978,3.411188944008048,1.0292928529251284
4,0.454117753296171,0.5542855625655281,-3.412804683212339,-0.3813813227691587,-3.0303042635971464
4,0.44549760606193434,0.5584400553979342,-4.310073617118326,2.077246416203049,2.692487822165566
4,0.4381734899348368,0.5752063102786608,-3.662058063548773,8.38312744036329,1.9826499295017876
4,0.4335364533344958,0.5804400661085132,-2.318518300170491,2.616877914926208,2.295814950601242
4,0.44216787197933655,0.5900917094790255,4.315709322420369,4.8258216852561375,0.841141986067264
4,0.4485565937988343,0.5898230427815507,3.1943609097488666,-0.1343333487373588,-0.042028514596906714
4,0.44518493141605164,0.6019977911150578,-1.6858311913913182,6.087374166753534,1.8409642966476605
4,0.44379272623134947,0.6094063319430423,-0.6961025923510888,3.704270413992239,1.756548963822852
4,0.4380659988865312,0.6310106748327308,-2.863363672409136,10.802171444844245,1.8299102384153658
4,0.4345584655383931,0.639067258987612,-1.7537666740690405,4.028292077440598,1.9814111300136983
4,0.4305714989293883,0.6449130567980194,-1.9934833045024136,2.922898905203697,2.1693547986161668
4,0.4284983492095467,0.6512806193024065,-1.0365748599207858,3.183781252193596,1.8855525447715276
4,0.42755993039565493,0.6649365973671091,-0.46920940694589186,6.827989032351267,1.6394069993705325
4,0.4236061362093103,0.6712186490061733,-1.9768970931723084,3.1410258195321283,2.132538710522507
4,0.42232031432770334,0.6816794048989142,-0.6429109408034872,5.230377946370434,1.693101459452998
4,0.430300362232969,0.685253671111314,3.9900239526328427,1.7871331061998785,0.42110648030134057
4,0.435646087908221,0.7053541829572862,2.672862837625994,10.050255922986139,1.3108633947219595
4,0.42682171685781023,0.717261541172681,-4.412185525205392,5.953679107697396,2.2085677296467767
4,0.42609295327692703,0.727319675288193,-0.364381790441598,5.029067057755965,1.6431250807505065
4,0.42378622470783067,0.736737322114997,-1.1533642845481806,4.7088234134020075,1.8110040067012467
4,0.4224420906563042,0.7539578083903106,-0.6720670257632233,8.610243137656791,1.6486927497258157
4,0.41207272593639577,0.7651090216105734,-5.184682359954229,5.5756066101314,2.3198801871882693
4,0.4125240056485004,0.775152823651726,0.22563985605231207,5.021901020576314,1.5258953624997
4,0.40690460427657227,0.7789404670717645,-2.8097006859640614,1.8938217100192278,2.5485098734663185
4,0.4020048835563119,0.7887118313565553,-2.449860360130174,4.885682142395431,2.035592639963907
4,0.3946494322107887,0.793236604818069,-3.6777256727616168,2.262386730756849,2.5901011964657155
4,0.39418543029807723,0.8016760215349705,-0.23200095635572682,4.219708358450758,1.6257213578019782
4,0.39007694500640516,0.805624124962135,-2.054242645836035,1.9740517135822255,2.376098780888245
4,0.3919590299989878,0.8144480783453265,0.9410424962913166,4.411976691595765,1.3606525886717735
4,0.3832485331771219,0.8296931455765796,-4.35524841093296,7.622533615626536,2.0898944663741283
4,0.3801193088606271,0.8309801227470903,-1.5646121582473804,0.6434885852553696,2.7514029082208364
4,0.3721965797166062,0.8389655083908955,-3.9613645720104618,3.992692821902566,2.35225586034042
4,0.3681597685702003,0.8511386077877527,-2.018405573202958,6.0865496984286445,1.8910017155237373
4,0.37236965858133547,0.8592295636296866,2.1049450055675987,4.045477920966933,1.0910248024684044
4,0.3741932556304802,0.8744244239576718,0.911798524572377,7.597430163992613,1.4513535293571165
4,0.372917085999281,0.877811006508631,-0.6380848155996266,1.6932912754795693,1.9311713786355098
4,0.36610287622300924,0.8913816696379464,-3.4071048881358643,6.785331564657715,2.0361448769167128
4,0.3652607984276998,0.90567395788914,-0.42103889765471303,7.146144125596776,1.6296466254410344
4,0.3618407925438733,0.90614411187002,-1.7100029419132579,0.23507699044000852,3.004977278132976
4,0.36223100381240897,0.9026562100880849,0.19510563426783367,-1.743950890967516,-1.4593839568478548
4,0.35860454470736675,0.9082191640140702,-1.8132295525211117,2.781476962992635,2.148502209534147
4,0.36182572593292783,0.9111819184606305,1.6105906127805436,1.4813772232801226,0.7436324480318552
4,0.3567238974974778,0.9154202006621865,-2.55091421772502,2.1191411007780436,2.448388069534933
4,0.35308248677652937,0.914259979353105,-1.8207053604742118,-0.5801106545407775,-2.8331432645406402
4,0.3551140323583353,0.9109428530544914,1.0157727909029524,-1.658563149306791,-1.0212789041511012
4,0.35872165648178994,0.9149853954487942,1.8038120617273334,2.0212711971513975,0.8421878583764562
4,0.3600557231432526,0.9194197220237635,0.6670333307313425,2.217163287484669,1.2785599993967682
4,0.3508928852719878,0.9072684330004159,-4.581418935632408,-6.075644511673805,-2.216892710233155
4,0.3476014559206125,0.9089158915906952,-1.645714675687665,0.8237292951396302,2.6775212663979135
4,0.3358592612727714,0.9130314215403901,-5.871097323920549,2.0577649748474425,2.8044807573430863
4,0.3255901847906067,0.9171066848781826,-5.134538241082343,2.037631668896256,2.7638063941915254
4,0.31343486561964246,0.9334463292652301,-6.07765958548212,8.169822193523746,2.210392144437553
4,0.30947697536243157,0.9432299649731427,-1.9789451286054416,4.891817853956315,1.955211964182607
4,0.3039870052729959,0.9440187197559953,-2.7449850447178457,0.3943773914262816,2.9988971659088355
4,0.29552274273879103,0.9432743500515146,-4.232131267102424,-0.3721848522403315,-3.0538756676850998
4,0.2900760515617169,0.9470930843454032,-2.723345588537068,1.9093671469442852,2.53012153969507
4,0.2859272852402267,0.9504261972395966,-2.074383160745097,1.6665564470967342,2.4647828506268747
4,0.2739919390937149,0.9583426994337231,-5.967673073255908,3.9582510970632145,2.5559368303374486
4,0.2709553112732489,0.9701314682122629,-1.5183139102329934,5.894384389269924,1.8229023919549854
4,0.262054084228615,0.9806151823399553,-4.450613522316959,5.241857063846167,2.274740247185363
4,0.25741456838484644,0.9810400482803046,-2.319757921884269,0.21243297017464746,3.0502718686240176
4,0.259109612578787,0.9889371314511191,0.8475220969702824,3.9485415854072503,1.3593625599992551
4,0.25402818034907415,0.9774885749419887,-2.540716114856428,-5.724278254565173,-1.988523456285234
4,0.2501336844656798,0.9673554112747439,-1.9472479416971777,-5.066581833622408,-1.9377229981805826
4,0.2526993758328305,0.9718406834490644,1.28284568357534,2.2426360871602435,1.0512001160594544
4,0.2467248779721419,0.9706027304030396,-2.9872489303442857,-0.6189765230124045,-2.937277747125396
4,0.24226713529758873,0.9723505155031434,-2.2288713372765887,0.8738925500519357,2.767933745734259
4,0.23285723745092132,0.9647157930270877,-4.704948923333702,-3.8173612380278943,-2.459969075497227
4,0.2258732333082123,0.9564574493144796,-3.4920020713545137,-4.129171856304015,-2.272783270772364
4,0.2236728302505828,0.9513821799193187,-1.1002015288147509,-2.5376346975804487,-1.9798898738400674
4,0.21816000407142142,0.9485636851670479,-2.7564130895806893,-1.409247376135403,-2.668976633934804
4,0.22577501791424417,0.934848658847692,3.8075069214113797,-6.857513159677975,-1.0639455280228733
4,0.22467588090815388,0.9174147236040381,-0.5495685030451475,-8.716967621826942,-1.6337588294652645
4,0.22468573842376016,0.9174621292970508,0.0049287578031409485,0.023702846506379327,1.3657784282138643
4,0.21711802743239483,0.9033347694157451,-3.783855495682664,-7.063679940652878,-2.0625770388647964
4,0.2210495807954628,0.8935777626177618,1.9657766815339843,-4.8785033989916515,-1.1877523039807885
4,0.21699381819044053,0.8790728264732044,-2.0278813025111364,-7.2524680722786945,-1.8434457384673584
4,0.21242128545718392,0.88021301894726,-2.2862663666283063,0.5700962370278062,2.8972193759395743
4,0.20720727730214886,0.8741689244457177,-2.60700407751753,-3.0220472507711538,-2.282595322024372
4,0.20240607417079273,0.8604936081562353,-2.400601565678062,-6.837658144741187,-1.908437718156807
4,0.20509596952974019,0.8459866014184881,1.3449476794737263,-7.253503368873592,-1.3874580787521726
4,0.19469613432656632,0.850922041361025,-5.1999176015869315,2.467719971268434,2.698495990058582
4,0.19501145650762353,0.842702447712795,0.1576610905286019,-4.109796824114997,-1.5324528698878732
4,0.19616968602806012,0.8573967371294352,0.5791147602182967,7.347144708320097,1.4921372132086883
4,0.1927759943923751,0.8461230211120314,-1.6968458178425043,-5.6368580087018945,-1.8631949528108729
4,0.1885578290249647,0.8319873732927117,-2.1090826837052017,-7.067823909659876,-1.8607903058844968
4,0.1765603522445131,0.8247388148157613,-5.9987383902258,-3.624279238475192,-2.59810999549304
4,0.16400398125065677,0.817001649828541,-6.27818549692817,-3.868582493610162,-2.589350557908952
4,0.16649134587427383,0.8171940122725594,1.2436823118085332,0.0961812220092173,0.0771822179358528
4,0.16898030921276994,0.8156369304567543,1.2444816692480514,-0.7785409079025252,-0.5590267184468354
4,0.17163925799916882,0.8125300338431084,1.3294743931994424,-1.5534483068229687,-0.8629323005729247
4,0.1639883942353534,0.8049466745084739,-3.825431881907704,-3.7916796673172493,-2.360625565340746
4,0.16995975354337478,0.8093225462706282,2.985679654010684,2.18793588107713,0.6324084264385309
4,0.1607172299555026,0.8072795751969511,-4.621261793936085,-1.0214855368385067,-2.9240502000595283
4,0.15596966514377425,0.8059564713561844,-2.3737824058641803,-0.6615519203833631,-2.869798147907863
4,0.15492543011907622,0.8008840714997038,-0.5221175123490129,-2.5361999282403347,-1.7738259233315719
4,0.14747622083437417,0.8062665287667398,-3.724604642351026,2.691228633518006,2.5158894882698335
4,0.14372857087739657,0.7997755135490205,-1.8738249784888,-3.24550760885961,-2.0944021013140093
4,0.13584136594277307,0.7942688245886862,-3.943602467311749,-2.7533444801671747,-2.5320891917249426
4,0.14654062119501615,0.7861042680915278,5.349627626121539,-4.0822782485792075,-0.651829857812354
4,0.14345646111145857,0.7772576661555497,-1.5420800417787899,-4.423300967989041,-1.9062470360657735
4,0.1409337981567194,0.774072676569448,-1.2613314773695927,-1.592494793050847,-2.24066932164937
4,0.13978217573670265,0.7740941889310656,-0.5758112100083673,0.01075618080881302,3.122914778304409
4,0.14099760826861193,0.7753954000743257,0.6077162659546415,0.6506055716300474,0.8194695011164189
4,0.14729115512415727,0.7696366771959876,3.1467734277726698,-2.879361439169059,-0.7410518826216043
4,0.14659922829579203,0.7591707842972173,-0.34596341418262344,-5.232946449385156,-1.6368128017848584
4,0.1433043323034733,0.7648398024305475,-1.6474479961593596,2.834509066665103,2.0972858486777355
4,0.14228747813043557,0.7662011153498623,-0.5084270865188673,0.6806564596574249,2.212352707916049
4,0.14045454580352926,0.7582706034367698,-0.9164661634531585,-3.9652559565462875,-1.7979320628905633
4,0.13528141120608886,0.750636061937222,-2.5865672987201993,-3.8172707497738934,-2.166327257093801
4,0.13086311352846255,0.7380663522400838,-2.2091488388131517,-6.28485484856911,-1.908809990036985
4,0.12588272658238267,0.7352504227565321,-2.490193473039942,-1.4079647417758467,-2.627000110113826
4,0.13150155669158367,0.7259657669367315,2.8094150546005,-4.642327909900268,-1.0265812701340227
4,0.12677987298477778,0.7163642307497163,-2.360841853402948,-4.800768093507601,-2.0278329396964043
4,0.11849852217604871,0.7074176285926459,-4.140675404364531,-4.4733010785352185,-2.317599017181289
4,0.11316042065137549,0.7002490197673293,-2.6690507623366098,-3.584304412658279,-2.2108643610609753
4,0.11632435838267878,0.6925333314352657,1.5819688656516437,-3.8578441660317986,-1.1816430077990518
4,0.11684648405114395,0.684651054470151,0.2610628342325852,-3.9411384825573936,-1.5046524937159518
4,0.11569452449935459,0.6817398613062188,-0.5759797758946791,-1.4555965819660899,-1.9475904436104794
4,0.11295525256119386,0.6742007878570973,-1.3696359690803654,-3.7695367245607625,-1.9193084819421191
4,0.11429809184170606,0.6689459124314562,0.6714196402560976,-2.627437712820535,-1.320608877921724
4,0.10523427959381092,0.6508016460033094,-4.53190612394757,-9.072133214073407,-2.0340769882526075
4,0.1096589805394274,0.6477685038579116,2.2123504728082386,-1.516571072698869,-0.6009294708570483
4,0.11450263131640628,0.6456396218370224,2.4218253884894443,-1.0644410104446167,-0.4141047679145915
4,0.1069516692518477,0.6434868616225538,-3.7754810322792944,-1.0763801072343204,-2.8638633468979244
4,0.10046471795850785,0.6426659940144076,-3.2434756466699217,-0.4104338040730737,-3.015720305958299
4,0.0913642649293579,0.6438497007796334,-4.550226514574978,0.5918533826129169,3.012247642194642
4,0.09518561347782618,0.6346042359530513,1.9106742742341434,-4.622732413291086,-1.1788589858041305
4,0.0981296541159121,0.6224017936273373,1.4720203190429562,-6.101221162856995,-1.334054161313746
4,0.08918578933549703,0.6149987064838951,-4.471932390207531,-3.7015435717210887,-2.45017158627321
4,0.08257587464820257,0.6086504504640544,-3.304957343647233,-3.1741280099203406,-2.376384308585735
4,0.0666729030390042,0.6012218270385626,-7.951485804599187,-3.714311712745888,-2.704591885088931
4,0.058898132632692266,0.6006707853069515,-3.887385203155964,-0.27552086580556745,-3.070835347423766
4,0.05024995551215095,0.5953391385884739,-4.324088560270656,-2.665823359238817,-2.589125246676322
4,0.053205047927843196,0.5971363813634651,1.477546207846122,0.898621387495635,0.5464161302347559
4,0.046061113224895305,0.5956302203733863,-3.571967351473946,-0.7530804950394154,-2.933804947382742
4,0.046469961648678434,0.5875926490652555,0.20442421189156498,-4.018785654065382,-1.5199729714349413
4,0.0481012489682052,0.5758036686485576,0.8156436597633842,-5.894490208348979,-1.4332955710714017
4,0.04418985457668805,0.5643099208629708,-1.9556971957585754,-5.7468738927933805,-1.8988093382639504
4,0.04240969354158019,0.56054448188702,-0.8900805175539317,-1.882719487975415,-2.0124180657631996
4,0.04881361722174921,0.5710360193378529,3.201961840084512,5.245768725416433,1.02277253375814
4,0.038492234187366046,0.571864684676581,-5.160691517191583,0.4143326693640814,3.0614782254456347
4,0.03235313662557118,0.5637524834901186,-3.0695487808974318,-4.056100593231193,-2.2186182962615173
4,0.031290946719585704,0.5572245296063408,-0.5310949529927396,-3.263976941888902,-1.732096781051429
4,0.030403284167277382,0.5591175186993208,-0.44383127615416074,0.9464945464899843,2.0092731653974494
4,0.027238437961275407,0.5523311098550882,-1.5824231030009874,-3.393204422116325,-2.007163956117792
4,0.030743834577884405,0.5503558346247671,1.7526983083044987,-0.9876376151605193,-0.5131453665554984
4,0.03917989325526394,0.5363351295973748,4.218029338689769,-7.010352513696138,-1.0291382127815762
4,0.039599904028915445,0.5282436202117569,0.2100053868257512,-4.045754692808989,-1.5189352787632593
4,0.0357200685886629,0.5192158606687304,-1.9399177201262738,-4.51387977151324,-1.976697942911576
4,0.03877024911666881,0.5170834815234597,1.5250902640029582,-1.0661895726353232,-0.6101212280540745
4,0.04081698814283645,0.5091370791917045,1.023369513083818,-3.9732011658776267,-1.3187076127536554
4,0.036859336600235146,0.5035350219303684,-1.9788257713006518,-2.8010286306680565,-2.185847356418872
4,0.036345472821617764,0.5018408859210417,-0.2569318893086911,-0.8470680046633317,-1.8652953618443677
4,0.04374444684306507,0.4995559156705483,3.699487010723652,-1.1424851252467005,-0.2995311227948606
4,0.043797913185838595,0.49036431331550295,0.026733171386763427,-4.595801177522674,-1.5649795238380022
4,0.04535356518188991,0.4810388930824302,0.777825998025658,-4.6627101165363785,-1.4054999878797876
4,0.03609741724662918,0.475546006642556,-4.628073967630365,-2.7464432199371114,-2.6060171963377647
4,0.038624041136233855,0.46676113594509666,1.2633119448023367,-4.392435348729657,-1.2907441453260646
4,0.030275043652164296,0.4605011392024883,-4.174498742034779,-3.129998371304177,-2.498225811210118
4,0.032081604166388625,0.4555540013487389,0.9032802571121642,-2.473568926874697,-1.220668935542395
4,0.03616773037541238,0.45272279112562075,2.043063104511876,-1.4156051115590818,-0.6059339360019368
4,0.04128929675956607,0.44677752150644484,2.560783192076848,-2.972634809587954,-0.859691052393006
4,0.03885396064723533,0.44367757513312706,-1.2176680561653725,-1.5499731866588928,-2.2366985365133423
4,0.04344993147267055,0.4415519927428903,2.2979854127176123,-1.0627911951183733,-0.4331904684825328
4,0.0466000500774518,0.432759539698493,1.5750593023906232,-4.396226522198648,-1.2267684232302094
4,0.04286062507984733,0.4287218470926668,-1.8697124988022347,-2.018846302913102,-2.3178613294338346
4,0.05404602893505781,0.429802901670584,5.592701927605241,0.5405272889585921,0.09634943001553588
4,0.04706680339275264,0.4184064568487776,-3.489612771152586,-5.698222410903203,-2.12028634506776
4,0.03391845477223136,0.417297991931964,-6.574174310260639,-0.5542324584068004,-3.0574870335256272
4,0.04090995611026982,0.41437184900253804,3.4957506690192277,-1.4630714647129728,-0.39637652865536044
4,0.042116590809842244,0.41234002872262704,0.6033173497862129,-1.0159101399555004,-1.0348972483801437
4,0.03574122511841972,0.4047561893336563,-3.187682845711262,-3.7919196944853626,-2.2698379853892794
4,0.03513499790202687,0.4069538436813327,-0.30311360819642447,1.0988271738381905,1.8399544073739091
4,0.03415134818127021,0.4071238980650846,-0.4918248603783294,0.0850271918759471,2.9704037223274624
4,0.042403442899437385,0.39568317027444483,4.126047359083587,-5.720363895319879,-0.9459235151701889
4,0.03987786018138899,0.39064186832631426,-1.2627913590241984,-2.520650974065286,-2.0352262438512367
4,0.05098575452044467,0.3928938531568263,5.55394716952784,1.1259924152560163,0.2000262162123223
4,0.0590125788672245,0.390090879908701,4.013412173389915,-1.4014866240626422,-0.3359626337384418
4,0.06935398702904942,0.3902897653486553,5.170704080912462,0.0994427199771386,0.019229578973874187
4,0.062157507723413954,0.3785748212781366,-3.5982396528177336,-5.857472035259353,-2.1216635615600232
4,0.055030168529195386,0.3760650192180197,-3.563669597109284,-1.2549010300584307,-2.8030150411029795
4,0.05058743241773705,0.37265769877638555,-2.2213680557291693,-1.7036602208170826,-2.487336611875569
4,0.04094438736277033,0.3650490201512994,-4.821522527483357,-3.8043393125430645,-2.473574909484628
4,0.03234100611328404,0.36497101969186274,-4.301690624743147,-0.03900022971833894,-3.1325266456859757
4,0.02839335905180888,0.3601705045765403,-1.9738235307375802,-2.4002575576612117,-2.259010497850443
4,0.020467657737115934,0.34812071521554944,-3.962850657346473,-6.02489468049544,-2.152597663711037
4,0.016968535178094907,0.340104643429952,-1.7495612795105138,-4.008035892798717,-1.982378351422655
4,0.00774800937963451,0.3255219980588006,-4.610262899230198,-7.291322685575696,-2.1346239043206854
4,0.010453585670261889,0.3303269317396433,1.3527881453136896,2.4024668404213356,1.057964133038618
4,0.011146340733234728,0.33681623443286973,0.34637753148641925,3.2446513466132254,1.4644457167090996
4,0.011984296476954127,0.32895970717322115,0.4189778718596999,-3.9282636298242912,-1.4645407555583287
4,0.005800393395116654,0.3178073212565481,-3.091951540918737,-5.576192958336529,-2.0770813570534767
4,0.010901016964483205,0.3128158552418972,2.5503117846832755,-2.4957330073254456,-0.7745824351622136
4,0.0028811271343895644,0.306000073618303,-4.00994491504682,-3.4078908117970985,-2.437180013166656
4,0.0067922446882898654,0.30677805972638517,1.9555587769501506,0.3889930540410813,0.19635358828357233
4,0.0008976166402329018,0.3088313339824261,-2.947314024028482,1.02663712802048,2.8064065905208913
4,0.002403003283989345,0.3135282019455377,0.7526933218782216,2.3484339815557917,1.2606320801196025
4,0.001881607902169693,0.3051931421701199,-0.2606976909098259,-4.167529887708909,-1.6332694108127277
4,0.01094445748207309,0.2936835858255906,4.531424789951698,-5.754778172264635,-0.9037736087839614
4,0.012842149320885388,0.28239462936098936,0.9488459194061495,-5.6444782323006315,-1.4042518069528733
4,0.01221086082625307,0.28280232222086504,-0.3156442473161592,0.20384642993784285,2.568168104480936
4,0.007900070950860363,0.2867400481767571,-2.1553949376963533,1.9688629779460176,2.4013916944468536
4,0.008596773101243788,0.2852408921904371,0.34835107519171243,-0.74957799316,-1.135761010499058
4,0.013141473041154015,0.2847525197794692,2.2723499699551133,-0.24418620548394276,-0.10704897839095905
4,0.003991195709982211,0.2954734867053134,-4.575138665585902,5.360483462922116,2.2773151488654513
4,0.00012484497019508902,0.29624246810301036,-1.9331753698935612,0.38449069884846643,2.9452639076183296
4,0.004419804850404883,0.2868601474927236,2.147479940104897,-4.691160305143383,-1.1414983655214372
4,0.015132659961268259,0.2886426521136074,5.356427555431688,0.8912523104419035,0.16487880936206262
4,0.01288372975888779,0.2865291104839734,-1.124465101190235,-1.056770814817004,-2.3872193623466424
4,0.009907459999819738,0.28701231143692435,-1.4881348795340257,0.24160047647547866,2.980645728873077
4,0.010309699967223269,0.29684181792297365,0.20111998370176548,4.914753243024649,1.5298974612155192
4,0.010683447740727494,0.2883412786142399,0.18687388675211244,-4.250269654366867,-1.5268570892038593
4,0.005533816466122398,0.28485524439938503,-2.5748156373025477,-1.7430171074274414,-2.5465057226045027
4,0.005761515183293119,0.2760750057408159,0.11384935858536026,-4.39011932928457,-1.544869048250483
4,0.008819779325415503,0.26480302260982874,1.5291320710611924,-5.635991565493575,-1.3058587492890592
4,0.011974350171251123,0.2663118029279262,1.5772854229178095,0.7543901590487401,0.44612425875833356
4,0.014628673101421092,0.2613771542309615,1.3271614650849848,-2.4673243484823746,-1.0772942480907948
4,0.01314916346458773,0.2573863314035723,-0.7397548184166812,-1.995411413694581,-1.925816403647051
4,0.0019542283684431117,0.2672108226359678,-5.597467548072309,4.912245616197741,2.4213012589209235
4,0.003907758858463044,0.2672369318962753,0.976765245009966,0.013054630153747082,0.013364370812384544
4,0.019502472179176306,0.27105939698865833,7.79735666035663,1.9112325461915214,0.24037375790983526
4,0.02065635700057729,0.2688523920571632,0.5769424107004913,-1.1035024657475578,-1.089053240340989
4,0.020996932022401316,0.2687215875481426,0.17028751091201394,-0.06540225451029391,-0.36669828669574767
4,0.0280426933223822,0.2747522358989131,3.5228806499904426,3.0153241753852478,0.7079242092916176
4,0.024936224884604338,0.2684886508891639,-1.5532342188889319,-3.1317925048746087,-2.0312042576402285
4,0.032965397736620716,0.27404111281082694,4.014586426008189,2.776230960831516,0.6050227980635215
4,0.04113647097024638,0.2800979475328827,4.08553661681283,3.0284173610278797,0.6378796567848352
4,0.04236490092651574,0.27804279980024654,0.6142149781346827,-1.0275738663180767,-1.0320452848971238
4,0.05110846865796275,0.263283986823046,4.371783865723504,-7.379406488600276,-1.0359613880083514
4,0.0631537144659657,0.2558348815165655,6.022622904001473,-3.7245526532402318,-0.55385869916129
4,0.08097655109504585,0.24850272995715453,8.911418314540079,-3.6660757797054995,-0.3902873269527765
4,0.07840665482379627,0.24184121108452689,-1.2849481356247903,-3.330759436313821,-1.9389863286787257
4,0.09482775130918294,0.2302260962530646,8.210548242693335,-5.807557415731148,-0.6156277203250689
4,0.10339272289655042,0.2277407113660096,4.2824857936837395,-1.242692443527496,-0.2824236045187463
4,0.11136642626981201,0.22600689896659795,3.9868516866307933,-0.866906199705822,-0.21410841925982022
4,0.11438370452938917,0.22687736911255835,1.5086391297885817,0.43523507298019737,0.28086875448259846
4,0.12288253355089719,0.21951921203324362,4.249414510754009,-3.679078539657363,-0.7135868810648458
4,0.1317135867488084,0.2130167790811348,4.415526598955603,-3.2512164760544056,-0.634684732127157
4,0.13457984145603313,0.2184366840311596,1.4331273536123679,2.709952475012392,1.0843449236073401
4,0.1384286546125783,0.20841084446366634,1.924406578272586,-5.012919783746628,-1.2042551096520802
4,0.14402936111257633,0.19281494654633574,2.800353249999013,-7.797948958665299,-1.2260252470058557
4,0.1469199330286118,0.18313099040336048,1.445285958017739,-4.841978071487632,-1.2807246844923277
4,0.15688479624215146,0.18525637981762827,4.982431606769825,1.062694707133896,0.21013957847815856
4,0.15182155926215793,0.1760761437548509,-2.531618489996765,-4.590118031388688,-2.074818569865749
4,0.15485098405312953,0.17086448040788316,1.5147123954857982,-2.605831673483869,-1.0442568285503613
4,0.15275442326156488,0.16486881568990694,-1.0482803957823221,-2.997832358988109,-1.907185557235317
4,0.14405746083215606,0.165386951002334,-4.3484812147044085,0.2590676562135297,3.0820864063274658
4,0.14351016255052998,0.16174738646896936,-0.2736491408130426,-1.819782266682321,-1.720052670535632
4,0.1354367766569219,0.15809470943735746,-4.036692946804046,-1.8263385158059502,-2.7167161721896775
4,0.13277493630131257,0.14785146095416024,-1.330920177804659,-5.1216242415986075,-1.8250359712625697
4,0.1316532969177304,0.13610131878386328,-0.5608196917910868,-5.875071085148481,-1.6659654770174686
4,0.13309142360168247,0.1322187072482992,0.7190633419760367,-1.9413057677820367,-1.216062950081653
4,0.12273242332402438,0.14122599980236059,-5.179500138829042,4.50364627703069,2.4258784060000296
4,0.11499748907446873,0.14594195119657402,-3.8674671247778263,2.357975697106718,2.5940748951058055
4,0.11156736481503594,0.14500433280701336,-1.7150621297163937,-0.46880919478033134,-2.874762729143889
4,0.10264648667995696,0.1430115046223613,-4.460439067539491,-0.9964140923260228,-2.921811883870226
4,0.08440408653120557,0.14099283211008928,-9.121200074375697,-1.0093362561360146,-3.031382769424563
4,0.0738556906970206,0.13572663860884365,-5.274197917092486,-2.633096750622815,-2.6785522910606203
4,0.0697735026841882,0.1355811469425457,-2.041094006416201,-0.07274583314897942,-3.105967124092438
4,0.06011391989438436,0.13055884607412313,-4.829791394901917,-2.511150434211282,-2.662128953831758
4,0.052513991783310295,0.12910161509661797,-3.799964055537033,-0.728615488752582,-2.9521492348335223
4,0.04500592162973674,0.11885164144075167,-3.7540350767867774,-5.12498682793315,-2.203000781742908
4,0.03801393350220016,0.118453787786303,-3.495994063768288,-0.19892682722433275,-3.0847525826593873
4,0.03455134568579546,0.11135210907160875,-1.731293908202352,-3.550839357347124,-2.0244531197507243
4,0.029925620330392238,0.10043140468323049,-2.312862677701611,-5.460352194189132,-1.9714584353999483
4,0.021208492639877258,0.09497945669586007,-4.35856384525749,-2.72597399368521,-2.582684612006447
4,0.014211057172529216,0.09930233236957232,-3.4987177336740207,2.1614378368561282,2.5882021045175487
4,0.007895284036885506,0.10033835677036045,-3.157886567821855,0.5180122003940607,2.979003051855044
4,0.001544674293391822,0.09430471525745393,-3.1753048717468415,-3.0168207564532574,-2.3817833641915462
4,0.011535200219132152,0.09551842055231782,4.995262962870165,0.6068526474319463,0.12089320417721396
4,0.01689472311956788,0.09592766055843976,2.679761450217864,0.20462000306097072,0.07620966083592118
4,0.02388670440549904,0.08859345801708345,3.4959906429655794,-3.667101270678159,-0.8092814381183536
4,0.03287286079903189,0.08049168589612536,4.493078196766427,-4.0508860604790415,-0.7336893849038808
4,0.029702470615839777,0.07334219342940301,-1.5851950915960582,-3.574746233361174,-1.9881838302089143
4,0.020382574396368022,0.07304784048482839,-4.659948109735877,-0.1471764722873123,-3.1100198631379787
4,0.009832697202537297,0.07557204448786074,-5.274938596915362,1.262102001516177,2.9067438669106624
4,0.004456665010761099,0.06325299942404186,-2.688016095888099,-6.159522531909441,-1.9822831800095138
4,0.006491030083314164,0.05549383240038669,1.0171825362765323,-3.8795835118275863,-1.3143793524877962
4,0.007403540448782196,0.05008855331973788,0.45625518273401633,-2.702639540324403,-1.4035548403763978
4,0.004884894924910208,0.029034749628821223,-1.2593227619359941,-10.52690184545833,-1.689859505311932
4,0.002599593550128141,0.017982840279752256,-1.1426506873910336,-5.525954674534483,-1.7747014569353474
4,0.007864810294598689,0.008938499652791844,2.632608372235274,-4.522170313480206,-1.043600787842948
4,0.010667080516561895,0.007039504433947245,1.4011351109816028,-0.9494976094222995,-0.5955769543240474
4,0.001965577054239334,0.002097261466561268,-4.350751731161281,-2.471121483692988,-2.625053305763044
4,0.0023278205381271557,0.0001800667426569752,0.18112174194391084,-0.9585973619521464,-1.384053258212708
4,0.002564422908606199,0.006584647463936421,0.11830118523952177,3.202290360639723,1.5338704399099883
4,0.0043250245627405315,0.001102918275778075,0.8803008270671662,-2.7408645940791727,-1.2600266855374191
4,0.003936734338021868,0.0005094502311670489,-0.19414511235933163,-0.296734022305513,-2.1501696771531384
4,0.0017502181995480304,0.016320476129180982,-1.093258069236919,7.905512949006966,1.7082153290059099
4,0.0014896418238386376,0.016813049346446552,-0.13028818785469642,0.24628660863278487,2.057382041532183
4,0.0025386392928371474,0.01011363067954724,0.5244987344992549,-3.349709333449656,-1.4154771023463633
4,0.01263770725240096,0.009451179846690132,5.049533979781906,-0.3312254164285541,-0.06550140704209184
4,0.013504866214784908,0.0036662795797600648,0.4335794811919742,-2.8924501334650334,-1.4220037722834757
4,0.01213890915912536,0.0049319454921579,-0.6829785278297736,0.6328329561989174,2.39428605323163
4,0.010418107216463206,0.007120392988741389,-0.8604009713310771,1.0942237482917445,2.237134856286538
4,0.016995560879941425,0.009537548663472239,3.2887268317391096,1.208577837365425,0.35217132800289247
4,0.006221560054935658,0.008115432671132752,-5.387000412502884,-0.7110579961697432,-3.0103561474944867
4,0.008982527381965522,0.01897656566264836,1.3804836635149322,5.430566495757804,1.3218628235150875
4,0.008570490825244043,0.021392893969913937,-0.2060182783607395,1.2081641536327883,1.7396935452749698
4,0.003207459845032308,0.011600779998080003,-2.6815154901058675,-4.896056985916967,-2.071863358986214
4,0.005468826556972499,0.020062523127231315,1.1306833559700953,4.230871564575656,1.3096531739777726
4,0.0001941282845008517,0.016301844749606397,-2.6373491362358235,-1.8803391888124588,-2.5222178483990914
4,0.0031162956068246516,0.006663536373956145,1.4610836611618998,-4.819154187825126,-1.276422286148147
4,0.005905777682937364,0.007581349857425947,1.394741038056356,0.45890674173490115,0.3178693960129711
4,0.008232786081531749,0.0017522346647447958,1.1635041992971926,-2.914557596340576,-1.1909760049529778
4,0.004833855292400382,0.006809062908484469,-1.6994653945656832,2.5284141218698366,2.16258326084581
4,0.002900919637438908,0.0038276307769793665,-0.966467827480737,-1.4907160657525513,-2.1459928271320647
4,0.004287667461579175,0.0011861628858441991,0.6933739120701335,-1.3207339455675835,-1.0873560973406509
4,0.016193172138363025,0.0009302365972875995,5.9527523383919245,-0.12796314427829986,-0.021493156771849337
4,0.02430123682160928,0.005843800611243869,4.054032341623128,2.4567820069781345,0.5448265184992162
4,0.02094707212613041,0.0001555707048740652,-1.677082347739436,-2.8441149531849015,-2.1035838081602742
4,0.01854528692900977,0.008614854560636686,-1.2008925985603196,4.229641927881311,1.847439103187376
4,0.007086083570748263,0.012265177273948265,-5.729601679130753,1.8251613566557896,2.833206090459647
4,0.01316487600056831,0.011880617938295923,3.0393962149100235,-0.19227966782617115,-0.06317826255829036
4,0.01203335224719731,0.007488881018668396,-0.5657618766854999,-2.1958684598137634,-1.8229603784196273
4,0.016717843952382225,0.009027624242166563,2.342245852592457,0.7693716117490833,0.31737262708081776
4,0.01560339637169497,0.012786903867459582,-0.5572237903436272,1.8796398126465097,1.8589953006656261
4,0.011296423868294863,0.011892257887758566,-2.1534862517000537,-0.44732298985050795,-2.9367847890848235
4,0.011612728767760327,0.01853450773796924,0.1581524497327319,3.321124925105337,1.5232121288492717
4,0.006901257755992366,0.021040164611083358,-2.35573550588398,1.2528284365570588,2.652813877890035
4,0.00691713310059801,0.02465927062400658,0.007937672302821882,1.809553006461611,1.5664098173289693
4,0.007445545726384549,0.015649400845114354,0.2642063128932698,-4.504934889446113,-1.5122152328001555
4,0.00833730635539763,0.01544284701805685,0.44588031450654064,-0.10327691352875201,-0.22761095222586053
4,0.005253008161051942,0.024215834866112854,-1.5421490971728444,4.386493924028001,1.9088669796715618
4,0.007754436250148598,0.03470990021751381,1.250714044548328,5.247032675700477,1.3367969518820717
4,0.013320634748631537,0.04670159450098017,2.7830992492414692,5.995847141733183,1.1362203657166838
4,0.019461137857842602,0.05655248737397186,3.070251554605533,4.925446436495843,1.013388134054882
4,0.01719887701116915,0.05669067025983794,-1.131130423336726,0.06909144293304123,3.0805866837732023
4,0.02158089117617736,0.05555471810543032,2.1910070825041044,-0.5679760772038106,-0.25364724025681984
4,0.01342189044973331,0.06636762216222776,-4.079500363222024,5.40645202839872,2.2172103870406468
4,0.02352162937115099,0.06865191958857274,5.04986946070884,1.1421487131724888,0.2224315040292273
4,0.028533922306822414,0.07470909822760635,2.5061464678357117,3.028589319516807,0.8795127584950432
4,0.031543989593727596,0.08302270439353296,1.5050336434525908,4.156803082963304,1.2234137134219507
4,0.032653903013103114,0.08388956140502367,0.5549567096877588,0.4334285057453549,0.6630559160408416
4,0.043036738307299816,0.07887956480234673,5.19141764709835,-2.5049983013384693,-0.44957161546391466
4,0.057989747598792496,0.09220074806048711,7.47650464574634,6.660591629070192,0.7277477883154575
4,0.0668857063551438,0.09196479310438278,4.447979378175655,-0.11797747805216557,-0.026517619222275923
4,0.08246333090199279,0.09639151997063723,7.78881227342449,2.2133634331272245,0.27687331936382503
4,0.09903112160897633,0.10551605612509898,8.28389535349177,4.5622680772308755,0.5034107594416244
4,0.10095407746079575,0.09355369157284181,0.9614779259097123,-5.981182276128587,-1.4114094024709771
4,0.10857626840104936,0.09249977160763646,3.811095470126806,-0.5269599826026733,-0.13739874772553415
4,0.1107410462992921,0.09933082050746679,1.0823889491213683,3.415524449915164,1.2639054926598845
4,0.11933843811303581,0.08892802609719583,4.2986959068718535,-5.201397205135481,-0.8801339861269766
4,0.13020454363443382,0.08567828042859708,5.433052760699004,-1.6248728342993721,-0.2906050116478158
4,0.13287865059444257,0.09530777251139091,1.3370534800043743,4.814746041396916,1.299921972615299
4,0.1314879591994666,0.09253243769621025,-0.695345697487984,-1.3876674075903317,-2.0353152308081284
4,0.12941966897939491,0.10287008277384478,-1.0341451100358416,5.168822538817265,1.7682626877871963
4,0.1288013184263724,0.10155003256979764,-0.3091752765112532,-0.6600251020235717,-2.008870150096165
4,0.12929679238730893,0.09909412468355376,0.24773698046826054,-1.2279539431219386,-1.37172077667113
4,0.1259524747997581,0.09044298206265905,-1.6721587937754134,-4.325571310447356,-1.939676340583541
4,0.12111233104539126,0.08885674555949306,-2.420071877183419,-0.7931182515829929,-2.824897989845057
4,0.1253750073858698,0.0858764231490569,2.1313381702392635,-1.4901612052180824,-0.6101666507452158
4,0.12421225076044795,0.08410031476177542,-0.5813783127109201,-0.8880541936407416,-2.1504442451511685
4,0.12128849923060693,0.08382837561174868,-1.4618757649205103,-0.13596957501336993,-3.0488491295540356
4,0.13208751842177208,0.07844060895912942,5.399509595582573,-2.693883326309626,-0.4627773040398616
4,0.13422548852538346,0.07497442240836184,1.0689850518056931,-1.7330932753837902,-1.0181098996001137
4,0.13901978312849875,0.06568660324724666,2.3971473015576423,-4.643909580557589,-1.0942794707307884
4,0.13890741862468547,0.05562516458561322,-0.05618225190663628,-5.03071933081672,-1.5819636992306805
4,0.14783536784919088,0.05583586972382496,4.463974612252702,0.1053525691058696,0.023596239832427344
4,0.16654031096109623,0.03923627850518327,9.352471555952674,-8.299795609320846,-0.7258346668721032
4,0.17843913423585356,0.03649865394067696,5.949411637378665,-1.3688122822531554,-0.22613984211524196
4,0.18021955354460023,0.020426437742590856,0.8902096543733362,-8.036108099043052,-1.460469927835154
4,0.1904431574224674,0.011637057436303874,5.111801938933583,-4.3946901531434905,-0.7101068554595465
4,0.19630077216064448,0.006883905214321447,2.928807369088543,-2.3765761109912136,-0.6816828062567903
4,0.20889383298979133,0.0024518787221229684,6.296530414573426,-2.216013246099239,-0.3384038006245803
4,0.2171497543052625,0.0053981814548442544,4.1279606577355885,1.473151366360643,0.3427832278383321
4,0.23577884964028914,0.0010263736970145378,9.314547667513315,-2.1859038789148584,-0.23050520920756915
4,0.24766457539031655,0.006722880396859313,5.942862875013708,2.8482533499223877,0.4469288923788492
4,0.2567409130381224,0.001416431373318901,4.538168823902927,-2.653224511770206,-0.5290536592440649
4,0.2677505944949061,0.007629361206147689,5.504840728391858,3.1064649164143936,0.5137672439950318
4,0.274526901518771,0.002432631321401441,3.3881535119324457,-2.5983649423731237,-0.6542278079406232
4,0.28106248512127097,0.008900258443887702,3.267791801249975,3.2338135612431302,0.7801720801803689
4,0.2788981486027577,0.0027748518532824057,-1.0821682592566384,-3.062703295302648,-1.910441417329918
4,0.2819552157294383,0.010698933667064349,1.5285335633403174,3.962040906890972,1.2025957374494376
4,0.285854702381975,0.0013288525964881646,1.9497433262683495,-4.685040535288092,-1.1764339338066572
4,0.2923827483043751,0.0051536610435837,3.2640229612000415,1.9124042235477678,0.5299903390098534
4,0.2977347497381754,0.013412490956970185,2.676000716900134,4.129414956693242,0.9958045199228809
4,0.29497620148538845,0.01127133427912089,-1.379274126393465,-1.070578338924647,-2.481539755372249
4,0.29502532141436816,0.0037324690713701446,0.024559964489856423,-3.769432603875373,-1.5642808589419077
4,0.2845478780852408,0.0147771755384354,-5.238721664563683,5.522353233532628,2.3298434128770666
4,0.29651269308413464,0.005555693058569813,5.982407499446923,-4.610741239932794,-0.6566284829950206
4,0.3063077473231298,0.006354074548489392,4.897527119497591,0.3991907449597898,0.0813288448775513
4,0.3195070724094133,0.001391126720579526,6.599662543141732,-2.481473913954933,-0.35964720013827595
4,0.3197952247274061,0.003866458332774188,0.14407615899642012,1.237665806097331,1.4549083399792684
4,0.3224713012565849,0.003939237574438697,1.3380382645893918,0.03638962083225448,0.027189546131973334
4,0.31147873023786743,0.0022083094089592457,-5.4962855093587395,-0.8654640827397256,-2.9854115998694577
4,0.3118955842088239,0.0053990931796485545,0.20842698547823835,1.5953918853446543,1.4408889355548435
4,0.31240813768444475,0.003936642431110729,0.2562767378104236,-0.7312253742689125,-1.233697768372105
4,0.311107579585383,0.003672747024298589,-0.650279049530883,-0.13194770340607026,-2.941401207248911
4,0.31818263268149305,0.003580247189913046,3.537526548055031,-0.04624991719277133,-0.013073338572331845
4,0.32054203318482716,0.0026714585171074817,1.179700251667054,-0.45439433640278226,-0.3676636723856801
4,0.3192822898650656,0.0021889301484203493,-0.6298716598807652,-0.24126418434356617,-2.77579448478788
4,0.3131515580901629,0.005383555790768456,-3.0653658874513767,1.5973128211740533,2.6612205418561263
4,0.31312776530797876,0.0036739081541429827,-0.011896391092058867,-0.8548238183127366,-1.5847122038549188
4,0.3183803062756939,0.002120896986322645,2.6262704838575788,-0.7765055839101689,-0.2874782644461965
4,0.31608036478429047,0.002349039725223224,-1.1499707457017228,0.11407136945028969,3.0427210757955687
4,0.31913001699624327,0.005383166899602932,1.5248261059764012,1.517063587189854,0.7828462950788648
4,0.3206731694700372,0.0014795950192666393,0.7715762368969703,-1.9517859401681463,-1.1943326071536322
4,0.32473239272361537,0.0022961890873793825,2.0296116267890794,0.4082970340563716,0.19852033618571394
4,0.3199169909756537,0.0023750173946007528,-2.4077008739808448,0.039414153610685135,3.125224078119231
4,0.3261105974816062,0.0018362474362974405,3.09680325297626,-0.26938497915165616,-0.08676966323346177
4,0.33862211935861836,0.0025837916405691526,6.255760938506078,0.37377210213585604,0.059677516827823004
4,0.33865126964804326,0.0010718997225004014,0.014575144712453136,-0.7559459590343756,-1.5515180452383384
4,0.3380846269584175,0.0005039908620189956,-0.28332134481287574,-0.2839544302407029,-2.3550784806731015
4,0.33424398855837023,0.0033902104856974383,-1.9203192000236402,1.4431098118392214,2.497135586074426
4,0.3384056097319764,0.0019450781871419198,2.0808105868030946,-0.7225661492777592,-0.33422483727544783
4,0.32738905585809547,0.0028854007573282407,-5.508276936940476,0.4701612850931604,3.056443620296249
4,0.31993081366321235,0.012190780755557545,-3.7291210974415567,4.652689999114652,2.2464499337894925
4,0.3244830458527901,0.012534460793633169,2.2761160947888657,0.17184001903781163,0.07535408528701282
4,0.33503251819989066,0.00014360043728672833,5.274736173550287,-6.19543017817322,-0.8654950188211253
4,0.33518945596723776,0.002406530508412743,0.0784688836735492,1.1314650355630074,1.50155561619654
4,0.3445181739108985,0.009737651625094521,4.6643589718303735,3.6655605583408892,0.666062959412762
4,0.3452244865193179,0.006097795017144575,0.35315630420970634,-1.819928303974973,-1.3791288266936128
4,0.35587970046911127,0.009232695019233562,5.327606974896676,1.5674500010444932,0.28613898814206856
4,0.3616834903251787,0.00335057525028889,2.9018949280337214,-2.941059884472336,-0.792100999746353
4,0.37430015126025695,0.0005281345752645153,6.308330467539119,-1.4112203375121875,-0.22008380667672933
4,0.387692482763854,0.010756159835886878,6.6961657517985165,5.114012630311181,0.652225835197445
4,0.39592971246956954,0.005528425685195012,4.118614852857777,-2.613867075345933,-0.565506515301117
4,0.4064283243993507,0.0014609053559622,5.249305964890594,-2.033760164616406,-0.36962699634090257
4,0.4201526649835487,0.005330538572045994,6.862170292098985,1.934816608041897,0.2748197590556507
4,0.43410474812209193,0.0005660598951662773,6.976041569271618,-2.382239338439858,-0.32907233606407515
4,0.43728794425437273,0.0013543374078093813,1.5915980661403983,0.394138756321552,0.24275353968895538
4,0.4520511450780057,0.0008740907982980492,7.3816004118164855,-0.24012330475566604,-0.03251851165675684
4,0.45705067945795064,0.00039825685021140664,2.4997671899724683,-0.23791697404332127,-0.09488982477664733
4,0.45937295402941264,0.0176053305510045,1.161137285731001,8.603536850396546,1.436646431924195
4,0.46752314748540796,0.006273724556749039,4.075096727997662,-5.665802997127731,-0.9472711218397522
4,0.4812532614527222,0.0008073505240967062,6.865056983657109,-2.7331870163261662,-0.3788935056783833
4,0.4866105547277896,0.005054415078301259,2.6786466375336992,2.1235322771022767,0.6703126091179171
4,0.48809988003336263,0.003607835368368218,0.7446626527865263,-0.7232898549665205,-0.7708395944492834
4,0.48462364399258023,0.004605456637894833,-1.7381180203911994,0.49881063476330756,2.8621202605534104
4,0.47473510310543815,0.005117031319303202,-4.944270443571042,0.2557873407041844,3.0899046418649214
4,0.4767194738505948,0.00959601672033105,0.9921853725783358,2.239492700513924,1.1537451952600752
4,0.4804388251363404,0.00497934932124258,1.8596756428727879,-2.308333699544235,-0.8926285199784805
4,0.48618058786200413,0.009346110685678663,2.8708813628318675,2.1833806822180413,0.6502039511353818
4,0.48813413778579196,0.013942790906275045,0.9767749618939114,2.298340110298191,1.168932897044944
4,0.4961613226127609,0.01491807213026076,4.013592413484479,0.4876406119928575,0.12090470124649336
4,0.5079760682337888,0.02477402070669314,5.907372810513955,4.927974288216189,0.6952539146051937
4,0.501276942027933,0.017149090526143253,-3.3495631029278883,-3.812465090274943,-2.2916514571141846
4,0.5033961998500767,0.01861939551684584,1.0596289110718082,0.735152495351294,0.6065412643971891
4,0.49998983830240573,0.03358429296561109,-1.7031807738354665,7.482448724382626,1.7946063968611288
4,0.5044412859552051,0.04163579042763016,2.2257238263996837,4.025748731009533,1.065750785799661
4,0.5179622773690506,0.05013732195377863,6.760495706922775,4.250765763074236,0.561302435011487
4,0.5268738333535843,0.06115166630088628,4.455777992266818,5.507172173553825,0.8905394146555629
4,0.5253883598398298,0.05930320776103197,-0.7427367568772492,-0.9242292699271556,-2.247745708323197
4,0.537210261063916,0.06352794837160884,5.910950612043108,2.1123703052884357,0.34322145616802785
4,0.5475441720905229,0.06891225927436245,5.166955513303428,2.6921554513768053,0.4803322482597789
4,0.5490065874216136,0.07818979677605031,0.7312076655453525,4.63876875084393,1.4144530632011123
4,0.552189275466763,0.08088166848789358,1.5913440225747144,1.3459358559216317,0.7020422928113197
4,0.5541752181776796,0.08700753158041498,0.9929713554582831,3.062931546260701,1.257297344183715
4,0.5680732135167549,0.0925244831173959,6.948997669537659,2.758475768490462,0.3778831489553282
4,0.5701655121173727,0.10209775682965223,1.046149300308885,4.786636856128165,1.3556235568717443
4,0.5784183179277003,0.10006582356303613,4.126402905163806,-1.015966633308052,-0.24140957217586828
4,0.5897400753872599,0.1067513299940124,5.660878729779828,3.342753215488138,0.5334054879435938
4,0.5976355855456886,0.12552531028583985,3.9477550792143545,9.386990145913723,1.1726957960965922
4,0.5950124960667958,0.1331456964198217,-1.3115447394463908,3.81019306699093,1.902312693851598
4,0.6007770113460985,0.13654998312171038,2.882257639651331,1.7021433509443322,0.5334487079509941
4,0.6086574477431865,0.13875251616206843,3.94021819854401,1.1012665201790284,0.27253923360853666
4,0.6105327935901353,0.14159106816716993,0.9376729234744086,1.4192760025507483,0.9869568348390882
4,0.6031032594299659,0.1398465108150274,-3.7147670800847243,-0.8722786760712586,-2.9109571297680854
4,0.6063474502526286,0.1504162866908036,1.622095411331348,5.284887937888088,1.2729931001786055
4,0.6026867042912007,0.14838044499033548,-1.8303729807139235,-1.0179208502340553,-2.63405716153592
4,0.6116741951517584,0.1561021283554409,4.493745430278806,3.8608416825527123,0.709787343078521
4,0.6209667062139279,0.15947989331767112,4.646255531084775,1.6888824811151086,0.34864459011514437
4,0.6206069821398309,0.16425409791592782,-0.179862037048506,2.3871022991283493,1.6460016578687247
4,0.6278064578395502,0.16575241562313292,3.5997378498596744,0.7491588536025495,0.20518597198639693
4,0.6196652703968586,0.1575991399622797,-4.070593721345827,-4.07663783042661,-2.3554526298519862
4,0.6164426039847365,0.15960863579633178,-1.6113332060610497,1.0047479170260387,2.584036224520161
4,0.6127745013576368,0.15923808842050952,-1.834051313549856,-0.18527368791113052,-3.0409153767738917
4,0.6062705332746818,0.16097016354164553,-3.2519840414774737,0.8660375605680087,2.8813227935473336
4,0.6209853187932352,0.17033697897461014,7.357392759276659,4.6834077164823045,0.5668675945374434
4,0.62203881084698,0.15919901559379745,0.5267460268724156,-5.568981690406344,-1.4764911920044839
4,0.616642508215799,0.1628789697507202,-2.69815131559048,1.839977078461369,2.543090663554111
4,0.6206215545368212,0.16186008153032747,1.9895231605110975,-0.5094441101963637,-0.25067722214895755
4,0.6363490468728151,0.1657065746715291,7.863746167996954,1.92324657060082,0.2398628019945356
4,0.619355146563571,0.1755364233639012,-8.49695015462204,4.914924346186053,2.6171815071209594
4,0.6155759878520771,0.18030477861141217,-1.889579355746962,2.384177623755479,2.2409778889822576
4,0.6172878312073904,0.1884440191051626,0.8559216776566347,4.0696202468752105,1.363497868900405
4,0.6066760332119708,0.19798139436388099,-5.305898997709779,4.7686876293591975,2.4094674520090247
4,0.6078057305880897,0.20617302932841594,0.5648486880594494,4.095817482267478,1.4337521123081636
4,0.6031910432158198,0.21071013663216726,-2.307343686134944,2.2685536518756573,2.364671320479882
4,0.5933285228745573,0.20606776808424937,-4.93126017063128,-2.321184273958943,-2.701651914483391
4,0.5812130761777382,0.20238708304819467,-6.057723348409538,-1.8403425180273518,-2.8466523453241845
4,0.5735473454826656,0.204406409540175,-3.832865347536296,1.0096632459901667,2.884021420278859
4,0.5761461786526548,0.2035438941014392,1.299416584994606,-0.4312577193679029,-0.32044707502210407
4,0.5697462783014582,0.20743060289056642,-3.1999501755983206,1.9433543945636123,2.5958171604709865
4,0.5630979937244035,0.20932911755910288,-3.324142288527343,0.9492573342682331,2.8634313967174143
4,0.5385219069569779,0.2209267624389381,-12.28804338371281,5.798822439917611,2.700670368480255
4,0.5413168779618047,0.2316872397329285,1.3974855024134203,5.380238646995203,1.3166679348972659
4,0.5358410910977436,0.24652534700644807,-2.7378934320305692,7.419053636759778,1.9243275328168001
4,0.5335434792172052,0.24499838227554419,-1.1488059402691708,-0.7634823654519424,-2.555030675039683
4,0.5358106331438044,0.2503468435942549,1.1335769632995762,2.6742306593553615,1.1698670815188605
4,0.5304692001369798,0.2596343985451842,-2.6707165034122737,4.643777475464655,2.0927187141183747
4,0.5265651204532158,0.264392998617337,-1.952039841882025,2.3793000360763927,2.257868705003267
4,0.5149045018326303,0.26710280879400844,-5.830309310292769,1.3549050883357172,2.9132556128935088
4,0.5221183631496932,0.27502010945558764,3.6069306585314598,3.958650330789598,0.8318541611498917
4,0.5198634039537425,0.2765178048240509,-1.1274795979753227,0.7488476842316405,2.5553146204396913
4,0.5121381747401935,0.27015988570101934,-3.862614606774506,-3.178959561515787,-2.4529795296450736
4,0.5079975873250518,0.2707470543644179,-2.070293707570836,0.29358433169929254,3.0007238520761175
4,0.5116480831690425,0.2696577194998932,1.8252479219953432,-0.5446674322623635,-0.2899950264605807
4,0.5186061020210911,0.2768810049757902,3.4790094260243043,3.611642737948506,0.8041013578333515
4,0.5157723252456541,0.28613897695032064,-1.416888387718529,4.628985987265216,1.867831278426128
4,0.5133838775384424,0.2815571477258965,-1.194223853605847,-2.2909146122120636,-2.0513280996743912
4,0.515623928365947,0.2820724379193074,1.1200254137522792,0.25764509670545,0.22610167221510144
4,0.516324309868411,0.2790589069932207,0.350190751232049,-1.506765463043347,-1.3424380963000295
4,0.5186997260894891,0.2827639154884609,1.187708110539032,1.852504247620096,1.0006772865643432
4,0.5169442094491967,0.27785232020150036,-0.8777583201461936,-2.4557976434802784,-1.9140686106441904
4,0.5152962017515949,0.27346186535266476,-0.824003848800936,-2.1952274244178005,-1.9298838868785078
4,0.5157971189652352,0.2785687543831047,0.25045860682015864,2.5534445152199656,1.4730225190159973
4,0.5207252711787923,0.27574651025861563,2.4640761067785677,-1.4111220622445297,-0.5200874492601746
4,0.5168797674161542,0.2721214631774703,-1.9227518813190736,-1.8125235405726525,-2.385696025611077
4,0.5176845676811599,0.26979823309597467,0.402400132502867,-1.1616150407478265,-1.2373194046729075
4,0.5113791341189636,0.2649222200084318,-3.1527167810981305,-2.438006543771437,-2.483343429617165
4,0.5092972558370199,0.251008508214521,-1.0409391409718638,-6.95685589695541,-1.7193222585695076
4,0.5096165979208807,0.23520090227465384,0.15967104193037596,-7.903802969933565,-1.5505972749466839
4,0.5091949630402034,0.23430865901996967,-0.2108174403386287,-0.4461216273420887,-2.0122486697727857
4,0.507116596630124,0.23571474633676656,-1.0391832050397065,0.7030436583984473,2.5467893073457173
4,0.49460561187349056,0.22934215120492535,-6.2554923783167125,-3.1862975659206065,-2.670485117524279
4,0.49869046247265136,0.22467251524111356,2.0424252995804024,-2.3348179819058927,-0.852097438875177
4,0.48162067549981036,0.22815521010785803,-8.534893486420502,1.7413474333722312,2.9403281379743147
4,0.47067504032187196,0.22348112606662138,-5.472817588969198,-2.337042020618324,-2.7380061956479307
4,0.4791397840610613,0.2247573389560509,4.232371869594659,0.6381064447147644,0.1496410099232223
4,0.47624173049933244,0.22915831267813014,-1.4490267808644208,2.200486861039616,2.1531257137473947
4,0.47354825411693835,0.23664568798243846,-1.3467381911970444,3.7436876521541596,1.9161179330535834
4,0.478821540361243,0.23647046980438835,2.636643122152338,-0.0876090890250536,-0.03321529088059626
4,0.4796006710723499,0.234881093281661,0.3895653555534284,-0.7946882613636685,-1.1150101057071646
4,0.48268440776134636,0.23901361664028445,1.5418683444982373,2.066261679311718,0.9297242339246857
4,0.4945894789397953,0.23160442125519892,5.952535589224484,-3.7045976925427633,-0.5566959282310386
4,0.49333601999755405,0.2307552189457325,-0.626729471120635,-0.42460115473320903,-2.5461363186951274
4,0.48826646598728196,0.22554708182255495,-2.5347770051360463,-2.6040685615887766,-2.3427114312838073
4,0.486315858490755,0.22658267230408471,-0.9753037482634896,0.5177952407648817,2.65352652098106
4,0.4974637481044328,0.22673875713885233,5.573944806838899,0.07804241738380846,0.01400037513412585
4,0.49293924937732425,0.22152842382556134,-2.2622493635542638,-2.605166656645494,-2.2858590952474596
4,0.4970310191861636,0.22022137076226908,2.0458849044196756,-0.6535265316461314,-0.30919002622918557
4,0.4902386131429607,0.21117871409612915,-3.396203021601457,-4.521328333069966,-2.215034053703505
4,0.4929505726345873,0.19837112302300686,1.3559797458133072,-6.403795536561146,-1.3621322200423926
4,0.49250568742472106,0.19336531952614572,-0.22244260493312074,-2.502901748430569,-1.6594373234743909
4,0.48837014924897715,0.18037055597839471,-2.0677690878719566,-6.497381773875501,-1.878907853245233
4,0.4841134492812522,0.18639747245908472,-2.1283499838624653,3.0134582403450043,2.185725673273859
4,0.48495248349574505,0.17772162887378024,0.41951710724641433,-4.337921792652244,-1.4743869057545267
4,0.48703017957476374,0.17881913345582867,1.0388480395093491,0.5487522910242182,0.48597692420816824
4,0.4929121673690299,0.16900247927569031,2.940993897133065,-4.908327090069179,-1.0309766170766048
4,0.49726486287753036,0.14664613082279487,2.1763477542502407,-11.178174226447721,-1.3785057622546584
4,0.4972753240618476,0.14713133109172946,0.005230592158622649,0.242600134467294,1.5492391174259443
4,0.5005753909936339,0.1485428622094979,1.6500334658931526,0.7057655588842138,0.404179039858195
4,0.5050147257388597,0.13491027574084322,2.2196673726129212,-6.816293234327336,-1.2559843993741946
4,0.5084563821053241,0.13025635107559383,1.7208281832321592,-2.3269623326246935,-0.9340381713385645
4,0.5025219777589759,0.1167902496339547,-2.9672021731740883,-6.733050720819561,-1.9858828849172494
4,0.5042142761469605,0.1152814839419421,0.8461491939922849,-0.7543828460063046,-0.7281259630721769
4,0.4942218773456756,0.10621241375856351,-4.996199400642443,-4.534535091689294,-2.404596188465701
4,0.4997507795502354,0.11749969300779663,2.764451102279908,5.643639624616559,1.1153138951297414
4,0.4939505020739074,0.11008865714588172,-2.9001387381639985,-3.7055179309574555,-2.2348706365847764
4,0.4891716397449948,0.10175337614236983,-2.389431164456307,-4.167640501755942,-2.091374260726201
4,0.48106351522144436,0.09938029279431274,-4.05406226177521,-1.1865416740285475,-2.8568651992236545
4,0.47556333099818865,0.10337516141578679,-2.7500921116278554,1.9974343107370256,2.513422782177961
4,0.46898455178456055,0.11056227976017498,-3.289389606814047,3.5935591721940954,2.3120314720629054
4,0.4723182804557185,0.09978798181571384,1.6668643355789714,-5.387148972230568,-1.2707245170544312
4,0.4640927308387693,0.09919454216942424,-4.112774808474606,-0.29671982314480316,-3.069571542086541
4,0.4617143178298443,0.10644397760148179,-1.1892065044624978,3.6247177160287776,1.8878137241027089
4,0.45705653010195213,0.10618039285766025,-2.32889386394608,-0.13179237191077164,-3.08506283147813
4,0.4509882352041782,0.11042829886545999,-3.03414744888697,2.1239530038998713,2.5308556760132257
4,0.4492730767023338,0.10998551570858124,-0.8575792509221969,-0.22139157843937413,-2.8889500396702985
4,0.4483060247265287,0.1015663463838221,-0.48352598790254997,-4.20958466237957,-1.6851582486204344
4,0.43774837243118414,0.09616729305297443,-5.2788261476722775,-2.699526665423835,-2.6688764570927983
4,0.4368476564441284,0.08787420363066169,-0.4503579935278834,-4.146544711156372,-1.6789826873134495
4,0.43328728369762537,0.08074676506359903,-1.7801863732515022,-3.5637192835313303,-2.034068242286681
4,0.43156254506951675,0.08624679094966613,-0.862369314054312,2.7500129430335503,1.8746715131223681
4,0.42814966328389475,0.08376814371344535,-1.7064408928109953,-1.2393236181103897,-2.5134575855947685
4,0.429267365625664,0.08392290367910492,0.5588511708846111,0.07737998282978525,0.1375877722392893
4,0.42418657627847217,0.08188186069725979,-2.5403946735959027,-1.0205214909225628,-2.7596063831519735
4,0.42216703423181773,0.08170819596039847,-1.0097710233272217,-0.08683236843066294,-3.0558115413720754
4,0.4154128990109777,0.08074899007163032,-3.3770676104200037,-0.4796029443840735,-3.0005184744172184
4,0.4216320762024842,0.09059848135913844,3.1095885957532485,4.924745643754058,1.0075928695179759
4,0.4192482851081429,0.0849628952657565,-1.1918955471706683,-2.8177930466909693,-1.9709624321507455
4,0.42367380417000655,0.08245939455508113,2.2127595309318346,-1.2517503553376856,-0.5148143566870729
4,0.42380193121180104,0.07665704437076101,0.0640635208972451,-2.9011750921600563,-1.5487179932887194
4,0.41521274624636445,0.08018606424149448,-4.294592482718295,1.7645099353667328,2.751752699158242
4,0.4169662266725076,0.08199625323356721,0.8767402130715751,0.9050944960363668,0.801309790816138
4,0.4160688821344478,0.09149473396414223,-0.44867226902989277,4.74924036528751,1.6649891937276702
4,0.42114328321223315,0.09757353970195486,2.53720053889267,3.0394028689063113,0.8752111284413603
4,0.4279350980545814,0.09985325396558173,3.395907421174127,1.1398571318134363,0.32383960970280246
4,0.41879115286613133,0.11349032229354641,-4.571972594225038,6.818534163982343,2.1614627976775838
4,0.42197880602168236,0.11407774982148407,1.5938265777755145,0.2937137639688267,0.18223756772257474
4,0.41884416920379586,0.11029808804373355,-1.5673184089432524,-1.8898308888752602,-2.2631751482608875
4,0.4119803193235795,0.12593225583265857,-3.4319249401081886,7.817083894462513,1.9844892349106789
4,0.40431049758183984,0.12908384156440086,-3.8349108708698174,1.575792865871145,2.7517189398235065
4,0.39537652115011124,0.1352579894106755,-4.466988215864304,3.087073923137312,2.5368741891455544
4,0.3834012497952619,0.1495860126115905,-5.987635677424663,7.164011600457501,2.2669848598203735
4,0.37708011538975084,0.15861797913310338,-3.1605672027555376,4.515983260756445,2.1814299837127273
4,0.37586967365273505,0.1624659541431527,-0.6052208685078941,1.9239875050246629,1.8755621911999965
4,0.3669590439643482,0.16881557415347942,-4.455314844193425,3.174810005163356,2.522467323002641
4,0.36387830609117156,0.18385270057324926,-1.540368936588321,7.51856320988492,1.7728753830946244
4,0.3613849915543475,0.1971718247741281,-1.246657268412027,6.659562100439414,1.7558525990240788
4,0.35514962904637015,0.19581968394584848,-3.1176812539886742,-0.6760704141398066,-2.9280485272259598
4,0.3608406982021359,0.20954666252698664,2.845534577882863,6.863489290569083,1.1777759095102414
4,0.353389979583253,0.21248139625634682,-3.725359309441428,1.467366864680089,2.7663680554143797
4,0.3544728332951102,0.21103268628358354,0.5414268559285895,-0.7243549863816395,-0.9289223777207286
4,0.3493325225491269,0.2093140453704871,-2.570155372991656,-0.8593204565482265,-2.8189312253428658
4,0.3491262169811728,0.21830961818750483,-0.10315278397704519,4.497786408508869,1.593726429536276
4,0.3485338310368675,0.2206596612495866,-0.29619297215263685,1.17502153104089,1.8177265112446936
4,0.35172188830101664,0.2161847542005724,1.5940286320745567,-2.2374535245071048,-0.9517768167950634
4,0.34816877293781645,0.2140356616580714,-1.7765576816000939,-1.0745462712505038,-2.5976165193837017
4,0.3498143876354431,0.21041251462177904,0.8228073488133203,-1.8115735181461756,-1.1444594477521628
4,0.3404389046375258,0.20453929361880058,-4.687741498958648,-2.9366105014892314,-2.581955175675577
4,0.34252596617743225,0.20024004891825314,1.043530769953227,-2.1496223502737166,-1.1188576042518406
4,0.3389802650367523,0.19219397208756872,-1.7728505703399622,-4.023038415342212,-1.9858681847121287
4,0.32807318679222075,0.18545981910109108,-5.453539122265788,-3.3670764932388213,-2.588469026657272
4,0.3268780180743161,0.17559724202313987,-0.5975843589523244,-4.931288538975606,-1.6913905003038914
4,0.31876226396860224,0.16836638263173553,-4.057877052856928,-3.615429695702166,-2.4137913003046316
4,0.31330612817922804,0.16413215239100437,-2.728067894687103,-2.117115120365581,-2.4816273754664393
4,0.3012940874018445,0.1517117574894301,-6.006020388691774,-6.21019745078713,-2.339482439372663
4,0.2972822544843185,0.15586991853558707,-2.005916458762996,2.0790805230784803,2.3382859720542393
4,0.29543771412111103,0.15385250789934632,-0.9222701816037349,-1.0087053181203758,-2.3114619306407844
4,0.29393956386546477,0.15890454651667918,-0.7490751278231289,2.52601930866643,1.8590792009467412
4,0.29087673491652954,0.14541965590278866,-1.5314144744676128,-6.74244530694526,-1.7941376117056222
4,0.2944773463330803,0.1351197795351059,1.8003057082753848,-5.149938183841379,-1.2344973965056518
4,0.29109483629251026,0.1339437468199393,-1.6912550202850263,-0.5880163575832931,-2.806985714177015
4,0.29218887332580307,0.1277601630717272,0.5470185166464026,-3.091791874106062,-1.3956824582493805
4,0.289938041446933,0.11195116472511253,-1.1254159394350205,-7.904499173307329,-1.7122224453307424
4,0.2919533546954309,0.09007776839891674,1.007656624248926,-10.936698163097898,-1.4789203567838123
4,0.28248356212371584,0.07961102587063197,-4.734896285857521,-5.233371264142382,-2.306229930194845
4,0.2676353772872867,0.08739874803701812,-7.424092418214567,3.893861083193076,2.6585456613560714
4,0.26604711157285543,0.09428676570324736,-0.7941328572156348,3.4440088331146175,1.7974191714324366
4,0.268114450410967,0.0870079466223484,1.0336694190557771,-3.63940954044948,-1.2940626842092833
4,0.25789102800560615,0.08559133166737025,-5.111711202680419,-0.7083074774890743,-3.0039037861794124
4,0.24830933159227647,0.0882514208771437,-4.790848206664839,1.3300446048867265,2.8707904775719975
4,0.2506739295616976,0.08423277170833875,1.1822989847105614,-2.0093245844024774,-1.038945319461592
4,0.25698644164875994,0.08609023293328619,3.1562560435311746,0.9287306124737201,0.28617391502179557
4,0.2517911151443177,0.08530713760676838,-2.5976632522211327,-0.39154766325890517,-2.991988137997894
4,0.2597432021482778,0.08247706108026012,3.9760435019800533,-1.4150382632541272,-0.34191329302768153
4,0.26391801416120825,0.07367103410481465,2.087406006465231,-4.403013487722735,-1.1280941904065669
4,0.2560798966787174,0.07288794323443508,-3.919058741245429,-0.39154543518978707,-3.042015062117285
4,0.2594393008342945,0.0764914102648413,1.6797020777885585,1.801733515203109,0.8204358635530395
4,0.25446219777396495,0.0718939888657742,-2.4885515301647785,-2.2987106995335513,-2.395829129749081
4,0.2479070266232103,0.06691206293503539,-3.2775855753773286,-2.490962965369402,-2.4917226048799526
4,0.23918124792639758,0.043971088606308655,-4.3628893484063545,-11.470487164363368,-1.93425595903072
4,0.2443067544951868,0.03566424563285466,2.562753284394606,-4.153421486726996,-1.017954432731675
4,0.24139478498003314,0.03860794490922904,-1.455984757576828,1.471849638187188,2.3507759032111366
4,0.2419365052726434,0.030497263217910697,0.27086014630513244,-4.05534084565917,-1.5041044113252968
4,0.2337239816805095,0.02329675831089909,-4.106261796066948,-3.600252453505804,-2.4217603254545774
4,0.23112245566410733,0.014466026937033515,-1.300763008201089,-4.415365686932787,-1.8572908836759974
4,0.22747834249684543,0.006252383339477834,-1.8220565836309515,-4.10682179877784,-1.9883703019364085
4,0.2179600656273378,0.0027901319400454824,-4.759138434753813,-1.731125699716176,-2.7927233125056197
4,0.2141385145933022,0.008079865280075253,-1.910775517017807,2.6448666700148857,2.196428957623451
4,0.21177134220356678,0.0022536267200892546,-1.1835861948677056,-2.9131192799929995,-1.9567177378730458
4,0.20345915344131654,0.004223743531421375,-4.156094381125117,0.9850584056660602,2.908871620305191
4,0.207097488476307,0.009705151338263933,1.8191675174952238,2.740703903421279,0.9848092646935637
4,0.20909829653230397,0.0055710686276759375,1.0004040279984887,-2.0670413552939975,-1.1200476947025655
4,0.20766128569242812,0.009233835035350788,-0.7185054199379259,1.831383203837425,1.9446726525832079
4,0.20821305993746167,0.006762294134806707,0.27588712251677694,-1.2357704502720404,-1.3511471269904936
4,0.20465190497369495,0.01374072551290843,-1.780577481883358,3.4892156890508614,2.0426569263688092
4,0.2006713310618595,0.012768359556747565,-1.9902869559177276,-0.48618297808043254,-2.9020067711000794
4,0.19550316473443785,0.0015127326605301281,-2.5840831637108237,-5.627813448108718,-2.001243946351343
4,0.1916767408375454,0.0069059327412765706,-1.9132119484462222,2.6966000403732213,2.1878633562120844
4,0.18711227897018404,0.010564369944646131,-2.2822309336806845,1.8292186016847802,2.4659349427718404
4,0.17698549863223542,0.001365728658577937,-5.0633901689743075,-4.599320643034097,-2.404184461512863
4,0.17713276889584853,0.0038638370731704833,0.07363513180655423,1.2490542072962731,1.5119117688401082
4,0.17415634459087564,0.005277302719655269,-1.4882121524864427,0.7067328232423927,2.6982363991070852
4,0.1693163090470802,0.011484915605626964,-2.4200177718977227,3.103806442985847,2.233032042884323
4,0.157289308755018,0.013303075894312445,-6.013500146031094,0.9090801443427404,2.991555506392613
4,0.1561332031092625,0.005952319698974182,-0.5780528228777615,-3.6753780976691313,-1.7267955370524808
4,0.15781777045634607,0.0042307530111394325,0.842283673541791,-0.8607833439173745,-0.7962602977779943
4,0.16172888081851605,0.0007052550471721691,1.9555551810849918,-1.7627489819836317,-0.7335913004707654
4,0.15822259749468878,0.008905636848305217,-1.7531416619136346,4.100190900566524,1.9748465223596612
4,0.1339503018983896,0.0010847541696925402,-12.136147798149588,-3.9104413393063386,-2.8298823118612626
4,0.12936806773512002,0.00621733303006535,-2.291117081634791,2.566289430186405,2.2996049192514643
4,0.12832415165090844,0.00023544866643848098,-0.521958042105794,-2.9909421818134345,-1.7435693440019508
4,0.120011451017998,0.001003349605393911,-4.156350316455219,0.383950469477715,3.04947725090742
4,0.1170357940056374,0.00895965910204681,-1.4878285061802956,3.9781547483264497,1.9286896945787946
4,0.11689632519700632,0.009491937448873916,-0.06973440431554123,0.2661391734135529,1.827057720418583
4,0.11948115836090606,0.0032311433093291163,1.2924165819498679,-3.1303970697723997,-1.1792529041268847
4,0.11964040664156973,0.0075800343858438545,0.07962414033183679,2.174445538257369,1.5341945455483448
4,0.09686906444206403,0.0014073253796520538,-11.385671099752852,-3.0863545030959,-2.876880465966517
4,0.08957625351142107,0.0023908242909596597,-3.646405465321481,0.49174945565380296,3.007542711276589
4,0.07832489166521749,0.0054644022836013596,-5.625680923101791,1.5367889963208499,2.8749249780119093
4,0.07912995166089673,0.010887937531610837,0.4025299978396221,2.7117676240047386,1.4234341272727742
4,0.0667285177166771,0.009384805928551386,-6.200716972109818,-0.7515658015297254,-3.020974747367733
4,0.06363990403814863,0.004741045736735989,-1.5443068392642298,-2.3218800959076984,-2.1577208125766605
4,0.0637065544503706,0.00374300676749082,0.03332520611098316,-0.49901948462258455,-1.5041139655564097
4,0.06967142344306738,0.00431817406847743,2.9824344963483918,0.2875836504933047,0.09612860869359056
4,0.07399255262941712,0.0010814424828789128,2.160564593174867,-1.6183657927992583,-0.6428913147373844
4,0.06890791475082628,0.004462338267413437,-2.542318939295421,1.6904478922672619,2.5547977511085307
4,0.07170171667942858,0.004717106002742971,1.3969009643011523,0.1273838676647673,0.09093881947729805
4,0.060730781103723326,0.012142903551736185,-5.4854677878526275,3.7128987744966064,2.5465656560524663
4,0.05496351945996327,0.006136755375639409,-2.8836308218800273,-3.0030740880483875,-2.33590693025455
4,0.059381258896633746,0.0017126239914855897,2.208869718335237,-2.2120656920769095,-0.7861210812617074
4,0.06521438895874186,0.004683808520838291,2.916565031054058,1.4855922646763506,0.47111045317805056
4,0.07547977364734061,0.002321567304397522,5.132692344299375,-1.1811206082203844,-0.22617966298896708
4,0.07290910924180166,0.013147341722593048,-1.285332202769475,5.4128872090977636,1.8039361653478594
4,0.0804343148625467,0.000865612449990151,3.762602810372516,-6.1408646363014485,-1.0210796349104367
4,0.07540098512029426,0.007957313563712673,-2.5166648711262147,3.545850556861261,2.188035506161509
4,0.06944599735570706,0.015695237890732676,-2.977493882293604,3.8689621635100018,2.226714239945212
4,0.06832459767607932,0.012057216964903946,-0.5606998398138691,-1.819010462914365,-1.869799549512973
4,0.07695822928157807,0.006369222913558873,4.3168158027493755,-2.843997025672536,-0.5825493835890159
4,0.07489871770509532,0.0005371425094355693,-1.0297557882413753,-2.916040202061652,-1.9102612637192777
4,0.07172241347846825,0.011466834159960356,-1.5881521133135346,5.464845825262393,1.853618574445241
4,0.07787287864337739,0.007067055815269655,3.075232582454568,-2.1998891723453506,-0.6209584953247934
4,0.0821584112594165,0.006972636211228187,2.1427663080195587,-0.04720980202073399,-0.022028610987053842
4,0.08671648392007053,0.01312793302211714,2.279036330327014,3.077648405444476,0.933395085371545
4,0.0933549840941171,0.01808982436491388,3.319250087023287,2.480945671398371,0.6418617356431646
4,0.11050846743303633,0.021841519068754648,8.576741669459611,1.8758473519203833,0.21532266182571128
4,0.11435694267771138,0.004689938332770233,1.924237622337524,-8.575790367992207,-1.3500718901063282
4,0.10963493401846776,0.003870721430287183,-2.361004329621809,-0.40960845124152473,-2.9698133926521546
4,0.10905083170748643,0.006933499655413438,-0.2920511554906635,1.5313891125631274,1.7592434068622025
4,0.1052728214464674,0.004759285348151374,-1.889005130509519,-1.087107153631032,-2.6193887756698158
4,0.09397169709723954,0.00809521138135251,-5.650562174613925,1.667963016600568,2.8545588268817252
4,0.09980876272614234,0.005428875512039448,2.9185328144513965,-1.333167934656531,-0.42848933689613156
4,0.10713543810847728,0.00779001243811102,3.663337691167473,1.1805684630357862,0.31175692735228083
4,0.12599263823866577,0.011320707005941765,9.428600065094244,1.7653472839153725,0.1850902316933859
4,0.13308515092476703,0.01630970974018101,3.546256343050627,2.4945013671196214,0.6130163976645434
4,0.13512080376543345,0.01901594067685346,1.0178264203332121,1.3531154683362259,0.9258825849370361
4,0.13194801004933834,0.021259097101151852,-1.5863968580475534,1.1215782121491955,2.526185971119532
4,0.13556621557483867,0.010467588354565136,1.8091027627501615,-5.395754373293358,-1.247292424926422
4,0.14259307349582612,0.01952090848675944,3.513428960493725,4.526660066097151,0.9107596760371022
4,0.14254556023737816,0.027426775129257095,-0.023756629223978254,3.9529333212488282,1.5768061279427956
4,0.14690340529980295,0.03415858068881101,2.178922531212393,3.365902779776957,0.9962851563892808
4,0.1606262324048545,0.04637111549387268,6.861413552525772,6.106267402530837,0.7272309167307722
4,0.16565568685629606,0.04853935331162951,2.5147272257207836,1.084118908878412,0.40703274332657885
4,0.16522802953531435,0.05561442200197435,-0.2138286604908557,3.5375343451724204,1.6311685489605263
4,0.16689492431689792,0.07297072484700141,0.8334473907917889,8.678151422513533,1.4750502435269004
4,0.16490076152675814,0.09757734711196248,-0.9970813950698904,12.30331113248053,1.6516613136807803
4,0.1653395945257478,0.1143762041291975,0.21941649949483444,8.39942850861751,1.5446794773274448
4,0.17298792382047873,0.13778795227459031,3.824164647365458,11.705874072696409,1.2550387520575572
4,0.17492306700175028,0.15906768325591328,0.9675715906357768,10.639865490661482,1.480107441037607
4,0.16397088121222325,0.17152048765772787,-5.476092894763515,6.226402200907296,2.2921668011588077
4,0.16724283792392103,0.18055992997466705,1.6359783558488883,4.519721158469589,1.2235027744887872
4,0.1771023250585908,0.1816464730891992,4.929743567334888,0.5432715572660785,0.10975990038990771
4,0.18113879334672825,0.1919685179753348,2.018234144068723,5.161022443067792,1.198026455446229
4,0.18070903809951688,0.20502228850105436,-0.2148776236056832,6.5268852628597855,1.6037063648105765
4,0.17510067646610522,0.21744818372907473,-2.804180816705831,6.2129476140101865,1.9947679222341408
4,0.17139923312781707,0.2084207991987453,-1.850721669144073,-4.513692265164723,-1.9599140112724425
4,0.17481411499556518,0.212430399969185,1.707440933874052,2.004800385219857,0.8653299003829165
4,0.1715388620925719,0.21704793167199352,-1.6376264514966348,2.308765851404257,2.187742097042994
4,0.16874621836493087,0.22033485769997507,-1.396321863820521,1.6434630139907784,2.2750707358688813
4,0.17455590538361992,0.2355986094339842,2.904843509344529,7.631875867004561,1.2071077837673514
4,0.1747334347935907,0.23459394526534075,0.0887647049853807,-0.5023320843217244,-1.3958965845766793
4,0.17080351944854877,0.23234453955205914,-1.9649576725209588,-1.124702856640805,-2.6217294553152346
4,0.1780932835999535,0.23698167318424337,3.644882075702363,2.3185668160921185,0.5665527454877918
4,0.18051892481649323,0.23768992524675872,1.2128206082698683,0.3541260312576733,0.2840879204713121
4,0.1932171869764826,0.22891739941459566,6.349131079994685,-4.386262916081532,-0.6045549352773194
4,0.20189229528746233,0.2339042145615925,4.3375541554898644,2.4934075734984185,0.5217154036092599
4,0.20143086203808236,0.23161013052468252,-0.2307166246899861,-1.1470420184549883,-1.7692882967557644
4,0.20824427012629085,0.2386231187700924,3.4067040441042447,3.506494122704942,0.7998318807982759
4,0.202629992034879,0.24695347480903238,-2.807139045705925,4.165178019469987,2.1638271619987144
4,0.21344779323779559,0.25206072818127245,5.408900601458294,2.553626686120039,0.4410923458935622
4,0.21870270551396626,0.25748011503444046,2.627456138085335,2.7096934265840034,0.8008054103084635
4,0.22697853327180914,0.2562396415801658,4.1379138789214425,-0.6202367271373188,-0.1487835046677606
4,0.2207162012882105,0.25350972828318946,-3.1311659917993144,-1.3649566484881803,-2.7305041078736925
4,0.22968074603075184,0.2452982431772526,4.482272371270662,-4.10574255296843,-0.7415825859689403
4,0.22732574392127308,0.2524793509068963,-1.1775010547393772,3.5905538648218633,1.8876887797814685
4,0.2279633321659594,0.25213058465353905,0.3187941223431606,-0.17438312667863998,-0.500543650294527
4,0.2374727639296907,0.26003603360337335,4.754715881865643,3.9527244749171517,0.6935531393084545
4,0.241427310169665,0.2681157749088536,1.9772731199871607,4.039870652740113,1.1156325840831713
4,0.252842598489153,0.27397957315820476,5.7076441597440075,2.9318991246755908,0.4745311305710083
4,0.25535127050038137,0.26930222396060904,1.2543360056141706,-2.338674598797857,-1.0784973502560529
4,0.26401839011434514,0.284702720466481,4.333559806981885,7.70024825293597,1.0581928014523532
4,0.2656662674317794,0.29481797628950485,0.8239386587171327,5.05762791151193,1.4093049007669465
4,0.2614217561688839,0.302194491183202,-2.1222556314477448,3.6882574468485863,2.0929377437679935
4,0.2576771800923946,0.3028805276049212,-1.8722880382446572,0.3430182108595803,2.960394106563563
4,0.25014718069963987,0.30618704670657426,-3.7649996963773633,1.6532595508265413,2.7278293213785223
4,0.2623956443393724,0.29987512575900677,6.1242318198662655,-3.1559604737837477,-0.4758311115783751
4,0.2661625958672196,0.2941483688142122,1.8834757639235866,-2.8633784723972875,-0.9889706387771011
4,0.27200392895796094,0.30913108557927027,2.9206665453706813,7.4913583825290395,1.1990518609558267
4,0.2768495651837731,0.3104182880496611,2.422818112906094,0.6436012351954123,0.25964511801444495
4,0.2715930553836459,0.3181620390331404,-2.6282549000636033,3.8718754917396456,2.1671565224787743
4,0.27411447738696365,0.31121255960179456,1.2607110016588652,-3.4747397156729143,-1.2227450239582303
4,0.2817181388915751,0.3154744745662463,3.8018307523057238,2.1309574822258592,0.5108751479949781
4,0.27837519260530935,0.3164623653540381,-1.6714731431328733,0.4939453938959115,2.8542555957525266
4,0.2776959578369995,0.32962578825896865,-0.3396173841549166,6.581711452465277,1.6223507664109156
4,0.268255516036781,0.33293488698045653,-4.720220900109262,1.6545493607439399,2.8044513500674597
4,0.2659754467467307,0.33451249264746524,-1.1400346450251564,0.788802833504354,2.536316012630753
4,0.26846082490370615,0.34118571533923114,1.2426890784877354,3.3366113458829503,1.2142715192243907
4,0.2750020935933827,0.3432602207290328,3.2706343448382635,1.0372526949008198,0.3071074882860315
4,0.27158257561261856,0.33512132760091085,-1.7097589903820598,-4.069446564060969,-1.9685478541650314
4,0.26762640965164003,0.3417431634309774,-1.9780829804892652,3.3109179150332677,2.1093331690260184
4,0.26316952614471384,0.33982856997305355,-2.228441753463095,-0.957296728961915,-2.735848078961763
4,0.24712605332560292,0.3393735896998401,-8.02173640955546,-0.2274901366067228,-3.113241038867992
4,0.23485966574877787,0.338453117282305,-6.133193788412525,-0.46023620876756155,-3.066692811363017
4,0.22265376819954624,0.3360245731218783,-6.102948774615813,-1.2142720802133522,-2.9451926607993903
4,0.2219859278699313,0.33937619031564403,-0.33392016480747466,1.6758085968828773,1.7674794112573817
4,0.21149196897376069,0.332786590613618,-5.246979448085304,-3.2947998510130247,-2.5808803915762613
4,0.21707573854482115,0.3382812631154685,2.7918847855302324,2.7473362509252697,0.7773559542341242
4,0.21872167982600432,0.33427413385087146,0.822970640591586,-2.003564632298532,-1.1810544343297518
4,0.21446015974650764,0.3282362216190189,-2.130760039748339,-3.0189561159262857,-2.18540006901479
4,0.21561228372516517,0.33361053543827224,0.5760619893287605,2.6871569096266756,1.359616659103467
4,0.21527789949840534,0.34439514709544483,-0.16719211337991313,5.392305828586297,1.601792077543798
4,0.20540729603633107,0.3471964240780931,-4.9353017310371365,1.4006384913241299,2.86506372567318
4,0.19759670442529315,0.3542376787684871,-3.90529580551896,3.520627345197008,2.4079489916474657
4,0.1973996521141454,0.3502088009057537,-0.09852615557387479,-2.0144389313667133,-1.6196673560085495
4,0.19222973671614949,0.3592708511527508,-2.5849576989979557,4.531025123498567,2.08924347079709
4,0.1862567732218952,0.3641959658111663,-2.986481747127137,2.4625573292077485,2.45204970104601
4,0.1872594535403467,0.36356131694777644,0.5013401592257466,-0.3173244316949375,-0.5642974313561054
4,0.19072033718945208,0.3677501264179213,1.7304418245526891,2.0944047350724415,0.8802700175256205
4,0.18989970727517397,0.3777198556324348,-0.4103149571390574,4.984864607256751,1.6529233393736453
4,0.19062496073267207,0.390593919353371,0.362626728749052,6.437031860468095,1.5145213450810577
4,0.18817165182841467,0.39882164109901064,-1.226654452128703,4.113860872819814,1.860578859386054
4,0.17835766139926323,0.39805424747910756,-4.906995214575716,-0.3836968099515392,-3.063557595459999
4,0.18106479912994275,0.41088562091507075,1.3535688653397575,6.415686717981594,1.3628676083215792
4,0.16838501125874525,0.4185299588222216,-6.3398939355987505,3.8221689535754275,2.5990612394264545
4,0.16602455430627752,0.43652343729652177,-1.1802284762338633,8.99673923715008,1.7012355028559196
4,0.1515234257264142,0.44250552042517677,-7.2505642899316625,2.9910415643275012,2.7503354117164482
4,0.14283677310024367,0.44960512452000545,-4.34332631308526,3.549802047414341,2.4563913884506294
4,0.12834558291535939,0.44870255915672114,-7.245595092442144,-0.4512826816421567,-3.0793892759064114
4,0.1281061582721129,0.4511105714172899,-0.11971232162323597,1.204006130284374,1.6698989396927666
4,0.12420512391746988,0.4497122873855075,-1.9505171773215173,-0.699142015891191,-2.797419397287486
4,0.11437199484927259,0.4582788002812101,-4.9165645340986455,4.283256447851297,2.4249252341997756
4,0.1262253856073454,0.47223359713895335,5.926695379036402,6.977398428871628,0.866642941275527
4,0.12601024450699022,0.47951155462848877,-0.10757055017758532,3.638978744767707,1.6003483635858142
4,0.12619790493245975,0.4837539125413941,0.09383021273476344,2.121178956452668,1.5265902101507127
4,0.13216867736398946,0.4813147022238521,2.9853862157648567,-1.2196051587710088,-0.38783391648231486
4,0.13241681032623065,0.4828828664384414,0.12406648112059382,0.7840821072946647,1.4138659037586552
4,0.12450871683323553,0.4762187917880524,-3.954046746497561,-3.33203732519452,-2.441357511921344
4,0.12348704754820353,0.48191557869172824,-0.5108346425160004,2.8483934518379326,1.7482511836452739
4,0.128880670930159,0.486314579929452,2.6968116909777406,2.1995006188618715,0.684176787989716
4,0.1336163388761145,0.4846829790062516,2.36783397297774,-0.8158004616001802,-0.3317974917123583
4,0.1285204225036136,0.48680539013765467,-2.5479581862504483,1.061205565701523,2.7469499150593686
4,0.13899042713756168,0.4824922853462566,5.235002316974047,-2.156552395699035,-0.39076435338529075
4,0.1332021245477426,0.49144206040152133,-2.894151294909539,4.474887527632365,2.1448862458557074
4,0.13715762469859064,0.490723929279688,1.9777500754240145,-0.35906556091666597,-0.17959635199648577
4,0.1389940293213235,0.4931838459793743,0.9182023113664256,1.2299583498431577,0.9295189340242245
4,0.13168979712640946,0.499498866373863,-3.6521160974570117,3.157510197244334,2.428700504529332
4,0.13849836166803683,0.4951130096171758,3.4042822708136855,-2.192928378343589,-0.5722641899785291
4,0.14691341533134225,0.5016221930158203,4.207526831652708,3.2545916993222677,0.6583826172067497
4,0.14995267311691185,0.48992559520505896,1.5196288927847994,-5.848298905380688,-1.3165770369009635
4,0.15318057405148228,0.4971323227517015,1.6139504672852134,3.6033637733212665,1.149689248072994
4,0.15420511205013723,0.5094158213049996,0.5122689993274782,6.141749276649066,1.4875812709665401
4,0.1661992394142128,0.5045979624245601,5.997063682037784,-2.4089294402197536,-0.38195796301550944
4,0.17653844945643146,0.504873639154935,5.16960502110933,0.13783836518743708,0.02665691366656551
4,0.1746745930631592,0.514492655836028,-0.9319281966361365,4.809508340546498,1.7621923374218686
4,0.18861697905307867,0.5032587385325398,6.971192994959741,-5.616958651744108,-0.6782302515255979
4,0.20250334373158493,0.5002276414270919,6.9431823392531316,-1.5155485527239554,-0.21490784198473184
4,0.21694780316975074,0.49963947091405647,7.222229719082901,-0.29408525651769546,-0.04069697186145143
4,0.23435815977148866,0.49806280876868625,8.705178300868962,-0.7883310726851112,-0.09031252173986803
4,0.2523006588024675,0.501075839550051,8.971249515489415,1.5065153906823614,0.16637473696761074
4,0.25845449446462665,0.5044134534273692,3.0769178310795784,1.6688069386591176,0.4969611084380347
4,0.26115664334598737,0.5118061712540841,1.351074440680361,3.696358913357456,1.220367136417648
4,0.26482021422841634,0.5088078499902721,1.831785441214484,-1.4991606319060269,-0.6858691568268622
4,0.2714787107084885,0.5048096402541855,3.329248240036081,-1.9991048680432777,-0.540763069092958
4,0.2839271531982783,0.508122603097583,6.2242212448949115,1.656481421698719,0.2601057018250137
4,0.2848056861657416,0.5150011306988957,0.4392664837316318,3.4392638006564002,1.4437630193389162
4,0.294824443524279,0.5108096652165229,5.009378679268705,-2.095732741186407,-0.3962346341289578
4,0.29592400757982557,0.5060929804820062,0.5497820277732823,-2.358342367258348,-1.3417646078427927
4,0.30257285601309736,0.5178200981928227,3.324424216635896,5.863558855408235,1.0550226161608802
4,0.30509365317948195,0.5212049826993449,1.260398583192296,1.692442253261095,0.9306818552626711
4,0.310229402000572,0.5119639706464162,2.5678744105450124,-4.620506026464355,-1.063544589016319
4,0.3132365272725372,0.5180383749749303,1.5035626359826137,3.037202164257069,1.1111176892215842
4,0.31814265870138203,0.5198962689119018,2.453065714422414,0.9289469684857221,0.3620002079515483
4,0.31895037790857483,0.5147993455899155,0.4038596035964015,-2.548461660993151,-1.4136313597679762
4,0.3359214488919146,0.5120142124523296,8.485535491669888,-1.3925665687929412,-0.16266069594120347
4,0.3377254116768696,0.509994072875793,0.9019813924774911,-1.0100697882682863,-0.8418681363785318
4,0.3550481971282464,0.49869549217566456,8.661392725688415,-5.649290350064229,-0.5779469699033948
4,0.3528258773714809,0.49944366068702495,-1.1111598783827559,0.374084255680196,2.816850146556843
4,0.365440270901577,0.4896664294206502,6.307196765048039,-4.888615633187376,-0.659363371323861
4,0.3660601413061231,0.49342221263179487,0.30993520227304283,1.877891605572335,1.4072266359044225
4,0.36537640130557975,0.4896337147086719,-0.3418700002716657,-1.8942489615614844,-1.749352090370413
4,0.37899173226789484,0.49292167786571944,6.8076654811575485,1.6439815785237732,0.23695313749056185
4,0.3842966141427949,0.4944584253311519,2.65244093745004,0.7683737327162377,0.2819673138114186
4,0.3846180096927951,0.49833702122008033,0.1606977750000793,1.9392979444642078,1.488121317010521
4,0.3916961454474976,0.5109251802821992,3.539067877351254,6.294079531059454,1.05857003976622
4,0.38692685362338963,0.5035178710980521,-2.3846459120539785,-3.7036545920735575,-2.1428451599670075
4,0.3822316643631319,0.49652339515025923,-2.347594630128874,-3.49723797389645,-2.161979814495598
4,0.38293296595783316,0.485731492080454,0.35065079735063787,-5.395951534902604,-1.5059035176118944
4,0.3870912474319828,0.4807797309760254,2.079140737074825,-2.4758805522143157,-0.8722783485657889
4,0.3860639040083153,0.4778534364673325,-0.5136717118337519,-1.4631472543464308,-1.9084268595018397
4,0.39384904248298047,0.4735471030264029,3.8925692373325824,-2.1531667204648106,-0.5052568552996756
4,0.3988353955244431,0.470525758956308,2.493176520731305,-1.5106720350474556,-0.5447629870753066
4,0.40675088771283996,0.4756042906040438,3.9577460941984386,2.539265823867903,0.5704431321285295
4,0.4090313084782414,0.4858713722153345,1.140210382700707,5.133540805645348,1.3522343925158447
4,0.41782848563936237,0.4871720038895277,4.398588580560498,0.6503158370965989,0.14678315278275028
4,0.413723784442645,0.48620969254717605,-2.0523505983586765,-0.48115567117582025,-2.9113102524302574
4,0.40896357221151836,0.48462296344975286,-2.3801061155633296,-0.7933645487115948,-2.819843670900605
4,0.4129062970302596,0.49076730530820506,1.971362409370625,3.0721709292260977,1.000289503999946
4,0.3948320112383506,0.4874904786123395,-9.037142895954503,-1.6384133479327712,-2.9622430127782415
4,0.3860818136199156,0.4859304086304698,-4.3750988092174925,-0.780034990934847,-2.9651568473286742
4,0.38527150060800963,0.4849682884958302,-0.4051565059529916,-0.48106006731982176,-2.2707540085843125
4,0.38878883175037904,0.48972234423405486,1.7586655711847032,2.377027869112341,0.9338170828493575
4,0.39573949269591646,0.479177857429477,3.4753304727687118,-5.272243402288934,-0.987998286017084
4,0.39881680178601314,0.4915781374365683,1.5386545450483402,6.200140003545656,1.3275459527909146
4,0.40359243512168436,0.48535293097683846,2.387816667835607,-3.112603229864924,-0.916412682726453
4,0.3941868727163452,0.4757635164208008,-4.702781202669565,-4.794707278018839,-2.346515804604396
4,0.4078387841165576,0.47969876215899077,6.8259557001061895,1.9676228690949926,0.2806479895607177
4,0.41972166638482233,0.48789210046775877,5.941441134132363,4.096669154384003,0.6036493582255162
4,0.4331146162176148,0.4988852106396523,6.6964749163962445,5.496555085946763,0.6873037104648225
4,0.44928074865501894,0.49288086309649265,8.083066218702056,-3.0021737715798245,-0.3556241464311164
4,0.4535729336518186,0.4947683287338816,2.1460924983998373,0.943732818694476,0.41429297027073697
4,0.45617442441205447,0.49322174698758453,1.3007453801179292,-0.7732908731485355,-0.5363642869317641
4,0.47811237324334577,0.4913164335286903,10.968974415645649,-0.95265672944711,-0.08663273313785835
4,0.4853423931544645,0.4899381520589707,3.6150099555593562,-0.6891407348598166,-0.18837296509045695
4,0.48677447950784924,0.4756195133078685,0.7160431766923825,-7.159319375551087,-1.471112290496356
4,0.4940268072161788,0.47184041994799814,3.626163854164782,-1.8895466799351834,-0.48037451163222905
4,0.49978305023104075,0.46454368629149795,2.8781215074309694,-3.6483668282500936,-0.9028731048757371
4,0.5036654315831953,0.46905012996124806,1.9411906760772868,2.2532218348750574,0.8596534849957567
4,0.5120909879260416,0.47293208942858017,4.212778171423126,1.940979733666054,0.43174626126553645
4,0.5177180788542202,0.4630861649956469,2.8135454640892954,-4.922962216466625,-1.0515852581981284
4,0.5238532860456713,0.46875804768270274,3.0676035957255543,2.835941343527909,0.746177076033427
4,0.5298442143918346,0.4542497771877649,2.9954641730816634,-7.254135247468929,-1.179191669884444
4,0.5306497154727021,0.45901156014236477,0.4027505404337606,2.3808914772999454,1.4032231222482523
4,0.5356476716073972,0.4520597054147236,2.498978067347557,-3.4759273638205745,-0.9474727050996428
4,0.5288296871350201,0.45004886303022246,-3.4089922361885683,-1.005421192250583,-2.854791781926722
4,0.5284306122629516,0.44561816810141536,-0.19953743603423613,-2.21534746440355,-1.6606244261313763
4,0.5038697891168532,0.44063278119312743,-12.28041157304921,-2.4926934541439625,-2.9413321448504637
4,0.5030250148039924,0.43564169777896206,-0.4223871564303927,-2.4955417070826877,-1.7384639742573187
4,0.4980641304669781,0.42925135830693245,-2.480442168507152,-3.1951697360148024,-2.2309242968388974
4,0.49667769929390504,0.42892258492997787,-0.6932155865365386,-0.16438668847729154,-2.908757012396422
4,0.4962365133933996,0.42521497656666113,-0.2205929502527293,-1.8538041816583695,-1.6892341474677992
4,0.5013996540766212,0.4119721736831032,2.581570341610828,-6.621401441778973,-1.199042009490247
4,0.5096039576970284,0.3930264648119694,4.102151810203569,-9.47285443556689,-1.1621330905152059
4,0.5194059924577065,0.3957878212851057,4.901017380339045,1.3806782365681503,0.2745960681402486
4,0.5210353142066471,0.37647081780616254,0.8146608744702966,-9.65850173947158,-1.486648994383452
4,0.5290038937478122,0.3748232888202188,3.984289770582572,-0.8237644929718624,-0.20388046825489223
4,0.531631907848559,0.3692592809247965,1.314007050373378,-2.7820039477111647,-1.1295336830152194
4,0.5330205650482694,0.3619703344129608,0.6943285998552429,-3.6444732559178514,-1.382536900348017
4,0.5382543744998836,0.36416069441875293,2.6169047258070566,1.0951800028960734,0.39635398037921443
4,0.5396904126519149,0.356349508382779,0.7180190760156524,-3.905593017986958,-1.3889827263549055
4,0.5346966303728774,0.34245914419373485,-2.496891139518731,-6.945182094522079,-1.9159217203240524
4,0.5330665515333537,0.3420575357829451,-0.8150394197618538,-0.20080420539486665,-2.9000299634183198
4,0.5370817214217979,0.3413316587864271,2.007584944222096,-0.36293849825902447,-0.1788518737647967
4,0.5478147863235815,0.34297772462793225,5.366532450891803,0.8230329207525866,0.15217829542689154
4,0.5564290690539492,0.3364503671232095,4.307141365183842,-3.2636787523613595,-0.6484341878986222
4,0.5629181573798904,0.3306698574178953,3.2445441629705973,-2.89025485265712,-0.7277114769497505
4,0.5645666359609669,0.32228708365614944,0.8242392905382645,-4.191386880872922,-1.376623283150885
4,0.5458473883749961,0.32731475045310504,-9.359623792985383,2.513833398477799,2.879202252058697
4,0.542312429768276,0.3199521978045073,-1.7674793033600755,-3.6812763242988766,-2.0184193266904895
4,0.5546058746535454,0.31791664827483235,6.1467224426347,-1.0177747648374702,-0.16409126744651087
4,0.556667415970909,0.32841589435398283,1.03077065868179,5.249623039575241,1.3769115170982227
4,0.5672333741151279,0.3256272506431377,5.28297907210945,-1.39432185542257,-0.2580430551256896
4,0.565375481505015,0.33327246527019344,-0.9289463050564106,3.8226073135278757,1.8091890058663307
4,0.5751460054778331,0.33656382336557455,4.88526198640904,1.645679047690557,0.3249266482351613
4,0.5779902977350646,0.3408033120152138,1.4221461286157422,2.119744324819622,0.9798655344822028
4,0.5948367533799664,0.33509671944197034,8.423227822450919,-2.8532962866217315,-0.32660992431147357
4,0.5966032067258054,0.3240932351338844,0.8832266729194571,-5.501742154042977,-1.4116186656212588
4,0.6068430004999869,0.3279181388219042,5.119896887090746,1.9124518440098992,0.3574841533657884
4,0.6216613836417408,0.32180983238729727,7.4091915708769935,-3.054153217303457,-0.3909889188092464
4,0.6375398046247212,0.31645669726645037,7.939210491490156,-2.6765675604234485,-0.32516608840733696
4,0.6513636821031107,0.3125536897832962,6.911938739194767,-1.9515037415770986,-0.2751755158675664
4,0.6507817632261786,0.30494849886753345,-0.2909594384660208,-3.8025954578813637,-1.6471635347469995
4,0.6540223423519341,0.2935982027432626,1.6202895628777414,-5.675148062135427,-1.2926891238144607
4,0.6650128515622321,0.29896178051734473,5.4952546051489914,2.68178888704107,0.45401698515519184
4,0.6638898835942423,0.29578717532322363,-0.5614839839949148,-1.5873025970605525,-1.9107943775517566
4,0.6745698353463154,0.28517159720447344,5.339975876036573,-5.307789059375096,-0.7823753019031419
4,0.6829571531970189,0.27459553265576053,4.193658925351729,-5.2880322743564525,-0.9003093293824722
4,0.6956543974255885,0.2654995735709565,6.348622114284829,-4.54797954240202,-0.621630042961981
4,0.6925993686542592,0.257992212695311,-1.5275143856646745,-3.7536804378227595,-1.9572692042149804
4,0.7102580960057417,0.2579354105902082,8.829363675741275,-0.028401052551391137,-0.003216647953440944
4,0.7156049467573087,0.2567834343814257,2.673425375783467,-0.5759881043912451,-0.21220574014956872
4,0.720181903652893,0.24219804236932402,2.288478447792175,-7.292696006050842,-1.2667237555097988
4,0.7280125475507688,0.23769336556539422,3.9153219489379,-2.252338401964898,-0.5220316308911088
4,0.7267682738954192,0.22304656631094416,-0.6221368276748129,-7.32339962722503,-1.6555447617286303
4,0.7308916631587549,0.22846786617139092,2.061694631667832,2.7106499302233797,0.9205516703789738
4,0.7308583861815795,0.2266615222793234,-0.016638488587683575,-0.9031719460337595,-1.5892165255006698
4,0.733486971661707,0.21743623251839594,1.3142927400637272,-4.612644880463729,-1.2932195392866372
4,0.744997772327833,0.22475500698176043,5.755400333063043,3.659387231682243,0.5663407695414399
4,0.7598604609195092,0.21477331306038014,7.431344295838082,-4.9908469606901456,-0.5914061478539097
4,0.7656875408105995,0.19818046817832854,2.9135399455451627,-8.296422441025797,-1.2330704213291968
4,0.7646377570535814,0.19927171088920534,-0.5248918785090706,0.5456213554383971,2.3368328551365143
4,0.7673110518997998,0.19292485890883596,1.336647423109183,-3.1734259901846915,-1.1721486052603682
4,0.7648360068295167,0.1945276948485693,-1.237522535141533,0.8014179698666718,2.5669073786449275
4,0.7602881025847191,0.1967690114314882,-2.2739521223987813,1.1206582914594503,2.6837022676407414
4,0.752891374003983,0.1974367466371851,-3.6983642903680725,0.3338676028484533,3.051562294730257
4,0.7459782409528046,0.19061705232782641,-3.4565665255891775,-3.4098471546793463,-2.362998427756786
4,0.7356051189879685,0.19751348184937761,-5.186560982418042,3.4482147607756004,2.5548581977362184
4,0.7386761942572784,0.20209058326803434,1.5355376346549154,2.2885507093283604,0.9798237918645483
4,0.7365316841681049,0.20282935591742457,-1.0722550445867451,0.36938632469511734,2.8098306062720226
4,0.7316850567914338,0.19776662387037794,-2.4233136883355377,-2.5313660235233155,-2.3343898092350215
4,0.7273349993163134,0.19764650362128633,-2.175028737560203,-0.060060124545804894,-3.113986183332342
4,0.7286374389991904,0.2016205779798784,0.6512198414385106,1.9870371792960333,1.2540935187346953
4,0.7265760770317505,0.20354018535767532,-1.0306809837199449,0.9598036888984612,2.39178751065513
4,0.7223619190782906,0.20613938545978636,-2.107078976729959,1.2996000510555188,2.5889276149196534
4,0.7232020779787354,0.19148985349370656,0.420079450222377,-7.324765983039896,-1.5135085173734109
4,0.7162296834535976,0.19456737970403176,-3.4861972625688797,1.5387631051625994,2.7259241134940932
4,0.7141875900982741,0.18264349928769416,-1.02104667766173,-5.961940208168801,-1.7404116190225563
4,0.7079752281711189,0.17753740575812976,-3.1061809635776205,-2.553046764782199,-2.453625245998604
4,0.7051505674437585,0.16608766124871246,-1.4123303636802143,-5.724872254708648,-1.8126674250126136
4,0.7050462869037415,0.16266798459209728,-0.05214027000849386,-1.7098383283075946,-1.60128114889967
4,0.7033016686054604,0.16644061244014063,-0.8723091491405488,1.886313924021679,2.003948000681489
4,0.7088519128248321,0.16642300341361696,2.7751221096858347,-0.008804513261836955,-0.003172647318803522
4,0.7095574939272284,0.1644607156965374,0.3527905511981899,-0.9811438585397847,-1.2256208738514927
4,0.7038144232634096,0.15471624153597835,-2.871535331909425,-4.872237080279521,-2.103360693267412
4,0.6914065172803199,0.15108911045318937,-6.203952991544859,-1.8135655413944878,-2.857192676794879
4,0.689528317068566,0.15031119896743747,-0.9391001058769444,-0.3889557428759516,-2.7489228911840815
4,0.6926421655477739,0.15349225085640386,1.5569242396039629,1.5905259444831954,0.7960736074649851
4,0.6873297346230856,0.15541273011282566,-2.6562154623441803,0.9602396282109016,2.794703898321524
4,0.6892548502393909,0.15031667222536407,0.9625578081526864,-2.5480289437307957,-1.2096031851446216
4,0.6849812059090962,0.1518434966762657,-2.1368221651473784,0.7634122254508158,2.79846020289537
4,0.6792171785618576,0.1522599913013596,-2.882013673619288,0.2082473125469414,3.06946044443615
4,0.6699086880155357,0.15098684349181438,-4.65424527316094,-0.6365739047726054,-3.0056633208974275
4,0.6664058451682213,0.1529034895016018,-1.7514214236571957,0.9583230048937075,2.640925774590379
4,0.6747137091546613,0.14454407871514216,4.153931993220006,-4.179705393229815,-0.7884908486971507
4,0.6737231408339031,0.1426850668994214,-0.49528416037913914,-0.9295059078603812,-2.060374713690771
4,0.6690406722126916,0.1474331670498967,-2.341234310605733,2.374050075237652,2.34923515706123
4,0.6661297356600676,0.1488231881763523,-1.4554682763119886,0.6950105632277936,2.69609283288417
5,0.45203205081719317,0.4900431995470928,0.0,0.0,0.0
5,0.4428152090285423,0.49409192102961774,-4.6084208943254215,2.0243607412624707,2.7276939562943983
5,0.43660280330830803,0.5004305041299973,-3.1062028601171465,3.169291550189801,2.3461416464332876
5,0.4337388393120827,0.5019051406490129,-1.4319819981126747,0.737318259507791,2.6661013390906563
5,0.433537277188986,0.5030311577631231,-0.10078106154834399,0.5630085570551002,1.7479248335206854
5,0.4113913600450718,0.4990018920978457,-11.072958571957086,-2.014632832638724,-2.9616195972635158
5,0.4082988601762035,0.5007909197480069,-1.5462499344341685,0.8945138250806284,2.6171280173632208
5,0.3991338429527019,0.4973850300053965,-4.582508611750802,-1.7029448713052064,-2.7857898970160497
5,0.3932856251537972,0.49401500320863495,-2.9241088994523268,-1.6850133983807858,-2.618820591088622
5,0.38996235752678543,0.48878708085136635,-1.6616338135058972,-2.6139611786342996,-2.137036345467993
5,0.378832324925236,0.4797258095325611,-5.565016300774716,-4.530635659402621,-2.458296241746882
5,0.37953316122988734,0.4718919628197589,0.3504181523256711,-3.916923356401092,-1.481571258935815
5,0.37382329280776466,0.45766006635090856,-2.8549342110613383,-7.1159482344251845,-1.952338668441062
5,0.3660371201672639,0.44459027659340383,-3.893086320250372,-6.534894878752362,-2.1080762361690075
5,0.3556875267430823,0.44171551949462795,-5.174796712090812,-1.437378549387941,-2.8706574611181583
5,0.35855359048875346,0.4471543957354879,1.4330318728355829,2.7194381204299622,1.0858149953870209
5,0.34711876915311296,0.44769064830044064,-5.71741066782025,0.26812628247638304,3.094730534413797
5,0.3552048418989094,0.444930868320067,4.043036372898212,-1.3798899901868167,-0.3289037082837417
5,0.3450684447305197,0.447975593791018,-5.068198584194855,1.5223627354754854,2.8497913899647895
5,0.34086962660371795,0.4560004589263578,-2.099409063400864,4.012432567669921,2.052851626379676
5,0.3406007345236135,0.45369015255454,-0.13444604005222183,-1.1551531859089192,-1.686663080912067
5,0.3338939609656151,0.4488109647417322,-3.3533867789992122,-2.439593906403886,-2.5126467547795777
5,0.3430612766865537,0.4436769683326978,4.583657860469298,-2.5669982045171955,-0.5105132012149537
5,0.3437348396616923,0.4478119059377595,0.33678148756932647,2.0674688025308363,1.4093190633192787
5,0.3366142382418628,0.44917935544999565,-3.5603007099147543,0.6837247561180815,2.9518612758074054
5,0.33501025395533235,0.4512171046934487,-0.8019921432652344,1.0188746217265343,2.2376435431459667
5,0.3240035044758282,0.45263959743946325,-5.50337473975207,0.7112463730072627,3.013066839081976
5,0.3257144958344678,0.45596271292811397,0.8554956793198065,1.6615577443253593,1.0953191154691142
5,0.32419837225469733,0.4471935633562116,-0.7580617898852449,-4.384574785951195,-1.741996763466457
5,0.3143500106132731,0.4482141315952172,-4.92418082071211,0.510284119502824,3.038333004258029
5,0.30699290018238534,0.4344031698973298,-3.6785552154438848,-6.9054808489437125,-2.06026107179745
5,0.3039748444046965,0.4309097421460519,-1.5090278888444109,-1.746713875638961,-2.2833186051171275
5,0.29891952864954885,0.4292882848089717,-2.5276578775738354,-0.810728668540095,-2.8312158353211236
5,0.2928019352910845,0.4265276022957802,-3.058796679232173,-1.3803412565957518,-2.717683618218342
5,0.2965126119465445,0.418089699770172,1.855338327729994,-4.218951262804082,-1.156488095362538
5,0.2837707775040513,0.4145266972509267,-6.370917221246608,-1.7815012596226476,-2.868926840199921
5,0.27478285376907174,0.4238737288332584,-4.493961867489765,4.673515791165844,2.336611026116925
5,0.26793823703794195,0.4238162588256027,-3.4223083655648967,-0.028735003827856653,-3.133196470218203
5,0.2670816762268657,0.41659546730584346,-0.42828040553813396,-3.6103957598796197,-1.688868789607196
5,0.26704364274077586,0.4144648908501278,-0.019016743044913964,-1.0652882278578413,-1.588645696502237
5,0.2713309029843961,0.4132706666444902,2.143630121810125,-0.597112102818792,-0.27166531528875604
5,0.26272825317000714,0.4153961572388467,-4.3013249071944815,1.062745297178258,2.899369818535327
5,0.25293559108858327,0.40635652535224004,-4.896331040711938,-4.5198159433033345,-2.3961593103796375
5,0.24345615921079228,0.3984234492542169,-4.739715938895494,-3.966538049011564,-2.4447693059593307
5,0.23717487169505724,0.3970617560381127,-3.140643757867517,-0.6808466080520936,-2.928110332728188
5,0.22811254378777215,0.39857532235711585,-4.531163953642545,0.7567831595015617,2.9761027550707517
5,0.23165382525464467,0.3972978796029524,1.77064073343626,-0.6387213770817357,-0.3462007497769961
5,0.228116201451084,0.40039706275355946,-1.7688119017803399,1.5495915753035439,2.422160625520258
5,0.21645088441701107,0.39678925953533317,-5.832658517036459,-1.8039016091131455,-2.8416475933321172
5,0.2212482954015841,0.38692254260262066,2.398705492286518,-4.933358466356258,-1.118232063349273
5,0.21524387756640107,0.3851420640437879,-3.0022089175915228,-0.890239279416366,-2.853324132464627
5,0.20932168787822533,0.3806421615291594,-2.9610948440878664,-2.2499512573142533,-2.4918251410738232
5,0.21125862681203483,0.3736787445234738,0.9684694669047506,-3.481708502842795,-1.2994953542352246
5,0.20841442264214097,0.36912313724523105,-1.4221020849469328,-2.2778036391213896,-2.1289139958980057
5,0.20789361379297638,0.36473707359321605,-0.26040442458229174,-2.1930318260074966,-1.6889846748823207
5,0.2007253664468467,0.3548118210273527,-3.5841236730648482,-4.962626282931676,-2.1962819882562292
5,0.18680494624575916,0.35110693546452554,-6.960210100543762,-1.8524427814135824,-2.881474988253763
5,0.18392827149257812,0.35783036671979757,-1.4383373765905205,3.3617156276360136,1.9750853468298246
5,0.187587672224676,0.348369068750872,1.8297003660489446,-4.730648984462793,-1.2017418781577907
5,0.18279192063171976,0.35074094223071683,-2.397875796478127,1.1859367399224274,2.682292003408252
5,0.18182253494490272,0.341372389182516,-0.4846928434085185,-4.684276524100417,-1.6739017002975867
5,0.17454214259754713,0.33263677442350076,-3.6401961736777926,-4.367807379507621,-2.2655827959512864
5,0.16110472606747742,0.3349008582302572,-6.718708265034858,1.1320419033782336,2.9746694717647486
5,0.16374910698957376,0.32330876610575693,1.3221904610481727,-5.796046062250149,-1.34651480009193
5,0.15134890439753554,0.32640295502347344,-6.2001012960191115,1.5470944588582558,2.897058945770692
5,0.1414743432239703,0.31713629217243655,-4.937280586782625,-4.633331425518445,-2.387942411238068
5,0.14017819086325828,0.3082509615263704,-0.6480761803560053,-4.442665323033085,-1.7156501475207073
5,0.14604634250371476,0.3040143152743248,2.934075820228241,-2.118323126022781,-0.6253211430659356
5,0.14473350130472326,0.30215589216772004,-0.6564205994957495,-0.9292115533023892,-2.1858230398501055
5,0.13212920243038517,0.298741198862252,-6.302149437169044,-1.707346652734032,-2.8770282108359777
5,0.12618244713884988,0.29614293228514676,-2.973377645767647,-1.2991332885526063,-2.7296676872753953
5,0.12163059237790098,0.2858312599064494,-2.2759273804744478,-5.155836189348673,-1.9864984525949034
5,0.11756197519859371,0.28603271635030314,-2.034308589653637,0.10072822192686015,3.092118338530194
5,0.1182436375252948,0.2827259381559143,0.34083116335054814,-1.6533890971944243,-1.3675030615304735
5,0.11887718060007188,0.2772343394051033,0.31677153738853686,-2.7457993754055052,-1.4559382192187065
5,0.12009393199691866,0.2694952410251109,0.6083756984233898,-3.869549189996185,-1.4148515374317219
5,0.11123551537179004,0.2605680746404872,-4.429208312564311,-4.463583192311854,-2.352329032588686
5,0.10834055801053757,0.2557215099899204,-1.447478680626231,-2.42328232528341,-2.109244028594931
5,0.1055897692260968,0.2527136108667612,-1.3753943922203902,-1.5039495615795928,-2.3115767393090794
5,0.1068232338700741,0.24538328383663022,0.6167323219886528,-3.665163515065489,-1.4040893145011133
5,0.09873030001568892,0.23870235500862813,-4.046466927192592,-3.340464414001043,-2.4514795995320395
5,0.0912487616376146,0.23317064013433553,-3.7407691890371586,-2.765857437146302,-2.504921764684443
5,0.08711832406515975,0.22131434747396664,-2.065218786227424,-5.928146330184444,-1.9060228734643032
5,0.09178325177042568,0.2112549237455584,2.332463852632964,-5.029711864204117,-1.1365775552152388
5,0.0832303840492839,0.21342810717047656,-4.276433860570888,1.0865917124590756,2.8927699168484913
5,0.09023192833242764,0.21441662760680738,3.5007721415718716,0.49426021816541266,0.1402590095565509
5,0.08238655103370547,0.21488506687628228,-3.922688649361086,0.2342196347374509,3.0819545058508955
5,0.07606311686074843,0.20988534266950176,-3.1617170864785202,-2.49986210339026,-2.4725691643883305
5,0.06721615688107775,0.2029988400254469,-4.423479989835339,-3.443251322027427,-2.480159868421925
5,0.06580089037504439,0.20104918981918324,-0.7076332530166831,-0.974825103131835,-2.1986993691309538
5,0.05464684250117614,0.20065909427290207,-5.577023936934121,-0.19504777314058308,-3.1066334513467644
5,0.048098569400719555,0.19855907747241447,-3.274136550228294,-1.0500084002438015,-2.8312568514994925
5,0.042501912887844495,0.20260387136853153,-2.79832825643753,2.02239694805853,2.515783097519568
5,0.04274612573642059,0.19718903642620259,0.12210642428804597,-2.7074174711644723,-1.525726168480254
5,0.04462162645942935,0.19944276721246137,0.9377503615043831,1.1268653931293948,0.8767414421753842
5,0.03399009610185761,0.19700758848589425,-5.315765178785871,-1.217589363283561,-2.9164243365093117
5,0.033358784402002926,0.1916531045855682,-0.3156558499273418,-2.6772419501630282,-1.688157876510541
5,0.02904052473908178,0.18889327671063832,-2.1591298314605734,-1.3799139374649354,-2.5729135782639627
5,0.032707581292826485,0.1905850911245717,1.8335282768723524,0.8459072069666868,0.4322564171399978
5,0.03465099675297079,0.1838425224167445,0.9717077300721543,-3.371284353913595,-1.2901716990370031
5,0.031480223905628796,0.183485860118301,-1.5853864236709987,-0.17833114922174986,-3.029579153159929
5,0.025327540128172794,0.17479325058656442,-3.0763418887280007,-4.346304765868295,-2.1867422266156793
5,0.023759098670155243,0.17089908135210066,-0.7842207290087756,-1.9470846172318783,-1.9536854606628118
5,0.020416368242016612,0.17639060327979658,-1.6713652140693154,2.7457609638479594,2.117593791783433
5,0.014384708238205505,0.16480847805812981,-3.0158300019055533,-5.791062610833383,-2.050924025462218
5,0.0095174680865159,0.16642987999132086,-2.4336200758448028,0.8107009665955234,2.8200291379153195
5,0.01948601824450095,0.1490301630240897,4.984275078992526,-8.699858483615582,-1.0505307675253552
5,0.016540859206994975,0.14719394891506085,-1.4725795187529884,-0.9181070545144221,-2.584095345541902
5,0.020003334848181002,0.1489415184112674,1.7312378205930137,0.8737847481032762,0.46741389536881867
5,0.02224305141813247,0.1364660579322381,1.1198582849757335,-6.237730239514655,-1.3931588970474031
5,0.03143462958194281,0.13039668125009912,4.595789081905171,-3.0346883410694856,-0.5835954069639417
5,0.03304969972884873,0.1371832720553533,0.8075350734529606,3.3932954026270887,1.3371625856626648
5,0.03107586960778011,0.13073236442544825,-0.9869150605343116,-3.2254538149525254,-1.8677276543802288
5,0.025766134299929036,0.12099121742236739,-2.654867653925537,-4.87057350154043,-2.0698567860729953
5,0.02144863309663247,0.12125924431969741,-2.1587506016482823,0.1340134486650102,3.079593045661194
5,0.022157248003564948,0.10507121661712883,0.3543074534662384,-8.09401385128429,-1.527050242829505
5,0.031111064417458707,0.0986432004390148,4.47690820694688,-3.214008089057016,-0.6226439008285191
5,0.03675774503668303,0.0962091262752349,2.823340309612163,-1.2170370818899503,-0.40699469626238644
5,0.03391031836012586,0.08737814363335442,-1.4237133382785858,-4.41549132094024,-1.8827074262029577
5,0.03855713396715177,0.07679983115215401,2.3234078035129535,-5.289156240600202,-1.1568948500900305
5,0.045680514241449165,0.07743078380147683,3.5616901371486978,0.3154763246614109,0.08834433938698867
5,0.05212275011052425,0.0712704317858309,3.2211179345375434,-3.0801760078229683,-0.7630347518253046
5,0.06137694214632382,0.06616267221771202,4.627096017899783,-2.553879784059437,-0.50433150163992
5,0.07470864203922196,0.053290292504660386,6.6658499464490735,-6.436189856525817,-0.7678713830931473
5,0.07418561967553122,0.0440624143906227,-0.2615111818453711,-4.613939057018841,-1.6274142591767498
5,0.07753657766166734,0.05258645896922872,1.6754789930680594,4.262022289303009,1.1962364835540733
5,0.07816839583992805,0.041112580427190536,0.31590908913035204,-5.736939271019092,-1.5157860940365233
5,0.08175568944339083,0.03158492828602914,1.7936468017313925,-4.763826070580696,-1.2106990501001007
5,0.08812697934524459,0.025294516850439267,3.1856449509268803,-3.145205717794938,-0.7790106042429773
5,0.08112033876971898,0.025772340831818282,-3.503320287762804,0.2389119906895075,3.073502204065659
5,0.0878975466871073,0.026270839623394222,3.388603958694156,0.2492493957879701,0.07342296187678572
5,0.09279275432381287,0.024560661348408355,2.4476038183527877,-0.8550891374929336,-0.33610246242623115
5,0.08761526751256984,0.030698875786952164,-2.588743405621513,3.069107219271904,2.2714954415497592
5,0.08774405105962356,0.03126324054301873,0.0643917735268576,0.2821823780332841,1.3464457361970106
5,0.09903314465622991,0.023937290162889858,5.644546798303174,-3.662975190064437,-0.5756300655069838
5,0.1080209569158104,0.015578169639472322,4.493906129790247,-4.179560261708768,-0.7491717769501016
5,0.10896363862083086,0.01490226366532916,0.4713408525102297,-0.33795298707158056,-0.6220467131002619
5,0.11354078442770998,0.005140374250633482,2.2885729034395617,-4.880944707347839,-1.1323539385503782
5,0.12555646304770018,0.007582297910539637,6.0078393099950995,1.2209618299530771,0.20049757640272622
5,0.13578284686556158,0.0008930243712469864,5.113191908930697,-3.3446367696463253,-0.5792654875528389
5,0.15157600621589448,0.008279946478255517,7.896579675166451,3.693461053504265,0.43749933926980816
5,0.1583754280821674,3.306909286445239e-05,3.3997109331364572,-4.123438692695532,-0.8813031421700339
5,0.15597219431910928,0.011271027191432362,-1.2016168815290607,5.618979049283955,1.781472733165938
5,0.14758001145029995,0.009733177055744207,-4.196091434404664,-0.7689250678440778,-2.960355506984746
5,0.15321213803940403,0.01127738416497132,2.816063294552043,0.7721035546135562,0.2676021581966974
5,0.153506456441583,0.0055051285549539645,0.1471592010894862,-2.886127805008677,-1.5198519888059798
5,0.1486653677554857,0.004507269095833067,-2.4205443430486557,-0.4989297295604489,-2.938316638237189
5,0.14584866427029974,0.011961026607767329,-1.4083517425929752,3.7268787559671313,1.9320986443287984
5,0.14264092240044027,0.01246347406212571,-1.603870934929738,0.25122372717919017,2.986219255171745
5,0.15244220982206086,0.018235774453754735,4.900643710810296,2.886150195814513,0.5322421643326646
5,0.15863576622083284,0.028097600282117323,3.096778199385988,4.9309129141812935,1.0100186347310243
5,0.15729628582000554,0.02395016045366216,-0.669740200413646,-2.073719914227581,-1.883187083486837
5,0.16055882378903602,0.02490600778312111,1.6312689845152384,0.47792366472947445,0.2850009317799221
5,0.17086075057915717,0.026372545426428327,5.150963395060576,0.7332688216536084,0.14140557224909223
5,0.17527653785693817,0.031056891046400782,2.2078936388904986,2.3421728099862276,0.8149010751688823
5,0.17249813930543495,0.03702463222326702,-1.3891992757516096,2.983870588433118,2.006522187821855
5,0.17722422973027768,0.05542875705828731,2.3630452124213663,9.202062417510145,1.3194325024477198
5,0.1885109516463854,0.05880160503661267,5.643360958053858,1.6864239891626818,0.2903860533495524
5,0.1943096249174633,0.0500304431353787,2.899336635538943,-4.385580950616984,-0.986652864665917
5,0.2033163067329026,0.052880314957072,4.503340907719658,1.4249359108466502,0.3064498531076129
5,0.2169387163779759,0.04943300435065177,6.811204822536651,-1.7236553032101176,-0.24785821273785105
5,0.22467713104665177,0.054182194728159834,3.869207334337932,2.3745951887540335,0.5504439367741051
5,0.23158951089887703,0.0574220612272826,3.4561899261126294,1.6199332495613825,0.43829960645721155
5,0.2327210149206229,0.056461301533097905,0.5657520108729303,-0.48037984709234716,-0.7039711454058909
5,0.2431865535832326,0.047757398031190446,5.232769331304857,-4.351951750953729,-0.6937574693915672
5,0.2508888794203267,0.0542780410439839,3.851162918547063,3.2603215063967266,0.7025058296073154
5,0.2513676527259693,0.057465230089906914,0.23938665282127736,1.5935945229615076,1.421693139643066
5,0.2509758273839223,0.06431777956499037,-0.1959126710234793,3.4262747375417257,1.627913631170262
5,0.25307486686292857,0.06770925758384957,1.0495197395031242,1.6957390094296045,1.0165841033981473
5,0.25364685690272715,0.0767762894688161,0.2859950198992878,4.53351594248326,1.5077952171438942
5,0.26046015473154166,0.08190455672695524,3.4066489144072563,2.56413362906957,0.6452173123237007
5,0.2530390326428734,0.08423511094558739,-3.7105610443341206,1.1652771093160763,2.8373023406573328
5,0.2576021013500729,0.07639327483491261,2.2815343535997346,-3.9209180553373897,-1.0438010948303866
5,0.2593943467292891,0.08286955742106361,0.8961226896081198,3.2381412930755014,1.3008133250176535
5,0.26572252188526807,0.08439518725394264,3.1640875779894717,0.762814916439515,0.23657089321908722
5,0.28043850362754824,0.08952575069603942,7.357990871140085,2.56528172104839,0.33546172906804006
5,0.282966130365413,0.08866752509365346,1.2638133689323872,-0.42911280119298234,-0.32732441913282656
5,0.2860009688657481,0.095441060782496,1.5174192501675454,3.3867678444212745,1.1495706352234265
5,0.2911719708865682,0.10332349734558255,2.5855010104100518,3.941218281543271,0.9902037714696215
5,0.29421382126137224,0.09967752056676878,1.5209251874020169,-1.8229883894068863,-0.8754858977588792
5,0.2971763321701008,0.10926141402045693,1.481255454364283,4.791946726844076,1.2709996302959916
5,0.3128526206511799,0.12000469459712007,7.838144240539552,5.37164028833157,0.6008058053454317
5,0.31365307859064057,0.12524228442784469,0.4002289697303263,2.6187949153623076,1.4191403523850776
5,0.31797245526433066,0.13169117118192392,2.159688336845045,3.224443377039615,0.9806370133207578
5,0.31214797429601376,0.13749237074680976,-2.912240484158446,2.9005997824429195,2.35819707165349
5,0.30948273085746997,0.1541683723486308,-1.332621719271898,8.338000800910516,1.7292810391869327
5,0.30821181839039585,0.16296774624418722,-0.6354562335370573,4.399686947778217,1.7142365443088337
5,0.3125061061724449,0.1737459187594776,2.147143891024522,5.389086257645184,1.1916488938503442
5,0.3134991611572197,0.1768250112695622,0.49652749238740523,1.5395462550423094,1.2588132337966906
5,0.31349931759158994,0.18571500028628687,7.821718511769049e-05,4.444994508362332,1.5707787301060903
5,0.31490738377325517,0.18663395653061998,0.704033090832612,0.4594781221665539,0.5782268435627149
5,0.31825028479963385,0.19327056632473105,1.6714505131893431,3.318304897055535,1.1041882123866913
5,0.3232554263886796,0.19703736425204676,2.5025707945228737,1.8833989636578563,0.6451538964077103
5,0.3244316331345247,0.19990090253416143,0.5881033729225604,1.4317691410573319,1.1810546875849972
5,0.32178721346149863,0.2058353831869108,-1.3222098365130441,2.967240326374687,1.9899873129746852
5,0.3234153259463576,0.21506837880365853,0.8140562424294728,4.616497808373865,1.396254342333189
5,0.321111854761267,0.22799259230541472,-1.1517355925452777,6.462106750878091,1.7471734317410446
5,0.3260612601076433,0.2259705284801261,2.474702673188139,-1.0110319126443028,-0.3878525441364614
5,0.3237319522140259,0.23736378324308913,-1.1646539468087025,5.696627381481509,1.7724634218476683
5,0.32126192343380994,0.23259482553694014,-1.2350143901079802,-2.384478853074495,-2.0486918597896953
5,0.32016395705068035,0.24204692804287578,-0.5489831915647947,4.726051252967822,1.68643912175702
5,0.3240661933997039,0.24874873383805238,1.9511181745117678,3.350902897588298,1.043518300227167
5,0.31535531679574214,0.2601745519423878,-4.355438301980874,5.712909052167716,2.222177066387025
5,0.3189818631367766,0.2674732617183517,1.8132731705172433,3.6493548879819313,1.1096518501467776
5,0.3161580163569919,0.27681190582331444,-1.41192338989235,4.669322052481384,1.8644378801483799
5,0.3098028162310302,0.276609913705861,-3.177600062980873,-0.10099605872671003,-3.1098195958265054
5,0.31718289965389634,0.28002697345462757,3.690041711433084,1.7085298743832744,0.4336210351910126
5,0.31187410842592,0.27915827312221764,-2.6543956139881697,-0.43435016620496647,-2.979395830685385
5,0.31787390852834746,0.2834296894377148,2.9999000512137273,2.135708157748578,0.6186855185645804
5,0.3220502808828699,0.28835099303725853,2.088186177261225,2.4606517997718678,0.8670973904787633
5,0.3247350083773163,0.29583477471588343,1.3423637472231853,3.7418908393124504,1.2263571473201682
5,0.3203460074000099,0.3045532820384465,-2.194500488653189,4.359253661281537,2.0371697876289057
5,0.32057457352133245,0.30146695269330337,0.11428306066127436,-1.5431646725715675,-1.4968736806748224
5,0.30658483579728446,0.3076209023977971,-6.994868862023995,3.0769748522468663,2.727177702725717
5,0.30119135473579994,0.3035179177423623,-2.6967405307422587,-2.051492327717397,-2.4912594264055654
5,0.30441324305106243,0.31031383681613345,1.6109441576312444,3.3979595368855695,1.128089403940321
5,0.2999002782777179,0.3113089395600346,-2.256482386672254,0.4975513719505664,2.9245667469316787
5,0.30032971013051635,0.2979523946772982,0.21471592639921155,-6.678272441368177,-1.5386559807385054
5,0.28880449600879915,0.28789927094663886,-5.762607060858599,-5.026561865329682,-2.424309699973467
5,0.2956851278775542,0.28146173245873196,3.440315934377519,-3.2187692439534508,-0.7521405917175276
5,0.27809200000126144,0.27843148173286153,-8.796563938146374,-1.5151253629352157,-2.9710256499766157
5,0.27240531944867985,0.27508122817596664,-2.8433402762907956,-1.6751267784474444,-2.609196382102399
5,0.27024465176625306,0.267023890233005,-1.0803338412133934,-4.028668971480825,-1.8327937727899686
5,0.2582845249157072,0.2702487734966075,-5.980063425272935,1.6124416318012424,2.8782199227302625
5,0.2592874920362945,0.2705731360279219,0.5014835602936418,0.16218126565720192,0.3127867497514171
5,0.25520114758195,0.25981423572748247,-2.043172227172235,-5.379450150219705,-1.9337778309253546
5,0.25447528210849724,0.2530888809361497,-0.3629327367263846,-3.3626773956663967,-1.6783098396120861
5,0.24320701075098924,0.2390386827048147,-5.634135678753996,-7.025099115667483,-2.246756128052507
5,0.24135442708457217,0.23535164237876519,-0.9262918332085396,-1.8435201630247615,-2.0364085660062345
5,0.23874684339626595,0.2247454760680497,-1.3037918441531071,-5.303083155357741,-1.8118704400021861
5,0.23420323042808916,0.23269254572719517,-2.2718064840883954,3.973534829572731,2.0901729455439257
5,0.24031105692516003,0.23492460389044845,3.0539132485354337,1.1160290816266405,0.35036510175305435
5,0.23122492937852046,0.226685400046393,-4.543063773319783,-4.1196019220277185,-2.4050391584819
5,0.23251785623912483,0.21968628413402042,0.6464634303021827,-3.499557956186297,-1.388128376814257
5,0.21906224079282835,0.2157851549525466,-6.727807723148238,-1.9505645907369056,-2.859403737940084
5,0.21244881302492383,0.21015895512839874,-3.3067138839522614,-2.8130999120739295,-2.4366785868775347
5,0.21467604802389192,0.21176368002828627,1.1136174994840486,0.8023624499437637,0.6243528845886483
5,0.20965321123882333,0.21381912085529378,-2.511418392534298,1.0277204135037548,2.7531641138878853
5,0.2147699259140926,0.20131201150292508,2.55835733763464,-6.253554676184353,-1.1824659691298505
5,0.2150887697510443,0.19794674621273128,0.15942191847584386,-1.6826326450968958,-1.4763327827244839
5,0.19651782198133916,0.19094451769600465,-9.285473884852568,-3.5011142583633164,-2.781023452799384
5,0.19156617839262893,0.18137075050362816,-2.4758217943551126,-4.786883596188243,-2.048116578552846
5,0.19403381870300038,0.17991393423268442,1.233820155185722,-0.7284081354718697,-0.5333071620536901
5,0.18852711460922156,0.17055348832828515,-2.7533520468894097,-4.680222952199636,-2.102564795496571
5,0.19169031884937035,0.16790129686422506,1.5816021200743962,-1.326095732030047,-0.6977508921764957
5,0.18696818759591802,0.1573017790045162,-2.3610656267261665,-5.299758929854431,-1.9899053790957362
5,0.17727967736553502,0.1515386703378759,-4.844255115191501,-2.881554333320144,-2.6049762723465326
5,0.17312036967642,0.13036477585503442,-2.079653844557508,-10.586947241420743,-1.7647622879760911
5,0.1668224333232858,0.11751787091481743,-3.148968176567096,-6.423452470108497,-2.026597315604273
5,0.16266906016785782,0.12236667990278696,-2.076686577713996,2.4244044939847678,2.279095700903107
5,0.16292552721667947,0.12132609330392834,0.1282335244108257,-0.5202932994293127,-1.3291485010809834
5,0.15951974289978663,0.13294461471980915,-1.70289215844642,5.809260707940404,1.8559422487436796
5,0.16607161346402372,0.12453586864549776,3.2759352821185446,-4.204373037155692,-0.9088842180084508
5,0.16127908484048661,0.11083281494075148,-2.3962643117685505,-6.851526852373141,-1.907240972444363
5,0.1585248779107334,0.10449921646840843,-1.3771034648766,-3.1667992361715247,-1.9809858713671877
5,0.16308808441565806,0.10159027376271608,2.2816032524623218,-1.4544713528461748,-0.5675218182077525
5,0.15188841929006752,0.09906854534815239,-5.599832562795267,-1.2608642072818448,-2.9201249221274286
5,0.14117155890954958,0.09409937664463419,-5.358430190258972,-2.484584351759099,-2.707422782835907
5,0.14143115732373937,0.09513752732691719,0.12979920709489667,0.5190753411414978,1.3257625949012106
5,0.1533025183526972,0.09413578467520618,5.935680514478916,-0.5008713258555022,-0.08418370187418854
5,0.15614380769212674,0.09056434427737343,1.4206446697147683,-1.785720198916374,-0.8987695630699719
5,0.15922340182567177,0.08571913043548099,1.5397970667725136,-2.422606920946223,-1.0046143230532856
5,0.14992325003142398,0.08359582970829749,-4.650075897123893,-1.0616503635917511,-2.91713167779621
5,0.16609446009345,0.0744072020491413,8.085605031013007,-4.5943138295780965,-0.5167157129711987
5,0.17683285114907182,0.06954827847282359,5.369195527810913,-2.4294617881588514,-0.42491564806422094
5,0.17644326974413202,0.07135356825642523,-0.19479070246990193,0.9026448918008217,1.7833369458540953
5,0.18634568522530534,0.077606343339641,4.951207740586661,3.1263875416078846,0.5632164846350664
5,0.19379579172118888,0.08385873719537026,3.72505324794177,3.12619692786463,0.6982114270031052
5,0.19636975680886926,0.07944587596050601,1.2869825438401872,-2.2064306174321286,-1.0427563650501246
5,0.19910670448790463,0.08917311244172896,1.3684738395176865,4.863618240611475,1.296518137525987
5,0.20501197373834573,0.08546095227796668,2.9526346252205515,-1.8560800818811367,-0.5611969900812543
5,0.21397218964643958,0.08486929031482082,4.480107954046922,-0.295830981572931,-0.06593638843327734
5,0.21974271013242813,0.0786307114805476,2.885260242994278,-3.1192894171366143,-0.8243537541874161
5,0.2196124782137126,0.08462395684440677,-0.06511595935776437,2.9966226819295865,1.5925226901973368
5,0.23199290724746327,0.10008992937993255,6.190214516875334,7.732986267762892,0.8957538114585095
5,0.246318381207198,0.10241823823843221,7.16273697986737,1.1641544292498307,0.16112042365195484
5,0.24725550552056155,0.10172937575465495,0.4685621566817705,-0.34443124188863333,-0.6338845195409134
5,0.2529000928684161,0.10163881845723995,2.822293673927265,-0.0452786487075002,-0.016041833296924858
5,0.2523032765337241,0.10854653555426383,-0.2984081673459982,3.453858548511941,1.6569807961420637
5,0.2523728366259668,0.11571297756209864,0.03478004612136876,3.5832210039174055,1.561090267945839
5,0.2519600848725901,0.11758168940318557,-0.20637587668836943,0.9343559205434656,1.7881810964726432
5,0.2531695498687637,0.12598686130062695,0.6047324980868185,4.202585948720687,1.4278819955668742
5,0.2565725367319175,0.1281889333981051,1.7014934315768837,1.1010360487390818,0.5743337086850921
5,0.26400594264115734,0.1375991269238325,3.716702954619927,4.705096762863695,0.9022250930741825
5,0.2679497592951796,0.14739439350952782,1.9719083270111348,4.897633292847662,1.188029293449057
5,0.28732791446461636,0.14699946684738976,9.689077584718374,-0.19746333106902825,-0.020377171897264682
5,0.2872163531113774,0.1543998191119273,-0.055780676619487934,3.7001761322687647,1.5858703258781606
5,0.2835860772395027,0.1453800328111988,-1.8151379359373498,-4.50989315036425,-1.953438068525931
5,0.28237618470108544,0.16062220188668574,-0.6049462692086227,7.621084537743474,1.6500082141407177
5,0.28437356033988836,0.16667819224912572,0.9986878194014615,3.027995181219989,1.2522127515425665
5,0.2733691491193609,0.17598001423450807,-5.502205610263738,4.650910992691173,2.4398444796571384
5,0.26673973534756706,0.18902102694397574,-3.314706885896912,6.520506354733834,2.041102512135963
5,0.2656037741403304,0.19797763280926067,-0.5679806036183455,4.478302932642467,1.6969521977987492
5,0.2686812535698705,0.2027455459554683,1.5387397147700599,2.383956573103807,0.9976219280126409
5,0.2661991770340807,0.20227750369826802,-1.2410382678949006,-0.23402112860013147,-2.9552123780339943
5,0.2591842068069335,0.20191304461191584,-3.5074851135735994,-0.1822295431760934,-3.089684850639372
5,0.24356560840470579,0.2067220566258671,-7.809299201113853,2.404506006975629,2.842901338568656
5,0.2371960336166479,0.20955849726917686,-3.184787394028943,1.418220321654881,2.7226450790864933
5,0.23330695847312438,0.21264641074556764,-1.944537571761759,1.5439567381953927,2.470522892891569
5,0.226408706492934,0.22381477447068243,-3.4491259900951974,5.584181862557394,2.124100048257158
5,0.21857313524888186,0.2313655725424047,-3.9177856220260625,3.775399035861132,2.3747005234661858
5,0.2178511836723759,0.2492456703860455,-0.36097578825297627,8.940048921820404,1.6111517893673344
5,0.20807087819047493,0.25843941389829317,-4.89015274095049,4.596871756123832,2.3870985541460525
5,0.20234966021684114,0.264572352310637,-2.8606089868168927,3.066469206171929,2.321476287638535
5,0.2016321820815024,0.269741564450285,-0.3587390676693669,2.5846060698239968,1.708713527633124
5,0.18675078378394955,0.27156233755785136,-7.440699148776431,0.9103865537831712,3.0198454824273404
5,0.18241144027329192,0.26350729911761683,-2.169671755328811,-4.027519220117265,-2.0649316137041103
5,0.1734935558986659,0.2690458728838114,-4.4589421873130055,2.7692868830972714,2.585828985386104
5,0.17540896077728965,0.2791811172920683,0.9577024393118694,5.067622204128458,1.3840146057981864
5,0.17287856868917365,0.2857213602883459,-1.2651960440580035,3.2701214981387947,1.9399551278257339
5,0.165076834727031,0.29627955276151363,-3.9008669810713243,5.279096236583874,2.2071729976126164
5,0.17921061234017321,0.30945925421496306,7.066888806571109,6.589850726724716,0.7504817617344635
5,0.18201397986212273,0.3165004533679974,1.401683760974756,3.5205995765171805,1.1918963268748808
5,0.17872280536351265,0.3301862907796879,-1.6455872493050387,6.842918705845246,1.8067954140938307
5,0.176285549204653,0.3341342662316206,-1.2186280794298232,1.973987725966353,2.123870737823619
5,0.18111796059124793,0.3303530668377195,2.416205693297466,-1.8905996969505734,-0.663957891194209
5,0.18951106856128042,0.3295990722104181,4.196553985016241,-0.3769973136506788,-0.08959447069015519
5,0.17841595057687898,0.33241869559816883,-5.5475589922007185,1.4098116938753569,2.8927289422922136
5,0.17793109973287485,0.3366157188442474,-0.24242542200206274,2.098511623039284,1.6858090562196513
5,0.17804000928337557,0.34078231109548546,0.054454775250359355,2.0832961256190274,1.5446635183742943
5,0.17988993166609246,0.3577979223994234,0.9249611913584449,8.507805651968958,1.4625025366492372
5,0.17246044000488564,0.3714933659729134,-3.7147458306034107,6.847721786745003,2.067846989159745
5,0.16164097238359268,0.378397131650548,-5.40973381064648,3.4518828388173106,2.573637498545067
5,0.15826808831261877,0.38958751013273,-1.686442035486957,5.595189241091009,1.8635455489542359
5,0.157383206064163,0.39387324837470183,-0.44244112422787973,2.142869120985907,1.774406544072319
5,0.15212390028609798,0.4084225367843717,-2.6296528890325104,7.274644204834924,1.9176632503364281
5,0.15277425201588632,0.4206358140488059,0.32517586489416717,6.106638632217109,1.5175970040368238
5,0.15995516938053475,0.42969196992446945,3.5904586823242157,4.5280779378317755,0.9003799176146254
5,0.16289256807915617,0.4311635721200239,1.4686993493107092,0.7358010977772111,0.4644378860889859
5,0.1566412766230905,0.43643698134127246,-3.1256457280328385,2.6367046106242906,2.4408427193956372
5,0.15023024950338404,0.4493703017733949,-3.2055135598532263,6.46666021606121,2.0309967923389145
5,0.15570236824632333,0.4500432677425128,2.7360593714696457,0.3364829845589612,0.12236644469977062
5,0.16645698203019454,0.4570455131454959,5.377306891935607,3.5011227014915547,0.5771426572115204
5,0.1737580576681259,0.4619860498688675,3.6505378189656823,2.47026836168579,0.5949071257290298
5,0.17414179962476178,0.4796019782254708,0.1918709783179373,8.807964178301653,1.5490159660561893
5,0.17461382387335017,0.48682974726736583,0.23601212429419371,3.613884520947519,1.5055818885453545
5,0.18303106667672253,0.5051557676580619,4.20862140168618,9.163010195348042,1.1402309081063373
5,0.17876062316543273,0.5168068473255334,-2.1352217556449005,5.825539833735737,1.9221186236663912
5,0.18177904612977075,0.5146365671492696,1.5092114821690095,-1.0851400881318751,-0.623371592258124
5,0.18723489698358572,0.5251416047334024,2.7279254269074875,5.252518792066396,1.0917843537015366
5,0.1876307277638873,0.5304852951399569,0.1979153901507935,2.6718452032772344,1.4968569427208627
5,0.1849638108036224,0.5298175543306586,-1.3334584801324572,-0.3338704046491614,-2.8962570314082248
5,0.17572261071343276,0.5283434641965645,-4.620600045094819,-0.7370450670470263,-2.9834124208539596
5,0.1777377091552273,0.5305239500301382,1.0075492208972692,1.0902429167868322,0.8247971591458717
5,0.168964542281647,0.5284661446146738,-4.386583436790145,-1.0289027077322044,-2.91120079733995
5,0.1648680340802704,0.5357780316579538,-2.0482541006883044,3.655943521640004,2.0814773897374286
5,0.1665176435941073,0.5346280056372519,0.8248047569184569,-0.5750130103509554,-0.6088109557777085
5,0.1715539387158146,0.5444196894975533,2.5181475608536394,4.895841930150691,1.0957393741330432
5,0.16657421127771432,0.5502971682931858,-2.489863719050134,2.938739397816248,2.2736950270153606
5,0.1599821675226448,0.5512408100261778,-3.296021877534763,0.47182086649599775,2.999409997763348
5,0.16155728435255046,0.5484650130066249,0.7875584149528297,-1.3878985097764418,-1.0546570873689045
5,0.15926483262042643,0.5495711383773358,-1.1462258660620144,0.5530626853554876,2.692036641094866
5,0.14732380061233732,0.5570340825085887,-5.970516004044551,3.7314720656264067,2.583005435162926
5,0.14515619082737927,0.5589827214264947,-1.083804892479029,0.9743194589530435,2.4093410997407347
5,0.14156144258431966,0.5623796370278107,-1.7973741215298045,1.698457800657971,2.384482444850658
5,0.14133229506220232,0.5657935781229646,-0.11457376105866723,1.706970547576958,1.6378169112636347
5,0.13810926398530982,0.5652825586877624,-1.6115155384462536,-0.25550971760107677,-2.9843491386220693
5,0.1287812643672311,0.5679144944720499,-4.6639998090393515,1.3159678921437212,2.8665873304286915
5,0.11713481422625834,0.5709254029039544,-5.823225070486389,1.5054542159522732,2.8886058966952737
5,0.11695674405892839,0.5751626644216284,-0.08903508366497198,2.1186307588370035,1.612796436645562
5,0.1261104382973136,0.5858276585749141,4.5768471191926094,5.33249707664285,0.8615071696346221
5,0.12830447616328716,0.5804582628300738,1.0970189329867763,-2.68469787242015,-1.1828818112584738
5,0.1233831853435757,0.5886237484215083,-2.46064540985573,4.082742795717242,2.11319450322304
5,0.12057198132699129,0.5885903878114114,-1.405602008292206,-0.016680305048477617,-3.129726192095971
5,0.11575177798246972,0.5909568236109736,-2.4101016722607866,1.1832178997810971,2.685218414375366
5,0.10871807492977123,0.5982585983388938,-3.5168515263492433,3.6508873639601314,2.3374967921483654
5,0.10116661393060208,0.6125712034241366,-3.775730499584573,7.156302542621395,2.056286498902211
5,0.09467283503097346,0.6213355019706944,-3.2468894498143137,4.382149273278901,2.2084707944995863
5,0.08910972521688028,0.6218513956307348,-2.7815549070465893,0.2579468300201726,3.0491223606147986
5,0.08841997610753514,0.6453930430518822,-0.3448745546725668,11.770823710573696,1.6000870484597831
5,0.0831086211192637,0.648662854928076,-2.6556774941357206,1.6349059380968978,2.5897621100158346
5,0.08626598792441438,0.6625189188372551,1.5786834025753385,6.928031954589575,1.3467528551786647
5,0.07831079781615924,0.6618882754994748,-3.977595054127571,-0.315321668890145,-3.062483643183003
5,0.07570010389824024,0.6754612179010795,-1.305346958959501,6.786471200802335,1.7608210400692172
5,0.0679736110765188,0.6860363441004319,-3.863246410860721,5.287563099676206,2.201784229227859
5,0.06644835553363221,0.6927476315952307,-0.762627771443293,3.355643747399384,1.794267675753426
5,0.04685412014584725,0.6967178241687483,-9.79711769389248,1.985096286758803,2.9416787153986252
5,0.0354670161378934,0.6930174091186628,-5.693552003976924,-1.8502075250427241,-2.8273920301738844
5,0.024941628523051103,0.6999730782721848,-5.262693807421149,3.4778345767609853,2.557629989909231
5,0.010413204053363205,0.7093926706951328,-7.264212234843948,4.709796211473993,2.566373952643388
5,0.01377191895465813,0.7184538474011751,1.6793574506474622,4.5305883530211695,1.2158263865499186
5,0.00813547778905555,0.717062929761722,-2.8182205828012896,-0.6954588197265466,-2.899654110337622
5,0.0005702660722243964,0.7232133116940687,-3.782605858415577,3.0751909661733134,2.4589857550562577
5,0.009846973719413012,0.7223764447675072,4.638353823594308,-0.41843346328074293,-0.08996810071868613
5,0.001542463206927822,0.7280473578140979,-4.152255256242595,2.8354565232953655,2.5424551045947306
5,0.0014465201645292207,0.7289920164090102,-0.04797152119930068,0.47232929745616437,1.6720129774412198
5,0.001199459195614554,0.7480182991842588,-0.12353048445733336,9.513141387624268,1.5837808433734768
5,0.0054351746296315475,0.7618818214858659,2.117857717008497,6.931761150803572,1.274274322337528
5,0.004176840100227598,0.7579171356780972,-0.6291672647019747,-1.982342903884382,-1.8781260008549463
5,0.001521122989699503,0.7673621308228532,-1.3278585552640476,4.722497572378026,1.8448962956117478
5,0.0031920605658704738,0.7730429927456263,0.8354687880854853,2.840430961386531,1.2847293586191804
5,0.009507785599420686,0.7760961710215498,3.157862516775106,1.5265891379617758,0.4502997602072676
5,0.010975555718730339,0.771228113751923,0.7338850596548263,-2.434028634813401,-1.2779543786138743
5,0.01661220653081376,0.7794052202497354,2.81832540604171,4.088553248906168,0.9672735249871663
5,0.01756542575318146,0.7864067886326198,0.47660961118385115,3.50078419144223,1.4354845689392208
5,0.008757229234957597,0.7910577071255812,-4.404098259111932,2.325459246480699,2.6557798351464577
5,0.010037837474854362,0.79697836874574,0.6403041199483823,2.9603308100794035,1.3577829174100975
5,0.016371939259958977,0.801189918464777,3.1670508925523073,2.1057748595185166,0.5867791249295351
5,0.02375102429007491,0.8158787556327277,3.6895425150579673,7.344418583975331,1.105262457654493
5,0.01978054440416073,0.8237596899343269,-1.9852399429570906,3.940467150799598,2.0374859094924234
5,0.02173447288455485,0.8279152485164288,0.9769642401970604,2.077779291050963,1.1312746271174152
5,0.018937555198826388,0.8275369961629048,-1.3984588428642315,-0.18912617676203336,-3.007169209969817
5,0.02657312167315829,0.8350092143662414,3.8177832371659517,3.736109101668328,0.7745863925390132
5,0.03945970217153385,0.8462416342291817,6.443290249187779,5.616209931470162,0.7169220920717129
5,0.03927952329252788,0.8601621781262629,-0.09008943950298415,6.960271948540597,1.5837389833100477
5,0.04592328948998577,0.8629604481041936,3.321883098728946,1.3991349889653226,0.3986368331110826
5,0.04855437387498215,0.8638005157778142,1.315542192498187,0.4200338368103296,0.3090548789538478
5,0.0489291811921979,0.8617490803189967,0.18740365860787575,-1.0257177294087927,-1.390084614713206
5,0.039111755972074135,0.8654842716053643,-4.908712610061882,1.8675956431838392,2.778038970630027
5,0.051815542360065615,0.8771689053748772,6.35189319399574,5.842316884756449,0.7436340805034445
5,0.04833653835704474,0.8754841545232774,-1.7395020015104379,-0.8423754257999017,-2.690614198376208
5,0.04972125233370171,0.8716154288521503,0.6923569883284866,-1.9343628355635856,-1.2270788150398029
5,0.051608746280186975,0.8809699160413689,0.9437469732426311,4.677243594609304,1.3716954117801687
5,0.04502606804645784,0.8776112312822157,-3.291339116864567,-1.679342379576565,-2.6697939936583848
5,0.0524420380248002,0.8852180967846757,3.70798498917118,3.8034327512299626,0.7981045030776084
5,0.056393220668053606,0.8860482605426054,1.9755913216267031,0.4150818789648847,0.207092885319115
5,0.07194521779682239,0.9006016720792409,7.775998564384392,7.276705768317737,0.7522406792448131
5,0.06577003529742799,0.9094779165832887,-3.087591249697201,4.4381222520238905,2.1786289722594008
5,0.05944756128350382,0.9093751847134894,-3.1612370069620845,-0.0513659348996276,-3.125345401339022
5,0.052381953636841616,0.9214724026915474,-3.5328038233311023,6.04860898902898,2.0994193451684846
5,0.053598075585506076,0.9291708697683535,0.60806097433223,3.849233538403052,1.414121638650252
5,0.05581765563273883,0.9300566421694659,1.1097900236163756,0.44288620055621397,0.37970618047026894
5,0.05002822737588967,0.9264019641678196,-2.8947141284245794,-1.8273390008231583,-2.578499049727285
5,0.06181500526622225,0.9362341846644918,5.893388945166292,4.9161102483361026,0.6952340440151763
5,0.059176741170841984,0.9336933330472896,-1.3191320476901338,-1.2704258086010944,-2.375000981280298
5,0.05187080222766456,0.935582185593708,-3.6529694715887113,0.9444262732091757,2.8885958296687435
5,0.05643853397701594,0.9363561839904514,2.283865874675689,0.38699919837170693,0.16785475947952294
5,0.0598542748117982,0.9386724016916479,1.7078704173911288,1.1581088505982495,0.5958770461549832
5,0.06203545007182265,0.9416464396611991,1.0905876300122268,1.487018984775601,0.9380006831689148
5,0.0541234894699352,0.9527045757997442,-3.955980300943726,5.529068069272558,2.19184128239712
5,0.03608547628719763,0.9528117631145746,-9.019006591368782,0.05359365741519628,3.135650421918119
5,0.02682906344659113,0.9516760579004164,-4.628206420303251,-0.567852607079089,-3.0195089401907818
5,0.03890353911634878,0.9674614093866282,6.037237834878825,7.89267574310587,0.9178168141542187
5,0.042767715347595325,0.9707012461093948,1.9320881156232732,1.6199183613833101,0.6977379233405613
5,0.03584925673111679,0.9879568355173131,-3.4592293082392684,8.627794703959134,1.9521129157513923
5,0.03251259348801794,0.9959612282469544,-1.668331621549425,4.002196364820687,1.9657470695449883
5,0.027864233690184932,0.9916548634581348,-2.324179898916503,-2.153182394409814,-2.394367509757159
5,0.026492713943307326,0.9967694485661682,-0.6857598734388032,2.55729255401671,1.8327910413706636
5,0.03000538203335297,0.9937982843511142,1.7563340450228222,-1.4855821075270281,-0.7020755064963525
5,0.032765743128415466,0.9956508435595269,1.3801805475312476,0.9262796042063814,0.5910857585731895
5,0.0257133832763872,0.998849283188417,-3.5261799260141324,1.599219814445052,2.7158090728209685
5,0.021592867649973285,0.9916499533682093,-2.0602578132069578,-3.5996649101038836,-2.0906346048602233
5,0.009934956957530964,0.9936256203950666,-5.828955346221161,0.987833513428682,2.9737175795400996
5,0.00447620474823886,0.9853267833926433,-2.729376104646052,-4.149418501211644,-2.1526165865485205
5,0.006579197389338145,0.9750418665386018,1.0514963205496426,-5.1424584270207685,-1.3691030768869568
5,0.0095230677529674,0.9698541623957401,1.4719351818146273,-2.593852071430869,-1.0546388871185266
5,0.01501893311022335,0.9668417740709367,2.7479326786279747,-1.506194162401664,-0.5013979322312714
5,0.021362223340908072,0.961882339371741,3.1716451153423613,-2.4797173495978986,-0.6635689412004083
5,0.024025728098493685,0.9547421793842608,1.3317523787928065,-3.570079993740094,-1.2137525600970163
5,0.0280137130200151,0.9587606798945367,1.9939924607607074,2.0092502551379843,0.7892095037483009
5,0.02916031565995623,0.9742355564859081,0.5733013199705657,7.737438295685683,1.4968370135023403
5,0.029103649925223175,0.9684240219567873,-0.028332867366528264,-2.905767264560377,-1.5805465810089319
5,0.027506727396637298,0.9701918381726438,-0.7984612642929385,0.8839081079282107,2.3054485088568057
5,0.030652199404504886,0.9741426061296,1.572736003933794,1.975383978478129,0.8983968086011315
5,0.024417978017859155,0.9780957019649019,-3.1171106933228656,1.9765479176509504,2.5764790043015
5,0.02249113020614072,0.9754331768054518,-0.9634239058592172,-1.3312625797250455,-2.1972465472120817
5,0.018222549962294138,0.9804904957079226,-2.1342901219232915,2.528659451235371,2.271820203572449
5,0.021322101176220673,0.9738675889340738,1.5497756069632675,-3.311453386924401,-1.133071015682116
5,0.029403781372842372,0.9618771811555975,4.0408400983108494,-5.995203889238132,-0.9777256330899436
5,0.03270521899316717,0.9707417720019168,1.650718810162398,4.4322954231596485,1.214280901794261
5,0.027091848068493553,0.9665643861016857,-2.8066854623368074,-2.088692950115545,-2.5018236063415267
5,0.030401118050452147,0.964363039240799,1.6546349909792972,-1.100673430443344,-0.5869908194089438
5,0.03135248065818948,0.9680401783009623,0.475681303868665,1.8385695300816574,1.317624230436727
5,0.03559556047514168,0.9632125807624365,2.121539908476102,-2.413798769262898,-0.8497495482982488
5,0.04434017749602477,0.9623461190552396,4.372308510441545,-0.43323085359847635,-0.09876278064366827
5,0.051225942991010694,0.9659135859267504,3.4428827474929613,1.7837334357553858,0.47801701491367593
5,0.06183437209391501,0.9699649477076242,5.3042145514521595,2.0256808904369206,0.36480644293217396
5,0.06733861671862908,0.976362140683913,2.7521223123570318,3.1985964881444118,0.8602864636374702
5,0.08049761372773848,0.9688359834648439,6.579498504554699,-3.7630786095345647,-0.5195315946654807
5,0.10100350519211902,0.9605407660993638,10.252945732190273,-4.147608682740056,-0.384404143801958
5,0.1269774910176972,0.9614633607176586,12.98699291278909,0.4612973091474015,0.035505020894483305
5,0.14001226870415842,0.9587839812849286,6.517388843230609,-1.3396897163650001,-0.20273231150155932
5,0.14758888052120517,0.9755246716029532,3.7883059085233732,8.370345159012304,1.1457934799996847
5,0.14837104983841443,0.9730739256380161,0.39108465860462904,-1.2253729824685533,-1.2618595282752767
5,0.14482400334386344,0.9710480350134809,-1.7735232472754907,-1.012945312267588,-2.62265762336247
5,0.1358438304607219,0.9767350153594058,-4.49008644157077,2.8434901729624262,2.577060017412086
5,0.1461371713265401,0.9733037346343189,5.1466704329091035,-1.715640362543458,-0.32176516501745694
5,0.15292630807921245,0.9729392258714827,3.394568376336171,-0.1822543814180566,-0.05363850137901716
5,0.1531065058311842,0.9663604160014709,0.09009887598587785,-3.289404935005902,-1.543412542865494
5,0.16261593577850275,0.9653443547056486,4.754714973659271,-0.5080306479111618,-0.106443916278046
5,0.16703324230202576,0.9632405241691815,2.2086532617615062,-1.0519152682335609,-0.4444840246430899
5,0.16889398003293898,0.9585892483580227,0.93036886545661,-2.3256379055793808,-1.1902478028080588
5,0.17044388719391904,0.9560270939088946,0.7749535804900259,-1.2810772245640534,-1.0267645470457842
5,0.17318751030364593,0.9567523788278881,1.3718115548634473,0.36264245949674256,0.25844106035167985
5,0.1678441809217987,0.9551430634439132,-2.671664690923614,-0.8046576919874537,-2.849051679140985
5,0.16715098225286087,0.9630133089581862,-0.3465993344689139,3.9351227571364777,1.6586480207188627
5,0.16980030463162635,0.9612230986739367,1.3246611893827365,-0.895105142124708,-0.594246768949396
5,0.15732610502697444,0.9706029103835172,-6.237099802325951,4.689905854790233,2.4968530435188705
5,0.1553648115848182,0.973362509226732,-0.9806467210781156,1.379799421607375,2.188678665437273
5,0.15024881833503617,0.9678375392827866,-2.557996624891021,-2.7624849719726785,-2.317779218306169
5,0.15164503670075224,0.9758133930389675,0.6981091828580366,3.987926878090464,1.397496652068079
5,0.15798173526040715,0.9790460637743197,3.1683492798274537,1.6163353676760805,0.4717350953285597
5,0.15659170847186724,0.9860674522134573,-0.6950133942699582,3.5106942195687885,1.7662395490153973
5,0.14551342797536948,0.9857144330024756,-5.539140248248877,-0.1765096054908155,-3.109737548049613
5,0.15726158386165848,0.9798536658001278,5.874077943144498,-2.930383601173925,-0.4627407928179377
5,0.1689235820571325,0.9744532536940881,5.830999097737016,-2.700206053019849,-0.43367602211896983
5,0.1843536305652091,0.9845703684537759,7.715024254038291,5.058557379843897,0.5803551387077948
5,0.18845587078181872,0.9887327838111486,2.051120108304813,2.0812076786863587,0.7926790569443891
5,0.197281361090516,0.9927336736162878,4.412745154348641,2.0004449025696203,0.42562254966099733
5,0.19136205197390985,0.9963416406218868,-2.959654558303076,1.8039835027994777,2.594198883335314
5,0.19017568883434557,0.9951583470366334,-0.5931815697821363,-0.5916467926266877,-2.3574898476852235
5,0.1863830384583807,0.9979050296570812,-1.8963251879824394,1.3733413102238745,2.514801215169839
5,0.18035603598128563,0.9981307225886212,-3.013501238547531,0.11284646577003343,3.1041631807210925
5,0.18170001614934517,0.9992445990303529,0.6719900840297666,0.5569382208658324,0.6920505776542966
5,0.18663666701391315,0.993620612605554,2.4683254322839936,-2.811993212399444,-0.8503911633160612
5,0.1960517586087241,0.993161855888771,4.707545797405468,-0.22937835839148546,-0.04868717098346993
5,0.19328882869500955,0.9998595702064742,-1.3814649568572728,3.3488571588515814,1.9620475689357215
5,0.20129619246872735,0.9927340209157047,4.0036818868589,-3.5627746453847364,-0.7271926858604763
5,0.19579477824416905,0.9921686207783852,-2.7507071122791493,-0.28270006865976915,-3.039178624675212
5,0.19570924411562945,0.9847688945620062,-0.04276706426979693,-3.699863108189483,-1.5823549057022097
5,0.19907357271727066,0.9782479204056406,1.6821643008206044,-3.2604870781828277,-1.0944906384662685
5,0.1937041045638565,0.9821598750727111,-2.684734076707079,1.9559773335352526,2.511957984358199
5,0.19671513842198424,0.9823648305037522,1.505516929063866,0.10247771552057694,0.06796329095360563
5,0.1929782824537436,0.983717451984408,-1.8684279841203189,0.6763107403278679,2.7942961465484304
5,0.19736441515383005,0.9777722573149356,2.193066350043224,-2.9725973347362045,-0.9351743103518316
5,0.20247842989736278,0.9726630348772158,2.5570073717663675,-2.554611218859859,-0.7849293974501237
5,0.2161481495551282,0.9778086540601719,6.834859828882711,2.5728095914780424,0.3600190767795562
5,0.2151455697938953,0.9749303714827569,-0.5012898806164567,-1.439141288707535,-1.905978776884825
5,0.20981205082473997,0.9655571013740732,-2.6667594845776605,-4.686635054341803,-2.0881200948299727
5,0.2105239605966716,0.9536042875445799,0.35595488596582014,-5.976406914746657,-1.5113065898340825
5,0.21014486088321552,0.9503102675403757,-0.1895498567280468,-1.6470100021021006,-1.6853794668034503
5,0.21871490477432984,0.9456203088854774,4.28502194555716,-2.344979327449148,-0.5007296268730935
5,0.22624082822567482,0.9407024097053017,3.7629617256724894,-2.4589495900878555,-0.5788045742728979
5,0.22373348166113768,0.9405957945601711,-1.2536732822685663,-0.05330757256533092,-3.0990971480685405
5,0.23404190339669836,0.9373614938962991,5.15421086778034,-1.6171503319359903,-0.30402619758450405
5,0.23317830871222336,0.9191701477996636,-0.4317973422374999,-9.095673048317765,-1.6182335424556102
5,0.22455351476804122,0.9049071559506049,-4.31239697209107,-7.13149592452933,-2.114662633509363
5,0.228222885574381,0.8933405650268119,1.834685403169889,-5.783295461896487,-1.2636001517246074
5,0.21042424471803592,0.8862695734830318,-8.89932042817254,-3.5354957718900515,-2.7634358484717683
5,0.198114187146702,0.8872499669619399,-6.155028785666955,0.49019673945405184,3.062118734432122
5,0.1886406299734432,0.8805785435648509,-4.736778586629408,-3.335711698544519,-2.528043263704971
5,0.18486607459204896,0.8754709097507772,-1.8872776906971171,-2.553816907036821,-2.2072219571511815
5,0.16916683757120132,0.8707473439557433,-7.8496185104238165,-2.361782897516984,-2.84932992089249
5,0.15498953737242174,0.8758652709420146,-7.08865009938979,2.5589634931356686,2.795156977649168
5,0.14808779147631898,0.8768585534360248,-3.450872948051381,0.4966412470051029,2.998656535602896
5,0.13481843535518206,0.8682158382422904,-6.634678060568458,-4.321357596867192,-2.564283796269407
5,0.12350636820984777,0.8641212797582327,-5.656033572667147,-2.0472792420288544,-2.7942996960799773
5,0.12493752007521586,0.8719114610868095,0.7155759326840441,3.895090664288392,1.3891099664504467
5,0.11473392785671277,0.8571685785092933,-5.101796109251544,-7.371441288758107,-2.176202557354395
5,0.11278477588164464,0.8590469524210372,-0.9745759875340667,0.9391869558719734,2.374684240381021
5,0.11516062635938416,0.8479926114642544,1.1879252388697636,-5.527170478391407,-1.359092178642709
5,0.11462789631407086,0.8407579558164362,-0.2663650226566519,-3.617327823909111,-1.6442995214790386
5,0.10716335062848947,0.8445445382301184,-3.7322728427906933,1.893291206841119,2.6721414639355703
5,0.10826413257999591,0.828517939578318,0.550390975753219,-8.013299325900224,-1.5022193412928566
5,0.10118743069465391,0.8137468892372369,-3.5383509426709994,-7.38552517054053,-2.0175786107435014
5,0.10098952279395983,0.8162022040337594,-0.09895395034704296,1.2276573982612504,1.65122632397436
5,0.08837210802032198,0.812368429125325,-6.308707386818921,-1.9168874542171976,-2.8466094303137
5,0.0858470573272258,0.8140890218187063,-1.2625253465480892,0.8602963466906588,2.5434530268256794
5,0.076002259395497,0.8128363288505117,-4.922398965864404,-0.6263464840973176,-3.015028645813354
5,0.06851938575880387,0.801440748839777,-3.741436818346565,-5.697790005367353,-2.1518301361854393
5,0.06698517928641338,0.7984992320594884,-0.767103236195242,-1.4707583901443222,-2.051550539540867
5,0.05821578399809966,0.8077514733796434,-4.384697644156863,4.626120660077504,2.3294083244105317
5,0.05369113365888834,0.8037870605246117,-2.2623251696056585,-1.9822064275158424,-2.42209413583727
5,0.04839694750748628,0.7998226918527662,-2.647093075701032,-1.982184335922732,-2.4988500532730415
5,0.042162516146004594,0.7996524920170441,-3.1172156807408418,-0.08509991786104232,-3.114299455208368
5,0.02920405021111582,0.7897645605006338,-6.4792329674443865,-4.9439657582051595,-2.489792990583257
5,0.020542237715667183,0.7805157422680667,-4.330906247724319,-4.624409116283534,-2.3234320651864584
5,0.021603990767104654,0.7819870562621379,0.5308765257187354,0.7356569970355942,0.9456967014913171
5,0.03021261039861538,0.7779024080671602,4.304309815755364,-2.04232409748889,-0.44302685548108717
5,0.02200734648546635,0.7733948268121444,-4.102631956574514,-2.2537906275078567,-2.639246792074672
5,0.02925118523032639,0.7663065628434801,3.6219193724300185,-3.5441319843321772,-0.7745436035857411
5,0.027087051370228724,0.7674628427834923,-1.0820669300488326,0.5781399700061085,2.6508890665721974
5,0.020298699261548023,0.7558355802393396,-3.3941760543403503,-5.813631272076347,-2.0992417408373645
5,0.011020068731645091,0.7550522612021074,-4.639315264951466,-0.39165951861608317,-3.0573705224214454
5,0.01668318530110055,0.755924945110469,2.8315582847277296,0.4363419541807967,0.15289688960746864
5,0.018444563452985514,0.7437861524609949,0.8806890759424819,-6.069396324737075,-1.4266987917856575
5,0.014656614991902099,0.7434647540110911,-1.8939742305417078,-0.16069922495187683,-3.05694775792443
5,0.007369407438258978,0.7366706720300832,-3.64360377682156,-3.3970409905039745,-2.391200100353216
5,0.007015081087201438,0.7271890510052623,-0.17716317552877003,-4.740810512410431,-1.6081487530291534
5,0.01009502720852197,0.7187917820562089,1.539973060660266,-4.19863447452673,-1.2192520735506571
5,0.01043429193339964,0.7055392097240601,0.1696323624388353,-6.626286166074357,-1.5452020019734636
5,0.008711848555696762,0.6914412805131622,-0.8612216888514391,-7.048964605448959,-1.6923708407501206
5,0.0015783270015649348,0.6882058638598793,-3.5667607770659138,-1.6177083266414871,-2.7157895451697396
5,0.000618228166681287,0.6775251727608997,-0.4800494174418239,-5.340345549489755,-1.660446452947714
5,0.0008407568259479038,0.687945050681965,0.11126432963330841,5.2099389605326225,1.5494434050544141
5,0.006885823257435912,0.6767852798250497,3.022533215744004,-5.579885428457665,-1.0743603720419257
5,0.0025228444898838607,0.6730603260337542,-2.1814893837760256,-1.8624768956477245,-2.4349175029428096
5,0.009520913887570523,0.6702715238429265,3.499034698843331,-1.394401095413833,-0.3792214265347512
5,0.0073673349690262,0.6648466519594824,-1.0767894592721614,-2.7124359417220467,-1.9486986619675453
5,0.001505986550265133,0.6684682379399493,-2.9306742093805336,1.8107929902334008,2.5881326905760607
5,0.0017734690177532162,0.6673273940795573,0.13374123374404165,-0.5704219301959634,-1.340495987646799
5,0.009818847311922316,0.6646127074244892,4.0226891470845505,-1.3573433275340663,-0.32542572040987255
5,0.011844915943049643,0.6573104227840022,1.0130343155636632,-3.6511423202434945,-1.300147473234233
5,0.0003577473359701929,0.6521055897298343,-5.743584303539725,-2.6024165270839283,-2.716163977444619
5,0.010097148404669925,0.6395386200168305,4.869700534349866,-6.28348485650193,-0.9114862812747723
5,0.007412320797749184,0.6383597543268512,-1.3424138034603705,-0.5894328449896347,-2.7278532004826577
5,0.003072900734805508,0.6379938590637189,-2.169710031471838,-0.1829476315661771,-3.0574727008852176
5,0.000679773159695248,0.6381244374673779,-1.1965637875551298,0.06528920182952147,3.0870827941457413
5,0.0013890909064555306,0.6312108928493951,0.3546588733801413,-3.456772308991385,-1.468555792841815
5,0.0041957871321727435,0.623536887018512,1.4033481128586065,-3.8370029154415897,-1.2201680105995119
5,0.000746250183923793,0.6169735249583861,-1.724768474124475,-3.281681030062933,-2.0546937344102107
5,0.0006587143787633865,0.6150176225950791,-0.043767902580203286,-0.9779511816535025,-1.61552117232659
5,0.0042375546417350515,0.6123056410045974,1.7894201314858325,-1.3559907952408468,-0.6484631657686735
5,0.0015442314637899202,0.6091831115704709,-1.3466615889725657,-1.5612647170632488,-2.2825286635085393
5,0.0009228660273541006,0.6028759281219771,-0.31068271821790977,-3.153591724246896,-1.6689965491078629
5,0.014575024348525173,0.5980537488225366,6.826079160585536,-2.411089649720255,-0.3395381826837902
5,0.00016056753105875635,0.5860727856915706,-7.207228408733208,-5.990481565482986,-2.448128393497657
5,0.001922094660679939,0.5784679890320688,0.8807635648105913,-3.8023983297509334,-1.343176881524627
5,0.005836775443886254,0.5760309183257306,1.9573403916031575,-1.2185353531690701,-0.5568330339598584
5,0.0018594232876331233,0.5813524721214705,-1.988676078126565,2.660776897869921,2.2126341127087907
5,0.0006789969331363035,0.5769967033810262,-0.5902131772484098,-2.1778843702221495,-1.8354427656839332
5,0.0006095152000205541,0.5744593845283532,-0.03474086655787473,-1.2686594263364714,-1.5981734036733763
5,0.006705628779315008,0.5760506169406665,3.048056789647227,0.7956162061566463,0.2553270507144664
5,0.006233847199175135,0.5714772266596054,-0.23589079006993643,-2.286695140530537,-1.6735906780371161
5,0.00021063210484709898,0.5705039270008657,-3.0116075471640182,-0.48664982936985623,-2.9813861170354636
5,0.007618125966114916,0.579207581866528,3.7037469306339084,4.351827432831135,0.8656764486323784
5,0.007324030485198528,0.5688036341453195,-0.1470477404581943,-5.201973860604225,-1.599056482731817
5,0.015040266427183245,0.569741366790002,3.858117970992359,0.4688663223412215,0.12093418571905952
5,0.013440507600323792,0.5627252971083239,-0.7998794134297269,-3.5080348408390583,-1.7949772342157717
5,0.01592101969941446,0.5594003376061798,1.2402560495453334,-1.6624797510720324,-0.929842300709009
5,0.01767639910880465,0.5530384408407689,0.8776897046950966,-3.1809483827054397,-1.3015742915701878
5,0.02068404122730771,0.5419796110280187,1.5038210592515298,-5.529414906375096,-1.305251602055836
5,0.013690385113599695,0.5326496367009494,-3.496828056854008,-4.664987163534639,-2.2140350290895086
5,0.012382297159237086,0.5353112234606454,-0.6540439771813046,1.3307933798479832,2.02759604700072
5,0.009978315568028709,0.535910658535953,-1.2019907956041884,0.2997175376537875,2.8972249614244614
5,0.007768083241982997,0.5415035335060144,-1.1051161630228559,2.7964374850307228,1.9471468230345754
5,0.009866899923406967,0.5407003672157578,1.049408340711985,-0.4015831451283369,-0.36548307262429847
5,0.006026188589688673,0.5402970343465789,-1.9203556668591473,-0.20166643458940925,-3.036961013155272
5,0.008040257062899228,0.5533579933414903,1.0070342366052774,6.530479497455666,1.4177962220356521
5,0.004939561144239291,0.5395632876616644,-1.5503479593299685,-6.89735283991294,-1.791895976053967
5,0.003940311312329597,0.5336522345961247,-0.49962491595484687,-2.95552653276987,-1.7382607716327003
5,0.005182297202613512,0.5318798598723073,0.6209929451419572,-0.8861873619086524,-0.9595693399537669
5,0.006570656836769981,0.51415513051641,0.6941798170782345,-8.862364677948653,-1.4926269725205432
5,0.0052468190268677595,0.512604963016233,-0.6619189049511106,-0.7750837500885011,-2.2776060653454087
5,0.00047865613524176835,0.5260100992679235,-2.3840814458129955,6.702568125845243,1.9125371263047541
5,0.003113317875678169,0.5151429658683488,1.3173308702182003,-5.43356669978734,-1.3329425685024774
5,0.004721432389467459,0.5062408673682551,0.8040572568946452,-4.451049250046856,-1.392079252553992
5,0.006529715478176256,0.5090619809798215,0.9041415443543982,1.4105568057831697,1.0007867837535904
5,0.012107781527192406,0.5036076456857426,2.789033024508075,-2.7271676470394524,-0.7741834184095249
5,0.008390137449996934,0.5081642487997929,-1.8588220385977356,2.2783015570251863,2.2551458289746953
5,0.002006969461129096,0.504218623628346,-3.1915839944339193,-1.9728125857234602,-2.5879491018464207
5,0.0022248265533938378,0.5023612681427821,0.10892854613237099,-0.9286777427819359,-1.454035602802008
5,0.0013734801018701,0.49994546854888244,-0.42567322576186883,-1.2078997969498517,-1.9096145050240172
5,9.296245057186512e-05,0.5013831703075355,-0.6402588256491175,0.7188508793265491,2.298432685962792
5,0.0057377219156730325,0.4967579281323697,2.822379732550584,-2.3126210875829276,-0.6864509635128226
5,0.015082381480295327,0.493447660888692,4.672329782311148,-1.6551336218388335,-0.34044852716377455
5,0.012498242276686672,0.49683881226579263,-1.2920696018043276,1.6955756885503048,2.221948574283077
5,0.00407064956520734,0.4980306887020842,-4.213796355739666,0.5959382181457973,3.0010988982517524
5,0.00957562536572237,0.49809014035926535,2.7524879002575147,0.029725828590565495,0.010799202063470393
5,0.00883130346869311,0.5110734886872463,-0.37216094851462955,6.49167416399049,1.6280626074609967
5,0.01785211813637956,0.5178908484152152,4.510407333843225,3.4086798639844096,0.6471624291590812
5,0.012592669399093813,0.5165969580699324,-2.629724368642874,-0.6469451726413555,-2.9003704002672572
5,0.001171405276523584,0.5111494232543594,-5.710632061285114,-2.723767407786515,-2.696542876000538
5,3.0157488506186948e-05,0.5143997310578784,-0.5706238940086985,1.6251539017594907,1.908468491488833
5,0.006838860239883826,0.5080347430357858,3.4043513756888193,-3.1824940110463107,-0.7517290073918084
5,0.003014458162751678,0.5013570888302212,-1.912201038566074,-3.3388271027822713,-2.090912727087856
5,0.006862932905731332,0.5049142807061935,1.9242373714898273,1.7785959379861271,0.7460859971194042
5,0.00581424979145709,0.5115694346193603,-0.5243415571371214,3.3275769565834223,1.7270858237655617
5,0.01672801293430671,0.5253874925135544,5.45688157142481,6.909028947097051,0.9022942829879925
5,0.028605576836660054,0.5241173411821022,5.938781951176673,-0.6350756657261258,-0.10653217074966391
5,0.03843793154710432,0.5270536119022796,4.916177355222134,1.4681353600887181,0.2902026742471488
5,0.05280439801216415,0.5349946178966205,7.183233232529912,3.970502997170444,0.5049489725716473
5,0.06201685013697712,0.5398511687468134,4.6062260624064875,2.428275425096438,0.48514851703156453
5,0.08150125613978776,0.5460348576823277,9.742203001405318,3.0918444677571766,0.30731183231559184
5,0.08539409406312207,0.5420039320515917,1.946418961667154,-2.0154628153680187,-0.8028234348427085
5,0.10184432461528713,0.5398950755131972,8.22511527608253,-1.0544282691972717,-0.12750074402327646
5,0.10315789260930924,0.5454903629094184,0.656783997011058,2.797643698110641,1.3402087142038983
5,0.11876183846834588,0.5450261177609688,7.80197292951832,-0.23212257422483562,-0.029743005197188237
5,0.1288534992041555,0.5418013825577963,5.045830367904812,-1.6123676015862287,-0.3092897472015375
5,0.12933466500423627,0.5448905500867628,0.24058290004037863,1.5445837644832427,1.4162788701443896
5,0.13387941298079234,0.543310006876936,2.2723739882780367,-0.7902716049134062,-0.3346899838548499
5,0.14116114362214505,0.5539795627024564,3.6408653206763537,5.334777912760213,0.9719275599836182
5,0.15196959345611688,0.5596670838147098,5.404224916985917,2.8437605561266732,0.4843955710587548
5,0.15460928586560554,0.5570688299226992,1.319846204744332,-1.299126946005258,-0.7774871137957741
5,0.15329027247310542,0.5538737974718945,-0.6595066962500618,-1.5975162254023845,-1.9623160650179883
5,0.15920811763695897,0.5547375847212721,2.9589225819267733,0.4318936246888172,0.14493959727949274
5,0.15738536209142429,0.5717916363047172,-0.9113777727673411,8.527025791722542,1.6772731915642858
5,0.16859560269475507,0.577502604942524,5.605120301665392,2.855484318903423,0.47117273399388965
5,0.17249308802338417,0.5711758610723876,1.9487426643145511,-3.1633719350682155,-1.0186709267551937
5,0.18042170211622427,0.5626473792847329,3.9643070464200485,-4.264240893827376,-0.8218324312078009
5,0.18813373946180753,0.5673134027954665,3.8560186727916306,2.3330117553668206,0.5441107306482835
5,0.19742154703742998,0.5621869836237449,4.643903787811224,-2.563209585860815,-0.5043402362367804
5,0.19935887899854407,0.5702191004242605,0.9686659805570458,4.0160584002578155,1.3341187300610169
5,0.20128027621853134,0.5675150970629538,0.9606986099936349,-1.3520016806533586,-0.953008242637184
5,0.1958454953605218,0.5738083471812684,-2.717390429004776,3.146625059157304,2.2831267298697426
5,0.20757296116348123,0.5655220478757065,5.863732901479721,-4.143149652780953,-0.6151231172306431
5,0.1948819376970511,0.5740177794120619,-6.34551173321507,4.2478657681777054,2.551680516958488
5,0.20168688539083923,0.5749461293731324,3.402473846894072,0.46417498053524797,0.1355857888476827
5,0.19444846338251348,0.5651443013742916,-3.6192110041628753,-4.9009139994203865,-2.206881667971214
5,0.20739676529723006,0.5629209861550998,6.474150957358288,-1.1116576095959174,-0.17004882689383613
5,0.21015858966895604,0.5682969559009571,1.3809121858629896,2.6879848729286504,1.0962211094094434
5,0.20365536649558985,0.5822617958913326,-3.2516115866830924,6.982419995187783,2.0066174623452375
5,0.19955023809610353,0.5848618743530972,-2.052564199743159,1.3000392308822883,2.576994780579255
5,0.20332062732559833,0.592124918548621,1.8851946147473986,3.631522097761908,1.0919702260567283
5,0.1951500757128079,0.5903211425337808,-4.085275806395214,-0.9018880074201374,-2.9243122937766675
5,0.19249184364041438,0.5962385122699954,-1.329116036196759,2.9586848681072975,1.9930058077924333
5,0.1858083397880465,0.5950800821546014,-3.341751926183939,-0.5792150576969801,-2.969970959959186
5,0.17863801564129023,0.6035197380747138,-3.5851620733781395,4.21982796005621,2.2750576068865267
5,0.17120349232980497,0.6199543578247931,-3.717261655742626,8.217309875039657,1.9956191137964694
5,0.17105077823337633,0.6152427061947212,-0.07635704821432054,-2.3558258150359612,-1.6031969932191492
5,0.1600214706920183,0.6209876392729456,-5.514653770679015,2.8724665391122173,2.6613818169381003
5,0.1562142617378113,0.6326056602409473,-1.9036044771034988,5.809010484000843,1.8874670582408732
5,0.14718406039053186,0.6399371781343757,-4.515100673639721,3.6657589467141705,2.459644463232215
5,0.1520991761967153,0.6473861235470418,2.4575579030917254,3.724472706333082,0.9875344368734909
5,0.13604784776819873,0.652558320896651,-8.025664214258294,2.586098674804582,2.8298694146897634
5,0.12152431115903058,0.6626828408535851,-7.261768304584075,5.062259978467043,2.5328081170880283
5,0.11365797860278513,0.6818712491312107,-3.9331662781227212,9.59420413881279,1.9598527416764353
5,0.09631794826428956,0.6756789538784117,-8.670015169247785,-3.0961476263994814,-2.7985980062335494
5,0.09899722776264354,0.6934243899585039,1.3396397491769878,8.87271804004608,1.4209440291940274
5,0.0928942947347782,0.6911106760240111,-3.0514665139326698,-1.156856967246378,-2.7792191331003253
5,0.09282465415282587,0.700458878348495,-0.03482029097616468,4.674101162241928,1.5782458118723075
5,0.08988707593871618,0.7004093444629368,-1.4687891070548422,-0.02476694277908642,-3.124732101101508
5,0.0921584401855263,0.6915626225004775,1.135682123405056,-4.42336098122964,-1.3194782343701308
5,0.09621621285905904,0.699199509670467,2.028886336766372,3.818443584994724,1.082393306652453
5,0.09676920117876847,0.7020723920960297,0.2764941598547149,1.4364412127813586,1.3806365412737882
5,0.10287483079568933,0.7074051141179757,3.052814808460431,2.6663610109730063,0.7179291357900919
5,0.10366381943785126,0.7102806861772145,0.3944943210809626,1.4377860296194145,1.3030101153861156
5,0.1026585995942018,0.7128631665521785,-0.5026099218247287,1.2912401874820012,1.9419976715266758
5,0.09680221240580576,0.7180056580330522,-2.9281935941980195,2.5712457404368227,2.42100980010721
5,0.09834106414969801,0.7222939844759572,0.7694258719461236,2.1441632214524997,1.2262621121929433
5,0.08836479164745162,0.7194720404229481,-4.988136251123196,-1.4109720265045311,-2.8659286859310993
5,0.09313729430300258,0.7208052931276189,2.3862513277754793,0.6666263523353866,0.27241636942000574
5,0.08929571811734618,0.72058709992245,-1.9207880928281962,-0.10909660258445752,-3.0848557784747688
5,0.07822485798600533,0.7119550380544057,-5.535430065670428,-4.316030934022108,-2.4793466034147555
5,0.08317751157682837,0.7187364487104094,2.4763267954115222,3.3907053280018418,0.940004676681453
5,0.07212890127600026,0.7273433063970552,-5.524305150414056,4.3034288433229095,2.4797889457217814
5,0.07512024445372113,0.7433518155545125,1.4956715888604366,8.00425457872861,1.3860671256165669
5,0.07592991259436577,0.751520311023362,0.40483407032231716,4.084247734424784,1.4719982043067772
5,0.078432567057903,0.7574834480665232,1.2513272317686146,2.981568521580602,1.1734339508463856
5,0.08596395196279522,0.7619025457977859,3.7656924524461095,2.20954886563135,0.5306255736146072
5,0.0895557713355132,0.763358832370116,1.7959096863589956,0.7281432861650505,0.38519183833958087
5,0.09163503948521019,0.7634289664481144,1.0396340748484931,0.0350670389991925,0.033717391570248216
5,0.09986947809838827,0.765883634931042,4.117219306589037,1.2273342414637622,0.2897107944846085
5,0.09157892736345957,0.7650635271693033,-4.145275367464348,-0.41005388086934325,-3.0429926475739495
5,0.10015939159604571,0.7688341294451099,4.29023211629307,1.8853011379033058,0.4140379090620995
5,0.09868489190574255,0.7717343938156305,-0.737249845151583,1.4501321852603,2.0411427798699036
5,0.09892647730248506,0.7710258278045993,0.12079269837125817,-0.35428300551559877,-1.2422067405468493
5,0.0992049167898275,0.7855151243985147,0.1392197436712178,7.244648296957701,1.5515817832732606
5,0.11188280090187325,0.7898093005558838,6.338942056022874,2.147088078684578,0.3265852641576133
5,0.10847927621180066,0.7984979863441035,-1.7017623450362938,4.344342894109842,1.94414372766935
5,0.11183607060618496,0.7999835268198245,1.6783971971921496,0.7427702378605128,0.41663904608143093
5,0.11672180282554279,0.8071629740159257,2.4428661096789135,3.589723598050598,0.9732665725436531
5,0.11278546405889968,0.8089273663400238,-1.968169383321554,0.8821961620490426,2.7202101126412845
5,0.11364764396825397,0.8171859652300237,0.43108995467714545,4.1292994449999565,1.4667752970696697
5,0.11129087959532362,0.8281042526910743,-1.1783821864651753,5.459143730525306,1.7833893422569962
5,0.10067954679844544,0.8382655613176184,-5.3056663984390875,5.080654313272037,2.3778553746265096
5,0.09435975490261461,0.84699222020542,-3.1598959479154156,4.363329443900776,2.1975758499543825
5,0.09125444251015666,0.8624029301077573,-1.5526561962289769,7.705354951168641,1.7696371663872192
5,0.08580883209685049,0.8700550921977404,-2.722805206653085,3.826081044991547,2.1892939644131713
5,0.0846118509848341,0.8774499200639648,-0.598490556008191,3.697413933112237,1.7312717854598736
5,0.08197222029845934,0.8860779489526412,-1.3198153431873831,4.31401444433821,1.8676906966768696
5,0.08449125138679707,0.8956635332078927,1.2595155441688655,4.7927921276257335,1.313813255657656
5,0.08506074864843446,0.9018859132264218,0.2847486308186972,3.1111900092645195,1.4795265802721846
5,0.0948552739396694,0.8953601799272893,4.897262645617468,-3.2628666495662095,-0.5877233370716975
5,0.09659707360219581,0.8896422671051868,0.8708998312632055,-2.858956411051272,-1.2751049584607774
5,0.10531412623555057,0.8930666070310148,4.35852631667738,1.712169962914012,0.3743121035082091
5,0.1024816661683697,0.8923192313830499,-1.4162300335904334,-0.37368782398244926,-2.8836115174122594
5,0.11428935533927478,0.8951789695513416,5.903844585452539,1.4298690841458295,0.23761738952800762
5,0.123408267614791,0.9001259874174884,4.559456137758107,2.4735089330734095,0.49706749798389027
5,0.11901057785422318,0.9020010500647696,-2.1988448802839065,0.9375313236406058,2.738558392717008
5,0.12234887815908103,0.9025313777924405,1.6691501524289247,0.2651638638354603,0.1575450810661727
5,0.133337758755116,0.9026686170066961,5.494440298017482,0.06861960712778448,0.012488267437079177
5,0.13754260471225557,0.9059023034437297,2.102422978569787,1.6168432185167947,0.655574523866337
5,0.1339002173720919,0.9060706747598298,-1.8211936700818359,0.08418565805007328,3.095399997892372
5,0.1284213996956474,0.9067649880483019,-2.7394088382222543,0.347156644236013,3.0155377420206104
5,0.140191713767236,0.9106747243348943,5.8851570357942995,1.9548681432962067,0.32070250529775035
5,0.1479641957152429,0.9166685930439376,3.8862409740034605,2.996934354521641,0.6569098918952677
5,0.14324478217665856,0.9112484888890666,-2.3597067692921745,-2.7100520774354653,-2.287199253737248
5,0.14304329427641432,0.9057225928538002,-0.10074395012212023,-2.7629480176332155,-1.6072426653689134
5,0.15296090032236914,0.9106591250419748,4.958803022977409,2.4682660940872903,0.4618495272387992
5,0.15239280862196453,0.9008131894505235,-0.284045850202308,-4.922967795725652,-1.6284305196752737
5,0.15102213205015028,0.9005033950002773,-0.685338285907125,-0.15489722512307402,-2.919311646278544
5,0.1583859887455483,0.8931476601382788,3.6819283476990092,-3.6778674309992376,-0.7848463931568379
5,0.16323293441844328,0.885676154212543,2.4234728364474907,-3.735752962867933,-0.9953185979918504
5,0.1628674216256623,0.8863921779716787,-0.18275639639048213,0.3580118795678544,2.042789401622893
5,0.1682846131211384,0.8881453969782561,2.708595747738046,0.8766095032887167,0.31300119240259056
5,0.1743295737844133,0.8793591500129652,3.0224803316374476,-4.3931234826454775,-0.9681677798599224
5,0.17411519557555116,0.8665567640236357,-0.10718910443106855,-6.401192994664739,-1.5875399381130142
5,0.1727212412964428,0.8622142658248829,-0.6969771395541752,-2.171249099376382,-1.881408699445592
5,0.1726403437152022,0.85849264440622,-0.04044879062030382,-1.860810709331473,-1.5925300912594764
5,0.17579568145786906,0.8642517049773959,1.5776688713334264,2.879530285587961,1.069573713211127
5,0.17517885292167815,0.8727087440874086,-0.30841426809545547,4.22851955500636,1.6436041041328215
5,0.18433354346355582,0.8691444666183066,4.577345270938837,-1.7821387345510198,-0.37128215445350515
5,0.18520686494409674,0.8775873778458011,0.4366607402704614,4.22145561374726,1.46772446006493
5,0.1907309795583115,0.8743711881150329,2.7620573071073795,-1.608094865384102,-0.5272352227061591
5,0.1848995228254369,0.8743696310795437,-2.9157283664373033,-0.0007785177446040237,-3.14132564732986
5,0.1954699920803972,0.8728401378724118,5.2852346274801505,-0.7647466035659578,-0.14369761135837955
5,0.20272029028373995,0.873022221137921,3.625149101671374,0.09104163275464039,0.025108622352761168
5,0.20612210771476608,0.874181183529547,1.7009087155130664,0.5794811958129698,0.3283561433399969
5,0.21423130187099135,0.8766201496158061,4.054597078112635,1.2194830431295767,0.29215896842154565
5,0.21089070308374208,0.8698725306817466,-1.6702993936246329,-3.3738094670297536,-2.0304987196291364
5,0.21173168601931583,0.8686781894432746,0.42049146778687374,-0.5971706192360315,-0.9572975218300408
5,0.22301269491525713,0.8679985114972644,5.640504447970651,-0.33983897300510213,-0.06017700378399902
5,0.2265685220167525,0.8699960950101622,1.7779135507476895,0.9987917564489024,0.5118404168019688
5,0.22055290159667534,0.8688193064172132,-3.0078102100385835,-0.5883942964745037,-2.948410088037713
5,0.2270007805296653,0.856146733296999,3.2239394664949765,-6.336286560107096,-1.1001289051615766
5,0.22744759013982072,0.8569720238052441,0.22340480507770932,0.4126452541225456,1.0745822737463424
5,0.2338600214355959,0.8575209180134206,3.206215647887589,0.274447104088249,0.08539030607829197
5,0.23786542240739486,0.8611374770882074,2.0027004858994832,1.8082795373934313,0.7344263552299264
5,0.23796943229155948,0.8566791920366721,0.052004942082309324,-2.229142525767669,-1.5474709854722215
5,0.24184832961727928,0.8574992120791628,1.9394486628599021,0.410010021245355,0.20833790248018078
5,0.24524287027057512,0.84048905996133,1.6972703266479177,-8.505076058916371,-1.3738241794789727
5,0.2323885400597912,0.8379182024424408,-6.427165105391958,-1.2854287594446512,-2.944197731303318
5,0.21625376758040993,0.8281675785463883,-8.067386239690638,-4.875311948026206,-2.5980000940314505
5,0.2161835395927442,0.824868441032602,-0.03511399383286651,-1.6495687568931494,-1.5920798843502202
5,0.21936617157506708,0.8293436875036234,1.5913159911614405,2.2376232355106884,0.9526173017933489
5,0.2206606067756619,0.8318598805229293,0.6472176002974145,1.2580965096529173,1.095662035515105
5,0.22010718187463726,0.8279747109408859,-0.2767124505123203,-1.942584791021662,-1.712289942451035
5,0.2265169197701918,0.8222334315175468,3.204868947777273,-2.8706397116695648,-0.7304410071460193
5,0.22545484848181924,0.8179151147752202,-0.5310356441862868,-2.1591583711633167,-1.8119555213467284
5,0.22898685084357623,0.815545729395301,1.766001180878496,-1.1846926899595767,-0.5908817645429626
5,0.23661611783743466,0.8109285645875387,3.814633496929218,-2.308582403881154,-0.5442277765436742
5,0.2376595276610264,0.8075298245344021,0.5217049117958727,-1.699370026568281,-1.272930857521628
5,0.23148098656596094,0.8065791295678029,-3.0892705475327324,-0.4753474832996374,-2.988919580143479
5,0.23599421163569825,0.7817958799838739,2.2566125348686543,-12.391624791964484,-1.3906624123542346
5,0.24291778169515893,0.7832768625321782,3.461785029730338,0.7404912741521552,0.21072879309314993
5,0.2275800111621682,0.7798161919060053,-7.6688852664953675,-1.730335313086473,-2.919678062186924
5,0.22902239749018186,0.7769222114647077,0.7211931640068309,-1.4469902206487584,-1.108422208544164
5,0.23018711248356938,0.7815998724733156,0.5823574966937611,2.338830504303946,1.3267636103260863
5,0.22499976895198084,0.7845735712251991,-2.593671765794267,1.4868493759417345,2.6210666941161223
5,0.22684702986066366,0.7751266448475455,0.9236304543414064,-4.723463188826826,-1.3776919735266495
5,0.23542006085151884,0.7725842001166886,4.286515495427593,-1.271222365428426,-0.2883007092046808
5,0.23531991507168518,0.7708513348148779,-0.0500728899168329,-0.8664326509053577,-1.6285241315783376
5,0.24318524285863827,0.7717461996323086,3.9326638934765454,0.4474324087153647,0.11328623533862109
5,0.24051261255962034,0.7559377873512636,-1.3363151495089653,-7.904206140522507,-1.7382764425231885
5,0.24861598912140878,0.7463459746698548,4.051688280894222,-4.795906340704425,-0.8693159168677219
5,0.24652872873976456,0.7249958672302644,-1.0436301908221117,-10.675053719795157,-1.6682500967284752
5,0.2475203781705527,0.7269170904296067,0.49582471539406925,0.9606115996711462,1.0943082088891605
5,0.2463667807457899,0.7234638302038667,-0.5767987123813934,-1.726630112869998,-1.8932010808023856
5,0.24891679016022716,0.7236461777733566,1.275004707218627,0.09117378474493565,0.07138707350979696
5,0.26101114367473904,0.7158655989197283,6.04717675725594,-3.890289426814131,-0.5716672211492834
5,0.26393013390740994,0.7013662793622423,1.4594951163354464,-7.249659778743034,-1.3721327060955129
5,0.2820580772524564,0.6898588317346813,9.063971672523236,-5.753723813780476,-0.5656087719966534
5,0.2863282362219057,0.6900013022846732,2.1350794847246335,0.07123527499591775,0.0333518544785247
5,0.2811877529182581,0.6887306769072209,-2.5702416518237903,-0.6353126887261307,-2.899269733136397
5,0.2814951537051015,0.6890989279533191,0.15370039342169073,0.18412552304908347,0.8752174043299757
5,0.2836933852066951,0.6853215317892121,1.0991157507968252,-1.888698082053497,-1.0437594091427322
5,0.2789866484473204,0.6921232376883103,-2.3533683796873595,3.4008529495491158,2.176128613711208
5,0.28136342708553486,0.6959783915002371,1.1883893191072248,1.9275769059634018,1.018318390738224
5,0.2885191462875768,0.6885430157110534,3.577859601020972,-3.71768789459187,-0.8045620679129344
5,0.29082019932603265,0.682566088077127,1.1505265192279235,-2.9884638169631605,-1.203296824868278
5,0.2989447139596325,0.6960388427659214,4.062257316799933,6.736377344397193,1.028149720154317
5,0.30396651335771374,0.6940925519617285,2.510899699040614,-0.9731454020964758,-0.369743765631214
5,0.3201080728908706,0.6965861487051689,8.07077976657844,1.2467983717202036,0.15327140239157236
5,0.3087168380099648,0.7009448774309607,-5.69561744045291,2.179364362895897,2.7761418077720217
5,0.3179013612770959,0.706452734023912,4.592261633565547,2.7539282964756384,0.5401907138982438
5,0.3178737011796369,0.7035110832603149,-0.013830048729485123,-1.4708253817985462,-1.58019896651568
5,0.32482750632624613,0.6997321009653805,3.476902573304602,-1.8894911474671705,-0.49779350889322627
5,0.3366010624196071,0.7070526915591284,5.886778046680474,3.66029529687395,0.556282227442616
5,0.3511244410035605,0.7078442634242496,7.261689291976708,0.39578593256056616,0.05444941326857696
5,0.35871007820421774,0.7132289642640993,3.7928186003286233,2.6923504199248827,0.6173093368950643
5,0.37234423527638283,0.7159679077443193,6.817078536082543,1.3694717401099843,0.19824960787968376
5,0.3843726031574486,0.7286600609655226,6.01418394053288,6.346076610601658,0.8122433045197529
5,0.39132351724333403,0.727049207153579,3.47545704294272,-0.8054269059717956,-0.22772702482567378
5,0.4019093060981036,0.7207568461199161,5.292894427384787,-3.146180516831465,-0.5363034150664815
5,0.40545963706415106,0.7220706733403344,1.7751654830237273,0.6569136102091422,0.35443064764251486
5,0.4067401249358875,0.7182167681109545,0.6402439358682288,-1.9269526146899474,-1.2500145788978558
5,0.4123762223566986,0.7090244223499821,2.8180487104055296,-4.596172880486193,-1.0207787497266805
5,0.4301035782476549,0.7111116931537067,8.863677945478154,1.0436354018623084,0.11720330475513294
5,0.44267748474968943,0.7075396018143973,6.286953251017274,-1.786045669654679,-0.2767951274618241
5,0.4481016694379263,0.7044155616480843,2.7120923441184273,-1.5620200831565345,-0.522545305945173
5,0.4568502857454042,0.6977304570116564,4.374308153738959,-3.342552318213954,-0.652484910828145
5,0.46219505660477034,0.6997935157659659,2.6723854296830662,1.0315293771547829,0.3683757472294453
5,0.4566811824246429,0.6967563155832576,-2.756937090063721,-1.518600091354183,-2.6381134222815246
5,0.46724136867716687,0.67334303291711,5.280093126261987,-11.706641333073808,-1.147082868199878
5,0.47652331884741944,0.6668318360814746,4.6409750851262865,-3.2555984178176955,-0.611725380846901
5,0.47517378730640597,0.6506907045184398,-0.6747657705067356,-8.07056578151738,-1.6542105594969676
5,0.47677265784302836,0.6463820879335537,0.7994352683111938,-2.1543082924430634,-1.2154608548272015
5,0.47565195132705884,0.6475261729603126,-0.5603532579847581,0.5720425133794449,2.345872268465004
5,0.4753800865731462,0.6417667350767435,-0.13593237695633253,-2.879718941784515,-1.6179646633377947
5,0.48295625511209533,0.647186087670081,3.7880842694745787,2.7096762966687393,0.6209311968175869
5,0.4850589829720109,0.6445423488921019,1.051363929957777,-1.3218693889895383,-0.8988901865548986
5,0.47947678383385517,0.6498523598364987,-2.7910995690778595,2.6550054721983796,2.3811785435464676
5,0.47414055998890503,0.64438434020326,-2.6681119224750693,-2.734009816619365,-2.343996574447903
5,0.48040121430741706,0.6419682011697921,3.130327159256013,-1.2080695167339117,-0.3683136295466082
5,0.4937649738086748,0.6391893894442954,6.681879750628866,-1.389405862748383,-0.20501491445048747
5,0.49195160184384235,0.6315002711443635,-0.9066859824162221,-3.8445591499659537,-1.8024005184310175
5,0.48333860425880387,0.6278954932943643,-4.306498792519236,-1.802388924999565,-2.7452168713820604
5,0.48660688633334476,0.6145457742151693,1.6341410372704424,-6.67485953959751,-1.330698596335666
5,0.4912359031219225,0.6127290517069179,2.3145083942888722,-0.9083612541256891,-0.37399300329680263
5,0.4806633809546973,0.6097810681067038,-5.286261083612604,-1.473991800107044,-2.8696650741804235
5,0.48061583646482714,0.6026096224222208,-0.023772244935077458,-3.585722842241512,-1.5774259235886905
5,0.47813112353540266,0.5946244262899758,-1.242356464712241,-3.9925980661225102,-1.8724644342154204
5,0.48417671829384323,0.5994200506446382,3.022797379220288,2.3978121773312044,0.6706070796649032
5,0.49260072016609335,0.5935285803102921,4.21200093612506,-2.945735167173058,-0.6103011187809156
5,0.4958682478403367,0.5895864199075272,1.63376383712166,-1.9710802013824247,-0.8786995643686347
5,0.5021954614235303,0.5824275302708579,3.163606791596829,-3.579444818334665,-0.8469892790123706
5,0.4982208119891311,0.5743486756141788,-1.9873247171996178,-4.039427328339562,-2.0280088229920827
5,0.5058967639722803,0.5735844225270536,3.837975991574621,-0.382126543562622,-0.09923754460556666
5,0.511360788349143,0.557762492043997,2.732012188431332,-7.910965241528289,-1.2382745163650515
5,0.5223738695358229,0.5480133228168129,5.5065405933399365,-4.874584613592026,-0.7245977145919079
5,0.5201513448923462,0.5428460071635552,-1.11126232173836,-2.583657826628838,-1.976988932304414
5,0.5121080919551844,0.5334849526609869,-4.021626468580896,-4.68052725128415,-2.280621713059226
5,0.5088289389062705,0.5283513702442472,-1.6395765244569538,-2.5667912083698896,-2.139232929749548
5,0.5108477405572174,0.5186117331515354,1.009400825473461,-4.869818546355875,-1.3664136524614348
5,0.5154521939210845,0.5192258036489993,2.3022266819335835,0.307035248731935,0.13258212815718107
5,0.5205693692065644,0.5139095439625788,2.558587642739918,-2.658129843210233,-0.8044772341531946
5,0.5321374809286705,0.5139104349031567,5.784055861053072,0.0004454702889344908,7.701694083787794e-05
5,0.5361214441244655,0.5098947194438334,1.9919815978974853,-2.007857729661666,-0.7893673349294493
5,0.5383351694228673,0.5044633013720768,1.1068626492009015,-2.7157090358782554,-1.1837745016103012
5,0.5454532734208168,0.49856820418013736,3.5590519989747715,-2.94754859596974,-0.6916913984603317
5,0.5496655547966404,0.4863081178299721,2.1061406879117617,-6.130043175082644,-1.2398551448991677
5,0.5422772198715031,0.48151584149435567,-3.6941674625686205,-2.396138167808204,-2.5661829722604796
5,0.5426365521587214,0.4902401408183224,0.17966614360914734,4.362149661983366,1.5296320695213723
5,0.5350193211310205,0.48072116803249826,-3.8086155138504774,-4.759486392912071,-2.2456687511743474
5,0.5368410378341677,0.48507535689954084,0.9108583515736179,2.1770944335212925,1.1745440317493754
5,0.532415079417195,0.489181935720762,-2.212979208486343,2.053289410610587,2.393607812282324
5,0.537335979201237,0.482783128801577,2.4604498920209883,-3.1994034595925203,-0.91522436221901
5,0.5411015209672302,0.4708557723714295,1.8827708829965983,-5.963678215073736,-1.264993073536997
5,0.5448406153771901,0.4754587235854258,1.8695472049799489,2.3014756069981432,0.8885849224298997
5,0.5520970697241449,0.4735252679083961,3.628227173477383,-0.9667278385148415,-0.2603966780673941
5,0.5593247637533825,0.472121002124272,3.6138470146188095,-0.7021328920620573,-0.19189880994315406
5,0.5751505910490226,0.4613078934855374,7.912913647820041,-5.406554319367291,-0.5994005058999246
5,0.5858166418589197,0.45497935987923155,5.3330254049485655,-3.1642668031529317,-0.5355038211915251
5,0.5991849686006785,0.449599524006898,6.6841633708794035,-2.689917936166769,-0.3826007444631094
5,0.5941516601158465,0.44896336066333387,-2.5166542424159832,-0.31808167178207225,-3.015868597273129
5,0.6004343204261674,0.44002666337793866,3.141330155160438,-4.468348642697601,-0.958047635389171
5,0.6050450452767926,0.4452708686490096,2.305362425312596,2.6221026355354726,0.8495904060357128
5,0.6181842048838664,0.42696919847585296,6.569579803536896,-9.150835086578324,-0.9481436029967797
5,0.6127983290529052,0.4222222076425251,-2.6929379154805866,-2.373495416663929,-2.41916190354372
5,0.6255598300546724,0.4104184939870324,6.380750500883603,-5.901856827746355,-0.7464283248206078
5,0.6391906625870938,0.40679309113650225,6.815416266210683,-1.812701425265073,-0.259952571287718
5,0.6472651210718742,0.40588077479124124,4.037229242390194,-0.4561581726305053,-0.11251076750036898
5,0.6473867674545412,0.4002368801253952,0.06082319133349223,-2.821947332923014,-1.549246039657768
5,0.6542266163432752,0.392548450231768,3.4199244443670063,-3.844214946813612,-0.8437407916887868
5,0.6581712866546521,0.3889009776456583,1.9723351556884539,-1.8237362930548506,-0.7462727065178194
5,0.6664633966564919,0.39230786263196593,4.146055000919913,1.7034424931538228,0.38983207816225474
5,0.6839781454444492,0.39205117276549484,8.757374393978667,-0.12834493323554685,-0.014654591624203328
5,0.6887645051456439,0.38683458944115834,2.393179850597338,-2.6082916621682495,-0.8283813769609388
5,0.6997818208356619,0.3848410716268133,5.50865784500898,-0.996758907172518,-0.1790072183921069
5,0.7196154660893421,0.3803772852240913,9.916822626840126,-2.231893201360996,-0.22137280787261662
5,0.72492158998922,0.3902449909220973,2.6530619499389174,4.933852849002995,1.0774251878543009
5,0.7266872715570303,0.38627018260035917,0.8828407839051589,-1.9874041608690662,-1.1527610712735283
5,0.7326828698618991,0.38832426837861933,2.9977991524344216,1.027042889130081,0.33006631610652853
5,0.7442176678737228,0.37141124865619357,5.767399005911833,-8.45650986121288,-0.9722485407459633
5,0.7455627904657883,0.3729908909575501,0.6725612960327698,0.7898211506782715,0.8654110989885764
5,0.7400209473078019,0.3830063629591003,-2.770921578993224,5.007736000775087,2.0761911908922888
5,0.7366351221745109,0.38991087239176575,-1.6929125666454992,3.452254716332731,2.026717403224838
5,0.7312104279627555,0.3923900526724878,-2.7123471058776993,1.2395901403610132,2.7129183051408217
5,0.7370705518633817,0.40361897955565706,2.93006195031309,5.614463441584644,1.089800316986341
5,0.736829074158959,0.40870433830690234,-0.12073885221131064,2.5426793756226362,1.6182455758129721
5,0.7357330858080582,0.42078415343335096,-0.5479941754504281,6.039907563224311,1.6612774981674017
5,0.7358449026551936,0.41347399966915965,0.05590842356772985,-3.6550768820956536,-1.5555014190071226
5,0.7415911352887617,0.41135010369470065,2.8731163167840523,-1.0619479872295001,-0.35404157331962405
5,0.7490607939099726,0.4018522399581146,3.7348293106054253,-4.748931868293033,-0.9043682195247857
5,0.7414238683206295,0.40331499710989793,-3.8184627946715732,0.7313785758916724,2.952347257356493
5,0.7417703376567432,0.4069777171096025,0.17323466805685417,1.831359999852289,1.4764835058637382
5,0.7440010071877406,0.4089092146679607,1.1153347654987433,0.9657487791790986,0.7136426749682784
5,0.7476369896744064,0.41438211774936,1.8179912433328727,2.7364515406996524,0.9843917643257176
5,0.7497713414492411,0.41530304743377106,1.0671758874173376,0.4604648422055213,0.4073462720709123
5,0.7580656940674263,0.4219121945174636,4.147176309092615,3.3045735418462674,0.6728019334493477
5,0.7641138915727929,0.43220755805795896,3.0240987526832797,5.1476817702476865,1.0396424336343235
5,0.7646273225167389,0.43670010925222447,0.2567154719730347,2.246275597132752,1.4570050838965583
5,0.7672889423319253,0.43671786639046944,1.3308099075932112,0.008878569122489077,0.0066714542385777256
5,0.7613509583893082,0.44114108673968255,-2.9689919713085655,2.211610174606554,2.50136179810285
5,0.769718822731617,0.45448845859005516,4.183932171154369,6.673685925186301,1.010810537784193
5,0.7777808035273426,0.4618866157265811,4.03099039786281,3.699078568262959,0.7424867637886623
5,0.7861070852606348,0.46249407030266043,4.163140866646097,0.3037272880396791,0.07282725645204727
5,0.7824005928341546,0.4538242406168324,-1.8532462132400673,-4.334914842914012,-1.974796265362519
5,0.7903443878016289,0.45511031072751296,3.971897483737108,0.6430350553402742,0.16050356900293114
5,0.7948395105824945,0.4550339708618298,2.2475613904328062,-0.03816993284158632,-0.016981188602820853
5,0.7972540920569716,0.4507839024784275,1.2072907372385755,-2.1250341917011526,-1.054142117848321
5,0.7998322684461571,0.45267428175014557,1.2890881945927246,0.945189635859045,0.632677346306189
5,0.8059411688954942,0.4529160700500074,3.054450224668548,0.1208941499309113,0.03955902744309696
5,0.8021416037230464,0.4441789998257627,-1.8997825862238638,-4.368535112122346,-1.9810044242469134
5,0.8139980518390094,0.44843343418496684,5.92822405798149,2.12721717960207,0.3445183150141093
5,0.8154737062895505,0.44462543949610683,0.7378272252705487,-1.903997344430003,-1.2010991359335994
5,0.8255825828995579,0.44938833814915125,5.054438305003683,2.3814493265222056,0.44031060996288485
5,0.8390358017282824,0.4498558190541335,6.726609414362261,0.23374045249113795,0.03473465281264231
5,0.8467070935076463,0.4459755535598061,3.835645889681938,-1.940132747163703,-0.46828992648328044
5,0.8500058774196166,0.4415916857877559,1.64939195598518,-2.1919338860250934,-0.9257082911879269
5,0.853264013535095,0.4461159854335859,1.629068057739158,2.262149822914977,0.9466800633691786
5,0.8653737829513333,0.43797793369490295,6.054884708119157,-4.069025869341464,-0.5917021372896302
5,0.8622003053454315,0.4391934595988629,-1.5867388029509044,0.6077629519799788,2.775803719522831
5,0.8550342331929663,0.434563210624129,-3.5830360762325597,-2.315124487366954,-2.567939384653551
5,0.855829827853347,0.4277564573937086,0.39779733019035257,-3.4033766152102016,-1.4544411431880742
5,0.8734073017949007,0.4311975248122174,8.788736970776812,1.7205337092544015,0.19332087291579592
5,0.8836255299734403,0.4322265095017446,5.1091140892698395,0.5144923447636118,0.10036255643870334
5,0.8810461938923285,0.4329574334299719,-1.2896680405559136,0.36546196411363363,2.865455425565092
5,0.8859283746707131,0.4385485315305047,2.4410903891922686,2.7955490502664104,0.8529832641839286
5,0.8835349897875969,0.42257762604224774,-1.196692441558067,-7.985452744128485,-1.7195484328814334
5,0.8890658973252153,0.4143237419853437,2.765453768809212,-4.126942028452013,-0.9804222515188673
5,0.8948365763462423,0.41339849031154385,2.8853395105134516,-0.46262583689993253,-0.15898354779532103
5,0.8975160591404248,0.41050677909132616,1.3397413970912542,-1.4458556101088482,-0.8234736382001198
5,0.8992563057930617,0.4182591516645866,0.8701233263184727,3.8761862866302232,1.3499776127960292
5,0.8967541636276722,0.40838646142647733,-1.2510710826947324,-4.936345119054636,-1.8190107259424846
5,0.8967353093973535,0.4136164013140069,-0.009427115159388322,2.614969943764783,1.5744013679704394
5,0.8878844020474862,0.41586255414539547,-4.425453674933633,1.1230764156942852,2.893062750436994
5,0.8928091296629538,0.4119338596502308,2.4623638077337917,-1.964347247582321,-0.6733666207562842
5,0.8939053819239923,0.3991889585037067,0.5481261305192442,-6.372450573262051,-1.4849925517116513
5,0.8988210659011489,0.39560453962828807,2.457841988578291,-1.79220943770933,-0.6300426720084799
5,0.9042386255670846,0.3951634164543451,2.708779832967856,-0.22056158697147943,-0.08124546499241682
5,0.9087441974787208,0.39672970222898407,2.2527859558181262,0.7831428873194823,0.3345646373788011
5,0.912701781181952,0.3984328928307655,1.9787918516155911,0.8515953008907118,0.40640288195578367
5,0.9159102749421093,0.39864178415392704,1.6042468800786525,0.10444566158077095,0.06501397249966887
5,0.9216126428064104,0.38878896106308963,2.8511839321505583,-4.926411545418702,-1.0461448540391214
5,0.9243588652916346,0.38866903777406914,1.3731112426120795,-0.05996164451024799,-0.04364072764386381
5,0.9213149678549251,0.36925180790462947,-1.5219487183547598,-9.708614934719833,-1.7262935135702033
5,0.929053917969093,0.36841531129007726,3.86947505708396,-0.4182483072761034,-0.10767114125363877
5,0.9295922660499137,0.3671908126454598,0.2691740404103804,-0.6122493223087444,-1.156584601465322
5,0.9294904728759624,0.3602943454359094,-0.05089658697565724,-3.448233604775197,-1.5855554461373684
5,0.9230450737309946,0.35484577102712406,-3.222699572483889,-2.7242872043926614,-2.4398083156322774
5,0.9297520265204432,0.35763087837600793,3.353476394724275,1.3925536744419376,0.3935891607574268
5,0.9313276363214303,0.3456363294636484,0.7878049004935717,-5.997274456179757,-1.4401836781227304
5,0.9351003318551859,0.3367080296675528,1.886347766877794,-4.464149898047803,-1.1709986455282815
5,0.9380827505583013,0.33108940590656566,1.4912093515576652,-2.8093118804935755,-1.0828060045365482
5,0.9507825650726567,0.32036451916284686,6.349907257177711,-5.362443371859399,-0.7012874518689751
5,0.9436977245550113,0.30975437461962796,-3.542420258822676,-5.305072271609451,-2.159543112404361
5,0.9430502314099415,0.30309689729925116,-0.323746572534922,-3.3287386601884017,-1.667749429351752
5,0.9500005387210467,0.31163645584467137,3.475153655552621,4.269779272710106,0.8876398299864987
