droplet id,x,y,vx,vy,theta
0,0.5062658611423915,0.47841133550285625,9.793005003527089,-3.102332991982176,-0.30678905207814494
0,0.5258518711494456,0.4722066695188919,13.580625408998126,-3.2018155848789474,-0.23153536612979517
0,0.5530131219674419,0.465803038349134,10.039138863755847,-2.7877747178587096,-0.270865936218231
0,0.5730913996949536,0.4602274889134166,19.268708826260806,-3.095698250809159,-0.1592980887220053
0,0.6116288173474752,0.45403609241179826,14.266277509997483,-2.01421759640652,-0.14026025446994994
0,0.6401613723674702,0.4500076572189852,4.136358859039846,5.462927914423904,0.9227229180252403
0,0.6484340900855499,0.46093351304783303,5.692439203085375,-0.7549051029009102,-0.13184607322448272
0,0.6598189684917206,0.4594237028420312,7.002867869611406,-1.0617613301090734,-0.1504720379848214
0,0.6738247042309434,0.45730018018181307,7.6463810681093864,4.950022840319951,0.5745227699519382
0,0.6891174663671622,0.46720022586245297,2.4588375632322856,-3.5315092340654775,-0.9625869508194254
0,0.6940351414936268,0.460137207394322,6.3876741815742095,-2.112200263736319,-0.31934995475474365
0,0.7068104898567752,0.4559128068668494,8.834605582323906,-2.0610420950314676,-0.22919265749231046
0,0.724479701021423,0.45179072267678644,6.777292174473592,-5.794946654506361,-0.7074205119658477
0,0.7380342853703702,0.4402008293677737,7.039335692535508,1.0166387106002872,0.1434308022922896
0,0.7521129567554412,0.4422341067889743,9.576846647006976,-2.2252639457567835,-0.22830745493823515
0,0.7712666500494552,0.4377835788974607,4.881428640763019,-6.057509795412974,-0.8925000408064457
0,0.7810295073309812,0.4256685593066348,8.930707665428972,-8.299442995396062,-0.7487773314640669
0,0.7988909226618391,0.40906967331584265,1.1258669498842577,0.5640626219785838,0.46444961780054594
0,0.8011426565616077,0.4101977985597998,6.971163472694053,-2.928800992074876,-0.39773923461793625
0,0.8150849835069958,0.40434019657565007,5.232573936536144,-4.046228727718481,-0.6582326738111999
0,0.825550131380068,0.3962477391202131,5.786520707052045,-1.6875794858502713,-0.28376930796050776
0,0.8371231727941721,0.39287258014851256,8.46502906948443,-6.146756282643717,-0.6280519340634985
0,0.854053230933141,0.38057906758322513,-1.5546641925196503,5.572755886841002,1.842855063950622
0,0.8509439025481017,0.39172457935690713,9.51157849744172,-3.466642632700606,-0.3495031503825481
0,0.8699670595429851,0.3847912940915059,10.141640810492735,-5.773436433434948,-0.517525157672643
0,0.8902503411639706,0.373244421224636,5.780467936432109,-1.0393403095440013,-0.17790124831580112
0,0.9018112770368348,0.371165740605548,3.8251083405951847,-3.284335855724796,-0.7094803905023158
0,0.9094614937180252,0.36459706889409843,4.794673840293195,-3.9344590582070236,-0.6871700414333208
0,0.9190508413986116,0.3567281507776844,2.786930581860414,0.993975783766976,0.34259217704720146
0,0.9246247025623324,0.35871610234521834,9.265569917260963,-0.5283112397339584,-0.05695708100940457
0,0.9431558423968543,0.3576594798657504,6.352388752357496,-0.8242308664135889,-0.12903045541721656
0,0.9558606199015693,0.35601101813292324,6.027750444531687,1.6636752595878268,0.26929815265205226
0,0.9679161207906327,0.3593383686520989,9.194440532330983,-6.467073236272297,-0.6129826458930285
0,0.9863050018552947,0.3464042221795543,4.164465838181141,1.2732333038282528,0.2967121930574869
0,0.994633933531657,0.3489506887872108,2.4147672975679546,-1.2088620871788525,-0.46413728808434024
0,0.9994634681267929,0.3465329646128531,-2.6853061666762823,1.1913250767457695,2.7240353456089648
0,0.9940928557934403,0.34891561476634464,2.138831385368689,3.4842799091594765,1.0202539121652643
0,0.9983705185641777,0.3558841745846636,-4.5142954881101645,-4.937115375501344,-2.311488132051766
0,0.9893419275879574,0.3460099438336609,-4.289420758591788,-4.730081368782335,-2.3073768843388938
0,0.9807630860707738,0.33654978109609623,-1.996539636511807,-9.270827845852786,-1.7829138910305706
0,0.9767700067977502,0.31800812540439066,-1.3492682147030477,-9.68476608987101,-1.7092239209302307
0,0.9740714703683441,0.29863859322464864,5.696383152087536,-11.356021357251027,-1.105855266104618
0,0.9854642366725191,0.2759265505101466,-6.730649211505956,-11.46121391031757,-2.1017914046699553
0,0.9720029382495072,0.25300412268951145,3.8811524362540872,-6.426190815795721,-1.0274712620192499
0,0.9797652431220154,0.24015174105792,-3.40181247872956,-8.639275078961312,-1.9459130008486574
0,0.9729616181645563,0.22287319089999738,-5.3929741849942925,-3.221593742532683,-2.6031102111236275
0,0.9621756697945677,0.21643000341493202,-5.342546867072362,-4.727629524617916,-2.417181978377519
0,0.951490576060423,0.20697474436569618,-3.6373651112685534,-6.830885710401469,-2.060095340878696
0,0.9442158458378859,0.19331297294489325,1.0742865661366174,-2.912331554057637,-1.2174062228839668
0,0.9463644189701591,0.18748830983677797,-4.34735107359252,-2.5917891326921323,-2.6039891939779003
0,0.9376697168229741,0.1823047315713937,-4.16227656102569,-0.5673848308718338,-3.0061117209826325
0,0.9293451637009227,0.18116996190965004,0.3694565435313213,-1.2582292292430963,-1.285191794111454
0,0.9300840767879853,0.17865350345116385,-2.8301535941966383,-0.8464726520425875,-2.8509702774076944
0,0.924423769599592,0.17696055814707867,-3.0420354962199525,-1.3522295094495345,-2.7233096548359024
0,0.9183396986071521,0.1742560991281796,-5.545454151194784,7.278756073687179,2.2218500331819424
0,0.9072487903047626,0.18881361127555396,-11.455039307799563,3.496000621198439,2.8453782500554787
0,0.8843387116891634,0.19580561251795084,-7.723191090181714,6.927654308366282,2.4104409361253216
0,0.8688923295088,0.2096609211346834,-13.267966131387698,6.429414182500217,2.690355554565409
0,0.8423563972460246,0.22251974949968384,-7.4572731247443675,5.718947222615539,2.4873659904389482
0,0.8274418509965359,0.23395764394491492,-4.838787362916763,3.733058471752176,2.4844814872372885
0,0.8177642762707024,0.24142376088841927,-6.710477008187943,2.830149607977575,2.7424772525386873
0,0.8043433222543265,0.24708406010437442,-8.572373531451516,2.845984894839462,2.8210471092816674
0,0.7871985751914234,0.25277602989405334,-4.075834910410414,2.1711643144129433,2.652134832407739
0,0.7790469053706026,0.25711835852287923,-4.196539148072165,0.8003224186593216,2.9531454337055023
0,0.7706538270744583,0.2587190033601979,-5.051762025317041,4.89190902510217,2.372268959179243
0,0.7605503030238242,0.2685028214104022,-5.277581990027147,5.350831286934921,2.3493027618304114
0,0.7499951390437699,0.27920448398427206,-6.929573733009786,-2.0057324659041584,-2.859846987097986
0,0.7361359915777503,0.27519301905246374,-4.967432991375531,3.8036280575315384,2.4881108306204487
0,0.7262011255949993,0.2828002751675268,-6.64548631805345,2.037399735580203,2.8441064969569725
0,0.7129101529588924,0.2868750746386872,-5.075840321901503,-5.17453461104414,-2.3465664287672645
0,0.7027584723150894,0.27652600541659894,-2.154423072627809,-3.627789344289228,-2.106693798981653
0,0.6984496261698337,0.2692704267280205,1.5015157465396167,0.8054883781896671,0.49238078839100613
0,0.701452657662913,0.2708814034843998,-4.108525009013874,4.22579673047338,2.3421244810840776
0,0.6932356076448852,0.2793329969453466,-2.618811812052313,-0.6454775532505896,-2.89993225112213
0,0.6879979840207806,0.2780420418388454,-0.08730671175594118,2.672718658778661,1.603450597197618
0,0.6878233705972687,0.2833874791564027,-2.880266232035855,2.415427527190844,2.4437468283382677
0,0.682062838133197,0.2882183342107844,-3.638311326975119,2.279871124244659,2.58182283221233
0,0.6747862154792468,0.29277807645927373,-0.6324214926056171,3.8060363007366425,1.7354546756465807
0,0.6735213724940355,0.300390149060747,0.5770225391944495,0.21967600828257106,0.3637638815485073
0,0.6746754175724244,0.30082950107731216,-3.3922531575392156,8.506334228717494,1.9502603958093303
0,0.667890911257346,0.31784216953474714,-0.31918465205799107,3.570550723982713,1.659953015566174
0,0.66725254195323,0.32498327098271257,5.006488180893887,6.264190894434335,0.89652907758962
0,0.6772655183150178,0.33751165277158124,4.670470601702115,8.946767310014703,1.0896813488568617
0,0.686606459518422,0.35540518739161064,2.485753592686435,5.79381499149631,1.1655123593377539
0,0.6915779667037949,0.36699281737460326,0.0682077707909734,13.561008132537772,1.5657666715537149
0,0.6917143822453768,0.3941148336396788,1.2279550527888872,-2.5970596453165906,-1.129123987855093
0,0.6941702923509546,0.3889207143490456,4.765096029156479,3.225104082669877,0.59499775183945
0,0.7037004844092676,0.3953709225143854,7.555921376320384,0.7774536957745881,0.10253247915590154
0,0.7188123271619083,0.39692582990593456,1.5361566573030006,1.6129147653416165,0.8097681765388574
0,0.7218846404765143,0.4001516594366178,3.9137431345083185,-4.043576101194379,-0.8017128849031064
0,0.729712126745531,0.39206450723422903,1.113960602252273,-0.6074619680131732,-0.499240926639374
0,0.7319400479500355,0.3908495832982027,9.976137324865242,4.743949595242186,0.4438804358366971
0,0.751892322599766,0.40033748248868706,8.822092240899416,0.5716449713710492,0.06470652535310957
0,0.7695365070815648,0.40148077243142916,3.9394954071433896,1.0075493981443195,0.2503886498668256
0,0.7774154978958516,0.4034958712277178,5.940499554380418,0.35118641506415305,0.059048595509185446
0,0.7892964970046125,0.4041982440578461,10.470383393087145,2.501959128463793,0.23455744328843123
0,0.8102372637907868,0.4092021623147737,8.545979109790657,4.077495845663886,0.44518029432303485
0,0.8273292220103681,0.41735715400610146,14.207846935931967,3.550677851653555,0.24489361255340786
0,0.855744915882232,0.42445850970940857,0.7516613618426815,12.128665998934833,1.5089015352467265
0,0.8572482386059174,0.44871584170727824,10.475455281338808,10.52032318967827,0.7875351567983523
0,0.878199149168595,0.4697564880866348,-0.7478552823600992,6.660937527439514,1.682602876529122
0,0.8767034386038748,0.4830783631415138,3.117919037014305,4.67328233809397,0.9824386409817165
0,0.8829392766779034,0.49242492781770175,-0.6988876874982064,2.0291956013407106,1.902488013175177
0,0.881541501302907,0.4964833190203832,-2.999675289564019,3.4697799346644906,2.283656723317417
0,0.875542150723779,0.5034228788897122,-7.980937790730613,-0.14751617626218572,-3.1231111938509954
0,0.8595802751423177,0.5031278465371878,-2.9046726866619466,8.77490935160602,1.8904636635411514
0,0.8537709297689938,0.5206776652403998,-7.256117970212361,8.965852535293639,2.2511859376379912
0,0.8392586938285691,0.5386093703109871,-9.60027155594062,5.756826826475436,2.6014287081729783
0,0.8200581507166879,0.550123023963938,-10.158745935469282,10.198869913730368,2.354223536098197
0,0.7997406588457493,0.5705207637913987,-5.2156517093525645,-0.34662132654944555,-3.075232322857236
0,0.7893093554270442,0.5698275211382998,-6.262971200344358,4.704027561100221,2.4973971146674177
0,0.7767834130263555,0.5792355762605003,1.430137920957364,-3.563798651090855,-1.1891732616169266
0,0.7796436888682702,0.5721079789583186,1.7277203287663911,-1.864291786631167,-0.8234007373998872
0,0.783099129525803,0.5683793953850562,-5.832635611001502,4.969393913593967,2.435939786636587
0,0.7714338583038,0.5783181832122442,-2.1524904552318036,3.3390623087007354,2.143393734788222
0,0.7671288773933364,0.5849963078296456,1.0187474907842886,-2.7835062674610445,-1.2199443252723774
0,0.7691663723749049,0.5794292952947235,-3.3457050777797592,3.1266393226135336,2.3900280049991687
0,0.7624749622193454,0.5856825739399506,0.5939698392229409,-2.105179419835068,-1.2957979192563642
0,0.7636629018977913,0.5814722151002805,-3.806950254183872,-0.8572459866574844,-2.9201076591542967
0,0.7560490013894235,0.5797577231269655,-4.854312720640408,4.704378145510779,2.3718788848840795
0,0.7463403759481427,0.589166479417987,0.1794646173137182,-0.42283575401880213,-1.1694076953135983
0,0.7466993051827702,0.5883208079099495,-7.211588883624664,1.9893712578826217,2.872429358031393
0,0.7322761274155208,0.5922995504257147,-1.1242519677235885,0.046501516515806696,3.1002540335076385
0,0.7300276234800737,0.5923925534587463,-1.5650239592143733,-3.350077989796807,-2.0078288932912614
0,0.7268975755616449,0.5856923974791527,-6.63427347617751,-6.089123928362194,-2.3990145250039845
0,0.7136290286092899,0.5735141496224283,-8.54628948968661,-5.731367265689624,-2.5508537110137324
0,0.6965364496299167,0.5620514150910491,-6.241002044481691,-13.597130369043253,-2.0011044912839573
0,0.6840544455409533,0.5348571543529625,-2.823358609415516,1.7948401010844939,2.575328102938803
0,0.6784077283221223,0.5384468345551315,-9.563515957055458,-4.819303221841431,-2.6748092728695263
0,0.6592806964080113,0.5288082281114487,-4.281982556043729,2.0414892536484985,2.696707154199456
0,0.6507167312959239,0.5328912066187457,-8.022548078341352,4.488193724277889,2.631525101037443
0,0.6346716351392412,0.5418675940673015,-4.89791788506827,-5.478076732942205,-2.300339084319114
0,0.6248757993691046,0.530911440601417,-5.384181540904698,0.8651450716053444,2.9822717590283583
0,0.6141074362872952,0.5326417307446277,-1.1450952803072623,1.4633967125980418,2.234769716609318
0,0.6118172457266807,0.5355685241698238,0.39642759742747335,-2.565905613506725,-1.4175101675534731
0,0.6126101009215357,0.5304367129428104,-3.2663325822346323,-4.37202294049388,-2.2124380055433908
0,0.6060774357570664,0.5216926670618226,-4.2305352523484,-1.583403945900952,-2.7834535290181406
0,0.5976163652523696,0.5185258591700207,1.0562786074466701,-0.0666066616144545,-0.06297447343912545
0,0.599728922467263,0.5183926458467918,-3.797118196755822,-4.977390284177929,-2.222485573236525
0,0.5921346860737513,0.5084378652784359,-5.6524582340599645,-0.19585392804183366,-3.1069571733903465
0,0.5808297696056314,0.5080461574223523,-4.877296331615321,5.470770689360749,2.298906016934912
0,0.5710751769424007,0.5189876988010738,-7.088522586763957,-0.3972603915928241,-3.0856084531094283
0,0.5568981317688728,0.5181931780178881,-1.196743906322184,6.990183777711489,1.7403559435884353
0,0.5545046439562284,0.5321735455733111,-2.6697914437004977,10.962059720039163,1.8096936821814613
0,0.5491650610688275,0.5540976650133894,-2.130699806476788,13.598813803945452,1.726215496290581
0,0.5449036614558739,0.5812952926212803,-8.168967573331354,21.567736025212945,1.9328582132476113
0,0.5285657263092112,0.6244307646717062,2.8208816138707293,9.344221297102772,1.2776109388453316
0,0.5342074895369526,0.6431192072659118,3.4461453753724114,6.549354473941393,1.0864240157122935
0,0.5410997802876975,0.6562179162137945,6.485293423815818,4.2627682874689095,0.5814883012958004
0,0.5540703671353291,0.6647434527887324,6.1991947619898236,4.722287038724793,0.6509839421696285
0,0.5664687566593087,0.674188026866182,4.252457592424707,3.547441221892933,0.6952552324583755
0,0.5749736718441582,0.6812829093099678,4.223598987797117,6.108906230110899,0.9658764640270063
0,0.5834208698197524,0.6935007217701896,7.616617520207369,2.2889590958213857,0.2919353797323693
0,0.5986541048601671,0.6980786399618324,6.920018778513781,5.628145825098407,0.6828064724191746
0,0.6124941424171947,0.7093349316120292,0.9218046080879949,6.63137517405038,1.4326748671607104
0,0.6143377516333707,0.72259768196013,3.2492905621058776,7.0559648969081845,1.1392427972504966
0,0.6208363327575824,0.7367096117539463,3.6961632134265288,10.858533279145599,1.2427060397531897
0,0.6282286591844355,0.7584266783122375,-2.585577460715749,5.429994993574827,2.015195354065939
0,0.623057504263004,0.7692866682993872,1.9527343364266203,10.774850816014869,1.3915115159719058
0,0.6269629729358572,0.7908363699314169,-7.595274994275925,3.2927309544164562,2.732524649121541
0,0.6117724229473054,0.7974218318402498,-1.4430912239872806,1.7360079474088574,2.2643156268501516
0,0.6088862404993308,0.8008938477350676,0.29691768047956923,8.760842828477221,1.5369178425355845
0,0.60948007586029,0.818415533392022,2.7662845174120654,6.792991754746569,1.1840759932121054
0,0.6150126448951141,0.8320015169015151,0.15147410261245886,3.9208257383894773,1.5321823152356746
0,0.615315593100339,0.8398431683782941,-1.7358350690754865,2.966330995499644,2.1002468631465434
0,0.611843922962188,0.8457758303692934,2.6505312274628934,3.504319598904959,0.9232364924010952
0,0.6171449854171138,0.8527844695671033,-0.2806352058342121,1.6376500856454257,1.7405124276714177
0,0.6165837150054454,0.8560597697383941,2.3297370834441944,3.4363226034215266,0.9750064273221567
0,0.6212431891723338,0.8629324149452372,-1.6054937019500115,7.811713486331695,1.7734976281972532
0,0.6180322017684338,0.8785558419179006,7.192972576642808,9.911043776778705,0.9429945563691697
0,0.6324181469217194,0.898377929471458,-1.4399374817491428,9.650093170856854,1.7189183412964946
0,0.6295382719582211,0.9176781158131717,-5.880165104214075,11.762162241157837,2.034381631271697
0,0.617777941749793,0.9412024402954874,2.859892320766777,5.517794540941201,1.0926133541556842
0,0.6234977263913265,0.9522380293773698,3.3607273972053875,6.400737779107268,1.0873076769496655
0,0.6302191811857373,0.9650395049355843,-4.1253950164441,0.7604640809676932,2.9593017558200643
0,0.6219683911528491,0.9665604330975197,0.3485517664478244,2.7770855330968014,1.4459392946218343
0,0.6226654946857447,0.9721146041637133,-1.9388151342152882,9.582703573407791,1.770425922760656
0,0.6187878644173141,0.9912800113105289,-1.944813046003857,2.1489397861864656,2.3063727677169648
0,0.6148982383253064,0.9955778908829018,-0.8758313930508632,-1.231935580832122,-2.1888264204948076
0,0.6131465755392047,0.9931140197212376,1.6240301735225282,1.9160795373175388,0.8677090342330559
0,0.6163946358862498,0.9969461787958727,1.371749981900372,0.33769661422866637,0.24137960276038492
0,0.6191381358500505,0.99762157202433,-0.10485128932424814,-2.479947586455089,-1.6130508004592936
0,0.618928433271402,0.9926616768514198,-4.331069685586219,3.1512731697895813,2.5125843291663
0,0.6102662939002296,0.998964223190999,1.936671252308897,-4.836113329545477,-1.1898932277209255
0,0.6141396364048474,0.989291996531908,-6.2808209876096255,1.0521437346151519,2.9756168249978847
0,0.6015779944296281,0.9913962840011383,-2.596368808003402,1.9063519043480137,2.5082559618542484
0,0.5963852568136213,0.9952089878098344,-5.031005515713726,-7.097675849284501,-2.187420158733998
0,0.5863232457821939,0.9810136361112654,-1.2917862123550394,-4.542482465232922,-1.8478609581819403
0,0.5837396733574838,0.9719286711807995,4.604625419581954,-12.06504558897481,-1.2062082480450154
0,0.5929489241966477,0.9477985800028499,1.0780954036263557,-8.703034870979453,-1.447548389976938
0,0.5951051150039004,0.930392510260891,-5.526832025498473,-5.030491561693828,-2.403173751214655
0,0.5840514509529035,0.9203315271375033,-5.706706082853397,-4.581618430399059,-2.4651174447863617
0,0.5726380387871967,0.9111682902767052,-3.75471428166535,-10.094088183328243,-1.9269093346331854
0,0.565128610223866,0.8909801139100487,-1.3463305605012632,-6.911587545958997,-1.7631804145921923
0,0.5624359491028634,0.8771569388181307,-1.1025052530565516,-6.857893215332367,-1.7301968432443744
0,0.5602309385967503,0.863441152387466,-1.8352783886800839,-1.3920606032865046,-2.4926730299139908
0,0.5565603818193902,0.860657031180893,-4.672768236773594,-6.451802608159751,-2.1976178454827497
0,0.547214845345843,0.8477534259645735,-5.116388818234007,0.6259859206640406,3.019848553826447
0,0.536982067709375,0.8490053978059016,-6.290238252901759,-8.861895803959685,-2.188074084363573
0,0.5244015912035714,0.8312816061979822,-10.632723171116409,-8.762348442024392,-2.45233276989748
0,0.5031361448613386,0.8137569093139334,-9.499064603495173,-2.8908896710528875,-2.8461643409788295
0,0.4841380156543483,0.8079751299718276,-7.339639227087968,0.8217269662523785,3.0300995363824543
0,0.46945873720017234,0.8096185839043324,-5.482432832394718,7.380583356850045,2.2096853203989504
0,0.4584938715353829,0.8243797506180325,-5.422406011488523,-0.05330860616453714,-3.1317617983032164
0,0.44764905951240586,0.8242731334057034,-4.035834770919178,-1.7236163340514365,-2.737963219656109
0,0.4395773899705675,0.8208259007376005,-0.7017391473356505,5.753128805221941,1.6921719753298383
0,0.4381739116758962,0.8323321583480444,-2.0766199048373455,7.642179416326666,1.8361211889085187
0,0.4340206718662215,0.8476165171806977,5.069097492776203,3.01887388554839,0.5371370664921071
0,0.4441588668517739,0.8536542649517945,1.0414990261898571,2.7661497865729134,1.2106974219993716
0,0.44624186490415363,0.8591865645249404,-2.623955244251269,6.8883645849622805,1.934752001606246
0,0.4409939544156511,0.8729632936948649,-1.8311979653293786,6.866369885805967,1.831421288602419
0,0.43733155848499233,0.8866960334664769,-5.541015446917097,8.23324378720397,2.163174281287636
0,0.42624952759115814,0.9031625210408848,-1.9182998697511722,2.8364509186274423,2.1654405050910372
0,0.4224129278516558,0.9088354228781397,-8.90705817775278,0.6849334134273466,3.0648458643657857
0,0.40459881149615023,0.9102052897049944,-7.820790282989293,7.179695308517086,2.398906778726289
0,0.38895723093017165,0.9245646803220285,-2.4624977697346173,-4.189301096111375,-2.102201655659805
0,0.3840322353907024,0.9161860781298058,-5.996453705024273,-1.2817663528866263,-2.9310076846236237
0,0.37203932798065387,0.9136225454240325,-5.47429086397086,2.858006962122739,2.6604390282709405
0,0.36109074625271215,0.919338559348278,-1.8384931718056219,-5.667787934376333,-1.8844635430231091
0,0.3574137599091009,0.9080029834795253,1.9372980261679884,-5.410224301687083,-1.2269406978694024
0,0.3612883559614369,0.8971825348761512,-3.1702675402125458,-4.431407069954762,-2.1917890716407187
0,0.3549478208810118,0.8883197207362417,-5.829485084125924,-4.782976418173656,-2.4544880078075346
0,0.34328885071275994,0.8787537678998943,-1.6945350411065874,-4.488537643659085,-1.931778830040934
0,0.33989978063054677,0.8697766926125762,-3.8731598649876795,-6.141316071252067,-2.1334644299735097
0,0.3321534609005714,0.857494060470072,-0.9058421273221429,-6.2263580374973815,-1.715267795960142
0,0.3303417766459271,0.8450413443950773,-3.0899730140263038,-7.135999226656198,-1.9794335574163398
0,0.3241618306178745,0.8307693459417649,-4.453837133883281,-3.935228541993796,-2.417935508060179
0,0.31525415635010795,0.8228988888577773,-1.4525504779526743,-7.162863311519551,-1.7708722525294476
0,0.3123490553942026,0.8085731622347382,-4.225575622830685,-8.867755635830699,-2.015476093760795
0,0.30389790414854123,0.7908376509630768,-4.664684988070489,-11.584222801011624,-1.953607208719757
0,0.29456853417240025,0.7676692053610535,-9.940342310895605,-4.18092962893768,-2.743452889876816
0,0.27468784955060904,0.7593073461031782,-2.0601958145987087,-8.98309736232511,-1.7962390815011848
0,0.2705674579214116,0.741341151378528,-11.69439632326663,-7.655279330585684,-2.561982851605146
0,0.24717866527487836,0.7260305927173566,-1.6508483228109132,-9.86526617673189,-1.7365995432274024
0,0.24387696862925654,0.7063000603638928,3.644317952217799,-4.05611848926124,-0.8388248295244226
0,0.25116560453369213,0.6981878233853703,-6.7479215743765915,-9.301482142593354,-2.1984107826324455
0,0.23766976138493895,0.6795848591001836,-2.604977823865151,-5.594159196532333,-2.0065967681916423
0,0.23245980573720865,0.668396540707119,-0.22503947541764602,-7.53276888018406,-1.6006621789928674
0,0.23200972678637335,0.6533310029467508,-1.4865093924864985,-5.801525524702145,-1.8216273638365923
0,0.22903670800140036,0.6417279518973465,1.9860496823647793,-3.426825567716396,-1.0455421323703997
0,0.23300880736612992,0.6348743007619138,-2.0223977985999593,-5.363067149653788,-1.9314044007571198
0,0.22896401176893,0.6241481664626062,-1.6421921656179228,-2.6752025404360724,-2.1213426385558805
0,0.22567962743769415,0.618797761381734,-1.684008339764148,-2.535614315475332,-2.1570491501435414
0,0.22231161075816586,0.6137265327507834,-3.500027099469949,-6.588499191427288,-2.059116890367008
0,0.21531155655922596,0.6005495343679288,0.8989006382213172,-6.040771646366793,-1.4230747025181807
0,0.2171093578356686,0.5884679910751952,-2.690383027786819,-1.338782508606584,-2.679852612471526
0,0.21172859178009495,0.585790426057982,-3.9529233354539115,-1.055026239191681,-2.880774557343346
0,0.20382274510918713,0.5836803735795987,-6.289232630065408,-3.413908575838065,-2.6442801835512526
0,0.19124427984905631,0.5768525564279225,-9.848920639444744,3.9448808811101688,2.760621352700533
0,0.17154643857016683,0.5847423181901429,-8.967721460583986,-0.4323769614746342,-3.093415155473243
0,0.15361099564899885,0.5838775642671936,-6.737742952986528,10.568582700396679,2.138352216072563
0,0.1401355097430258,0.605014729667987,-9.628756146024354,1.4683083480535597,2.9902664309438776
0,0.12087799745097709,0.6079513463640941,7.075385732249632,6.740319297935559,0.7611503408794508
0,0.13502876891547635,0.6214319849599652,-0.4450481557217584,5.428335011956165,1.6525994935841186
0,0.13413867260403284,0.6322886549838775,-4.50096253409743,7.606097712833271,2.1051328450296753
0,0.12513674753583798,0.6475008504095441,-2.7372728127535995,-1.3919768187328763,-2.6711468281760524
0,0.11966220191033078,0.6447168967720783,-0.02356874456287128,3.2191876560128674,1.5781175289070006
0,0.11961506442120504,0.6511552720841041,-2.594219331914664,2.834639042589404,2.3119379065860297
0,0.11442662575737571,0.6568245501692829,5.283982585636358,5.713149407080231,0.8244037104955069
0,0.12499459092864842,0.6682508489834433,2.698796888634711,2.6364054653438274,0.7737044027412334
0,0.13039218470591785,0.673523659914131,1.8428218162344634,-2.033558421452586,-0.8345633342600226
0,0.13407782833838677,0.6694565430712258,2.583732799272931,-4.6383589597908665,-1.0625672705349096
0,0.13924529393693263,0.6601798251516441,-1.88925963338879,0.5231571244625477,2.871450498540632
0,0.13546677467015505,0.6612261394005692,-9.146546279660425,0.5312274086579638,3.0835782643261482
0,0.1171736821108342,0.6622885942178851,1.0820830473527234,-3.1755655463212573,-1.2423831258053455
0,0.11933784820553965,0.6559374631252426,3.742701311498668,1.1686969738191055,0.3026664643644084
0,0.126823250828537,0.6582748570728808,3.5170713658156103,2.0693350684861667,0.5318232490755067
0,0.1338573935601682,0.6624135272098531,-0.10837524789328312,0.8403129885119487,1.6990584112226366
0,0.13364064306438164,0.664094153186877,2.3197427185517734,-5.495268791200158,-1.1713552580208708
0,0.1382801285014852,0.6531036156044767,0.6804377836897441,-3.1779374152125506,-1.3598681100882768
0,0.13964100406886468,0.6467477407740516,1.9628562197334665,1.227851076778308,0.5589897317008924
0,0.1435667165083316,0.6492034429276082,0.44570931527804225,3.62646000441208,1.4485048347258525
0,0.1444581351388877,0.6564563629364324,6.431491621159357,-5.705726353288698,-0.7256726072745168
0,0.1573211183812064,0.645044910229855,3.863677169091695,-4.529249199027308,-0.8645340975935604
0,0.1650484727193898,0.6359864118318004,5.408441778768425,-4.512764077982234,-0.6953631221492969
0,0.17586535627692665,0.6269608836758359,6.140826960759307,-11.540750906478936,-1.0818001453080073
0,0.18814701019844526,0.603879381862878,5.193159823586549,-8.047853755298872,-0.9977427926036244
0,0.19853332984561836,0.5877836743522803,-4.84327655923289,-7.292149208805165,-2.157073217179731
0,0.18884677672715258,0.57319937593467,-10.813906319211002,-7.8610074870480995,-2.513017264491299
0,0.16721896408873058,0.5574773609605738,-4.434614361297704,-10.141147338464496,-1.9830298337222472
0,0.15834973536613517,0.5371950662836448,-8.832184410384095,-7.79385862228904,-2.418565256068346
0,0.14068536654536698,0.5216073490390667,-6.341858824876367,-0.5248182270523594,-3.059026154159363
0,0.12800164889561425,0.520557712584962,-3.4022252855093678,3.256978531060495,2.378002461815675
0,0.12119719832459551,0.527071669647083,3.2283629123089974,2.2308437238895418,0.604669546532695
0,0.1276539241492135,0.531533357094862,-4.589436887676817,6.554273895213957,2.1816702566611497
0,0.11847505037385987,0.54464190488529,1.858679662866798,-3.1153703832619284,-1.032868813391411
0,0.12219240969959347,0.5384111641187661,-3.0826146185067156,1.2056773055696968,2.7687633824703637
0,0.11602718046258004,0.5408225187299055,-3.4349747895117133,-2.960883767578748,-2.430183865681869
0,0.10915723088355661,0.534900751194748,-0.2503917442796197,-1.2826327362179812,-1.7635886686620872
0,0.10865644739499737,0.532335485722312,4.112593118173385,-1.0803134434265171,-0.25688069614449993
0,0.11688163363134414,0.530174858835459,4.702464795550788,-5.1313876783175,-0.828987508864296
0,0.12628656322244572,0.519912083478824,8.182183306883001,-6.826513469432638,-0.6953169952197032
0,0.14265092983621172,0.5062590565399587,4.938350614930475,-4.179744304439264,-0.702391436552197
0,0.15252763106607267,0.4978995679310802,1.2286018713263125,-9.741791144217803,-1.445342032484838
0,0.1549848348087253,0.4784159856426446,6.195806593306457,-11.990463383038302,-1.093856153226912
0,0.1673764479953382,0.454435058876568,3.7549088254404395,-14.272856020544399,-1.3135450787353127
0,0.1748862656462191,0.4258893468354792,-0.6337325620330431,-13.700875249709448,-1.61701827755317
0,0.173618800522153,0.3984875963360603,-2.347940296649323,-2.1688064418915465,-2.395833644916829
0,0.16892291992885436,0.3941499834522772,-1.1925960618887481,-1.8249562845185918,-2.1496231288583867
0,0.16653772780507686,0.39050007088324,-3.9647121052374668,-5.105474760381173,-2.231080843649842
0,0.15860830359460193,0.38028912136247767,1.045890610252273,-4.67765193041264,-1.3508214123400224
0,0.16070008481510648,0.3709338175016524,-1.46465671047237,-0.3929438452159595,-2.8794809859192894
0,0.15777077139416174,0.37014792981122047,-1.3318480773358703,-0.5235265952553414,-2.767063550682409
0,0.15510707523949,0.3691008766207098,-2.2751252196146625,3.328098890148262,2.1704381123315177
0,0.15055682480026067,0.3757570744010063,4.095559663932338,-2.2470455270225673,-0.5018092892009205
0,0.15874794412812535,0.3712629833469612,-3.7154346872028676,-12.000681121856315,-1.8710388360119348
0,0.1513170747537196,0.34726162110324854,-1.4047656737009306,-0.7023110329850701,-2.6779859370081662
0,0.14850754340631775,0.3458569990372784,-1.2749297995001685,-1.5990728744350313,-2.2438845510027168
0,0.1459576838073174,0.34265885328840834,-1.3936293165663498,-4.439840113902665,-1.8749486484976035
0,0.1431704251741847,0.333779173060603,0.40083549817190867,-4.718522071730235,-1.4860504149221
0,0.14397209617052853,0.32434212891714254,0.03983610943138205,-14.709642238979137,-1.5680881703763614
0,0.1440517683893913,0.29492284443918426,0.7396917048631685,-17.601735497554614,-1.5287972447099758
0,0.14553115179911763,0.25971937344407503,0.65278027313867,-14.102373780236697,-1.5245406639565753
0,0.14683671234539497,0.23151462588360164,5.553780866627458,-13.663843973058267,-1.1847349990744767
0,0.1579442740786499,0.2041869379374851,2.5577269174077295,-11.254295286363263,-1.3473254259038965
0,0.16305972791346535,0.18167834736475857,0.33492523509555394,-4.019709289752218,-1.487667581022712
0,0.16372957838365645,0.17363892878525414,1.6670870902700945,-0.63330366504942,-0.36304771496570465
0,0.16706375256419664,0.1723723214551553,4.272628028680156,0.462947186094409,0.10793079871038434
0,0.17560900862155696,0.17329821582734412,7.7870592841387944,-1.9137472885286944,-0.24098406238386375
0,0.19118312718983455,0.16947072125028673,3.9860113114512514,1.0913053865186928,0.267235182905713
0,0.19915514981273705,0.1716533320233241,13.274515762981997,-5.429419024226764,-0.38825000872433885
0,0.22570418133870104,0.16079449397487058,8.796009236691118,1.2374134316338463,0.13976178751535837
0,0.24329619981208328,0.16326932083813828,8.581366719756012,-1.7830399210042729,-0.204865410395578
0,0.2604589332515953,0.15970324099612973,8.940358091329564,-2.0538678171262563,-0.2258118695036097
0,0.27833964943425443,0.15559550536187722,3.906695507898128,-4.427160345046325,-0.8477690251260158
0,0.2861530404500507,0.14674118467178457,1.6684979470622252,-6.350444400391883,-1.3138661051408087
0,0.28949003634417514,0.1340402958710008,-2.513381315144475,-5.359523469055515,-2.0093018595211523
0,0.2844632737138862,0.12332124893288977,6.146101483503724,-5.1232084647845415,-0.694878186585528
0,0.29675547668089364,0.11307483200332069,14.378225665014787,-5.942166018229354,-0.3918979883762974
0,0.3255119280109232,0.10119049996686198,2.948104892080694,-7.269370230081535,-1.1855132488213551
0,0.3314081377950846,0.08665175950669891,1.9191001609760727,-1.755224807472637,-0.7408275754116557
0,0.33524633811703675,0.08314130989175364,-2.464757105426596,-1.1606156311376528,-2.701507642469871
0,0.33031682390618355,0.08082007862947833,0.46071687274545914,3.5844142741557268,1.4429638407821166
0,0.3312382576516745,0.08798890717778979,1.9108333860907434,-5.343911378693083,-1.2273917899663855
0,0.33505992442385596,0.07730108442040362,-0.18177423209422838,3.037212545103016,1.630574054518539
0,0.3346963759596675,0.08337550951060965,-1.5882504875232017,3.1167625184837164,2.0420812420425176
0,0.3315198749846211,0.08960903454757708,-0.9052321388979823,-2.819208711202954,-1.8814917018355137
0,0.32970941070682513,0.08397061712517118,0.9377642707478484,-1.200333125083365,-0.9075912560460957
0,0.33158493924832083,0.08156995087500445,-1.6817603086992094,-4.550845042044144,-1.9247795093010165
0,0.3282214186309224,0.07246826079091616,-3.645489722735401,-9.54698116782889,-1.9355566218205429
0,0.3209304391854516,0.05337429845525838,-0.2035602323924024,-7.104283598250407,-1.599441657330918
0,0.3205233187206668,0.039165731258757566,0.9824802710393377,-6.5569247662174455,-1.4220642546367666
0,0.3224882792627455,0.026051881726322675,4.154836854622729,-11.609954314157617,-1.2271289839574948
0,0.33079795297199094,0.00283197309800744,0.034603350029638325,2.5667537118816766,1.557315775956205
0,0.3308671596720502,0.007965480521770794,8.99022109631306,2.6927518712427623,0.2910164559570338
0,0.34884760186467634,0.013350984264256318,-0.4678781658408182,-2.790833311446356,-1.7368998520025887
0,0.3479118455329947,0.007769317641363606,1.1450046222471477,-0.4791868506558408,-0.396354028237601
0,0.350201854777489,0.006810943940051924,7.1173724160356056,0.16599811195877698,0.023318721194122947
0,0.3644365996095602,0.007142940163969478,10.393879601065969,-3.360795462485141,-0.3127331015963553
0,0.38522435881169215,0.000421349238999196,6.262805658390824,6.25182727632044,0.7845209199887524
0,0.3977499701284738,0.012925003791640076,2.930947548470342,-2.606446779084331,-0.7268633993571618
0,0.4036118652254145,0.0077121102334714135,0.6013381251691041,-1.8643383756857785,-1.2587840115335018
0,0.4048145414757527,0.003983433482099856,-0.5665323287872281,2.545678867468956,1.7897744213119422
0,0.40368147681817823,0.009074791217037768,2.167045240502069,3.8873676934088417,1.0622450415213023
0,0.40801556729918237,0.016849526603855452,-1.4516198384044166,1.967570538858588,2.206425929637089
0,0.40511232762237354,0.020784667681572628,-0.8679321741580093,1.7305747863918703,2.035665802140805
0,0.4033764632740575,0.02424581725435637,-7.3837538733685095,2.2986462505849534,2.8397910663616366
0,0.3886089555273205,0.028843109755526276,-6.762546446591772,0.8540627050007427,3.015964692510896
0,0.37508386263413696,0.03055123516552776,2.6947139944484833,0.3487820591847289,0.12871634388825187
0,0.3804732906230339,0.03124879928389722,-3.257285772230195,1.184485495978129,2.792816784929403
0,0.37395871907857353,0.03361777027585348,-1.3320233896983447,3.344681633263385,1.9497941873983946
0,0.37129467229917684,0.04030713354238025,0.013959783130318426,-0.5692900327334272,-1.546279849538049
0,0.3713225918654375,0.03916855347691339,-4.779491779004413,0.14210866232246266,3.1118684038253126
0,0.36176360830742865,0.03945277080155832,-2.045650394232268,-1.2979509265503322,-2.5761959925670896
0,0.3576723075189641,0.036856868948457654,-6.394957100891968,2.9880794438513942,2.7044819992035185
0,0.3448823933171802,0.04283302783616044,-14.265492944934705,8.485522405989181,2.6049843710529172
0,0.31635140742731077,0.059804072648138806,-14.990499776506683,6.035923531889607,2.7588039523828627
0,0.2863704078742974,0.07187591971191802,-9.660215213844497,9.282842730233144,2.3761132686135116
0,0.2670499774466084,0.09044160517238431,-9.787954147844975,4.444227247458452,2.7153752888431364
0,0.24747406915091846,0.09933005966730121,-8.970969241343052,7.441169515171889,2.449137415488775
0,0.22953213066823236,0.11421239869764499,-10.086857595899168,5.027333822094492,2.6792223697585
0,0.20935841547643402,0.12426706634183397,-4.9025123158151915,-1.9762809226848908,-2.758402999916712
0,0.19955339084480364,0.12031450449646419,-7.096034506315046,-2.7455703176591864,-2.7724160954464883
0,0.18536132183217355,0.11482336386114582,0.19934485397613,-3.873781021120584,-1.5193816577674357
0,0.1857600115401258,0.10707580181890465,-12.550477238790213,-8.196960179287075,-2.563027657092952
0,0.16065905706254538,0.0906818814603305,-14.744314355044224,-6.044329632747744,-2.7525441525871304
0,0.13117042835245693,0.07859322219483501,-7.771923057088112,1.5635446219662632,2.943064079070848
0,0.1156265822382807,0.08172031143876754,3.510683326252616,-1.8996233994926641,-0.49598290954224555
0,0.12264794889078594,0.07792106463978221,4.021362755008327,-1.1155137819259668,-0.2705932721285475
0,0.1306906744008026,0.07569003707593028,-4.850384009622455,-4.373114512993936,-2.4078933340822224
0,0.12098990638155768,0.0669438080499424,-3.5984410048103403,-4.961224666339959,-2.198309684503357
0,0.113793024371937,0.05702135871726249,4.423873253080683,-5.592498992579229,-0.9015446143584621
0,0.12264077087809837,0.04583636073210403,8.266969294379596,-9.699266875628194,-0.864951540403279
0,0.13917470946685756,0.026437826980847644,1.5803869391217973,-3.763278624284539,-1.1732112720948198
0,0.14233548334510115,0.018911269732278566,5.463496025150241,-7.668845850677605,-0.9517784181517717
0,0.15326247539540164,0.003573578030923354,-1.8522163461144185,0.6656252754469834,2.7965976360631983
0,0.1495580427031728,0.004904828581817321,-1.3943062912003117,-1.71136927314864,-2.254455507560437
0,0.14676943012077218,0.0014820900355200406,0.7945788191123654,0.5292247027043299,0.5875716186795095
0,0.1483585877589969,0.0025405394409287003,3.008191343052913,1.5844740121072298,0.48479426711796836
0,0.15437497044510273,0.00570948746514316,1.538328796804364,2.052903586235106,0.9277158728018151
0,0.15745162803871146,0.009815294637613372,0.4681163746365763,0.6490958377649144,0.9459951169836026
0,0.1583878607879846,0.011113486313143201,-7.0265104774450275,6.041802098167162,2.4314032100771645
0,0.14433483983309456,0.023197090509477526,-8.270091745369523,-5.6480801947507295,-2.542399794876224
0,0.1277946563423555,0.011900930119976066,-4.938895388882495,1.6099892921517802,2.8264731376012024
0,0.11791686556459052,0.015120908704279627,-1.1727757687205533,-6.826392217801283,-1.7409356288025746
0,0.11557131402714942,0.001468124268677061,-2.2471150577793306,2.2694420801394792,2.351251158399323
0,0.11107708391159075,0.0060070084289560195,-1.8086627735674834,3.856636025276502,2.0093166780239664
0,0.10745975836445579,0.013720280479509024,-1.4601006487746302,3.4395079156080977,1.97225067025551
0,0.10453955706690653,0.02059929631072522,-8.402132159292307,4.732724765569048,2.628613419754957
0,0.08773529274832191,0.030064745841863316,-10.591138472507797,4.773671734630799,2.718137483539291
0,0.06655301580330632,0.039612089311124914,-16.532960034818426,4.592692824798315,2.870634352323144
0,0.03348709573366947,0.048797474960721544,-15.449093830373991,-2.8740086200255073,-2.957664299533371
0,0.002588908072921483,0.04304945772067053,13.037432968467796,2.5319144370869218,0.1918157902247174
0,0.028663774009857073,0.04811328659484437,-10.76104607061745,3.976740825381464,2.7876089122055236
0,0.007141681868622171,0.0560667682456073,8.456862811788348,-0.0597627478361451,-0.007066657501625283
0,0.024055407492198866,0.05594724274993501,-11.396977095995837,-2.684371818091433,-2.910275014862581
0,0.0012614533002071912,0.050578499113752146,9.387614188353702,0.41340377177966764,0.044008716174598006
0,0.020036681676914594,0.05140530665731148,-9.288401464408892,1.6644048521848864,2.9642827164336873
0,0.0014598787480968132,0.054734116361681254,10.316142204962498,-2.094758048984395,-0.20033261078534093
0,0.02209216315802181,0.050544600263712464,-9.90563957322355,-5.087694528990279,-2.6671117092279863
0,0.0022808840115747086,0.040369211205731906,9.997862081949812,0.8480774861815976,0.08462330464827701
0,0.02227660817547433,0.0420653661780951,-10.276969926227007,-1.8657963677752576,-2.9619975906481213
0,0.001722668323020315,0.038333773442544586,9.039514207921341,0.6158356035990409,0.06802196170858749
0,0.019801696738863,0.03956544464974267,-7.473478804555064,-5.157697752404291,-2.5375192700595917
0,0.00485473912975287,0.029250049144934086,6.20815795973413,-4.6510728190020165,-0.642980748888353
0,0.01727105504922113,0.019947903506930053,-6.15114577787417,-4.5247503972863505,-2.5073748445401796
0,0.004968763493472791,0.010898402712357352,3.9331435199375373,-4.992221614409162,-0.9035052694968246
0,0.012835050533347865,0.0009139594835390292,-4.605162730562591,1.0012209466755473,2.927511522662061
0,0.0036247250722226836,0.002916401376890124,-0.07089669131531162,1.7557947732053854,1.6111530923730752
0,0.0034829316895920604,0.006427990923300895,-0.5939651670143651,2.2591048466366894,1.827898088523525
0,0.00229500135556333,0.010946200616574274,0.610564697497833,-5.402665110701786,-1.4582620283056833
0,0.003516130750558996,0.00014087039517070082,0.4116438859291089,3.6958939171624365,1.4598747808055548
0,0.004339418522417214,0.007532658229495575,-0.5567274456332045,-1.383619685998396,-1.9533443803711796
0,0.003225963631150805,0.0047654188574987825,3.789373767695799,1.1732572234622705,0.3002568582589954
0,0.010804711166542403,0.007111933304423323,-2.9966434664212205,-0.909548945923132,-2.8469072788990903
0,0.004811424233699962,0.005292835412577059,-0.24950214946346544,-0.9264383174979467,-1.8338679985696864
0,0.004312419934773031,0.003439958777581166,6.128832354578119,0.3574036508024619,0.05824916058409132
0,0.01657008464392927,0.00415476607918609,-1.172556266326074,5.408141510192086,1.7843048921380595
0,0.014224972111277122,0.014971049099570262,-6.726122506264923,0.5561690967930151,3.059092415535518
0,0.0007727270987472768,0.016083387293156292,7.137557593473576,-3.749152935069941,-0.48365952381706695
0,0.015047842285694429,0.00858508142301641,-3.2571623850206395,1.922468463410186,2.6083894280811544
0,0.00853351751565315,0.012430018349836782,2.2472363516939877,-5.24915796359735,-1.1662913201567549
0,0.013027990219041125,0.0019317024226420832,-2.4142381052749347,0.6593137504792698,2.8749993712490265
0,0.008199514008491256,0.003250329923600623,-2.0935876167246064,3.1307930741591665,2.1602111040017777
0,0.004012338775042043,0.009511916071918956,-1.9679649012243274,2.771668630667079,2.1882214497572705
0,7.640897259338889e-05,0.015055253333253114,2.2955272142127545,-1.0459759937068158,-0.4275493837268584
0,0.004667463401018898,0.012963301345839482,-0.9726693316974687,6.323417622774047,1.7234202964335381
0,0.0027221247376239604,0.025610136591387576,2.680337389667707,8.886196636141655,1.2778454205496652
0,0.008082799516959375,0.04338252986367089,-2.2698191752141557,10.618115592738897,1.7813951482595014
0,0.0035431611665310628,0.06461876104914868,-1.5489038871690004,13.577715324910526,1.6843822225524747
0,0.0004453533921930618,0.09177419169896973,2.4331617246460384,17.780769065128897,1.434798696069337
0,0.005311676841485139,0.12733572982922753,0.4869327080080682,11.882819609241132,1.529841364249543
0,0.006285542257501275,0.1511013690477098,1.678599487635642,13.046111407964176,1.4428327335976212
0,0.00964274123277256,0.17719359186363814,3.658414533156239,1.7410952053130562,0.4441948195644701
0,0.016959570299085038,0.18067578227426426,4.930991976082674,4.832614229553417,0.7753225401705952
0,0.026821554251250386,0.1903410107333711,1.533450692451933,-0.6460195858620094,-0.39871970099924786
0,0.029888455636154252,0.18904897156164707,5.122195490247642,6.969502142802606,0.9370007381476971
0,0.04013284661664954,0.20298797584725228,11.682608282844848,7.407007127364098,0.5650593180377328
0,0.06349806318233923,0.21780199010198048,8.24069727220774,-10.224202571497463,-0.8924081337560574
0,0.07997945772675472,0.19735358495898556,9.6501900673394,0.6857918781792566,0.07094584515070955
0,0.09927983786143352,0.19872516871534407,4.7933205937912975,0.3265882908582429,0.06802889971359971
0,0.10886647904901611,0.19937834529706056,7.776846808904683,4.671813223847951,0.5409587415882887
0,0.12442017266682548,0.20872197174475646,-0.7950199835086782,3.1054800896891943,1.8214191897317384
0,0.12283013269980812,0.21493293192413485,8.33799726971212,-4.546707768565097,-0.4992274075895702
0,0.13950612723923236,0.20583951638700465,-1.0132525551204419,1.980185297410189,2.043756759132171
0,0.13747962212899148,0.20979988698182503,-0.85746130335565,3.5796694042723454,1.8059029582762725
0,0.13576469952228018,0.21695922579036972,4.075124201739152,0.8108779228933605,0.19641689033400275
0,0.14391494792575849,0.21858098163615644,-0.02710907172764898,0.22294063671288167,1.691799987157299
0,0.1438607297823032,0.2190268629095822,7.088351173464499,-4.8120728058245605,-0.5964039209036437
0,0.15803743212923219,0.20940271729793308,4.383003029852103,3.6172141107423395,0.689967898235435
0,0.1668034381889364,0.21663714551941776,8.474356106524445,3.5872453408097305,0.4004348951269982
0,0.18375215040198528,0.22381163620103722,12.034358375319256,4.469151647961731,0.35558090596319414
0,0.2078208671526238,0.23274993949696068,9.457759229500873,-2.743505866211235,-0.2823311235271792
0,0.22673638561162554,0.22726292776453821,5.032160745069084,-0.42399390464296915,-0.08405828773071414
0,0.2368007071017637,0.22641493995525228,10.113645314010489,-0.025086679775410126,-0.002480473414463174
0,0.2570279977297847,0.22636476659570146,10.71061882284649,-5.531402330524668,-0.47671370553997344
0,0.27844923537547767,0.21530196193465212,4.5828751355450335,-4.076323746830826,-0.7269661124178198
0,0.28761498564656773,0.20714931444099047,2.3392810884343693,-6.190982112918173,-1.209526756091969
0,0.2922935478234365,0.19476735021515412,-0.33674827488502923,-7.575879907908769,-1.6152171410484804
0,0.2916200512736664,0.17961559039933658,11.231265753916919,-2.0522632509900745,-0.18073376292309262
0,0.31408258278150025,0.17551106389735643,2.0438128454857427,-2.3941406128947103,-0.8641738434803528
0,0.31817020847247174,0.170722782671567,9.371647573650666,2.0112613516518745,0.21140459219413782
0,0.33691350361977307,0.17474530537487076,5.527905871662797,-0.3563995905824374,-0.06438369364055473
0,0.34796931536309866,0.1740325061937059,4.18210227179,0.5134034786452302,0.12215087818440368
0,0.35633351990667866,0.17505931315099635,11.235468017813888,4.397683575833783,0.37308003909220966
0,0.37880445594230644,0.18385468030266391,12.459885572247087,5.212560368144298,0.39622234387170385
0,0.4037242270868006,0.1942798010389525,5.390816833551998,3.7122670890453597,0.6030528647602376
0,0.4145058607539046,0.20170433521704323,6.080035129518324,6.046661104473494,0.7826460584430881
0,0.42666593101294126,0.21379765742599022,3.6676444957884633,8.563705301261077,1.1661526689543504
0,0.4340012200045182,0.23092506802851237,1.6774122512585588,4.658730454761326,1.2251895761447176
0,0.4373560445070353,0.24024252893803502,-2.039810886461185,4.770645255115752,1.9748463963512983
0,0.43327642273411293,0.24978381944826653,-4.4242312218799595,11.43803671361253,1.9398717542694561
0,0.424427960290353,0.2726598928754916,2.9662727327135485,10.427518878152409,1.293651287767474
0,0.4303605057557801,0.2935149306317964,0.4499370318923612,6.6781359300429335,1.5035233514119992
0,0.43126037981956483,0.30687120249188227,0.5723366171938027,6.684902094658329,1.4853882999499504
0,0.43240505305395244,0.3202410066811989,-4.256361117590784,4.109213516458598,2.3737823349913403
0,0.42389233081877087,0.3284594337141161,6.002654940334528,1.3612637183316734,0.2230051142857117
0,0.4358976406994399,0.33118196115077947,6.616772333442322,6.008109915474652,0.7372241302023935
0,0.44913118536632457,0.3431981809817288,4.676402317933398,-4.428397287720986,-0.7581659637137443
0,0.45848399000219137,0.3343413864062868,-1.0903960314797845,2.7347427804792765,1.950198576381353
0,0.4563031979392318,0.33981087196724535,9.337360205809524,4.177741184554357,0.4207080641825838
0,0.47497791835085085,0.34816635433635407,5.714087309844684,-0.9935619711524124,-0.1721581412596193
0,0.4864060929705402,0.34617923039404924,2.0176341093935957,3.4679323736666046,1.0438686105017076
0,0.4904413611893274,0.35311509514138245,-0.9494300105446773,6.650519254405879,1.712598457406274
0,0.48854250116823805,0.3664161336501942,-0.17400905659140098,3.5072236688269975,1.6203701502858967
0,0.48819448305505525,0.3734305809878482,-1.460792023580182,6.693119010985265,1.7856794909561884
0,0.4852728990078949,0.38681681900981874,3.140169337774723,4.22533462629121,0.9316765895646124
0,0.49155323768344433,0.39526748826240116,0.48004010262986396,10.762880584783723,1.526224414533538
0,0.49251331788870406,0.4167932494319686,5.7873236823965115,7.693032548139494,0.9258368541058729
0,0.5040879652534971,0.4321793145282476,12.293070124981764,5.651175866408953,0.4308945665437739
0,0.5286741055034606,0.4434816662610655,5.156280892947063,4.580077873244909,0.7262865634785113
0,0.5389866672893547,0.4526418220075553,7.771728561946023,15.339402854773198,1.1018418382567863
0,0.5545301244132468,0.4833206277171017,10.133824302311078,5.537777446118164,0.5001249321671427
0,0.5747977730178689,0.49439618260933804,0.8176702635668276,2.6289717783169464,1.269257765663686
0,0.5764331135450026,0.49965412616597193,2.7173631648279017,5.050998839466803,1.0772242193350732
0,0.5818678398746584,0.5097561238449055,-4.330363146473615,6.035207854496682,2.1931820606551793
0,0.5732071135817112,0.5218265395538989,-2.5376028586856503,-1.9741478441177573,-2.480437349687425
0,0.5681319078643399,0.5178782438656634,3.533095120157037,2.385599488721357,0.5938974845624876
0,0.5751980981046539,0.5226494428431061,-5.5307572832734575,0.3553698924279036,3.077427470746623
0,0.564136583538107,0.5233601826279619,2.502624755042815,1.218255137528379,0.4530246566985363
0,0.5691418330481927,0.5257966929030187,1.0398599357566707,2.3186470413025795,1.1492096263847627
0,0.571221552919706,0.5304339869856238,-3.2319760449395774,8.267736318407215,1.9434457166570918
0,0.5647576008298268,0.5469694596224383,-4.883489965187504,10.426620197745818,2.0088192401549376
0,0.5549906208994518,0.5678227000179299,0.40374346305666053,9.84533283888056,1.5298106768678708
0,0.5557981078255652,0.587513365695691,-3.854264589621348,16.45706562748195,1.8008511618005314
0,0.5480895786463225,0.6204274969506549,0.5000403903872574,4.8652476124043105,1.4683779483402668
0,0.549089659427097,0.6301579921754635,1.4581175484763564,5.835177256562629,1.3259268245849127
0,0.5520058945240497,0.6418283466885888,0.013098763018803972,10.794069572128306,1.5695828126053266
0,0.5520320920500873,0.6634164858328454,6.384241916333244,14.24248110583215,1.1493957455068007
0,0.5648005758827538,0.6919014480445097,-1.2126701355049119,5.686745410439009,1.780894442330685
0,0.562375235611744,0.7032749388653877,0.7979695865542036,-2.9122936053667114,-1.303359681723421
0,0.5639711747848524,0.6974503516546543,0.637134760214042,2.278559473807673,1.2981384203823865
0,0.5652454443052805,0.7020074706022696,-0.7062178262837726,4.226276030575182,1.7363682308743205
0,0.5638330086527129,0.71046002266342,0.4925533613819866,9.547347318772381,1.519251426435906
0,0.5648181153754769,0.7295547173009648,0.909288750195858,5.419543450661701,1.404565005883854
0,0.5666366928758686,0.7403938042022882,-0.9932261460999237,10.180034432656193,1.6680545902834598
0,0.5646502405836687,0.7607538730676006,1.5029718539065207,6.561928979285869,1.3456358950015967
0,0.5676561842914818,0.7738777310261723,-5.891499313871617,8.270028499994197,2.1897905164137508
0,0.5558731856637386,0.7904177880261607,-2.31956099784858,12.810859118498552,1.7499178378082179
0,0.5512340636680414,0.8160395062631578,-8.10787553076553,4.5882924309459945,2.626619890266551
0,0.5350183126065103,0.8252160911250498,-4.160369633904204,10.696267415595372,1.9417452794453944
0,0.5266975733387019,0.8466086259562405,-5.451754475122472,4.323044355551364,2.4711567809261403
0,0.515794064388457,0.8552547146673433,-7.23293005938952,-0.8537194717635477,-3.02410393032813
0,0.501328204269678,0.8535472757238162,-4.9267148740637925,5.421447886277186,2.3084220878737027
0,0.49147477452155036,0.8643901714963705,-12.423513891384408,2.516862033922429,2.9417093183732144
0,0.46662774673878155,0.8694238955642154,0.7733296859345207,7.5250302894120935,1.4683881834130148
0,0.4681744061106506,0.8844739561430396,-6.80230531859996,6.357055772467812,2.3900167821266582
0,0.45456979547345067,0.8971880676879752,-6.676566662079026,5.710846105678679,2.433996950943723
0,0.4412166621492926,0.9086097598993326,-6.637414688636572,11.224951345153888,2.104800872553977
0,0.42794183277201947,0.9310596625896403,-4.6378607663095925,5.847842212417797,2.241309165894192
0,0.4186661112394003,0.9427553470144759,-5.418268189442743,3.641308171001778,2.549877335173179
0,0.4078295748605148,0.9500379633564795,-0.8752170206433041,4.632136342662518,1.7575394223009677
0,0.4060791408192282,0.9593022360418045,-5.34035240458422,12.324684811944152,1.9796806328904246
0,0.39539843601005975,0.9839516056656928,0.05093370030487265,3.942700436688984,1.5578785644609208
0,0.3955003034106695,0.9918370065390708,-0.22874004232550926,-1.1452631030446914,-1.7679294388193696
0,0.3950428233260185,0.9895464803329814,-3.011294966995537,1.5963619899171944,2.6541366870779375
0,0.3890202333920274,0.9927392043128158,-1.3119385551571827,1.4055904588425872,2.3217459692448066
0,0.38639635628171304,0.995550385230501,3.8441322478005024,-0.5505319701399891,-0.14224635293672636
0,0.39408462077731404,0.994449321290221,4.292141614625877,2.278087743451729,0.4879500279441399
0,0.4026689040065658,0.9990054967771245,-5.191751862930166,-0.9838346843504819,-2.9543137566692907
0,0.39228540028070547,0.9970378274084235,1.1105972297752176,-2.049698691867441,-1.0742439104759045
0,0.3945065947402559,0.9929384300246886,1.6894229233835045,-2.7717587471011718,-1.023411337643613
0,0.3978854405870229,0.9873949125304863,-3.3472738402995637,5.687577731159688,2.1027345738246366
0,0.3911908929064238,0.9987700679928057,1.0138380037975903,0.13026457731823982,0.12778644843307166
0,0.39321856891401896,0.9990305971474421,-2.5376340307822765,-4.174444196451798,-2.1170025573593843
0,0.3881433008524544,0.9906817087545385,-1.226725627099079,-0.2685877550405169,-2.926047067452484
0,0.38568984959825625,0.9901445332444575,0.8477685846474681,-0.34721085959676934,-0.3887192382999685
0,0.3873853867675512,0.989450111525264,3.24509828183267,-5.908606493739088,-1.0685556170768147
0,0.39387558333121653,0.9776328985377858,-0.07648462987233651,-1.7805980712366498,-1.6137243984818117
0,0.39372261407147185,0.9740717023953125,-0.0377481747078634,-4.213471075985131,-1.579755012912988
0,0.39364711772205613,0.9656447602433422,0.3714407866804159,-5.523918363721347,-1.5036551327733545
0,0.39438999929541696,0.9545969235158995,3.2572451986600526,-5.138786562844833,-1.0058547470832986
0,0.40090448969273706,0.9443193503902099,4.363720691457074,-8.970291699509858,-1.118036334807056
0,0.4096319310756512,0.9263787669911902,1.4406938541465797,-9.962064864282748,-1.427174063370868
0,0.41251331878394437,0.9064546372626247,-1.6437976435408896,-13.465365598469559,-1.692271253509052
0,0.4092257234968626,0.8795239060656855,2.692290191360025,-9.924149908100476,-1.305885578783014
0,0.41461030387958264,0.8596756062494846,-1.3763004814999202,-9.590768268967597,-1.7133259026974328
0,0.4118577029165828,0.8404940697115494,4.968049853579015,-2.2334682804813766,-0.4224932843020201
0,0.42179380262374083,0.8360271331505866,1.321984163319051,-2.1831734349838094,-1.0263181709733953
0,0.42443777095037893,0.831660786280619,2.9044459991534874,-5.788029187166477,-1.1057079671015053
0,0.4302466629486859,0.8200847279062861,5.803659835179026,-4.0477338446431865,-0.6090091762469182
0,0.44185398261904396,0.8119892602169997,4.345664391305043,-6.826447322275608,-1.0039043099607108
0,0.45054531140165405,0.7983363655724485,6.838116471292343,-4.529493413560625,-0.5850353210049345
0,0.46422154434423873,0.7892773787453272,1.5344998326837778,2.0834510938250173,0.9359794946772091
0,0.4672905440096063,0.7934442809329773,4.2084680650539275,-2.6454738569060554,-0.5611891429096608
0,0.47570748013971415,0.7881533332191651,2.6382741828024914,3.0570607879005784,0.8587975805724503
0,0.48098402850531913,0.7942674547949663,4.768950688689266,-6.77100764532984,-0.9571774486417126
0,0.49052192988269766,0.7807254395043066,-0.16675962748263773,-4.590862682191776,-1.6071046098603423
0,0.4901884106277324,0.7715437141399231,1.6488970370038547,-3.072117412321329,-1.0781984043541686
0,0.4934862047017401,0.7653994793152804,6.1913985614314715,-1.4032202933419446,-0.2228751333898142
0,0.505869001824603,0.7625930387285965,4.385884394586037,-0.1816928316127342,-0.04140305200844149
0,0.5146407706137751,0.762229653065371,3.5119977256413693,-6.6500089394729285,-1.0849071942303201
0,0.5216647660650578,0.7489296351864252,7.854725162978027,-1.7743456666196034,-0.22216645874535176
0,0.5373742163910139,0.745380943853186,-0.5303094780617079,-1.7282598477529887,-1.8685218853506331
0,0.5363135974348905,0.74192442415768,1.340216410208206,-3.5774175872919645,-1.2123480058837672
0,0.5389940302553069,0.7347695889830961,-1.513456321520834,0.45791979530546145,2.8477837778117294
0,0.5359671176122652,0.735685428573707,0.5200707536121008,-0.4473672866601719,-0.7103886442843235
0,0.5370072591194894,0.7347906940003867,4.887252857306678,1.3692210116765247,0.27315863030869214
0,0.5467817648341028,0.7375291360237397,6.298341785367478,-4.45579361834375,-0.6157118408389685
0,0.5593784484048377,0.7286175487870522,6.216393481663751,-4.326465578713578,-0.6080207166315701
0,0.5718112353681652,0.719964617629625,8.325343870334622,-1.360912209386389,-0.1620330892931081
0,0.5884619231088345,0.7172427932108523,15.38281873214098,-4.867978364603342,-0.3064844320843108
0,0.6192275605731165,0.7075068364816456,14.566581605495843,-5.507370475837547,-0.3614704467079036
0,0.6483607237841081,0.6964920955299705,10.614092096635941,-7.461205894975175,-0.6127049700486746
0,0.66958890797738,0.6815696837400201,5.130121108152752,0.3482801404853242,0.06778525090265798
0,0.6798491501936855,0.6822662440209908,10.220636785904235,2.4889203137589133,0.23886975673153685
0,0.700290423765494,0.6872440846485086,-1.120605731674773,-0.034456444540753584,-3.110854285172269
0,0.6980492123021445,0.6871751717594271,4.828616795881313,1.8687086007839193,0.3692555982959731
0,0.7077064458939071,0.6909125889609949,-1.1883998919157146,2.9377324670292193,1.955201466679689
0,0.7053296461100756,0.6967880538950534,1.1373484978782766,2.523103199594756,1.1472991994545931
0,0.7076043431058322,0.7018342602942429,10.308619290738784,2.441425095828287,0.23254867501204696
0,0.7282215816873098,0.7067171104858995,5.650806228585103,7.014698526318474,0.8926703741154179
0,0.73952319414448,0.7207465075385364,8.599628092591571,8.004706083774183,0.7495841630703566
0,0.7567224503296631,0.7367559197060848,4.915267749395547,9.091055809958947,1.075143910025595
0,0.7665529858284542,0.7549380313260027,7.053561439086808,9.010787541795684,0.9066372496451343
0,0.7806601087066278,0.772959606409594,4.119309236404356,10.646740066840577,1.2016268262990213
0,0.7888987271794365,0.7942530865432752,7.895855324906997,7.9952745549496935,0.7916543537189759
0,0.8046904378292505,0.8102436356531746,3.7558199480937082,3.3684713502610264,0.7310815197558116
0,0.812202077725438,0.8169805783536966,2.6032886183136594,1.9578568981691857,0.6448249921962899
0,0.8174086549620653,0.820896292150035,0.646314477026011,4.858971123668732,1.4385578973451965
0,0.8187012839161173,0.8306142343973725,3.813547575132692,-1.6168658342728404,-0.40100592178934585
0,0.8263283790663827,0.8273805027288268,5.316432111495184,4.784172727058055,0.7327510650710974
0,0.836961243289373,0.8369488481829429,7.620992145498439,-1.5986891895360955,-0.20677613010458765
0,0.8522032275803699,0.8337514698038707,10.852314334936109,-2.3792260296093826,-0.21582216600179885
0,0.8739078562502421,0.828993017744652,9.440920562316323,-2.042529796293935,-0.21306480225396637
0,0.8927896973748748,0.8249079581520641,12.884338093559212,-4.216716694774136,-0.31628782639708614
0,0.9185583735619932,0.8164745247625158,9.199690303540676,-10.8736407292509,-0.8685974198090625
0,0.9369577541690746,0.794727243304014,-1.1665304438573942,-3.3473580937666836,-1.9061278649058662
0,0.9346246932813598,0.7880325271164806,-0.8676407664440777,-6.2422951284124,-1.708905344709446
0,0.9328894117484716,0.7755479368596558,2.972090560313223,-7.180823090605248,-1.178371113289262
0,0.9388335928690981,0.7611862906784453,-0.8475859950525244,1.0776692363008156,2.237250690556482
0,0.937138420878993,0.763341629151047,0.5310874886070294,-6.653708441794914,-1.4911469192533677
0,0.9382005958562071,0.7500342122674571,-1.7372505020933349,-7.852563024323633,-1.7885229422485698
0,0.9347260948520204,0.7343290862188099,6.1072724641214045,-12.397875168672357,-1.1130810853477813
0,0.9469406397802632,0.7095333358814652,-2.636072411118795,-2.8552878201287824,-2.31629561942448
0,0.9416684949580256,0.7038227602412076,3.0935641187808116,0.0007987212462534643,0.0002581880309693972
0,0.9478556231955872,0.7038243576837001,2.5143828155037573,-2.266863500007099,-0.7336755504612918
0,0.9528843888265948,0.6992906306836859,1.2495180209457502,-3.1906468063039872,-1.1975357339392
0,0.9553834248684863,0.6929093370710779,3.074268120471013,3.8139520568006846,0.892372135657935
0,0.9615319611094283,0.7005372411846793,4.21906214785539,6.476345256683668,0.9933973510957116
0,0.9699700854051391,0.7134899316980466,4.151807844970823,1.582172657514258,0.3640907598979144
0,0.9782737010950807,0.7166542770130752,8.888731262283066,2.2948296930196954,0.25265590707916097
0,0.9960511636196469,0.7212439363991145,-4.8470858945078295,1.690168243662138,2.80607838372182
0,0.9863569918306312,0.7246242728864388,2.6746453029367068,3.261172002416657,0.8838898931870144
0,0.9917062824365046,0.7311466168912721,2.819602323051562,2.881277402549731,0.7962162610380926
0,0.9973454870826077,0.7369091716963716,-6.181137650372315,7.2904204485245705,2.2740372630780046
0,0.9849832117818631,0.7514900125934207,-1.9374278936321598,8.243611799091887,1.801628878386578
0,0.9811083559945988,0.7679772361916045,2.85784573803044,1.7550711449264011,0.5507399862147557
0,0.9868240474706597,0.7714873784814573,6.103012039693045,4.213420236595544,0.6042428959506922
0,0.9990300715500458,0.7799142189546484,-3.8079303398480535,8.400836149205725,1.9963744868378637
0,0.9914142108703496,0.7967158912530599,-0.014218750262084967,7.768086371985838,1.5726267305393713
0,0.9913857733698255,0.8122520639970315,3.4976885933464263,5.340996577771484,0.9910012183274298
0,0.9983811505565183,0.8229340571525745,-1.6897028103910472,9.047154956874692,1.7554353104110498
0,0.9950017449357362,0.8410283670663239,-0.676805160882199,5.588457668544155,1.6913170683008463
0,0.9936481346139718,0.8522052824034122,0.5470527906185629,5.804250820891587,1.4768235576659645
0,0.994742240195209,0.8638137840451954,-1.351914561807277,7.619011756619387,1.7464081367971664
0,0.9920384110715944,0.8790518075584342,-0.6792961837007727,4.542780704080151,1.7192296392891866
0,0.9906798187041929,0.8881373689665945,0.9075725738181828,9.574389586621768,1.4762870312368692
0,0.9924949638518292,0.907286148139838,0.10926338750533171,6.750676838847169,1.5546121944032796
0,0.9927134906268399,0.9207875018175323,0.23965746366916285,1.8431811091653705,1.4414978907345215
0,0.9931928055541782,0.9244738640358631,-2.737272929361101,8.167162157051822,1.8941863314456977
0,0.987718259695456,0.9408081883499667,2.346428119294419,8.532879547737071,1.3024425101478518
0,0.9924111159340449,0.9578739474454409,-3.2783035269433047,2.5426070129452305,2.4819164500060267
0,0.9858545088801582,0.9629591614713313,2.1763374893307708,9.869665587782682,1.3537617894106422
0,0.9902071838588198,0.9826984926468967,-4.371251554423694,4.376453991875917,2.3555997700327174
0,0.9814646807499724,0.9914514006306485,-7.552375596418914,-1.493200632651459,-2.9463973770363956
0,0.9663599295571346,0.9884649993653456,-2.1203193401634346,-3.828328702858097,-2.076590483363563
0,0.9621192908768077,0.9808083419596294,-6.177556528136951,9.113555915739035,2.1664962652245117
0,0.9497641778205338,0.9990354537911075,-2.8367895376919527,-1.9346587212768496,-2.5430572896973818
0,0.9440905987451499,0.9951661363485538,-0.11997800457985708,-0.3554068331964588,-1.8963634081441463
0,0.9438506427359902,0.9944553226821609,-6.090939919886795,-0.3849831550029048,-3.078470751469495
0,0.9316687628962166,0.993685356372155,-5.421094514103553,1.0444937180136282,2.9512529681863438
0,0.9208265738680095,0.9957743438081823,-2.050123768809864,-7.274491845755571,-1.8454952884751132
0,0.9167263263303898,0.9812253601166712,-2.3044892012786256,4.167292318437432,2.0759355730662947
0,0.9121173479278325,0.989559944753546,-2.407770350188465,4.09160105739198,2.1026921823018476
0,0.9073018072274556,0.99774314686833,2.325851721735217,-1.0188161762346715,-0.41286362937040433
0,0.911953510670926,0.9957055145158606,7.116626613774046,1.0506469626925807,0.1465739617333601
0,0.9261867638984741,0.9978068084412458,-0.519474493963612,-2.2309187967788913,-1.7995719819610032
0,0.9251478149105469,0.993344970847688,-3.196638023066467,1.934155494161094,2.5974613978397496
0,0.9187545388644139,0.9972132818360102,6.384786021846778,0.35900950359391004,0.05616975410925452
0,0.9315241109081075,0.997931300843198,6.209114107780134,-0.6581620081138606,-0.10560499886155619
0,0.9439423391236678,0.9966149768269703,3.018219694465807,-2.641108284918592,-0.7188611586304586
0,0.9499787785125994,0.9913327602571331,-2.4718803370538667,-0.44522923205331244,-2.963385777693455
0,0.9450350178384916,0.9904423017930265,-2.4794063959070467,2.403803206943833,2.3716755273103423
0,0.9400762050466775,0.9952499082069142,4.239873742205746,-1.8824075723164468,-0.4178341478174413
0,0.948555952531089,0.9914850930622813,-0.06426299810163849,2.329571815725462,1.598375087958323
0,0.9484274265348858,0.9961442366937322,0.24072590311924325,0.6792634608214776,1.2302137036726655
0,0.9489088783411243,0.9975027636153752,-0.01744027630784517,-2.521564400537357,-1.5777126673863073
0,0.9488739977885086,0.9924596348143004,-0.15424500200678093,-2.546552168176397,-1.6312925497846251
0,0.948565507784495,0.9873665304779476,-1.2322471574279792,-7.761612670844187,-1.7282440075887766
0,0.946101013469639,0.9718433051362593,-1.939979622781307,-8.638588353672594,-1.7917027556538996
0,0.9422210542240764,0.9545661284289141,-0.6002921988627619,-13.780329685549319,-1.614330330562562
0,0.9410204698263509,0.9270054690578154,-5.244832371557872,-16.98467549231497,-1.8703049310838586
0,0.9305308050832352,0.8930361180731855,1.4391533802736722,-9.317456835623295,-1.4175496021917053
0,0.9334091118437825,0.8744012044019389,-0.5879551011747086,4.043412745953878,1.7151948766553886
0,0.9322332016414331,0.8824880298938467,0.8003536065875894,-1.609202855009484,-1.1092627108226394
0,0.9338339088546083,0.8792696241838277,3.2881542016915954,-0.0750943844378682,-0.022833884397841245
0,0.9404102172579915,0.879119435414952,-3.662148994579839,-3.336467037531432,-2.4026961370620206
0,0.9330859192688318,0.8724465013398891,-2.510998726870828,-7.178647638860558,-1.9072815157448513
0,0.9280639218150901,0.858089206062168,-0.2077469971676904,3.711853964671108,1.626706522914522
0,0.9276484278207547,0.8655129139915102,-1.2152961034303522,-4.857633796277738,-1.8159469673713022
0,0.925217835613894,0.8557976463989547,0.3703999233420907,-1.3229808116135278,-1.2978119484331232
0,0.9259586354605782,0.8531516847757277,5.467903182475697,-1.7551042531424588,-0.31059442820583494
0,0.9368944418255296,0.8496414762694428,2.9471668890741487,-3.339154296035096,-0.8476731462766646
0,0.9427887756036779,0.8429631676773726,1.4075362299766914,-3.130349255081155,-1.1482402253284658
0,0.9456038480636313,0.8367024691672102,6.96147646562667,0.3925618528164976,0.056330944213642584
0,0.9595268009948846,0.8374875928728432,2.9315240369167106,-1.4965468777006774,-0.4720133251251642
0,0.965389849068718,0.8344944991174419,1.5111576293293516,-8.366027061220581,-1.3920929768914214
0,0.9684121643273768,0.8177624449950007,4.065175228710971,-6.210151326410118,-0.9911930103964709
0,0.9765425147847987,0.8053421423421805,5.862736827740133,-5.807688182662973,-0.7806812626191497
0,0.988267988440279,0.7937267659768545,5.3601494631723146,-1.4119904329218391,-0.25757229362189604
0,0.9989882873666236,0.7909027851110109,-13.884502134028697,-5.764463491507499,-2.7480753432209926
0,0.9712192830985662,0.7793738581279959,5.854275025314215,1.5978097343116726,0.26644112149374954
0,0.9829278331491946,0.7825694775966192,5.209422234592975,-7.006493025291549,-0.931459512046122
0,0.9933466776183806,0.7685564915460361,-0.6293068820105718,-3.8099403083676764,-1.7344933005705454
0,0.9920880638543594,0.7609366109293008,-3.060320895888924,-6.722419491274723,-1.9980001047300786
0,0.9859674220625816,0.7474917719467513,-0.13158179615058163,-0.6380043357034904,-1.7741842957173541
0,0.9857042584702804,0.7462157632753443,-1.273319354112623,-6.593849794873652,-1.761555419255944
0,0.9831576197620552,0.733028063685597,6.8196943633145874,-4.479396317141948,-0.5811633388772187
0,0.9967970084886844,0.7240692710513131,1.2841459639161834,-6.279265932667033,-1.3690720966719212
0,0.9993653004165167,0.7115107391859791,-1.0834577137846524,1.905248247609903,2.087860507989312
0,0.9971983849889474,0.7153212356811989,0.859601685439193,-3.9989455837692867,-1.3590611861147495
0,0.9989175883598258,0.7073233445136603,-2.0174152904961495,-4.869117546407786,-1.9635937064322728
0,0.9948827577788335,0.6975851094208447,1.3117157359449072,-4.3416197790523965,-1.2773903182999493
0,0.9975061892507233,0.6889018698627399,-2.205833609626451,-1.8617113764505255,-2.440595455678297
0,0.9930945220314704,0.6851784471098389,-5.275502299688705,-7.263459459175447,-2.1989607618009823
0,0.982543517432093,0.670651528191488,-4.725177646517031,-4.720115595388374,-2.356730423859449
0,0.9730931621390589,0.6612112970007112,-3.461876539325892,-8.83275964466612,-1.9443317136205147
0,0.9661694090604072,0.643545777711379,-10.245253509843788,-9.524395053879864,-2.392641230137794
0,0.9456789020407196,0.6244969876036193,-4.012831249718296,-8.681048265763602,-2.0037921128881653
0,0.937653239541283,0.6071348910720921,-6.787689231369409,-6.9734795504344245,-2.34269425378682
0,0.9240778610785442,0.5931879319712232,-6.736847594604356,-4.164749919882915,-2.587894875779666
0,0.9106041658893355,0.5848584321314574,-6.229134605161557,-6.989146676147251,-2.2987606830503746
0,0.8981458966790123,0.5708801387791629,-3.8040820749235538,-6.637731704282057,-2.091201311007998
0,0.8905377325291652,0.5576046753705988,6.255479017788279,3.426031948159103,0.5010641128648189
0,0.9030486905647418,0.564456739266917,-2.9695258948020387,-8.40347446192541,-1.9104691682462753
0,0.8971096387751377,0.5476497903430662,9.057060813532969,-2.7670117512548775,-0.29650304252004156
0,0.9152237604022037,0.5421157668405564,0.7789440384402546,-5.556498269105036,-1.4315178292194644
0,0.9167816484790842,0.5310027703023463,-1.226548637745406,-5.5808225664009665,-1.7871360014905533
0,0.9143285512035934,0.5198411251695444,-0.9103221756918689,-8.247946585812404,-1.680720973497931
0,0.9125079068522096,0.5033452319979196,0.09006652324011766,-4.865198156238315,-1.5522860352119736
0,0.9126880398986899,0.49361483568544295,2.155454365240006,-1.140142195212801,-0.4865437830983534
0,0.9169989486291699,0.49133455129501735,-0.7490517361442017,-5.938617234593463,-1.6962660928583964
0,0.9155008451568815,0.4794573168258304,-1.3328871273506349,-6.8886415253651965,-1.7619250496675383
0,0.9128350709021802,0.46568003377510003,3.848746143084003,-8.616777792036734,-1.1507257213902253
0,0.9205325631883482,0.44844647819102657,-5.704945399152117,-1.5017896934392816,-2.884188895939174
0,0.909122672390044,0.445442898804148,-4.689046023655996,-4.152518349235523,-2.4168026066618697
0,0.899744580342732,0.43713786210567696,0.6124168566815635,-7.316757800356066,-1.4872903941019628
0,0.9009694140560951,0.4225043465049648,3.2069238664385047,-6.797488672695723,-1.1299779372298706
0,0.9073832617889721,0.4089093691595734,-2.825812565358965,-8.123698059616963,-1.9055527606542266
0,0.9017316366582542,0.39266197304033945,-1.0816980907888962,-5.9635228675387895,-1.750231204455473
0,0.8995682404766764,0.38073492730526187,-4.417399085247742,-12.926305258020825,-1.9000911778726923
0,0.8907334423061809,0.3548823167892202,-1.6454187433760925,-16.494495582106055,-1.6702230196430485
0,0.8874426048194287,0.3218933256250081,3.0152672204176167,-5.187452469819082,-1.044268978474379
0,0.893473139260264,0.31151842068536995,3.535945639517868,-11.914389646693667,-1.2822968063071931
0,0.9005450305392997,0.2876896413919826,3.7979115717777234,-6.003004224078873,-1.0067015927232226
0,0.9081408536828551,0.27568363294382486,-0.0718646186581573,-5.382762769534671,-1.5841464134198184
0,0.9079971244455388,0.2649181074047555,2.7624672424627628,-5.260720868223268,-1.0872615908773287
0,0.9135220589304643,0.254396665668309,10.365487421759022,-15.399461713911252,-0.9783481872754972
0,0.9342530337739824,0.22359774224048648,2.7025628723780226,-0.36515788119965975,-0.13430206711920617
0,0.9396581595187384,0.22286742647808716,0.3302538617716011,3.4422030985100798,1.4751465101730796
0,0.9403186672422816,0.22975183267510732,3.7143054518604113,7.645348892459061,1.1185524829323519
0,0.9477472781460025,0.24504253046002544,7.143293989982757,-6.965628621743811,-0.7728064167920774
0,0.962033866125968,0.23111127321653782,5.682894126338655,0.005325299066508138,0.0009370749110202582
0,0.9733996543786453,0.23112192381467084,-0.1248361449495139,-6.132086778542531,-1.591151371977708
0,0.9731499820887463,0.21885775025758578,10.500451380746235,2.714052130619496,0.2529344455840738
0,0.9941508848502387,0.22428585451882477,-1.376310031664052,-2.5923320214702588,-2.058869602185316
0,0.9913982647869106,0.21910119047588425,-1.6752996220683603,-3.999456614346142,-1.9674734196986612
0,0.9880476655427739,0.21110227724719197,0.46350144248041847,1.0634682857632582,1.1597805001340806
0,0.9889746684277347,0.21322921381871848,3.9522265285242275,2.0627365939308446,0.4810275547305798
0,0.9968791214847832,0.21735468700658017,-3.7969508683152187,-9.040097662009153,-1.9684346476222783
0,0.9892852197481528,0.19927449168256187,-3.067680052210031,-3.055615656027466,-2.3581647332030777
0,0.9831498596437327,0.19316326037050693,-2.8543991549533354,1.650969934866492,2.6172107537454825
0,0.977441061333826,0.19646520024023992,3.8590474927737706,3.1241137738452496,0.6805404708462238
0,0.9851591563193736,0.20271342778793042,2.460768108125122,0.4097767835374022,0.1650097981897275
0,0.9900806925356238,0.20353298135500522,1.24380434387239,-0.6137629240328679,-0.4583988518842175
0,0.9925683012233686,0.20230545550693949,3.248422615963975,0.4610112456753662,0.1409770581290908
0,0.9990651464552965,0.20322747799829022,-6.352926061862274,3.452415344830137,2.6438021419846254
0,0.986359294331572,0.2101323086879505,4.709737190882357,2.3951139947594875,0.47046033499583406
0,0.9957787687133367,0.21492253667746947,1.185643933746039,0.7197420414700728,0.5455852887724292
0,0.9981500565808288,0.2163620207604096,-1.0612187530207873,-1.9361276640776082,-2.072190429620635
0,0.9960276190747872,0.2124897654322544,-0.9620059796924263,1.1821006634292197,2.253901783363384
0,0.9941036071154024,0.21485396675911284,0.8003523183382488,-2.914436618778243,-1.30278670859286
0,0.9957043117520789,0.20902509352155635,-1.9259344854702376,-3.966301358963836,-2.022837016146569
0,0.9918524427811384,0.20109249080362868,-0.7628610071153119,-4.802648630972212,-1.7283220248953501
0,0.9903267207669078,0.19148719354168425,-7.4886874361551055,-2.104738095918421,-2.867605292732713
0,0.9753493458945975,0.1872777173498474,-4.080807904569494,-11.203181910624442,-1.9201130473800034
0,0.9671877300854586,0.16487135352859852,-10.843421321750867,-13.947242946312068,-2.2316413677642712
0,0.9455008874419568,0.1369768676359744,-12.386123843092788,-16.907411448703147,-2.2030586564167036
0,0.9207286397557712,0.10316204473856809,-14.092434816561195,-16.705811890414896,-2.27154254006827
0,0.8925437701226488,0.0697504209577383,-4.291814834932294,-6.615932757266057,-2.1462634241741716
0,0.8839601404527843,0.056518555443206185,0.46504309902406504,-3.638633598015979,-1.4436784095075115
0,0.8848902266508324,0.04924128824717423,1.7683964503083516,-3.930732481896303,-1.1480340468158217
0,0.8884270195514491,0.04137982328338162,2.2018721292996757,-8.314103325533532,-1.3119040367888033
0,0.8928307638100484,0.024751616632314555,0.10810663544646992,-2.9174893557387964,-1.5337585918072367
0,0.8930469770809414,0.018916637920836962,4.808481290691613,-2.799696971158878,-0.5272593688821658
0,0.9026639396623246,0.013317243978519206,-3.359822810183266,-4.649151874403742,-2.196578442198728
0,0.8959442940419581,0.004018940229711722,-2.4391459692554296,-1.7475718982290929,-2.5198991265849386
0,0.8910660021034472,0.0005237964332535363,0.9353043677912676,0.6915156286654545,0.6366490490137918
0,0.8929366108390298,0.0019068276905844454,1.6773785372001804,0.36662309105147817,0.21518503932517796
0,0.8962913679134301,0.0026400738726874017,0.6121431936292887,6.152409806106236,1.4716262217958473
0,0.8975156543006887,0.014944893484899873,4.186005537496373,-2.939767623998885,-0.6122576717791458
0,0.9058876653756814,0.009065358236902103,4.398689651981202,-4.30374287389694,-0.7744882240555002
0,0.9146850446796438,0.00045787248910822333,7.3242568999030695,3.885424932359983,0.48773890273485576
0,0.92933355847945,0.00822872235382819,9.612314226216666,-0.23648937650674537,-0.02459778914375125
0,0.9485581869318833,0.007755743600814699,7.066548759889268,3.7147625715628023,0.48398205531539884
0,0.9626912844516619,0.015185268743940303,11.615779230308931,2.2942095298075955,0.19499827876947115
0,0.9859228429122797,0.019773687803555495,6.23034764289182,-2.530728291284272,-0.38583438934516506
0,0.9983835381980634,0.01471223122098695,-10.768984643359348,2.402206258804964,2.922118725616804
0,0.9768455689113447,0.01951664373859688,7.518619738754895,-4.656033599023237,-0.5544661312277693
0,0.9918828083888545,0.010204576540550405,1.9763501491401048,-0.33989145314021907,-0.17031329858966873
0,0.9958355086871347,0.009524793634269967,-6.140617562496287,2.684305068703952,2.72948503010704
0,0.9835542735621421,0.01489340377167787,7.771549311450521,2.9423740841182915,0.36193046631201237
0,0.9990973721850431,0.020778151939914453,-13.556643706044591,-2.599317933798705,-2.952154212722238
0,0.971984084772954,0.015579516072317043,12.498760568961597,-2.0028107905506984,-0.15888999579262394
0,0.9969816059108771,0.011573894491215646,-6.284550386145615,2.5435018627078914,2.7570213978940568
0,0.9844125051385859,0.01666089821663143,3.1962556611222492,0.49137821483860067,0.1525413084422722
0,0.9908050164608304,0.01764365464630863,0.4051641677755846,-4.143204481233567,-1.4733162203258665
0,0.9916153447963816,0.009357245683841496,-1.1463887219567148,0.24898137477499718,2.9277265238273777
0,0.9893225673524682,0.00985520843339149,5.314234480851887,-0.4772806895982674,-0.08957143193985637
0,0.9999510363141719,0.008900647054194955,-5.947832118462837,-1.6653787754107043,-2.8685861671311783
0,0.9880553720772463,0.005569889503373547,5.761208838241938,2.680296388450983,0.4354480788186424
0,0.9995777897537301,0.010930482280275513,-7.119561001447061,3.3499416733492517,2.7018006657810267
0,0.985338667750836,0.017630365626974016,5.6485494447992,3.0405644981442697,0.4938093135408407
0,0.9966357666404344,0.023711494623262556,0.334734312079199,6.787634782986348,1.5215209370417506
0,0.9973052352645928,0.03728676418923525,-4.601576894475157,4.540085450395744,2.3629208944690907
0,0.9881020814756425,0.04636693509002674,5.084444876019334,2.16009778001296,0.4017388200220078
0,0.9982709712276812,0.05068713065005266,-3.863400727775246,4.697932338496924,2.259024644539992
0,0.9905441697721307,0.06008299532704651,-2.365920978102898,8.496005735668772,1.8423898777572958
0,0.9858123278159249,0.07707500679838405,-0.019297798070694316,3.391780343288908,1.5764858431815778
0,0.9857737322197835,0.08385856748496187,0.134843828970721,5.534799433264709,1.546438233755338
0,0.9860434198777249,0.09492816635149129,-5.3009661268545445,-1.629491016133383,-2.8433652473248303
0,0.9754414876240158,0.09166918431922452,-0.4601846822386291,2.591429604942845,1.7465437083232096
0,0.9745211182595386,0.09685204352911021,-2.0836097224009587,2.7142546576377002,2.225500884402181
0,0.9703538988147367,0.10228055284438561,-9.03767474448236,0.9254037469886219,3.0395542615298203
0,0.9522785493257719,0.10413136033836286,-13.66743155937561,3.671138378365711,2.8791816310250455
0,0.9249436862070207,0.11147363709509428,-21.45485823523846,3.1072376631663747,2.9977659060069914
0,0.8820339697365438,0.11768811242142703,-12.936383623384229,-2.9417639400356603,-2.917992806801001
0,0.8561612024897753,0.11180458454135571,-5.385367365220494,-0.560057927748131,-3.037968918735276
0,0.8453904677593344,0.11068446868585945,-6.2515464823399425,-5.870508861031229,-2.3876175606941126
0,0.8328873747946545,0.09894345096379699,-13.38233723153609,-3.6822124183007663,-2.8730826644672196
0,0.8061227003315823,0.09157902612719546,-11.528328942221888,-2.2288459041760813,-2.9506125105478658
0,0.7830660424471385,0.0871213343188433,-8.041270668748156,-4.427109086749835,-2.638328466848491
0,0.7669835011096422,0.07826711614534362,-7.934634139771967,-5.357701070171999,-2.5476851639362335
0,0.7511142328300983,0.06755171400499962,-8.268021497113642,-11.01184194917441,-2.2148284359796064
0,0.734578189835871,0.0455280301066508,-3.1323748611429836,-6.528856886154774,-2.018132490789862
0,0.728313440113585,0.032470316334341255,-1.5290469204146118,-11.844314362204264,-1.6991816967512456
0,0.7252553462727558,0.008781687609932727,-0.2458553379323103,4.900474803733327,1.6209239952792376
0,0.7247636355968912,0.018582637217399382,-0.12887958851454107,-6.786935221069904,-1.5897834095523198
0,0.7245058764198621,0.005008766775259572,-1.6859962783030702,2.115321051100984,2.2437300108279383
0,0.7211338838632559,0.00923940887746154,-4.118072682378515,-4.010726187016386,-2.3693994246073324
0,0.7128977384984989,0.0012179565034287662,0.6244378380735882,2.0887572412062947,1.2803014164985964
0,0.7141466141746461,0.005395470985841356,-3.1420205072402174,0.7144791811718784,2.9179999614509526
0,0.7078625731601657,0.006824429348185113,-3.567302017610685,-3.279745290275245,-2.3981670124181784
0,0.7007279691249443,0.00026493876763462263,-6.069660880873573,1.1034226632211541,2.9617634018875125
0,0.6885886473631971,0.002471784094076931,1.6610873330982767,-1.0051652414203922,-0.5441792619034381
0,0.6919108220293937,0.00046145361123614646,-2.128904124613251,0.001841089463308328,3.140727847616126
0,0.6876530137801672,0.0004651357901627631,-1.6040701998750184,1.6377350080839783,2.345810276461388
0,0.6844448733804172,0.00374060580633072,6.821376496770559,-0.31824046394891314,-0.04661960491381534
0,0.6980876263739583,0.0031041248784328935,-4.204766385157654,6.2048920566605155,2.1663666315243857
0,0.689678093603643,0.015513908991753925,2.089930473596846,-2.9212933243691923,-0.9498009620258357
0,0.6938579545508367,0.009671322343015541,-0.4138461781840741,3.115800412176268,1.7028452142664734
0,0.6930302621944685,0.015902923167368077,-1.4551672058500942,1.6056330198834754,2.3070750531511144
0,0.6901199277827683,0.019114189207135028,1.0827388620507916,1.7896536893277637,1.0267091270546644
0,0.6922854055068699,0.022693496585790555,0.07404893354262532,6.749138161708804,1.5598251537743415
0,0.6924335033739552,0.036191772909208164,-0.14125313045226795,0.9340792257458257,1.7208809621870726
0,0.6921509971130506,0.038059931360699815,-6.275198686858718,9.44963613780676,2.1569975272642217
0,0.6796005997393332,0.056959203636313335,-2.1999209658319363,1.3592899989458076,2.5881287978420264
0,0.6752007578076693,0.05967778363420495,-2.227252364825849,11.014513359157117,1.7703166452136596
0,0.6707462530780176,0.08170681035251919,-5.677857598130331,8.70696343948147,2.148650171649487
0,0.6593905378817569,0.09912073723148213,-8.026516836134423,3.8723497482880815,2.692087736052452
0,0.6433375042094881,0.10686543672805829,-4.764377466875469,8.13564852205572,2.1005732673184627
0,0.6338087492757372,0.12313673377216973,1.1184306087568263,4.052370471896792,1.3015060827910798
0,0.6360456104932508,0.1312414747159633,-1.137174693229881,8.563506507826252,1.7028170380766452
0,0.633771261106791,0.14836848773161582,-0.38303796284416824,-3.146458443801445,-1.6919364747461585
0,0.6330051851811027,0.14207557084401293,-8.286574132491065,13.72652694405442,2.1139250240352205
0,0.6164320369161206,0.16952862473212177,-0.26823757478894317,8.272312968334846,1.6032109154350096
0,0.6158955617665427,0.18607325066879146,3.1645963251595854,8.824934443069226,1.2264832023554477
0,0.6222247544168619,0.20372311955492992,2.504064304453768,17.25762121150644,1.4267029039590344
0,0.6272328830257694,0.2382383619779428,1.9778133259906738,6.460211285684469,1.273704144502034
0,0.6311885096777508,0.25115878454931173,2.9142853437038596,2.721198808584818,0.7511489265075633
0,0.6370170803651585,0.25660118216648137,6.650068406268139,0.9234799169976216,0.13798526707082315
0,0.6503172171776948,0.2584481420004766,3.251959835808116,2.791669293264243,0.7093836298559241
0,0.656821136849311,0.2640314805870051,7.026123856060162,0.47048272881675124,0.0668621028208843
0,0.6708733845614313,0.2649724460446386,-6.889328197159649,1.4988830878129022,2.927365231813334
0,0.657094728167112,0.2679702122202644,1.6310204298807252,5.205274398689647,1.2671464184020824
0,0.6603567690268735,0.2783807610176437,3.772734313755133,-3.4796739732945445,-0.7450114427549053
0,0.6679022376543837,0.2714214130710546,1.2460824850144547,6.3743493685169685,1.3777469466336494
0,0.6703944026244126,0.28417011180808854,1.3618292467783566,1.0673492974965504,0.6647606745815303
0,0.6731180611179693,0.28630481040308164,-1.3739919410617474,0.2894465734781526,2.93396742263799
0,0.6703700772358459,0.28688370355003795,1.1051284962654284,3.365534567716766,1.2535226464201727
0,0.6725803342283767,0.2936147726854715,-3.5444835719580237,1.723868391504596,2.688922544663184
0,0.6654913670844607,0.2970625094684807,-2.9384064162916723,2.0785855802428754,2.525927272865067
0,0.6596145542518773,0.3012196806289664,-4.013643601622818,-2.1206274105129985,-2.6555194457353966
0,0.6515872670486317,0.2969784258079404,-2.916850067729737,6.482161995678914,1.9936344948327065
0,0.6457535669131722,0.30994274979929826,-2.347718227765916,12.89034172597156,1.7509516717303282
0,0.6410581304576404,0.3357234332512414,1.4285250719161535,8.737239685473908,1.408731821572593
0,0.6439151806014727,0.3531979126221892,-6.779071415031701,8.814219439825994,2.226413729823402
0,0.6303570377714093,0.3708263515018412,-2.724479688975545,7.651344553546408,1.912876040495672
0,0.6249080783934582,0.386129040608934,-6.277920083601895,6.465997247217831,2.3414373707091434
0,0.6123522382262544,0.39906103510336965,-5.455763421276072,6.397345834124518,2.2769233645833338
0,0.6014407113837023,0.4118557267716187,-9.000368876293518,3.672904429942503,2.754136995687139
0,0.5834399736311152,0.4192015356315037,-3.6641313967001876,3.7427028369582116,2.345586922803657
0,0.5761117108377148,0.4266869413054201,-2.39546138233776,0.9742695820378344,2.75531109765221
0,0.5713207880730393,0.4286354804694958,1.8428933776238332,3.7637838345101757,1.1154722439925453
0,0.575006574828287,0.43616304813851614,-1.034820545181503,8.520507232925468,1.6916549946500126
0,0.572936933737924,0.4532040626043671,10.574756116512152,2.9634282371751306,0.2732276097467418
0,0.5940864459709483,0.45913091907871734,-5.627909009750187,9.400869057877015,2.1102287554242376
0,0.5828306279514479,0.47793265719447137,6.694476848061015,12.601329327311921,1.082461098153381
0,0.5962195816475699,0.5031353158490952,4.840430920141192,8.45046634621821,1.050616638842539
0,0.6059004434878523,0.5200362485415316,-4.9339145564814,3.319998299777638,2.549291648066135
0,0.5960326143748895,0.5266762451410869,1.1832322228619296,3.8692584163882993,1.2740238897880751
0,0.5983990788206134,0.5344147619738635,2.935216221105652,-0.31267031366838394,-0.10612357705242492
0,0.6042695112628247,0.5337894213465267,1.545099226989921,-3.3857171411748044,-1.142667651431334
0,0.6073597097168045,0.5270179870641771,-5.962111589917051,-3.5309887146567354,-2.6069000960040394
0,0.5954354865369704,0.5199560096348637,-3.2022252275576424,0.06116365612873764,3.1224946153740714
0,0.5890310360818551,0.5200783369471211,1.7729778013017006,0.11922030747346657,0.0671419031545575
0,0.5925769916844585,0.5203167775620681,-3.709302795967484,-0.20245942851759846,-3.0870652271830026
0,0.5851583860925236,0.5199118587050329,-1.5607710143618059,-6.121865811796523,-1.820428563342841
0,0.5820368440638,0.5076681270814398,-8.72427027079331,4.844553507472648,2.634692412274497
0,0.5645883035222133,0.5173572340963851,-5.718107074334899,2.512676221483101,2.7275680537812224
0,0.5531520893735435,0.5223825865393513,-8.98346529571592,3.4996503736572926,2.770113557658052
0,0.5351851587821117,0.5293818872866659,-5.181696123673141,3.919211442856285,2.494035548640213
0,0.5248217665347654,0.5372203101723785,-7.282139537521437,6.510678072423892,2.4120683887067966
0,0.5102574874597225,0.5502416663172263,-9.830460371227451,8.180880481993224,2.4475253239993395
0,0.49059656671726765,0.5666034272812127,-11.240718910481062,9.592212413091106,2.4351597887271703
0,0.4681151288963055,0.5857878521073949,-1.3322419801657936,-2.839733506215969,-2.0094552964491963
0,0.46545064493597393,0.580108385094963,-3.2822541573489237,-2.2461130183731304,-2.5414677008720425
0,0.4588861366212761,0.5756161590582167,0.27820237258316394,0.7825157817316075,1.2292097220012177
0,0.4594425413664424,0.5771811906216799,-5.240784900088502,0.15845337143804983,3.1113671972247294
0,0.4489609715662654,0.577498097364556,-3.5447594381418646,3.6716494971210656,2.3386127559520697
0,0.4418714526899817,0.5848413963587982,-7.793561126597015,2.3471237835280823,2.849070224413867
0,0.42628433043678765,0.5895356439258543,-8.165379968126524,-1.8285410891508147,-2.921289007692127
0,0.4099535705005346,0.5858785617475527,1.425469799479523,1.7222875681311423,0.8794151649542953
0,0.41280451009949365,0.589323136883815,-2.8469248945713344,-3.4737932252187353,-2.2573409951629917
0,0.407110660310351,0.5823755504333775,-6.137813260935015,1.9713806260303612,2.830814106928799
0,0.39483503378848095,0.5863183116854382,3.7629694474373143,-5.259698877396024,-0.9497866456930419
0,0.4023609726833556,0.5757989139306462,-0.2577231180499462,-4.621493492243944,-1.6265048232340773
0,0.4018455264472557,0.5665559269461583,5.6280575924042004,-3.525641804132784,-0.5596343302620657
0,0.4131016416320641,0.5595046433378927,-6.733744284976778,-2.1515522885139915,-2.8323270274346126
0,0.39963415306211053,0.5552015387608648,-5.85100763461055,-10.445098772353889,-2.081412353500571
0,0.38793213779288943,0.534311341216157,0.19313428538134114,-1.1977182248035234,-1.4109206962099825
0,0.3883184063636521,0.5319159047665499,-1.9690283890132776,-9.163097972286316,-1.782464242761398
0,0.38438034958562556,0.5135897088219773,-6.686192894221454,-3.3280206802140944,-2.679750479749457
0,0.37100796379718265,0.5069336674615491,-0.9410667234395487,-4.318771171970187,-1.7853441326409134
0,0.36912583035030355,0.49829612511760873,-3.805818091435098,-4.561924709290066,-2.2660795308279154
0,0.36151419416743336,0.4891722756990286,-4.689772113575436,2.3870933107324466,2.6707711124037465
0,0.3521346499402825,0.4939464623204935,-2.8447321749985877,-2.9543254638963456,-2.337298274399565
0,0.3464451855902853,0.4880378113927008,-7.015280023551202,-7.283272805086726,-2.3374540336881124
0,0.3324146255431829,0.47347126578252735,-8.412224525563754,-7.52527359367533,-2.411788972886878
0,0.3155901764920554,0.4584207185951767,-10.505875683996551,-11.997858827884066,-2.289992019025651
0,0.2945784251240623,0.43442500093940856,-8.441022077169347,-6.79310531820676,-2.4639482106005417
0,0.2776963809697236,0.42083879030299504,-9.451285298446022,1.5950268596305606,2.974405037741806
0,0.25879381037283156,0.42402884402225616,-5.848966658393572,-3.222460703432184,-2.6380239724923453
0,0.2470958770560444,0.4175839226153918,-8.77729001895218,-0.15029072910627272,-3.124471646576954
0,0.22954129701814005,0.41728334115717924,-10.734510969519203,-1.1929578009889363,-3.0309138663353195
0,0.20807227507910164,0.41489742555520137,-5.333699884586513,6.417905345789787,2.26419473155187
0,0.19740487530992862,0.42773323624678095,-3.9030121695778908,-2.151256093049919,-2.637845153448622
0,0.18959885097077284,0.4234307240606811,-4.40554262679145,-8.835191292205252,-2.033351975716541
0,0.18078776571718994,0.4057603414762706,-1.1981013877218616,-4.147854056024746,-1.851991242813865
0,0.1783915629417462,0.3974646333642211,-3.761180311773693,5.698085242469619,2.1542236157622243
0,0.17086920231819883,0.40886080384916035,-6.626692701068679,3.351791528470094,2.673314572619328
0,0.15761581691606147,0.41556438690610054,1.2680441195744852,-3.1864503003316558,-1.1920594627595364
0,0.16015190515521044,0.4091914863054372,-3.3614441455571407,-4.667324793933974,-2.194956280664455
0,0.15342901686409616,0.3998568367175693,-4.463827457424199,2.5639617047148455,2.6202196460007703
0,0.14450136194924776,0.40498476012699897,-5.066622670863774,0.6062032738775591,3.022512300952442
0,0.1343681166075202,0.4061971666747541,-3.387529406536374,-3.2467896360670876,-2.3774052072102614
0,0.12759305779444746,0.3997035874026199,-6.933138570144368,-1.087038829011261,-2.9860699461316207
0,0.11372678065415873,0.3975295097445974,1.7421718273056552,1.0729513704842986,0.5520069693386633
0,0.11721112430877004,0.399675412485566,-0.47528292804944333,-0.2503582921753733,-2.6567698064866065
0,0.11626055845267115,0.39917469590121524,5.738080016819643,0.40666596373975517,0.0707531343617697
0,0.12773671848631044,0.39998802782869475,2.0936947639972336,0.7936798123181765,0.3623436854625297
0,0.1319241080143049,0.4015753874533311,-5.553623013708014,3.2035485019271115,2.618377123440843
0,0.12081686198688887,0.4079824844571853,-3.198010988474227,4.27491562005769,2.213072318969114
0,0.11442084000994042,0.4165323156973007,2.3243399896116026,-4.680812380738697,-1.1098983684408295
0,0.11906951998916362,0.4071706909358233,2.9259825602835074,0.7475264943972992,0.2501284903157831
0,0.12492148510973064,0.4086657439246179,3.4393091895227323,3.580326515340709,0.805484442280256
0,0.1318001034887761,0.4158263969552993,5.209323136378951,-4.826468206729495,-0.7472677011135165
0,0.142218749761534,0.40617346054184034,2.4309243021520683,-0.06478523642672318,-0.0266441472771352
0,0.14708059836583814,0.4060438900689869,3.4106370999579525,4.649736375680752,0.9379313626467373
0,0.15390187256575405,0.4153433628203484,0.9500692705137204,2.5151463403488004,1.2096263648482795
0,0.1558020111067815,0.420373655501046,3.2789722201169713,0.6067012893538615,0.18295872669421628
0,0.16235995554701543,0.4215870580797537,10.568842905743308,3.378760955741383,0.309422364200094
0,0.18349764135850205,0.4283445799912365,7.6201043486441575,-0.5776246567124055,-0.07565803237479655
0,0.19873785005579037,0.4271893306778117,14.755637631745962,2.734349342813219,0.1832303203164056
0,0.2282491253192823,0.4326580293634381,10.339468365249655,-0.2786893090088449,-0.02694740560889962
0,0.2489280620497816,0.4321006507454204,2.8082160589462806,-1.544730975777231,-0.5029012081685635
0,0.25454449416767416,0.42901118879386596,9.445114611080857,-5.545841607290158,-0.530928610896259
0,0.2734347233898359,0.41791950557928564,1.2799436162603817,-9.918549570766544,-1.442460130816409
0,0.27599461062235664,0.39808240643775256,6.102198376298301,-9.222866202725665,-0.9862832206015604
0,0.28819900737495324,0.3796366740323012,6.0268892869028425,-2.686282110369281,-0.4192857984832492
0,0.3002527859487589,0.37426410981156266,5.048275843904603,-3.859233899502462,-0.6526950790129654
0,0.31034933763656813,0.36654564201255774,4.924765820339877,-8.714644173149654,-1.0564235151331052
0,0.3201988692772479,0.3491163536662584,3.6108851142941933,-8.725704992823019,-1.17843186077517
0,0.3274206395058363,0.3316649436806124,5.922232802471172,-8.840293317287085,-0.9805492073441505
0,0.3392651051107786,0.3139843570460382,5.4954300083110414,-6.902884695048433,-0.898434104193991
0,0.3502559651274007,0.30017858765594135,3.694470842119324,-6.9910840873384785,-1.0846449808856227
0,0.35764490681163935,0.2861964194812644,-0.42265289545509455,-2.3755650435927644,-1.7468706976618276
0,0.35679960102072916,0.28144528939407887,1.7521803597853047,0.5581737843952661,0.30839574826868466
0,0.36030396174029977,0.2825616369628694,-2.268255467163749,-9.060782674557622,-1.8160927970667113
0,0.3557674508059723,0.26444007161375416,-2.121746474380376,-1.353040155515628,-2.573912021491386
0,0.3515239578572115,0.2617339913027229,2.214968482068896,-2.240741041446559,-0.7911822639603274
0,0.3559538948213493,0.2572525092198298,-1.6152457691905875,-5.503017370870195,-1.856297634353797
0,0.35272340328296814,0.2462464744780894,-1.3966733008130006,-4.97077532975157,-1.8447107271169207
0,0.34993005668134214,0.23630492381858625,-2.5316474930177355,3.624477848219204,2.1805055459684244
0,0.34486676169530667,0.24355387951502466,-3.0813112552188215,-3.82350045147857,-2.2491169177186716
0,0.338704139184869,0.23590687861206752,-3.878214590206819,-5.437663181150451,-2.1903354486712425
0,0.3309477100044554,0.22503155224976662,-3.3230856258940897,-1.6097787769290133,-2.690484200676151
0,0.3243015387526672,0.2218119946959086,-12.198613674160807,-3.8964253952536305,-2.832420072055469
0,0.2999043114043456,0.21401914390540133,-12.198613674160807,-3.8964253952536305,-2.832420072055469
1,0.5129471426678484,0.5244326970616822,9.931807807574467,1.5037116116803362,0.15026239335796823
1,0.5328107582829973,0.5274401202850428,8.327228757221027,9.397598588689437,0.8457130840036178
1,0.5494652157974393,0.5462353174624217,12.555795055982921,3.3290315685691185,0.2591756516253277
1,0.5745768059094052,0.55289338059956,9.632042592668698,4.989889895309962,0.4779839548121272
1,0.5938408910947426,0.5628731603901799,9.790432143483352,5.741845002720735,0.5304153844998092
1,0.6134217553817093,0.5743568503956213,3.609367473877245,-0.5918137216061603,-0.16251990355999793
1,0.6206404903294638,0.573173222952409,2.302799123444277,4.897724177207851,1.1312901628592156
1,0.6252460885763523,0.5829686713068247,10.92402216039945,5.672536226341284,0.4789458852816281
1,0.6470941328971512,0.5943137437595073,3.4607974104773898,-0.10235551590964675,-0.02956708388629986
1,0.654015727718106,0.594109032727688,8.30375969509467,4.163989905865972,0.4648136343153554
1,0.6706232471082954,0.60243701253942,4.812693085560982,5.501731427478728,0.8521024267861182
1,0.6802486332794173,0.6134404753943774,4.339243795815628,4.3732157108955505,0.7892973772629934
1,0.6889271208710486,0.6221869068161685,4.3309558328850635,5.556987272449576,0.9087611003937633
1,0.6975890325368187,0.6333008813610677,2.595846583928363,3.1085722095681168,0.8750394680490013
1,0.7027807257046754,0.6395180257802039,3.6330886122925565,4.5792297675222855,0.9001024387769078
1,0.7100469029292605,0.6486764853152485,0.14648276688450368,11.350671414344538,1.5578918359159106
1,0.7103398684630295,0.6713778281439375,6.0609776184706305,5.318752346857247,0.7202669649995126
1,0.7224618236999708,0.682015332837652,2.860824478869539,11.095617286450477,1.3184584317912165
1,0.7281834726577099,0.704206567410553,1.3349253046484044,7.684702085200501,1.3988006177312085
1,0.7308533232670067,0.719575971580954,-1.8241711744185207,7.9157150410021355,1.797291421169007
1,0.7272049809181697,0.7354074016629583,-0.046073683902692064,6.575875949119958,1.577802683111922
1,0.7271128335503643,0.7485591535611982,0.839042693132841,7.331419358761471,1.4568473052022717
1,0.72879091893663,0.7632219922787211,3.716471429865642,6.583093891661007,1.0568525994148938
1,0.7362238617963612,0.7763881800620431,0.9353690712277096,11.465163190541361,1.4893930297773352
1,0.7380945999388167,0.7993185064431259,-0.4988499359182552,4.721226942817569,1.676066810142399
1,0.7370969000669801,0.808760960328761,-2.6298925795682493,5.2435859698863325,2.03567890578391
1,0.7318371149078436,0.8192481322685337,1.2274900714392967,11.696673053899985,1.4662355311466557
1,0.7342920950507222,0.8426414783763336,-0.6793958335263306,6.208835186826023,1.6797867443901302
1,0.7329333033836696,0.8550591487499857,-0.1013359466931485,2.2465112650561503,1.6158739104868203
1,0.7327306314902833,0.859552171280098,-1.1355061029025282,7.741859911136572,1.716428920093001
1,0.7304596192844782,0.8750358911023711,-0.7033115475783003,-1.6542620704222966,-1.972795057154043
1,0.7290529961893216,0.8717273669615265,0.8476806651895319,4.55122249571388,1.3866529105849954
1,0.7307483575197007,0.8808298119529543,-2.4116663924658166,2.7961578301864964,2.2824986239063416
1,0.725925024734769,0.8864221276133273,2.2919311344781756,2.2573078736065066,0.7777875295469004
1,0.7305088870037254,0.8909367433605403,-0.3699260835388074,7.554303394074979,1.6197261619146155
1,0.7297690348366478,0.9060453501486903,2.0211375618305882,12.982049515221306,1.4163491227996865
1,0.733811309960309,0.9320094491791329,-2.0328157022085347,9.562488493757625,1.7802604530805874
1,0.7297456785558919,0.9511344261666481,-0.9533075382714418,4.8976676593772135,1.7630377858557638
1,0.727839063479349,0.9609297614854025,1.5987628043618862,7.034325114728679,1.3473126219389981
1,0.7310365890880728,0.9749984117148599,2.374438266773804,4.967469611392605,1.1249051075212813
1,0.7357854656216204,0.9849333509376451,-1.3307579196426,3.9668459308538906,1.8944686730797198
1,0.7331239497823352,0.9928670427993529,-3.212455519946922,0.19522416689743416,3.080896289594775
1,0.7266990387424414,0.9932574911331478,2.9912630804524443,-1.4016636036937036,-0.4382019858860787
1,0.7326815649033462,0.9904541639257604,0.7221054382866021,0.8003207010087721,0.8367284413299402
1,0.7341257757799194,0.9920548053277779,3.1028060183287964,-1.2344873183698368,-0.37866155709071225
1,0.740331387816577,0.9895858306910382,2.09607093840819,4.186099735478177,1.106571531646718
1,0.7445235296933934,0.9979580301619946,8.795634283689957,0.3309361551583345,0.03760730771474064
1,0.7621147982607733,0.9986199024723112,5.679424996583138,-1.1161390949860905,-0.19405031301074996
1,0.7734736482539396,0.9963876242823391,1.5118688212766296,-0.34376672723701596,-0.22357734150905992
1,0.7764973858964929,0.995700090827865,5.121819989207799,-3.1012455197330646,-0.5444514519058333
1,0.7867410258749085,0.9894975997883989,3.0411252753763107,-5.160943829556841,-1.0383131108274333
1,0.7928232764256611,0.9791757121292852,9.038182572570552,-2.0387010241049164,-0.2218525074007063
1,0.8108996415708022,0.9750983100810754,17.1166083843608,-1.6191933441939144,-0.09431711947730666
1,0.8451328583395238,0.9718599233926876,9.975159977294979,-4.049645495002696,-0.38564487528313945
1,0.8650831782941137,0.9637606324026822,3.6051638125122465,-6.333991002223815,-1.0533489807019782
1,0.8722935059191382,0.9510926503982345,2.731213385936848,0.03805160574771316,0.01393122347723026
1,0.8777559326910119,0.95116875360973,10.010555385225162,2.5887187448728755,0.25305524096311766
1,0.8977770434614623,0.9563461910994757,2.1342185452036255,-5.7727158714468425,-1.2166733766421771
1,0.9020454805518695,0.944800759356582,7.932340616847111,-0.6213650382079217,-0.07817349404099835
1,0.9179101617855637,0.9435580292801662,5.964935147843408,-0.17890991504226905,-0.029984616672463098
1,0.9298400320812505,0.9432002094500817,4.287522839492186,0.42315964695782693,0.09837700304781373
1,0.9384150777602349,0.9440465287439973,6.359371889234244,-6.837065654415109,-0.8215810559071007
1,0.9511338215387034,0.9303723974351671,3.9114278659733714,-2.2503679288467526,-0.5220834265696916
1,0.9589566772706501,0.9258716615774736,7.580965102248871,-4.2936605736955675,-0.5153273535607815
1,0.9741186074751479,0.9172843404300824,8.168526812926457,-2.9306902045448946,-0.34447363091419686
1,0.9904556611010008,0.9114229600209927,2.743922220495132,0.0706233271351997,0.025732412532770216
1,0.9959435055419911,0.9115642066752631,0.7224143417145501,-0.40463968066645206,-0.5105806803422407
1,0.9973883342254202,0.9107549273139302,-1.6862386449491007,2.330116818798189,2.197233040947803
1,0.994015856935522,0.9154151609515265,-0.6372231203479739,-9.540266298195043,-1.6374902756950707
1,0.992741410694826,0.8963346283551364,0.9772461123739307,-2.5495786116352948,-1.2047713942001146
1,0.9946959029195739,0.8912354711318659,1.0895421293135588,-4.603105695197451,-1.3383766186847563
1,0.996874987178201,0.882029259741471,1.3827127733745392,-4.084619532367217,-1.2443878326087228
1,0.9996404127249501,0.8738600206767365,-1.9691949512181672,-7.333525512617234,-1.8331277870717029
1,0.9957020228225137,0.859192969651502,-0.2930842117039312,-3.7124192617874474,-1.649579881020172
1,0.9951158543991059,0.8517681311279272,-1.0787365291526907,-7.0597093759553475,-1.7224253201578754
1,0.9929583813408005,0.8376487123760165,-0.2288558830281784,-6.813851981052276,-1.6043705644173936
1,0.9925006695747441,0.8240210084139119,-2.6977355122759783,-7.972416811578453,-1.897085260290873
1,0.9871051985501922,0.808076174790755,-6.6115576960322215,-1.7377204165213156,-2.88457495541806
1,0.9738820831581277,0.8046007339577124,-4.699594734455581,-10.661489114695998,-1.9859740564514057
1,0.9644828936892166,0.7832777557283204,-6.420533089393943,-5.526829432106584,-2.430858861333977
1,0.9516418275104287,0.7722240968641072,-4.805970751373844,-8.086699794753683,-2.1070182272236777
1,0.942029886007681,0.7560506972745998,-2.7533008440382423,-7.746224109760058,-1.912307272524402
1,0.9365232843196045,0.7405582490550797,-6.00191314804932,-5.964678042594818,-2.359306068476597
1,0.9245194580235059,0.7286288929698901,-5.592627520871418,-11.142435093016045,-2.0359799386142443
1,0.913334202981763,0.706344022783858,1.8613942692547458,-7.80340826451531,-1.3366360138405826
1,0.9170569915202725,0.6907372062548274,-1.0143779292653976,4.698444147643698,1.7834292764332862
1,0.9150282356617417,0.7001340945501148,-2.687088408626248,-2.8291284629115565,-2.3304506375878344
1,0.9096540588444892,0.6944758376242917,-5.49569941001754,-8.363945842347785,-2.152125751749686
1,0.8986626600244542,0.6777479459395961,-0.4381314518862589,-7.445309204956396,-1.629575183242147
1,0.8977863971206816,0.6628573275296833,0.5231330739922657,-6.633621632278985,-1.492098343890454
1,0.8988326632686662,0.6495900842651253,0.21387918366916336,-7.570999849793925,-1.5425540444475825
1,0.8992604216360045,0.6344480845655375,-0.4774055345928008,-3.2547974120997747,-1.7164353086968582
1,0.8983056105668189,0.6279384897413379,1.5562756470439698,-8.230932738634122,-1.3839258902495686
1,0.9014181618609068,0.6114766242640697,-0.1882038092766436,-11.625273919046942,-1.5869841062021506
1,0.9010417542423536,0.5882260764259758,0.4956859743612818,-4.31211566759615,-1.4563467529317506
1,0.9020331261910761,0.5796018450907835,8.90398805583803,-5.245551190808051,-0.5323839018311733
1,0.9198411023027522,0.5691107427091674,8.77398944282165,-10.766597581611913,-0.8870196874435092
1,0.9373890811883955,0.5475775475459436,7.219950168744493,-1.2487154452671678,-0.17125926277544543
1,0.9518289815258845,0.5450801166554092,-0.12481656702845179,-13.027969989164333,-1.5803766949113707
1,0.9515793483918276,0.5190241766770806,2.431937467592127,-2.119631826288937,-0.7168906029603699
1,0.9564432233270118,0.5147849130245027,9.207822702344492,-1.4072206530625908,-0.15165536238953498
1,0.9748588687317008,0.5119704717183775,7.147941529185908,1.759895157022795,0.24140849806325335
1,0.9891547517900726,0.5154902620324231,5.157059384056139,-7.298897616256405,-0.9556857761675193
1,0.9994688705581849,0.5008924667999103,-0.8172578399004427,0.39967562489062747,2.686747622584409
1,0.997834354878384,0.5016918180496915,-2.611419879364474,-1.367096421143077,-2.6593168275509784
1,0.9926115151196551,0.4989576252074054,-1.247692889260077,-4.747132909903695,-1.8278141366308969
1,0.9901161293411349,0.489463359387598,3.212644654987329,3.7803856041033477,0.8664071764653836
1,0.9965414186511096,0.4970241305958047,-0.20458018035657277,-7.161166110581124,-1.5993565570319488
1,0.9961322582903964,0.48270179837464244,0.42228264314081443,-6.368155143069487,-1.5045816533779284
1,0.996976823576678,0.46996548808850347,-0.8136509624943056,-1.5568020080349576,-2.0523934567282915
1,0.9953495216516894,0.46685188407243355,-3.8481160678390802,-2.66318307126287,-2.536205633298645
1,0.9876532895160113,0.4615255179299078,0.7187172019403887,-6.323541453151976,-1.4576245893165953
1,0.9890907239198921,0.44887843502360386,1.691270426920799,-0.3171891906356139,-0.18539135189451628
1,0.9924732647737337,0.44824405664233263,-3.0624869108067387,-3.879348398508453,-2.2390608831221854
1,0.9863482909521202,0.4404853598453157,-6.063479437309449,-3.154728432980619,-2.661850212669788
1,0.9742213320775013,0.4341759029793545,-4.371598450639224,-0.9018379856686742,-2.9381518025344198
1,0.9654781351762228,0.43237222700801714,-3.4210738857289313,-1.594176830029853,-2.70552354984499
1,0.958635987404765,0.42918387334795743,-8.430829495486403,-3.966699910999266,-2.7018228323654037
1,0.9417743284137922,0.4212504735259589,-3.6528740749379174,1.2179964092898787,2.8197505176989686
1,0.9344685802639163,0.42368646634453866,-4.505698049288465,-0.8258327225756923,-2.9603183838502543
1,0.9254571841653394,0.4220348008993873,-5.510917347826605,2.830792560668982,2.667068997040297
1,0.9144353494696862,0.42769638602072524,-6.40372864567984,6.889432032476828,2.3196728960226074
1,0.9016278921783265,0.4414752500856789,-1.349464459957872,1.2239953753216126,2.404910933696414
1,0.8989289632584108,0.4439232408363221,0.9011244482264313,5.315997696289404,1.4028806751029272
1,0.9007312121548636,0.4545552362289009,-1.1443036934949968,4.122873357294416,1.8415317469004986
1,0.8984426047678736,0.46280098294348976,-3.2021893487111375,1.4926256627924295,2.7054090634803005
1,0.8920382260704514,0.4657862342690746,-2.4537513266820743,6.685944869810278,1.9225361787826742
1,0.8871307234170872,0.4791581240086952,-6.286870872672989,4.533552465855739,2.516836126080289
1,0.8745569816717412,0.48822522894040665,-5.75731201185381,14.46826165364129,1.9495143618777164
1,0.8630423576480336,0.5171617522476892,-1.0275820262657387,6.782054761729883,1.7211674624101017
1,0.8609871935955021,0.530725861771149,-4.655790319347763,13.129734926096537,1.9115623236546044
1,0.8516756129568066,0.5569853316233421,1.8851562059723492,11.939103388758475,1.4141916207736025
1,0.8554459253687513,0.580863538400859,0.7535655470009006,5.53634819254456,1.4355152874423207
1,0.8569530564627531,0.5919362347859481,4.543039393638148,14.512646460511869,1.267419542542458
1,0.8660391352500294,0.6209615277069719,1.804551722461134,8.58910229816784,1.3637104400690225
1,0.8696482386949517,0.6381397323033076,-6.747141667680478,9.945642957754796,2.1668792828000556
1,0.8561539553595907,0.6580310182188172,-7.704472733153722,11.774717629883636,2.1502048105310814
1,0.8407450098932833,0.6815804534785844,-6.010836417401189,7.6316016709940815,2.2379455448151253
1,0.8287233370584809,0.6968436568205726,-2.8282471781476692,10.302680081823501,1.8387122089784131
1,0.8230668427021856,0.7174490169842196,2.0509054011649264,9.051800211434813,1.3479839382087964
1,0.8271686535045154,0.7355526174070892,3.6606573957126964,7.3613285557127535,1.1093253492758837
1,0.8344899682959408,0.7502752745185147,1.68793438518422,3.1258571258411805,1.0756701132053919
1,0.8378658370663092,0.7565269887701971,-3.822760208568754,3.7246262881691083,2.369196128676777
1,0.8302203166491717,0.7639762413465353,-0.04343856941269042,7.440511044752906,1.5766343768491464
1,0.8301334395103463,0.7788572634360411,2.5134977411335746,9.926161657942634,1.3227898442823869
1,0.8351604349926135,0.7987095867519264,2.315003682467287,4.281694154076032,1.0751408389116472
1,0.8397904423575481,0.8072729750600784,0.5559778610473853,7.657623129049773,1.4983190057777895
1,0.8409023980796428,0.822588221318178,4.084144457184524,5.295052200280647,0.9137936288979087
1,0.8490706869940119,0.8331783257187393,-0.3484718012109478,8.46956929900461,1.6119171151388878
1,0.84837374339159,0.8501174643167485,-2.4713098035853975,5.3922820791655335,2.000535185687063
1,0.8434311237844192,0.8609020284750796,2.8426960691556036,4.789592131301534,1.0351586540525086
1,0.8491165159227304,0.8704812127376826,6.003633400259112,0.6109177317323855,0.101408942570202
1,0.8611237827232486,0.8717030482011474,-0.5508608018492955,-2.010192542066358,-1.838264094194401
1,0.86002206111955,0.8676826631170147,-3.2805212698616693,-1.007709772635812,-2.8435619985705087
1,0.8534610185798267,0.8656672435717431,3.6357516347461094,-4.867168266107336,-0.9292210254067301
1,0.8607325218493189,0.8559329070395284,0.07737861262646639,-3.1344572542049143,-1.5461148928530764
1,0.8608872790745719,0.8496639925311186,2.4094963173528217,4.790196338909758,1.104747007449671
1,0.8657062717092775,0.8592443852089381,5.07369746360431,-0.9035911900261429,-0.17624540059025598
1,0.8758536666364861,0.8574372028288858,3.1060760597590997,-0.5380204244436748,-0.1715136405963177
1,0.8820658187560043,0.8563611619799985,5.526525855462205,-7.246755078387956,-0.9192667422438188
1,0.8931188704669287,0.8418676518232225,1.788758029462989,-1.1187520260557138,-0.5589121226118147
1,0.8966963865258547,0.8396301477711111,3.751781019439404,-1.1193054218059384,-0.28993293674030385
1,0.9041999485647335,0.8373915369274992,7.698562459692637,-7.017620097758914,-0.7391594733408489
1,0.9195970734841188,0.8233562967319814,4.128968945228961,-5.129012005456346,-0.8930005115900894
1,0.9278550113745767,0.8130982727210687,9.487541101069196,-8.82976810666941,-0.7495036732222079
1,0.9468300935767151,0.7954387365077299,-3.027431442448658,-5.249521053254657,-2.093911930650255
1,0.9407752306918178,0.7849396944012206,0.3327629545745725,-4.181722411311983,-1.4913880838057103
1,0.9414407566009669,0.7765762495785966,-0.08208664038700242,-1.3367435619683343,-1.6321272316036857
1,0.9412765833201929,0.7739027624546599,5.390080062567693,-4.203862908482902,-0.6623802059305794
1,0.9520567434453283,0.7654950366376941,5.808483888729509,-6.0337227247754806,-0.8044158759271888
1,0.9636737112227873,0.7534275911881432,7.351338082709435,-11.84879706078623,-1.0154907304649035
1,0.9783763873882062,0.7297299970665707,10.577264006599252,-13.037791656835108,-0.8892167285275522
1,0.9995309154014047,0.7036544137529005,-8.015574874225662,-7.774594341022622,-2.371454733671151
1,0.9834997656529534,0.6881052250708553,4.395945959401903,-2.0530695440944546,-0.43693124696616387
1,0.9922916575717572,0.6839990859826663,-2.33822330116612,-4.634228691009379,-2.0380813000248215
1,0.987615210969425,0.6747306286006476,6.0948586447509,-5.696463041449329,-0.7516238233965463
1,0.9998049282589268,0.6633377025177489,-7.704871882172393,-1.44017078790043,-2.956808057031982
1,0.984395184494582,0.6604573609419481,7.429518583328187,-2.1092947893857628,-0.2766282817474386
1,0.9992542216612383,0.6562387713631765,-5.9194961903943355,-5.926571795164648,-2.3555971946224137
1,0.9874152292804497,0.6443856277728472,4.718636555401279,-4.885867923530851,-0.8028081684373811
1,0.9968525023912522,0.6346138919257855,-0.13345148284493735,-5.2009202142354045,-1.5964499036602249
1,0.9965855994255624,0.6242120514973147,-1.5699754393270204,0.5005477029392247,2.8329557647048897
1,0.9934456485469083,0.6252131469031932,-0.820905221438406,1.6281055941196887,2.0378053304097112
1,0.9918038381040315,0.6284693580914326,-2.085290042504573,-6.9397685548119865,-1.8626971818076794
1,0.9876332580190224,0.6145898209818086,1.8962407491295852,-7.917294322081713,-1.3357183437777027
1,0.9914257395172815,0.5987552323376452,3.3642246647674345,-4.256079737532114,-0.9019048122558652
1,0.9981541888468164,0.5902430728625809,-5.334859142285264,0.031529665855623,3.1356826008748357
1,0.9874844705622459,0.5903061321942922,-2.0454499582009955,4.064144284901705,2.037073801871405
1,0.9833935706458439,0.5984344207640956,-1.8394871609934138,-2.2004814519273053,-2.2670754591958175
1,0.979714596323857,0.594033457860241,1.6027275848883304,-2.951160913584938,-1.0732785866491747
1,0.9829200514936337,0.5881311360330711,-0.9211783230427817,3.8457809821971223,1.8058964653319096
1,0.9810776948475481,0.5958226979974653,0.21107554689681063,-0.8134921944100149,-1.316926238806569
1,0.9814998459413418,0.5941957136086453,0.8815063693137781,-2.943867816508461,-1.2798550593320461
1,0.9832628586799693,0.5883079779756284,-4.3741646556746945,5.234561817035465,2.266889356203922
1,0.9745145293686199,0.5987771016096993,-3.689369899774808,-0.8817082298684387,-2.907006546036962
1,0.9671357895690703,0.5970136851499624,-8.56984207540995,-0.7817569034734295,-3.0506225732724666
1,0.9499961054182504,0.5954501713430156,-8.65949268598304,2.722475164114335,2.83698504862306
1,0.9326771200462843,0.6008951216712443,-6.654373575262384,0.1017859415852751,3.126297749682866
1,0.9193683728957596,0.6010986935544148,-8.132066727197628,1.3084035111180503,2.9820654966278513
1,0.9031042394413643,0.6037155005766509,-6.19678737768331,6.843656241462548,2.3066302963254883
1,0.8907106646859977,0.617402813059576,-12.397448000910915,1.4844391490991815,3.0224225315993096
1,0.8659157686841759,0.6203716913577744,-10.84857628117536,10.425450695156101,2.376081172002407
1,0.8442186161218251,0.6412225927480866,-13.28084310628136,6.316318086161843,2.697658010171389
1,0.8176569299092624,0.6538552289204103,-6.277479771497673,10.700207385383909,2.1013559361409797
1,0.8051019703662671,0.6752556436911781,-10.365785483699153,0.08521689239016084,3.1333718609810384
1,0.7843703993988688,0.6754260774759584,-7.203374782852268,6.318731013462308,2.4215234344648704
1,0.7699636498331642,0.688063539502883,-4.679005471032616,7.953937558245305,2.102540818681545
1,0.760605638891099,0.7039714146193736,-3.450578224198364,4.718776899118315,2.202185265374514
1,0.7537044824427023,0.7134089684176103,-3.963378615046975,4.887784674043549,2.2521328124954616
1,0.7457777252126083,0.7231845377656974,2.6782965457272656,7.231589614555,1.2160991842684181
1,0.7511343183040629,0.7376477169948074,-0.3607664456175552,0.19906465803765094,2.637381851377372
1,0.7504127854128277,0.7380458463108827,-1.9123462410452485,3.3545833662778635,2.0889174406759277
1,0.7465880929307372,0.7447550130434384,-4.670875561822829,3.898254640889165,2.4461146341428446
1,0.7372463418070916,0.7525515223252167,-4.991272448610529,6.594547174612663,2.2186853026703965
1,0.7272637969098705,0.765740616674442,-8.603506795943405,3.7477855701130713,2.730768503210305
1,0.7100567833179837,0.7732361878146682,-5.88037724043261,-1.846181703899108,-2.8373815653897063
1,0.6982960288371185,0.76954382440687,-8.209805552927552,0.1690276910968347,3.1210070485829484
1,0.6818764177312634,0.7698818797890636,-6.085576767525358,-2.473520867295076,-2.7555329423358015
1,0.6697052641962127,0.7649348380544735,-8.299684001426389,-3.8002631220799277,-2.7122046933187187
1,0.6531058961933599,0.7573343118103136,-3.2540790687725085,-4.7762673573367165,-2.1688625581542285
1,0.6465977380558149,0.7477817770956402,0.33307386394232363,-2.2091051634671177,-1.4211502751525922
1,0.6472638857836995,0.743363566768706,-4.490313911410193,-5.054924583927811,-2.297112304156456
1,0.6382832579608791,0.7332537176008503,-3.1468904139005383,-7.258596072224899,-1.9798779830918125
1,0.6319894771330781,0.7187365254564005,1.383679620484024,-10.755610974908459,-1.4428518345542496
1,0.6347568363740461,0.6972253035065836,-3.3195823074639863,-6.53292422712759,-2.040927677395052
1,0.6281176717591181,0.6841594550523284,-4.685057441741414,-3.457088482122783,-2.505882755984237
1,0.6187475568756353,0.6772452780880829,-1.9027661457920453,1.8758053130329966,2.363329561086944
1,0.6149420245840512,0.6809968887141489,-1.4078571655563032,-6.592066328707014,-1.7812037524110254
1,0.6121263102529386,0.6678127560567348,2.007192639829569,0.12306003427581258,0.06123288330170051
1,0.6161406955325978,0.6680588761252865,-3.3124811254563458,-1.6998997379459313,-2.667456564585715
1,0.6095157332816851,0.6646590766493946,-2.170132719313267,-5.474223505301912,-1.9482191706463254
1,0.6051754678430585,0.6537106296387908,-5.935801475135727,2.217445549544783,2.7840750598214314
1,0.5933038648927871,0.6581455207378804,-6.871161907573309,2.2706174550212177,2.8224338288866258
1,0.5795615410776405,0.6626867556479228,-5.419587989870855,-3.162868223338111,-2.6133197225222147
1,0.5687223650978988,0.6563610192012466,-7.054124875339684,-6.877214560804867,-2.368892537417449
1,0.5546141153472194,0.6426065900796368,-13.669618732128797,-2.62372627057883,-2.9519604047353436
1,0.5272748778829618,0.6373591375384792,-7.098403884385318,0.40899582402842416,3.084038289157511
1,0.5130780701141912,0.638177129186536,-5.247978820316523,0.2254728696206021,3.098655305990008
1,0.5025821124735581,0.6386280749257772,-3.101819027655772,-1.5483688085763947,-2.6786005406256157
1,0.49637847441824656,0.6355313373086244,-2.426807470935349,0.10712433810244892,3.0974792072129533
1,0.49152485947637586,0.6357455859848293,-3.3859329001829916,4.826057685302587,2.1825912589847043
1,0.4847529936760099,0.6453977013554345,-11.158132329878722,-2.3963990504236032,-2.930039171605481
1,0.46243672901625243,0.6406049032545873,-1.523915497969902,4.507530389991965,1.8968146966686932
1,0.45938889802031263,0.6496199640345712,0.16766892340883133,-1.0485142484770726,-1.4122278801612225
1,0.4597242358671303,0.6475229355376171,-1.1243147694007805,-10.85843686106025,-1.6739716229191954
1,0.45747560632832873,0.6258060618154966,-0.8576844838404929,0.9167336466447962,2.3229287234071543
1,0.45576023736064775,0.6276395291087862,-3.632990400714103,-0.2928343099236619,-3.0611623322168597
1,0.44849425655921954,0.6270538604889389,-5.71758694464819,-4.417392819708598,-2.4837853696676073
1,0.43705908266992316,0.6182190748495217,-0.18136869167503789,-6.00126794149658,-1.6010088595146819
1,0.4366963452865731,0.6062165389665285,-10.921353545104761,-8.734304217846766,-2.4670068651840684
1,0.41485363819636356,0.588747930530835,-10.996602281505313,-5.947759465691204,-2.6457841390476036
1,0.39286043363335293,0.5768524115994526,-8.386040022816953,-11.718735525149127,-2.1919219125237035
1,0.376088353587719,0.5534149405491543,-5.728734905977029,-2.585732695104148,-2.7176067442968295
1,0.36463088377576497,0.548243475158946,-2.2999341257916583,1.1688001676687931,2.67141569127219
1,0.36003101552418165,0.5505810754942836,1.4220766026055986,-9.356526390183307,-1.419963021220721
1,0.36287516872939285,0.531868022713917,-1.0435282149345582,5.218613644478509,1.7681560468589166
1,0.36078811229952373,0.542305250002874,-0.1532406376231199,-0.36491863102183775,-1.9683656446688378
1,0.3604816310242775,0.5415754127408303,-1.2986623237709327,-0.5544890494455501,-2.7380551053782396
1,0.35788430637673563,0.5404664346419392,-9.608276487336337,-1.8510657788626816,-2.9512711443869106
1,0.33866775340206295,0.5367643030842139,-6.526806721899258,-0.7896123469303129,-3.0211978618061326
1,0.32561413995826444,0.5351850783903532,-7.7776357438408,-0.3840959184761017,-3.0922480793370033
1,0.31005886847058284,0.534416886553401,-5.825122966272994,-0.9044541252921645,-2.987554830664816
1,0.29840862253803685,0.5326079783028167,1.73102874546191,-3.0037435288987058,-1.0479927714898458
1,0.30187068002896067,0.5266004912450193,-0.7093237906344863,-5.625318251657629,-1.6962292044942764
1,0.3004520324476917,0.515349854741704,-2.177976315712787,4.724266781415465,2.002775703367087
1,0.2960960798162661,0.524798388304535,-2.9021693072950328,-0.9123717725650349,-2.836999793017327
1,0.29029174120167606,0.5229736447594049,-5.00891767839523,2.993246227394608,2.6029519345497394
1,0.2802739058448856,0.5289601372141941,-0.5777319905514444,-1.3500263232673615,-1.9751556233269492
1,0.2791184418637827,0.5262600845676594,-3.8484944559210588,0.0745919929608374,3.122212957102215
1,0.2714214529519406,0.5264092685535811,-5.897607823645817,1.737749028003721,2.855048368360203
1,0.25962623730464895,0.5298847666095885,-1.1293116386732471,0.7782291569949362,2.538207334637554
1,0.25736761402730246,0.5314412249235784,-5.684141272751866,7.194248742741826,2.2394684982634643
1,0.24599933148179873,0.545829722409062,-5.536897971224946,8.207559852193125,2.164277685589753
1,0.23492553553934883,0.5622448421134483,3.3929799531326603,1.3995483989082125,0.39122151675202527
1,0.24171149544561416,0.5650439389112647,0.3941133464246682,1.676184166203909,1.3398656038015226
1,0.2424997221384635,0.5683963072436725,-1.8109559232099142,2.977914262518422,2.1171715785824654
1,0.23887781029204366,0.5743521357687094,4.354154533118687,2.722324820619182,0.558760857749351
1,0.24758611935828104,0.5797967854099477,4.445902916300523,1.259493420178226,0.27605973400194955
1,0.2564779251908821,0.5823157722503042,2.3940272239104385,5.631713136985406,1.1688430915575212
1,0.26126597963870296,0.593579198524275,8.058600242670272,6.903441895062201,0.7083450909971956
1,0.2773831801240435,0.6073860823143994,10.825453985110533,4.368314356891056,0.3835393297884551
1,0.29903408809426457,0.6161227110281815,6.04571601113274,-0.7318424999931405,-0.12046528990858273
1,0.31112552011653005,0.6146590260281952,5.936782430200071,7.532109172115497,0.9032941665130061
1,0.3229990849769302,0.6297232443724262,2.1291253027199417,0.9044945772435087,0.4017180033223271
1,0.3272573355823701,0.6315322335269132,5.781676701279076,1.073424959273095,0.18356965970699757
1,0.33882068898492823,0.6336790834454594,6.142726943276528,-3.4234246229228327,-0.5084408330630934
1,0.3511061428714813,0.6268322341996138,6.700843440166026,-0.17793160940826613,-0.026547375588175992
1,0.36450782975181334,0.6264763709807972,11.750100825136528,-3.379038488231012,-0.28001935016051943
1,0.3880080314020864,0.6197182940043352,18.208480927295987,-2.34101050191704,-0.1278656016870865
1,0.4244249932566784,0.6150362730005011,13.545624465474221,1.5669499626962957,0.11516752552812651
1,0.4515162421876268,0.6181701729258937,6.517350739050021,-3.3831525470974233,-0.4788100825018046
1,0.46455094366572686,0.6114038678316989,4.857689229099404,-4.168960424942081,-0.7092462160643113
1,0.47426632212392567,0.6030659469818147,4.617058839798766,-8.36795626837461,-1.0666069686700492
1,0.4835004398035232,0.5863300344450655,6.6085337145137535,-10.638806454462191,-1.0149541263728736
1,0.4967175072325507,0.5650524215361411,7.222744207210529,-5.361185949827651,-0.6385319193532698
1,0.5111629956469718,0.5543300496364858,2.70411878021809,-6.717670002907239,-1.188103764563358
1,0.5165712332074079,0.5408947096306713,-2.0245876643431027,-6.238239849302496,-1.8846163651707668
1,0.5125220578787217,0.5284182299320663,-6.9657564529573275,-2.665007524328411,-2.7761870570095226
1,0.4985905449728071,0.5230882148834095,-2.562943752160818,-3.9384008232677403,-2.1477038545721987
1,0.49346465746848545,0.515211413236874,-0.7839691525025894,-7.723283482427984,-1.671957067532138
1,0.49189671916348027,0.49976484627201806,-2.5107176568113507,-7.139294187328921,-1.908963365521575
1,0.48687528384985757,0.4854862578973602,-9.532817164553093,-11.824407647842094,-2.2493053002429737
1,0.4678096495207514,0.46183744260167603,-6.41633030846378,-5.978058522758095,-2.3915402633505125
1,0.4549769889038238,0.44988132555615984,-11.851797117644669,-10.651706063972616,-2.409473097478336
1,0.4312733946685345,0.4285779134282146,-0.005191381934749328,-3.815893019399552,-1.57215678913111
1,0.431263011904665,0.4209461273894155,-6.397477582471139,-2.279975540839113,-2.7992395458638453
1,0.4184680567397227,0.4163861763077373,-2.0118800182330197,-1.5514811469619916,-2.484686189585362
1,0.41444429670325666,0.4132832140138133,-3.215196078650034,-2.0724365795856956,-2.5690402556069234
1,0.4080139045459566,0.4091383408546419,0.45203173663715956,-2.5453577194516908,-1.3950381001844734
1,0.4089179680192309,0.4040476254157385,-5.198925305279156,-2.421654227542952,-2.7056782275950217
1,0.3985201174086726,0.3992043169606526,-5.755975349220205,-2.325843951049372,-2.75757855624128
1,0.3870081667102322,0.39455262905855387,-1.9015547940832989,-8.923962037707843,-1.7807405573143693
1,0.3832050571220656,0.3767047049831382,1.3077450624859044,-6.624949153698018,-1.3759049035601603
1,0.3858205472470374,0.36345480667574215,-0.5849759024326162,-0.3350829091022245,-2.6214020900839694
1,0.38465059544217217,0.3627846408575377,-3.6458262128346295,-3.880594472520121,-2.3250120500016336
1,0.3773589430165029,0.35502345191249746,-5.5251264211422235,-4.393391685029946,-2.4698063405237027
1,0.36630869017421847,0.34623666854243756,-1.0629542178147433,-3.0577539711206523,-1.9053544960133633
1,0.364182781738589,0.34012116060019626,-4.226214022930636,-0.8145231863031233,-2.951196019733911
1,0.3557303536927277,0.33849211422759,-0.5052276823845347,-4.231101151714905,-1.6896416987621403
1,0.35471989832795864,0.3300299119241602,-0.8960741676921069,-2.4543766017436353,-1.920852689457509
1,0.3529277499925744,0.32512115872067293,0.2010474005419427,-4.499790142713289,-1.5261467376670026
1,0.3533298447936583,0.31612157843524635,0.08192960944780614,-3.0799349334600934,-1.5442015140891427
1,0.3534937040125539,0.30996170856832617,3.7014082423186268,-7.498673450149957,-1.1122750550873692
1,0.3608965204971912,0.29496436166802625,1.017720968410324,-7.785259558564045,-1.4408093328779128
1,0.3629319624340118,0.27939384255089816,5.728764720633494,-6.731570870979031,-0.86570494620037
1,0.3743894918752788,0.2659307008089401,5.050875277943456,-7.840156970058853,-0.9984870582727561
1,0.3844912424311657,0.2502503868688224,8.414750567453583,-12.228559106676473,-0.9680861812845576
1,0.4013207435660729,0.22579326865546945,0.5615885508920282,-10.47296153732942,-1.5172249265086275
1,0.40244392066785695,0.2048473455808106,0.5083197290011998,-15.383641399730378,-1.5377654703767893
1,0.40346056012585935,0.17408006278134985,3.793642720661322,-5.301620999877896,-0.949701719462207
1,0.411047845567182,0.16347682078159406,6.315031511822166,-0.34400490870842293,-0.05442019477073065
1,0.4236779085908263,0.16278881096417722,6.8103016013204565,-10.275978678136315,-0.9855171480235979
1,0.43729851179346724,0.14223685360790458,0.2384894659789305,-4.081883868132935,-1.512436349851142
1,0.4377754907254251,0.13407308587163871,2.766842654448709,-4.226098047177121,-0.9911214629792976
1,0.4433091760343225,0.12562088977728447,5.077613982631818,-4.358292522565553,-0.7093129581229277
1,0.45346440399958615,0.11690430473215337,4.847633976563376,-6.672191564250709,-0.9424774968739125
1,0.4631596719527129,0.10355992160365195,14.242877587846314,-3.3632205403497997,-0.23188586775714246
1,0.49164542712840553,0.09683348052295235,12.696064979836663,-2.235175754785358,-0.17426684420561842
1,0.5170375570880789,0.09236312901338163,6.0032726852901614,1.1372258874238415,0.18721592082856509
1,0.5290441024586592,0.09463758078822931,8.776018081680991,-5.820162520126522,-0.5855914280565001
1,0.5465961386220212,0.08299725574797627,0.7577261761156917,3.4132170902346006,1.3523413943353009
1,0.5481115909742525,0.08982368992844547,3.766777585246628,-0.7552496022741259,-0.19787901275189795
1,0.5556451461447458,0.08831319072389722,5.523542592905272,0.8986135792474481,0.16127497104581867
1,0.5666922313305564,0.09011041788239212,-0.23770827237495906,-0.258753320190562,-2.313829770972036
1,0.5662168147858064,0.08959291124201099,4.224475095472635,3.5559772372866294,0.6996884815353995
1,0.5746657649767517,0.09670486571658425,5.356396755147596,7.719283989434153,0.9641773247603408
1,0.5853785584870469,0.11214343369545256,-0.0726889494423455,-0.6748219900869767,-1.6780983451879667
1,0.5852331805881622,0.1107937897152786,3.873299694764132,0.8421532660427208,0.21409312465210106
1,0.5929797799776905,0.11247809624736405,-1.3507631479103277,-4.750418011164312,-1.847830663714056
1,0.5902782536818698,0.10297726022503542,0.4624601489615632,0.5246404280817574,0.8483078911271887
1,0.5912031739797929,0.10402654108119894,1.5929465361664286,-1.4249275521252338,-0.7297809638263945
1,0.5943890670521258,0.10117668597694847,2.36456161210441,4.042462166236799,1.041530633592444
1,0.5991181902763346,0.10926161030942207,5.146823600525374,2.7695799867706037,0.49367223202001687
1,0.6094118374773854,0.11480077028296327,8.81192119635682,-1.3417075881445792,-0.1510999758294388
1,0.627035679870099,0.11211735510667412,11.140340310709929,-4.545765551549459,-0.38742284001839067
1,0.6493163604915189,0.1030258240035752,10.132998965931339,-1.5159266789493002,-0.14850162569040581
1,0.6695823584233815,0.0999939706456766,-4.255833711967916,-0.2620415193505185,-3.0800979754403013
1,0.6610706909994457,0.09946988760697556,11.273863239114446,6.140361184078756,0.4987299761313522
1,0.6836184174776746,0.11175060997513307,6.691640722700176,1.6744438421665495,0.24519436033928993
1,0.697001698923075,0.11509949765946617,-0.14464414798281977,4.297763969608244,1.6044393032513182
1,0.6967124106271093,0.12369502559868266,-0.32035785797035476,5.664968487939341,1.6272868462152934
1,0.6960716949111686,0.13502496257456134,1.9434462557071375,3.0591836464878424,1.0048369028313666
1,0.6999585874225829,0.14114332986753703,2.44316420578794,6.456117722420912,1.209025238662759
1,0.7048449158341588,0.15405556531237885,2.0553367286328394,8.905969426095062,1.3439854305991785
1,0.7089555892914244,0.17186750416456897,-4.226304659360247,7.458290254897901,2.0863392632882882
1,0.7005029799727039,0.18678408467436478,-4.921614057736723,6.993882993397829,2.1840029768246865
1,0.6906597518572305,0.20077185066116043,5.416191772028234,0.09743489527802573,0.017987617620656114
1,0.701492135401287,0.20096672045171649,8.064584767116855,9.491725461416383,0.8665091477998322
1,0.7176213049355207,0.21995017137454925,1.1807028688389232,6.565628056174013,1.3928671766937257
1,0.7199827106731985,0.23308142748689728,2.516591244512978,-3.8449977347329996,-0.9912568389665749
1,0.7250158931622245,0.22539143201743128,3.434726600497151,6.206002181955008,1.0653064103789291
1,0.7318853463632188,0.2378034363813413,1.7764025148430118,7.167625535057634,1.3278545009303682
1,0.7354381513929048,0.25213868745145657,-2.6581278363162486,3.0930557057869676,2.2807140986507837
1,0.7301218957202723,0.2583247988630305,3.420818561543637,1.8429284440577842,0.4941564568831041
1,0.7369635328433596,0.26201065575114607,3.749839481774153,6.221124123257315,1.0283505099182153
1,0.7444632118069079,0.2744529039976607,-1.0527831740301252,-2.783602585246514,-1.932377276298731
1,0.7423576454588476,0.2688856988271677,-2.6968652823123884,-0.3404287375331494,-3.016025513047872
1,0.7369639148942229,0.2682048413521014,-1.4597677122346608,7.437365565349185,1.764607446438113
1,0.7340443794697535,0.28307957248279975,0.20692547416223395,3.8953534549002744,1.5177251054607526
1,0.734458230418078,0.2908702793926003,-0.23416760084826738,4.475352125347526,1.6230724929024318
1,0.7339898952163815,0.29982098364329535,-3.776893954320737,6.785990151952137,2.078671420404753
1,0.72643610730774,0.3133929639471996,-5.220635272517815,12.068448903862077,1.9790743258891121
1,0.7159948367627044,0.3375298617549238,-7.629360818641461,8.836696983016479,2.2830027465467033
1,0.7007361151254214,0.35520325572095673,-13.396686279972924,2.6587651652297537,2.9456740772944445
1,0.6739427425654756,0.36052078605141624,-14.636499920205214,-0.47881761355311747,-3.1088903739987557
1,0.6446697427250652,0.35956315082431,-6.174956884626215,0.8765341588823361,3.000584865793408
1,0.6323198289558127,0.3613162191420747,3.6248396477112643,-3.670907024378639,-0.7917123580255417
1,0.6395695082512353,0.3539744050933174,-5.081591927676709,-1.5531796383026486,-2.8449620750936484
1,0.6294063243958818,0.3508680458167121,5.360882346403861,-9.449017339131283,-1.0547316419114943
1,0.6401280890886896,0.33197001113844954,-7.223865862156842,-2.2389683341139666,-2.8410413010625395
1,0.6256803573643759,0.3274920744702216,-2.852313064550971,-3.394083188614921,-2.2696777716018897
1,0.6199757312352739,0.32070390809299176,-5.965753980621158,1.6212156480109874,2.8762470105842257
1,0.6080442232740316,0.32394633938901374,-4.785789619109748,-7.79385605484123,-2.1214801267463836
1,0.5984726440358121,0.3083586272793313,0.6389525247678662,0.7037824087783306,0.8336426655024303
1,0.5997505490853479,0.30976619209688794,-3.3723810871473803,-1.5340298517854678,-2.7146876543445595
1,0.5930057869110531,0.306698132393317,2.8012596044066918,-10.558044329556203,-1.3114516809122707
1,0.5986083061198665,0.2855820437342046,-9.854955461559623,-0.9819277234338342,-3.0422824628119973
1,0.5788983951967472,0.2836181882873369,0.20749773223022183,-7.761883695438482,-1.5440697830531802
1,0.5793133906612077,0.26809442089645996,1.2809011608003185,-2.073321829030111,-1.0173902769732477
1,0.5818751929828083,0.26394777723839974,-1.8877964455592533,-3.689934249172105,-2.04368641525154
1,0.5780996000916898,0.25656790874005553,-3.953320394633253,-6.922016041539441,-2.0897118201531293
1,0.5701929593024233,0.24272387665697664,1.0247487157887258,-4.420894562504607,-1.343022191843783
1,0.5722424567340008,0.23388208753196743,1.0279682318737882,-2.680246054167737,-1.2045639733014792
1,0.5742983931977483,0.22852159542363196,-4.237974057738458,-6.993785948356271,-2.1155887012998735
1,0.5658224450822714,0.21453402352691942,-3.3390263471730353,-7.295318153656568,-2.0000304736500234
1,0.5591443923879253,0.19994338721960628,1.4804437466882092,-9.881438148541518,-1.422081761453792
1,0.5621052798813018,0.18018051092252324,-4.717449203126445,-10.294717235001901,-2.0004813102283165
1,0.5526703814750489,0.15959107645251944,-7.732859821520943,1.2359232169536354,2.9831056451558347
1,0.537204661832007,0.1620629228864267,2.392154298447302,0.9811379597497172,0.3892241616079553
1,0.5419889704289016,0.16402519880592614,-0.4563580242869514,-6.724721433738992,-1.6385551767628008
1,0.5410762543803277,0.15057575593844816,-4.731107539158064,-9.803998527789487,-2.0204022940844366
1,0.5316140393020116,0.13096775888286918,3.1107571813634993,0.12529882988479568,0.04025744417179063
1,0.5378355536647386,0.13121835654263878,0.026656480752118572,-4.980179486808712,-1.5654438638439168
1,0.5378888666262428,0.12125799756902135,4.679787452610384,-8.194929922197309,-1.0519289520329351
1,0.5472484415314636,0.10486813772462673,0.26193528834744795,-4.101283501649962,-1.5070162889225671
1,0.5477723121081585,0.09666557072132681,0.604194195472807,-11.33524166644992,-1.5175444431534422
1,0.5489807004991041,0.07399508738842697,5.168811129449724,-7.47776056112422,-0.965984288327993
1,0.5593183227580035,0.05903956626617853,9.512418503469178,-8.920460825669233,-0.7532949692577188
1,0.5783431597649419,0.04119864461484007,8.671362149929307,-7.25916429371185,-0.6969820003566534
1,0.5956858840648005,0.026680316027416367,0.6889058118827451,-3.8412563166046967,-1.3933389900555928
1,0.597063695688566,0.018997803394206973,6.936470989371945,-6.709073560183432,-0.7687351140193708
1,0.6109366376673099,0.005579656273840109,1.0121471477571031,0.8542062533097458,0.7009739181503802
1,0.6129609319628241,0.007288068780459601,2.9462451393454936,-2.5514487767436256,-0.7137099565904546
1,0.6188534222415151,0.00218517122697235,8.032433209217093,2.3416368061793995,0.2836614461336425
1,0.6349182886599493,0.006868444839331149,6.016184027143101,-1.8797681984099746,-0.3028410574893441
1,0.6469506567142355,0.0031089084425112,1.8466140731568936,-0.8717736346863139,-0.4410738398379928
1,0.6506438848605492,0.0013653611731385723,3.3046055846374656,4.911672001059245,0.978555002902549
1,0.6572530960298242,0.011188705175257063,1.173333170790436,-0.6205431147056212,-0.48647757367989436
1,0.659599762371405,0.00994761894584582,2.344518139960061,-1.0685081475630651,-0.42762321052056707
1,0.6642887986513252,0.00781060265071969,4.093500368079539,-3.3215130776453474,-0.6816605154078605
1,0.6724757993874843,0.0011675764954289947,-0.19343284354927937,2.3286876519305073,1.6536712422024065
1,0.6720889337003857,0.005824951799290009,2.5813605485334734,0.5495296230656538,0.20975250069270793
1,0.6772516547974526,0.006924011045421317,7.21189945374473,0.8906897200769435,0.12288055014747434
1,0.6916754537049421,0.008705390485575204,3.5027389069179904,7.677568642854922,1.1427734337857687
1,0.6986809315187781,0.024060527771285048,-4.311811421647382,3.7152411860829107,2.430378068383226
1,0.6900573086754833,0.03149101014345087,1.3742533647094213,10.606309794277065,1.4419447742122105
1,0.6928058154049022,0.052703629732005,7.330981025052751,9.7813351320268,0.9276237824501351
1,0.7074677774550077,0.0722662999960586,-0.2221458133461196,7.04436765211297,1.6023211178069743
1,0.7070234858283154,0.08635503530028454,1.7013844109812215,6.438405475550267,1.3124463213441382
1,0.7104262546502779,0.09923184625138508,2.0719617752950614,6.5189194726002,1.263055585172938
1,0.714570178200868,0.11226968519658548,4.278026937683754,7.324445506463148,1.0421685436960377
1,0.7231262320762355,0.12691857620951177,-0.12994754505502026,7.199027565169325,1.5888450747845895
1,0.7228663369861255,0.14131663133985042,-5.65265987751623,4.723020299591554,2.4455538213666626
1,0.711561017231093,0.15076267193903353,-2.8640360373530793,6.596430468649481,1.9804164778184488
1,0.7058329451563868,0.1639555328763325,1.0410810836629092,4.450036469319462,1.3409807015192234
1,0.7079151073237127,0.17285560581497142,-6.035132436466917,6.366635124840869,2.3294705762969166
1,0.6958448424507788,0.18558887606465316,-1.1488534157148012,1.528061791057661,2.2154720888727066
1,0.6935471356193492,0.18864499964676848,1.8177055423171384,10.65825878444812,1.4018771821150635
1,0.6971825467039835,0.20996151721566472,5.704196505537773,6.561746741786181,0.8551976979297778
1,0.708590939715059,0.22308501069923709,-0.9891224405549903,0.6509049236593928,2.559570079634632
1,0.7066126948339491,0.22438682054655587,6.035214833498614,-1.463670599101921,-0.2379279792829776
1,0.7186831245009463,0.22145947934835203,3.5433725177598796,3.9480939462053084,0.8393700225427444
1,0.725769869536466,0.22935566724076265,9.9882687154082,-1.5992988205311698,-0.158770042359628
1,0.7457464069672824,0.2261570695997003,5.1481270098276966,5.857948424698306,0.8498025660775628
1,0.7560426609869378,0.23787296644909692,12.01873045611529,5.216578579193401,0.4095004405026037
1,0.7800801218991684,0.24830612360748372,9.671957057074632,4.204423221255471,0.410059905634917
1,0.7994240360133177,0.25671497004999466,2.2847033990209265,0.2990458926598605,0.13015057141538866
1,0.8039934428113595,0.2573130618353144,-4.282935830609125,-1.7357826191773673,-2.7565439817281927
1,0.7954275711501413,0.25384149659695965,1.7280472458191531,5.984221236784132,1.2896763768156576
1,0.7988836656417796,0.2658099390705279,-0.35404661291876804,1.464912315506356,1.8079334627377206
1,0.7981755724159421,0.2687397637015406,-2.440609726548859,5.222904001075001,2.0079350552715867
1,0.7932943529628443,0.2791855717036906,-3.0456305667532213,4.893222003059083,2.127536932146286
1,0.7872030918293379,0.2889720157098088,-2.734223933602009,5.53340753326978,2.029737102755603
1,0.7817346439621339,0.30003883077634835,-1.0079621172965347,5.375234837712128,1.7561632525102298
1,0.7797187197275408,0.3107893004517726,2.56369504367171,9.985292420876924,1.319477586015725
1,0.7848461098148842,0.33075988529352646,0.026656066413055512,15.439681843334023,1.5690698637628746
1,0.7848994219477103,0.3616392489801945,-4.979453026275726,9.623855762649763,2.048272583862443
1,0.7749405158951589,0.38088696050549403,-6.967510113074448,3.9914301048851186,2.6213657222048585
1,0.76100549566901,0.38886982071526427,-12.646193202503818,1.7645433556730816,3.002956154202138
1,0.7357131092640024,0.39239890742661043,-2.324957814020645,7.192486036978502,1.8834429235201653
1,0.7310631936359611,0.40678387950056744,1.0134834690402328,-4.035386674030722,-1.32473651168374
1,0.7330901605740415,0.398713106152506,-3.204879992509624,4.41497412777464,2.198701646347678
1,0.7266804005890223,0.40754305440805527,-2.850674352602889,8.285545492374146,1.9021641750281792
1,0.7209790518838165,0.42411414539280357,-2.3255381890918136,-3.0343665067096293,-2.2247110173410234
1,0.7163279755056329,0.4180454123793843,-8.53766645387144,3.0401405183351216,2.7995066395445276
1,0.69925264259789,0.42412569341605455,-5.35798752833333,-1.2910446215931848,-2.905142986958818
1,0.6885366675412233,0.4215436041728682,-8.385723713118798,-1.9605500759027061,-2.911921827641814
1,0.6717652201149857,0.41762250402106277,-7.634808364172629,-8.42894539252051,-2.306798126368642
1,0.6564956033866405,0.40076461323602175,-5.979731152729483,-4.245168128015064,-2.5242357945492926
1,0.6445361410811815,0.3922742769799916,-10.124964309440932,-10.716270510629371,-2.327830162346323
1,0.6242862124622997,0.3708417359587329,-3.9552591988165076,-6.1129833933672995,-2.145078020699708
1,0.6163756940646666,0.3586157691719983,-0.35419133083319787,-4.610070669553462,-1.647475602015659
1,0.6156673114030002,0.34939562783289135,-0.9618794866920743,-2.346339637846334,-1.959849859387036
1,0.6137435524296161,0.3447029485571987,-6.7210462706761565,-5.657046671983079,-2.4419419951628143
1,0.6003014598882638,0.3333888552132325,-2.2481477081810475,-9.598711539630184,-1.8008628065355843
1,0.5958051644719017,0.31419143213397216,0.7390525632491873,-0.7287775993056189,-0.7783981736294113
1,0.5972832695984001,0.3127338769353609,-2.8435268018637827,-1.4627197556343619,-2.6664888596535037
1,0.5915962159946725,0.3098084374240922,-2.542363622407451,-1.6259544485996147,-2.5726027329200716
1,0.5865114887498576,0.30655652852689297,-1.4642552104350837,4.5719963043686915,1.8807405924411507
1,0.5835829783289874,0.31570052113563035,-0.681393424002863,2.9030997848114857,1.8013356905725413
1,0.5822201914809817,0.3215067207052533,-10.895861139659013,1.7159549950981345,2.985388753774364
1,0.5604284692016637,0.3249386306954496,-6.900816995876801,-0.17349175808090145,-3.11645719212526
1,0.5466268352099101,0.3245916471792878,-7.833155858238016,-2.1198560435799485,-2.8772973973933125
1,0.530960523493434,0.3203519350921279,-12.693205512573469,4.563419625483178,2.7964649708190006
1,0.5055741124682871,0.32947877434309425,-4.333375871386075,-3.2750475985456604,-2.4944071812159585
1,0.49690736072551495,0.32292867914600293,-2.0932280206457654,-0.432216864305085,-2.937970886959541
1,0.4927209046842234,0.32206424541739276,-0.40662835817312226,-0.9731145016772247,-1.9666062108541904
1,0.49190764796787717,0.3201180164140383,-2.7857301139421473,-0.6115040348728396,-2.925506892740444
1,0.4863361877399929,0.31889500834429263,0.8713113915946868,0.8357839945274115,0.7645895609931239
1,0.48807881052318225,0.32056657633334745,-6.706982247862481,-1.5195081365800556,-2.918797531239944
1,0.4746648460274573,0.31752756006018734,-4.498756815980526,-3.0120573966041784,-2.5516096328100044
1,0.46566733239549624,0.311503445266979,-4.465094025752042,-8.540298481607977,-2.052537902719541
1,0.45673714434399215,0.29442284830376303,-10.080766195899093,-1.0693404055517608,-3.035910568618547
1,0.43657561195219396,0.2922841674926595,-4.470298998377004,-7.038040197904771,-2.1366701315438923
1,0.42763501395543996,0.27820808709684997,-9.874066351096916,0.6835785827215279,3.0724732437819986
1,0.4078868812532461,0.279575244262293,-5.394837402581482,-9.90907699579313,-2.06935609642314
1,0.39709720644808316,0.25975709027070676,-11.86649620651814,-3.0389857797717132,-2.890882995271854
1,0.3733642140350469,0.25367911871116333,-7.004631621153695,-2.74347957325341,-2.7682909045037034
1,0.3593549507927395,0.2481921595646565,1.1983807403631586,4.670386942421195,1.3196237558639128
1,0.3617517122734658,0.2575329334494989,-11.452250538943275,-6.362318695097846,-2.634496999387015
1,0.33884721119557926,0.2448082960593032,-2.4233530304055004,-2.884353556895508,-2.2695569737980534
1,0.33400050513476826,0.2390395889455122,-0.4432426251738675,-6.8113414807139945,-1.635778907961497
1,0.3331140198844205,0.2254169059840842,-5.1979504767642455,0.768194615338183,2.9948667469019314
1,0.32271811893089203,0.22695329521476057,-1.390834094693566,-1.2774728207179398,-2.398653303465602
1,0.3199364507415049,0.2243983495733247,-5.759253882903409,-4.593429358758325,-2.468332922012914
1,0.3084179429756981,0.21521149085580804,-9.32937522224686,-0.8582107843361497,-3.0498606565299897
1,0.28975919253120436,0.21349506928713574,-11.392065007305634,-3.4682614267218943,-2.8460625458183313
1,0.2669750625165931,0.20655854643369195,-13.601033495642387,-0.6297416916750398,-3.0953246799300542
1,0.2397729955253083,0.20529906305034187,-13.809631480178428,-10.218754053567327,-2.504539788769067
1,0.21215373256495146,0.18486155494320722,-10.279513301863524,-12.549348815617131,-2.25709188488887
1,0.1915947059612244,0.15976285731197296,-2.818862482046727,-12.467716853282893,-1.7931507802705688
1,0.18595698099713096,0.13482742360540717,-10.415572196320277,-12.650770723502424,-2.2595930752146187
1,0.1651258366044904,0.10952588215840232,-7.461404642606251,-6.299466719057088,-2.440432486900398
1,0.1502030273192779,0.09692694872028815,-0.26167327966448994,-0.4057827243423573,-2.1435501037418905
1,0.14967968075994892,0.09611538327160343,-0.029411193011627534,2.9405044364850945,1.5807980842901213
1,0.14962085837392566,0.10199639214457362,-1.8524002160894282,5.390976789259184,1.9017683013822217
1,0.1459160579417468,0.11277834572309199,-2.0610241781278127,-0.22628668578875827,-3.0322373411072556
1,0.14179400958549118,0.11232577235151447,-4.631683856942681,4.0490963309162336,2.4232063484029718
1,0.13253064187160582,0.12042396501334694,-4.203712635131973,-0.6130727436091665,-2.9967728605025497
1,0.12412321660134187,0.11919781952612861,-0.40329514902454067,4.348801802426173,1.663268911604473
1,0.12331662630329279,0.12789542313098096,-0.4240750393968498,-7.125547543064409,-1.6302409388083017
1,0.12246847622449909,0.11364432804485214,4.3211658779420885,5.5233152703524775,0.9069105980892487
1,0.13111080798038327,0.1246909585855571,3.3164952206628517,-4.0031634523577315,-0.8789359181525344
1,0.13774379842170897,0.11668463168084163,-5.132870808380235,0.8741106923859238,2.972914195074103
1,0.1274780568049485,0.11843285306561348,-3.4807918974638503,1.281629835377343,2.788796342422658
1,0.1205164730100208,0.12099611273636816,0.472286809699525,0.2753527386761129,0.5278407651379853
1,0.12146104662941985,0.12154681821372039,-1.6874387787863612,2.5351611588111735,2.1580698122542907
1,0.11808616907184713,0.12661714053134274,5.4905635006531615,5.717624696877616,0.8056539029826887
1,0.12906729607315345,0.13805238992509797,1.4054076777161861,2.5465291493475957,1.0665021029730228
1,0.13187811142858583,0.14314544822379316,-1.9161491128316666,1.9680539216842678,2.3428322330819724
1,0.1280458132029225,0.1470815560671617,3.8343282287560396,0.10344304272510985,0.02697159750968687
1,0.13571446966043457,0.14728844215261191,6.5004907129036225,-1.045663303772773,-0.15949283845559042
1,0.14871545108624182,0.14519711554506637,5.690077455900874,-2.849342803074098,-0.464252560023654
1,0.16009560599804357,0.13949842993891817,7.017372205461059,-6.966290903179253,-0.7817452525200023
1,0.17413035040896568,0.12556584813255967,16.248925512020897,-7.4661841498983925,-0.43071596834585985
1,0.20662820143300747,0.11063347983276288,13.649876694115797,-11.89192588265285,-0.7166801149989762
1,0.23392795482123907,0.08684962806745718,8.837110855153595,-11.625514358974055,-0.9208321052362409
1,0.25160217653154626,0.06359859934950907,-8.409111909803798,-4.470286771144916,-2.6529855124213815
1,0.23478395271193866,0.054658025807219235,5.006552758408361,-8.727388377276144,-1.0499697496472096
1,0.2447970582287554,0.03720324905266695,-2.758454248682138,-8.713312409734835,-1.8773932301336667
1,0.2392801497313911,0.019776624233197277,2.5422785231574982,-9.486172616508838,-1.3089510833699878
1,0.2443647067777061,0.000804279000179602,1.6381432404285745,11.243572186223203,1.4261183266484276
1,0.24764099325856326,0.023291423372626005,2.247734682552127,-4.548806465307688,-1.1118499141860048
1,0.2521364626236675,0.014193810442010629,-1.5044339789109378,-4.24853123083343,-1.911125107801959
1,0.24912759466584564,0.005696747980343768,-5.839931721607281,2.418929294742014,2.7489008254009244
1,0.23744773122263108,0.010534606569827796,1.5983927396278212,-4.1475821269158155,-1.2029570977102193
1,0.24064451670188672,0.002239442315996165,-2.637424252319373,7.85104098063092,1.8948848111443004
1,0.23536966819724797,0.017941524277258005,1.3159142589514865,-3.9158834556510222,-1.2466069849039765
1,0.23800149671515095,0.01010975736595596,1.561276190280625,-2.1266143658015215,-0.9375098297074572
1,0.2411240490957122,0.005856528634352917,1.3097971432901867,-1.0453333190735747,-0.6735739711281821
1,0.24374364338229257,0.0037658619962057677,0.9328136006599014,0.9089057146339651,0.7724176060307798
1,0.24560927058361237,0.005583673425473698,4.31270879244558,3.432359253992967,0.6722180974978808
1,0.25423468816850353,0.012448391933459632,0.7349465636164454,-2.216620869639761,-1.250641097141327
1,0.2557045812957364,0.00801515019418011,-7.272431075248497,1.7650923407152512,2.903486770681335
1,0.24115971914523943,0.011545334875610613,-0.5089266062545394,-1.8582257097742279,-1.8381188566377011
1,0.24014186593273035,0.007828883456062157,-2.157758397314274,-3.4760222323961796,-2.1263372773006743
1,0.2358263491381018,0.0008768389912697976,-2.9991582530125847,-0.23950249447744396,-3.0619051862259044
1,0.22982803263207663,0.00039783400231490967,-3.6119766121587986,7.116181129136159,2.040483430204211
1,0.22260407940775903,0.014630196260587229,-2.715702157746996,3.2305161926799935,2.2698314537905984
1,0.21717267509226504,0.021091228645947216,-7.895838731040578,7.3880220620015224,2.389407951910411
1,0.20138099763018388,0.03586727276995026,-2.328230639570314,8.738344741518112,1.8311855995285073
1,0.19672453635104326,0.05334396225298649,-3.2148131014019117,6.305190270003688,2.042306927625309
1,0.19029491014823943,0.06595434279299386,5.82040259000198,5.444815984676575,0.7520701342380695
1,0.2019357153282434,0.07684397476234701,8.315119850054925,5.777832282862411,0.60726699862912
1,0.21856595502835324,0.08839963932807184,15.525403189072556,3.5453851999058883,0.22451048092153778
1,0.24961676140649836,0.09549040972788361,5.3252046111885445,9.910047208061892,1.077713864702862
1,0.26026717062887544,0.1153105041440074,6.7759578684311315,9.451524772576782,0.9488067345026469
1,0.2738190863657377,0.13421355368916096,0.10628399751611006,-1.6045884407897004,-1.5046553990134193
1,0.2740316543607699,0.13100437680758156,2.4669764819806317,-4.439245591777961,-1.0635723563823207
1,0.2789656073247312,0.12212588562402564,2.779958951135142,-0.8245627669672684,-0.28834352475480407
1,0.2845255252270015,0.1204767600900911,9.26429294636319,2.031093124261668,0.21582419790041707
1,0.30305411111972785,0.12453894633861444,9.23658585453252,-6.820163583077091,-0.6360264719121101
1,0.3215272828287929,0.11089861917246026,8.148999332345724,-0.07655101729769909,-0.009393639946439878
1,0.33782528149348434,0.11074551713786486,6.076246865720114,-3.458985026622736,-0.517512395305396
1,0.34997777522492457,0.10382754708461939,8.435772048423773,1.8191214964793367,0.21239138345486544
1,0.3668493193217721,0.10746579007757806,6.613218710221941,-6.8448521897480905,-0.8026079561403321
1,0.380075756742216,0.09377608569808188,4.356632510721214,-7.492289097331822,-1.0441041712275463
1,0.3887890217636584,0.07879150750341823,4.011723046684068,-0.526968431111205,-0.13060934873503868
1,0.39681246785702656,0.07773757064119582,6.910988755543301,3.851944416987829,0.5084802599673626
1,0.41063444536811317,0.08544145947517148,3.572382128208984,0.3897160373137476,0.10866166490663047
1,0.41777920962453113,0.08622089154979898,-0.9072271062816883,-8.721883001392136,-1.674440945379692
1,0.41596475541196776,0.0687771255470147,0.4528485723438447,-4.752609000019274,-1.4757989249207697
1,0.41687045255665545,0.05927190754697616,6.175075044064837,-2.732422396633648,-0.41659290465093973
1,0.4292206026447851,0.05380706275370886,1.7949526967211415,-5.04257961489437,-1.228822522952587
1,0.4328105080382274,0.04372190352392012,1.4023718182591682,-8.90076550889816,-1.4145246565374723
1,0.43561525167474574,0.0259203725061238,5.317681108739258,-9.899692479739075,-1.0778674525717562
1,0.44625061389222426,0.006120987546645651,6.258639554657108,4.5941821680873485,0.6332176030331335
1,0.4587678930015385,0.015309351882820349,6.6703462326823395,-6.819795506639588,-0.7964761167111413
1,0.47210858546690315,0.0016697608695411736,3.2898864805943338,6.5134699451497164,1.103085265158913
1,0.4786883584280918,0.014696700759840607,-1.1715403472702945,-7.2835803772120045,-1.730277109442328
1,0.47634527773355123,0.0001295400054165995,7.076006025931475,8.762470059186263,0.8914774008715602
1,0.4904972897854142,0.017654480123789125,6.638535638326892,1.3644913192246368,0.20271773246540356
1,0.503774361062068,0.0203834627622384,5.992304352993472,0.4689828537295416,0.07810497915314844
1,0.5157589697680549,0.021321428469697482,4.609881504441193,-6.0225003883468995,-0.9174846592068449
1,0.5249787327769373,0.009276427693003683,11.097396991501308,-1.1266078713416987,-0.10117338688179098
1,0.5471735267599399,0.007023211950320285,4.706135882165563,-1.8989029311211298,-0.3835157880684982
1,0.556585798524271,0.003225406088078025,1.472416884976957,8.217155840349193,1.3934898793424415
1,0.559530632294225,0.01965971776877641,-1.144832523080952,-1.0546565833238208,-2.397170126440739
1,0.557240967248063,0.01755040460212877,5.057839090753524,4.042852420964167,0.674328641024188
1,0.5673566454295701,0.025636109444057104,-0.04459664998734958,5.917079351429341,1.5783331203587212
1,0.5672674521295954,0.037470268146915786,1.9558837884943725,0.5904629556058444,0.2931903978737031
1,0.5711792197065841,0.038651194058127475,-2.979136204344479,-0.5635541528767329,-2.9546348403700824
1,0.5652209472978952,0.03752408575237401,1.1940412731302197,7.271909004398644,1.408049433406985
1,0.5676090298441556,0.0520679037611713,7.838468609336957,7.150453397546077,0.7395287796157066
1,0.5832859670628295,0.06636881055626345,2.31148393301156,11.762030111949345,1.3767483489310013
1,0.5879089349288527,0.08989287078016214,-2.8313010277675743,17.110019620953,1.7347864891273006
1,0.5822463328733175,0.12411291002206815,-2.4655928622131507,14.630084714177539,1.7377564096689109
1,0.5773151471488912,0.15337307945042322,5.916024446848633,15.053583547126367,1.19634090983742
1,0.5891471960425885,0.18348024654467596,-4.018624350097643,12.639073688168105,1.8786408054056032
1,0.5811099473423932,0.20875839392101217,1.012452411334963,7.38749421814551,1.434595328944672
1,0.5831348521650631,0.2235333823573032,2.2121713996873793,5.623175043409867,1.195990313433577
1,0.5875591949644379,0.23477973244412292,6.82726931261296,-3.4371137311681452,-0.4663950339186561
1,0.6012137335896638,0.22790550498178663,-0.7845686657025341,0.3444519053700801,2.7278958261085062
1,0.5996445962582587,0.2285944087925268,0.5487308358093634,-1.3350997101831823,-1.1808401943623916
1,0.6007420579298774,0.22592420937216043,6.848390474909316,0.15091552057248936,0.02203307468630512
1,0.6144388388796961,0.2262260404133054,1.719933975346366,0.7385600795447728,0.4056016055967221
1,0.6178787068303888,0.22770316057239495,8.456073950321551,2.521846831927743,0.28983127133952225
1,0.6347908547310319,0.23274685423625044,5.965670172636217,5.204722049005183,0.7173813657555755
1,0.6467221950763044,0.2431562983342608,4.180273040741422,5.543827331660464,0.9247139978894371
1,0.6550827411577872,0.25424395299758173,1.1706166029959997,10.084733466113715,1.4552354118509994
1,0.6574239743637792,0.27441341992980917,4.465570324328927,6.471835113187469,0.966812919755564
1,0.666355115012437,0.2873570901561841,5.569630633467326,3.3997639854176085,0.548039523486057
1,0.6774943762793717,0.2941566181270193,-0.4518848069179904,13.131354893065383,1.6051954088834033
1,0.6765906066655357,0.3204193279131501,-0.5636757040837215,7.810269871901171,1.6428425037203895
1,0.6754632552573683,0.33603986765695243,-1.0542931123803112,3.093667857491794,1.8992433938509996
1,0.6733546690326077,0.342227203371936,1.2821073543415884,1.1264738134848518,0.7208715946865216
1,0.6759188837412908,0.3444801509989057,4.252519246698061,-2.0421779840060217,-0.447705105893847
1,0.684423922234687,0.3403957950308937,3.9853386052066675,-0.1859291953888731,-0.046619496150307575
1,0.6923945994451003,0.34002393664011593,-4.794730591965945,-4.195083691453494,-2.422798750960182
1,0.6828051382611684,0.33163376925720894,0.7134837996065069,-0.3730016076885778,-0.4817122948766484
1,0.6842321058603814,0.3308877660418318,1.5878652524684567,0.008746030554313,0.005507987592182734
1,0.6874078363653183,0.3309052581029404,-2.9479750440245533,-2.881512375803613,-2.3675951132544037
1,0.6815118862772692,0.3251422333513332,5.375005042679459,1.0494874358670525,0.19282728044844136
1,0.6922618963626281,0.3272412082230673,3.6632444112693063,3.138778316181728,0.7084459868975728
1,0.6995883851851668,0.33351876485543075,4.480857644236946,1.8654046222469634,0.39448313902490406
1,0.7085501004736406,0.3372495740999247,9.548820133974955,2.1623087603897804,0.2226919962766988
1,0.7276477407415906,0.34157419162070424,7.1454258252771625,1.4847418283994995,0.20487376833619833
1,0.7419385923921449,0.34454367527750324,12.702781910177096,5.597774953028655,0.4150707030683098
1,0.7673441562124991,0.35573922518356055,4.33557630293846,8.028640472440978,1.0756524124682374
1,0.776015308818376,0.3717965061284425,5.380101451859964,3.647139884796091,0.5957353261653111
1,0.7867755117220959,0.3790907858980347,3.0630791853132333,5.985132270914323,1.0977681058906077
1,0.7929016700927224,0.39106105043986333,2.6252340276013975,8.347150524393221,1.2660844168023353
1,0.7981521381479252,0.4077553514886498,2.599996505971869,6.40507031717788,1.1851901916607153
1,0.8033521311598689,0.42056549212300554,4.671618667523081,7.887426534864378,1.0360675967056108
1,0.8126953684949151,0.4363403451927343,1.5827949511980077,6.661156461408635,1.337507064172902
1,0.8158609583973111,0.44966265811555156,0.09629892152596131,3.339609138168248,1.5419689279418496
1,0.816053556240363,0.45634187639188806,2.028546144294041,-0.08778798707889668,-0.04324932147956664
1,0.8201106485289511,0.45616630041773026,1.181809304918291,3.687955121433689,1.2606842304817005
1,0.8224742671387877,0.46354221066059764,3.948636318365284,-0.27661091261080295,-0.06993801029713696
1,0.8303715397755183,0.46298898883537604,4.327658453261662,-1.7551503863106332,-0.3852952773969179
1,0.8390268566820416,0.45947868806275477,-3.3550376926384518,-3.0883504805803152,-2.3975601624701484
1,0.8323167812967647,0.45330198710159414,-4.101653605335653,-1.9624539847497013,-2.6953296581405657
1,0.8241134740860934,0.44937707913209474,-3.459832823502096,10.16301167883088,1.8989236433922447
1,0.8171938084390892,0.4697031024897565,-3.298806352496797,7.1014169971484185,2.005665764506926
1,0.8105961957340956,0.48390593648405333,-2.128389981181422,8.071781291151824,1.828610897473239
1,0.8063394157717327,0.500049499066357,-10.067490782609712,9.66234013770162,2.376726531877647
1,0.7862044342065133,0.5193741793417602,-6.270334069166383,6.495342894760725,2.338570236597313
1,0.7736637660681805,0.5323648651312817,-6.278034802666976,13.665892406335866,2.0014351394397947
1,0.7611076964628466,0.5596966499439534,0.6143450681770912,15.682404629944802,1.5316421848978683
1,0.7623363865992008,0.591061459203843,0.9793334413504828,9.352093787668048,1.4664585086689006
1,0.7642950534819017,0.6097656467791791,5.096292587750795,12.035519529208893,1.170249713821317
1,0.7744876386574033,0.6338366858375969,5.347663236155153,12.71450159657933,1.172662165375847
1,0.7851829651297136,0.6592656890307556,6.101125733557644,4.004406223555246,0.5808184981238783
1,0.7973852165968289,0.667274501477866,0.8037431890941527,-3.1661991224302133,-1.3221963786654787
1,0.7989927029750172,0.6609421032330056,4.221382618197211,3.000431663041092,0.6179175672739116
1,0.8074354682114117,0.6669429665590878,1.0492658523273968,3.9227445772343494,1.3094323421995886
1,0.8095339999160664,0.6747884557135565,-0.9340262006705125,-2.485888575876727,-1.9302080017699552
1,0.8076659475147254,0.669816678561803,4.897761578646575,-0.5231113572229384,-0.1064028354763048
1,0.8174614706720186,0.6687704558473572,-2.0664119374019796,0.2666957823641014,3.0132399212996677
1,0.8133286467972146,0.6693038474120854,-1.1070310946707518,3.6288495707829105,1.8668924250538423
1,0.8111145846078731,0.6765615465536512,-4.487365788959973,-1.718349895769189,-2.775887277762742
1,0.8021398530299532,0.6731248467621128,-2.9211927502652557,3.3729934514618587,2.284536754762227
1,0.7962974675294227,0.6798708336650365,0.3599761044574823,3.421746961294825,1.465979448144313
1,0.7970174197383376,0.6867143275876262,-10.041233055383014,4.785437381027435,2.696857061653162
1,0.7769349536275716,0.696285202349681,-3.1647231037646995,4.794773447079181,2.1541944124443417
1,0.7706055074200422,0.7058747492438394,-8.62310024489138,10.319281936873702,2.266888407459189
1,0.7533593069302594,0.7265133131175868,-8.001043478630676,3.2203330409893427,2.7589423169343594
1,0.7373572199729981,0.7329539791995655,-11.23331071622996,12.458849157229446,2.304512958270421
1,0.7148905985405382,0.7578716775140244,-16.79183251907507,11.398142944908374,2.5452432586428
1,0.681306933502388,0.7806679634038411,-6.685331695354901,17.361981147046567,1.9383537725982198
1,0.6679362701116782,0.8153919256979343,-1.2310694272015255,11.781818682297107,1.6749074439193155
1,0.6654741312572752,0.8389555630625285,-4.5078732475419825,9.714602022136475,2.0052567022480696
1,0.6564583847621912,0.8583847671068014,-1.7057131140544857,6.40965513461017,1.8308847337342613
1,0.6530469585340822,0.8712040773760218,-3.5013965579999695,2.461628636348412,2.528828033564457
1,0.6460441654180823,0.8761273346487186,-1.5132767931169688,-3.7877908532300553,-1.95088396829689
1,0.6430176118318484,0.8685517529422585,2.015194115726149,5.747835529776701,1.2335866247355312
1,0.6470480000633007,0.8800474240018119,-2.2883156616078093,7.279488937046496,1.875366755041727
1,0.642471368740085,0.8946064018759049,4.818539644884545,1.629589416109578,0.3261165629480344
1,0.6521084480298541,0.8978655807081241,-4.835637032610529,7.62769714533329,2.1358111886132263
1,0.6424371739646331,0.9131209749987906,-0.4793031150712168,0.6709666840246098,2.1910864689028418
1,0.6414785677344906,0.9144629083668399,5.500612642660774,-4.793276846714766,-0.716791862562539
1,0.6524797930198122,0.9048763546734103,2.187368958921021,0.29368765887943793,0.13346706734301364
1,0.6568545309376542,0.9054637299911692,-1.0261956363681324,-0.4507438944755804,-2.727724546469557
1,0.654802139664918,0.904562242202218,4.783224181967638,3.8235184468428107,0.6743506229966916
1,0.6643685880288532,0.9122092790959037,4.428666318199381,4.9172488879300476,0.837628276363257
1,0.673225920665252,0.9220437768717638,4.889772307840545,6.925464976773155,0.9560168877583509
1,0.6830054652809331,0.9358947068253101,-0.10811103409680278,12.429358736988194,1.5794941454110412
1,0.6827892432127395,0.9607534242992865,5.271126388256331,13.29107543840391,1.1932318361033762
1,0.6933314959892521,0.9873355751760943,3.0108914453538804,5.460540278119208,1.0668859821805268
1,0.6993532788799599,0.9982566557323327,3.594748135093806,-8.033427181147411,-1.1500451809195027
1,0.7065427751501475,0.9821898013700379,2.618108836181021,5.037385313248821,1.0914851248023159
1,0.7117789928225096,0.9922645719965355,-1.35298040196008,-8.441871941342605,-1.7297150215760915
1,0.7090730320185894,0.9753808281138503,-3.004790358398124,8.773196570766306,1.9007710641535396
1,0.7030634513017932,0.9929272212553829,1.0430115851095545,-2.09422102415896,-1.108715748260975
1,0.7051494744720123,0.988738779207065,0.6728490833174394,-0.4539057756112186,-0.5934766418598911
1,0.7064951726386471,0.9878309676558426,-1.2257685762286918,2.6505559877491036,2.0039611979383993
1,0.7040436354861898,0.9931320796313408,2.443560785142962,-1.1335719940973599,-0.43435425084499374
1,0.7089307570564757,0.990864935643146,-2.9061358840224427,0.6511937751558783,2.921158362621715
1,0.7031184852884308,0.9921673231934578,-2.7450697223969645,2.9256330781308737,2.3243638025085747
1,0.6976283458436369,0.9980185893497195,1.56305835247611,-5.782575359388864,-1.3068003474921939
1,0.7007544625485891,0.9864534386309418,1.376210534322242,5.760848922554573,1.3363009370076888
1,0.7035068836172336,0.997975136476051,-2.7853825359088202,-2.903607548691234,-2.335416110139526
1,0.6979361185454159,0.9921679213786685,-0.7533426121884568,-2.5901756553012856,-1.8538340793971033
1,0.696429433321039,0.9869875700680659,-1.5762627937058737,4.502117093666769,1.9075743971974954
1,0.6932769077336273,0.9959918042553995,2.1423609949391964,-2.543199415206421,-0.8707379788927206
1,0.6975616297235057,0.9909054054249866,2.6258722658138445,3.6527107950365956,0.9475092031927944
1,0.7028133742551333,0.9982108270150598,-2.2114940696830176,-4.604765515787812,-2.018529249691716
1,0.6983903861157673,0.9890012959834842,1.5004906430055032,3.3352756333386857,1.148037997803888
1,0.7013913674017783,0.9956718472501616,-4.0204540177284915,1.7740045962928996,2.7260433274410802
1,0.6933504593663213,0.9992198564427474,-3.455846220122072,-8.224083626499345,-1.9686032331006784
1,0.6864387669260772,0.9827716891897487,3.008459136938757,2.2386129813276034,0.6397183688070385
1,0.6924556851999547,0.9872489151524039,-4.606318337284365,1.6832977405125127,2.7912363285509625
1,0.683243048525386,0.9906155106334289,-1.4949298464141947,-2.2916862928223924,-2.148805967482236
1,0.6802531888325576,0.9860321380477841,-6.185189591813522,-2.0316872381223594,-2.8242199192197806
1,0.6678828096489305,0.9819687635715394,-4.446097332519827,-0.02042993408113425,-3.1369976596507634
1,0.6589906149838909,0.9819279037033771,-13.257439017100635,1.5284367243594277,3.0268104204192854
1,0.6324757369496896,0.984984777152096,0.2702607149826508,3.867946520932586,1.5010378164698683
1,0.6330162583796549,0.9927206701939612,-4.134583165678551,-10.889301491600111,-1.9336743735089275
1,0.6247470920482978,0.9709420672107609,-3.046682483270391,2.670791935963701,2.4218441722167063
1,0.618653727081757,0.9762836510826883,-4.063683733438572,-1.385624814588926,-2.812978177073328
1,0.6105263596148799,0.9735124014535105,2.452457548075382,-2.242190874289951,-0.7406394883454083
1,0.6154312747110307,0.9690280197049306,-2.704992272538731,1.2856290486276678,2.697915790188617
1,0.6100212901659532,0.9715992778021859,5.5710993842546515,5.281422419915249,0.7587123659785565
1,0.6211634889344625,0.9821621226420164,1.2154265582968171,1.6798756245566815,0.9444577599264087
1,0.6235943420510561,0.9855218738911298,-2.52183634704517,5.771717106383356,1.9827282408384386
1,0.6185506693569658,0.9970653081038965,1.9987495961188428,-3.54938799737059,-1.0579321131365045
1,0.6225481685492035,0.9899665321091553,-0.23226295339801029,-1.2403448749839785,-1.7559092802769172
1,0.6220836426424075,0.9874858423591873,0.8462016896613189,0.13480219738376542,0.15797527458248048
1,0.6237760460217301,0.9877554467539549,-3.804390386860368,1.7820169725797363,2.7035343484057783
1,0.6161672652480094,0.9913194806991144,1.6514484126758378,4.189268018346792,1.195291878698453
1,0.619470162073361,0.9996980167358079,-0.18247920837477505,-6.603228546549766,-1.5984241419107574
1,0.6191052036566115,0.9864915596427084,0.46230199921409865,-4.880079243742119,-1.476345716764721
1,0.6200298076550397,0.9767314011552242,-2.0749400682189556,-7.043837265175934,-1.8572688787063465
1,0.6158799275186018,0.9626437266248723,2.931015393563441,-11.127343975115888,-1.313240066468104
1,0.6217419583057286,0.9403890386746405,0.7957057866877504,-14.144443954267116,-1.5145998451177674
1,0.6233333698791041,0.9121001507661063,2.420263755291918,-14.523285244268823,-1.4056666613609332
1,0.628173897389688,0.8830535802775686,-2.367035507204407,-16.788207650295707,-1.7108669661712392
1,0.6234398263752792,0.8494771649769772,-4.142342735094062,-11.288860436250047,-1.922482686709036
1,0.615155140905091,0.8268994441044771,-4.044427467876199,-12.613003709456338,-1.8810936589705378
1,0.6070662859693386,0.8016734366855645,-7.118883088744254,-8.06901632201451,-2.2937173406146982
1,0.5928285197918501,0.7855354040415354,-1.3496173368284237,-4.977490385931482,-1.8355742508989146
1,0.5901292851181933,0.7755804232696725,2.630096271130755,-1.0873992289763823,-0.3920425944890906
1,0.5953894776604548,0.7734056248117197,2.5410727158864943,3.296793148920396,0.9141337351677639
1,0.6004716230922278,0.7799992111095605,-0.8864930046264541,-0.8142196592699769,-2.3986648543828184
1,0.5986986370829749,0.7783707717910205,2.235141635695659,-6.914534839847164,-1.2581456666796316
1,0.6031689203543662,0.7645417021113262,1.605240644698691,-10.895781065216326,-1.424521767594529
1,0.6063794016437636,0.7427501399808936,9.947995958040412,-9.346100400018042,-0.7542124364381528
1,0.6262753935598444,0.7240579391808575,3.3190577039908797,-14.1588540098469,-1.3405381571545585
1,0.6329135089678262,0.6957402311611637,6.660081885462576,-19.12243902028243,-1.235649080788568
1,0.6462336727387513,0.6574953531205988,1.5016723645586705,-14.095086865281658,-1.464657983312379
1,0.6492370174678687,0.6293051793900355,-0.5606105921872606,-6.418657119472204,-1.6579160385860285
1,0.6481157962834941,0.6164678651510911,-3.239689339941343,-0.7850317983047472,-2.9038580193134633
1,0.6416364176036115,0.6148978015544816,-3.484180725729591,-0.12765760002575455,-3.1049698339965386
1,0.6346680561521523,0.6146424863544301,-0.08429304388501979,0.9878411204308768,1.655920688914055
1,0.6344994700643822,0.6166181685952918,-4.9319011360827725,0.007195506607160507,3.140133682433808
1,0.6246356677922167,0.6166325596085062,0.5598312968626562,4.987437273646977,1.459015937125373
1,0.625755330385942,0.6266074341558001,-8.665088612501703,4.399874315778707,2.671748175009695
1,0.6084251531609386,0.6354071827873575,-3.5827793871096025,-1.0322383621709785,-2.861078515792201
1,0.6012595943867194,0.6333427060630156,-5.384577216584807,-6.414036419233937,-2.2691623459391104
1,0.5904904399535498,0.6205146332245477,-5.346567415963621,-3.2733512754340444,-2.592225970374053
1,0.5797973051216225,0.6139679306736796,-1.0547319612236317,-3.7900755519751916,-1.8422166451270876
1,0.5776878411991753,0.6063877795697292,-2.864302548500508,-3.9446584368423854,-2.1988394429774196
1,0.5719592361021743,0.5984984626960445,-1.3219550675214187,1.8325994985375904,2.1957112852239056
1,0.5693153259671314,0.6021636616931196,-8.777117026885772,-1.2332794142458359,-3.001995802360449
1,0.5517610919133599,0.599697102864628,-2.3865478756263103,-2.8805209650184516,-2.2626828186959917
1,0.5469879961621072,0.5939360609345911,-7.318172677754364,-1.3047533217317442,-2.965157030589832
1,0.5323516508065985,0.5913265542911276,-0.4808832284350917,4.780276684227369,1.6710563926682789
1,0.5313898843497283,0.6008871076595823,0.5798796744955759,1.4134048704240176,1.1814667265858754
1,0.5325496436987195,0.6037139174004303,-2.4625205432078356,-2.4462209452773553,-2.3595150028050544
1,0.5276246026123038,0.5988214755098756,-5.159503651956721,-1.5066877035192494,-2.8574712561849327
1,0.5173055953083904,0.5958081001028371,-0.30542169930719565,-2.0049958408586144,-1.7219645533061647
1,0.516694751909776,0.5917981084211199,-2.5071760074299454,-0.36415215778351495,-2.997357309250419
1,0.5116803998949161,0.5910698041055529,-7.068108081504793,-4.882241958999389,-2.5371069010525655
1,0.4975441837319065,0.5813053201875541,-2.0855567277002773,-5.680143196989895,-1.9226814035765798
1,0.49337307027650595,0.5699450337935743,-6.975761505600447,-4.430373565150691,-2.5757564743650745
1,0.47942154726530506,0.5610842866632729,-1.8654295331013426,-4.261035811923053,-1.9834483138750763
1,0.4756906881991024,0.5525622150394268,-2.5431514309199597,-7.472367939166835,-1.8988402575268148
1,0.47060438533726245,0.5376174791610931,-1.7024582702225288,-9.921562588661558,-1.740733114803789
1,0.4671994687968174,0.51777435398377,5.54544482809427,-9.382007050486585,-1.036967147098039
1,0.47829035845300594,0.49901033988279686,-0.7682019329293688,-10.255432051624686,-1.6455635276941503
1,0.4767539545871472,0.4784994757795475,0.8402690370664656,-1.1295358094658703,-0.9312064744213664
1,0.47843449266128013,0.47624040416061575,-2.4565142791184433,-0.663567831787143,-2.877763590668141
1,0.47352146410304324,0.47491326849704146,0.9234731410632802,-3.042779347597918,-1.276134751266919
1,0.4753684103851698,0.4688277098018456,-5.1135258927988705,1.0215116564355198,2.9444215316220554
1,0.46514135859957206,0.47087073311471667,-1.443725228194831,0.9529631809947481,2.558169214141681
1,0.4622539081431824,0.47277665947670616,0.6972199562507164,-0.18321418899364117,-0.2569685570714181
1,0.46364834805568383,0.4724102310987189,2.4613913650338435,-0.6732981856929221,-0.26701182889438096
1,0.4685711307857515,0.47106363472733304,1.0231123567550626,-1.01160084072896,-0.77974066177881
1,0.47061735549926165,0.4690404330458751,2.3115584032230574,-1.2054295019682804,-0.4806829021177373
1,0.47524047230570776,0.46662957404193856,0.24521638895222408,2.3621440646076906,1.4673559102941416
1,0.4757309050836122,0.47135386217115394,-1.7861865980440539,-1.4098791420485146,-2.4733957318813107
1,0.4721585318875241,0.4685341038870569,-4.085824338056043,0.4234328408139476,3.038326680372033
1,0.463986883211412,0.4693809695686848,-2.3533865492927353,-3.2435062584397767,-2.1984771694435197
1,0.45928011011282655,0.46289395705180525,-9.170887864486527,-6.035944781266039,-2.5594998972666763
1,0.4409383343838535,0.45082206748927317,-4.62883793010263,-7.659740092048422,-2.1143770448013344
1,0.43168065852364823,0.4355025873051763,-4.733238353257202,-17.522432407627242,-1.8346242014692473
1,0.4222141818171338,0.40045772248992184,-5.666044205263787,-15.360830268806996,-1.9241759181611113
1,0.41088209340660625,0.36973606195230785,2.058079665502671,-9.412013148669047,-1.3555195633288288
1,0.4149982527376116,0.35091203565496976,-0.9112105878090193,-13.041651669123688,-1.6405522275334954
1,0.41317583156199356,0.3248287323167224,1.1088549741662679,-11.629324657794204,-1.4757338192067113
1,0.4153935415103261,0.30157008300113397,-6.760896323016407,-12.783522868701102,-2.0572768607732597
1,0.4018717488642933,0.27600303726373177,1.4817190307702954,-7.634982339203955,-1.3791093892359627
1,0.40483518692583387,0.26073307258532386,0.8584144449269859,-11.34013867236612,-1.495243416736632
1,0.40655201581568784,0.2380527952405916,-3.4078678667613382,-8.850787103818245,-1.93833614776986
1,0.39973628008216516,0.22035122103295512,-0.3679248746415731,-0.41643159081454495,-2.294430456184616
1,0.399000430332882,0.21951835785132603,0.7492853695469925,-4.2497063205756,-1.3962753862938984
1,0.400499001071976,0.21101894521017484,-0.22676962238252218,-3.6318943674726185,-1.633153762286365
1,0.40004546182721096,0.2037551564752296,-3.280508850775299,0.45475140075249,3.003848267242281
1,0.39348444412566036,0.20466465927673458,-4.100007007967227,-3.404837058708296,-2.4485604179186735
1,0.3852844301097259,0.197854985159318,-3.8015077158938535,-2.375631609902756,-2.583052115435318
1,0.3776814146779382,0.19310372193951247,-7.513063370753914,0.7331853822216128,3.0443126127725963
1,0.36265528793643037,0.1945700927039557,0.507738252932155,-3.511895218785657,-1.427214504597464
1,0.3636707644422947,0.18754630226638438,-5.129073204537038,-6.196165203864914,-2.262249370493873
1,0.3534126180332206,0.17515397185865456,-5.6681161128527835,-1.4537341525883984,-2.890528544200887
1,0.34207638580751504,0.17224650355347776,-4.431784845002257,-11.211946593003939,-1.9472214652917479
1,0.3332128161175105,0.14982261036746988,-4.0596844313170175,-14.868123835740175,-1.837345181875532
1,0.3250934472548765,0.12008636269598953,-7.379132318522108,-10.58222807207089,-2.179717110477793
1,0.3103351826178323,0.09892190655184775,-8.067535778161771,-6.201387095868878,-2.4862405164871872
1,0.29420011106150873,0.08651913236011,-3.7823867279421775,1.0718615545182164,2.865450281461028
1,0.2866353376056244,0.08866285546914643,0.18842954684064606,2.1450824095832486,1.4831786591016487
1,0.28701219669930567,0.09295302028831293,-6.055976406673047,3.3522699717841995,2.636029994142944
1,0.27490024388595957,0.09965756023188133,-2.4966134386119054,-0.8579680581745144,-2.81058355803274
1,0.26990701700873576,0.0979416241155323,-4.067041508312635,1.359782600025332,2.8189346165098925
1,0.2617729339921105,0.10066118931558296,-5.146836403772586,4.924353086218608,2.378281964231042
1,0.2514792611845653,0.11050989548802018,-5.441646483439561,-2.1711327148909025,-2.761961995950882
1,0.2405959682176862,0.10616763005823837,-6.497774970553885,5.969216471358417,2.398565751340538
1,0.22760041827657843,0.1181060630009552,-1.1608215419235957,2.8711555376642397,1.955008094105936
1,0.22527877519273123,0.12384837407628368,1.8333550715720903,-2.29569869462188,-0.8969069415665437
1,0.22894548533587541,0.11925697668703993,-4.32707479926396,-0.2732253154486067,-3.078533179890058
1,0.2202913357373475,0.11871052605614271,0.3083048665072641,-0.14619618762096165,-0.4427901624585903
1,0.22090794547036202,0.11841813368090079,-1.8526293908877611,-2.2934797104941227,-2.2502638207973775
1,0.2172026866885865,0.11383117425991254,-7.515432802281757,-2.493242825416214,-2.821268015966284
1,0.20217182108402298,0.10884468860908011,-1.7231932525509501,-11.557950072727342,-1.7187977440758748
1,0.19872543457892108,0.08572878846362543,-8.276428690549912,-10.705563214587709,-2.228915797308736
1,0.18217257719782126,0.06431766203445001,-2.4232431133509174,-7.108233486008874,-1.8993471906219044
1,0.17732609097111943,0.05010119506243226,-13.811249424395253,-16.033498058407044,-2.2818713524316117
1,0.14970359212232892,0.018034198945618175,-10.313911641520873,-1.9824283262759503,-2.9516993826059337
1,0.12907576883928717,0.014069342293066275,-2.138804752678795,-0.4863126697010828,-2.9180179430477247
1,0.12479815933392958,0.013096716953664109,0.008729989912116543,2.307848222907516,1.5670136047829708
1,0.12481561931375382,0.01771241339947914,-1.6208421413294039,-6.067623832301109,-1.831830900807613
1,0.12157393503109501,0.005577165734876922,-9.048873374816392,4.8977052251304025,2.6454918894274657
1,0.10347618828146223,0.015372576185137727,3.703068179957962,-6.863191891077299,-1.0760078103940902
1,0.11088232464137815,0.0016461924029831285,-7.330332429363276,0.11614641661322603,3.1257493477662304
1,0.0962216597826516,0.0018784852362095806,7.867754228613209,0.9604758484773549,0.12147643885849742
1,0.11195716823987802,0.0037994369331642904,1.9006231532161453,4.441050376288813,1.166415262228037
1,0.1157584145463103,0.012681537685741918,2.921924216109879,-0.5358505956196015,-0.18137423811945277
1,0.12160226297853007,0.011609836494502715,-6.877509089656349,-4.986400686471904,-2.5142647716761273
1,0.10784724479921737,0.0016370351215589077,-2.3581821644638317,2.7549985557682213,2.2787431670999414
1,0.1031308804702897,0.00714703223309535,7.043219345547372,0.005829543386698648,0.0008276814577974058
1,0.11721731916138445,0.007158691319868747,1.8426279952616573,-0.6970151628571987,-0.36163646078790396
1,0.12090257515190776,0.0057646609941543496,4.420161097985202,-2.1759178958397274,-0.45744545385073576
1,0.12974289734787817,0.0014128252024748953,-7.327025824081644,2.5897720030949416,2.801843436819891
1,0.11508884569971488,0.006592369208664779,-0.7417985521983028,-2.898615369969515,-1.821334059867384
1,0.11360524859531827,0.0007951384687257491,-3.362312231288515,0.27177122774582757,3.0609393214796596
1,0.10688062413274124,0.0013386809242174043,-0.9762344703321754,5.334190533979668,1.7518076648858814
1,0.10492815519207689,0.01200706199217674,-2.358921858250651,-1.3299801394784336,-2.628209772698057
1,0.10021031147557559,0.009347101713219872,-1.8920650082122834,3.7467294947886933,2.0384288303715103
1,0.09642618145915102,0.01684056070279726,-0.3191053300664326,11.195056670150192,1.5992927389858242
1,0.09578797079901816,0.039230674043097644,5.28726806263051,5.185811975534499,0.775711145517606
1,0.10636250692427918,0.04960229799416664,-4.757828988382812,4.272355973307683,2.409903922740561
1,0.09684684894751355,0.05814700994078201,3.4576323936280073,14.93433135843452,1.3432824993479622
1,0.10376211373476957,0.08801567265765105,-0.0792440991514709,3.112065032579145,1.5962543355272936
1,0.10360362553646663,0.09423980272280934,-0.657755947674414,0.8360158436178655,2.237420753670753
1,0.1022881136411178,0.09591183441004507,2.125806716138212,3.345557385884615,1.004744868812362
1,0.10653972707339422,0.1026029491818143,1.2838462667614237,8.394759551984134,1.4190379383797054
1,0.10910741960691707,0.11939246828578257,3.7634890081180705,1.8792685954918953,0.46312116982892004
1,0.11663439762315321,0.12315100547676636,7.345280393057631,1.7081533486130311,0.2284900014113085
1,0.13132495840926847,0.12656731217399242,10.047049837994495,11.928172034227066,0.8707919555146398
1,0.15141905808525746,0.15042365624244655,6.938748890766483,9.12109272928807,0.9204591438062376
1,0.16529655586679043,0.1686658417010227,1.5233595434882146,6.901532155622849,1.353551991612422
1,0.16834327495376686,0.1824689060122684,5.3079618766410235,3.4894514699582158,0.5815594011905687
1,0.1789591987070489,0.18944780895218483,9.842966911060651,3.55750563682182,0.346817533042145
1,0.1986451325291702,0.19656282022582847,8.324578566194132,3.31483864933739,0.3789528054541232
1,0.21529428966155847,0.20319249752450325,9.471201180810324,-2.67715575612798,-0.27547615793313196
1,0.23423669202317912,0.19783818601224729,9.206473542830064,5.214816320704515,0.5153693135847883
1,0.25264963910883925,0.20826781865365632,9.78758495053103,-4.36489273649851,-0.4194910041086051
1,0.2722248090099013,0.1995380331806593,6.765761963173189,0.7273553466398963,0.10709399951890881
1,0.2857563329362477,0.2009927438739391,-0.2986466631519358,-1.4062979222052852,-1.7800513275268646
1,0.2851590396099438,0.19818014802952852,2.1177059990591385,0.001164977234291431,0.0005501127716936603
1,0.2893944516080621,0.1981824779839971,3.4512207233178827,2.6271238042984977,0.6506406735266564
1,0.29629689305469786,0.2034367255925941,-0.18129952392501036,2.6076763703262866,1.6402099435511754
1,0.29593429400684784,0.20865207833324667,9.309795464874066,6.959936770577546,0.6419587688819256
1,0.314553884936596,0.22257195187440176,3.4282739621299685,10.356046604960673,1.2511104686829613
1,0.3214104328608559,0.2432840450843231,4.509058852859515,12.739514196760116,1.230613350981119
1,0.33042855056657494,0.26876307347784334,-2.0520923053321813,7.870838606236719,1.8258395410514097
1,0.3263243659559106,0.2845047506903168,5.195196682013847,1.3450681479744153,0.2533431577254298
1,0.3367147593199383,0.2871948869862656,4.177772894519954,-2.2713798415296416,-0.4979795868939881
1,0.3450703051089782,0.2826521273032063,0.7623684812720355,5.444332306844463,1.4316712092275108
1,0.34659504207152225,0.29354079191689525,9.292461930738737,4.872219665690597,0.4829134449376453
1,0.36517996593299973,0.30328523124827644,0.1738536025499282,2.97954423980179,1.5125133515330704
1,0.3655276731380996,0.30924431972788,8.646051208867577,2.0958232924584985,0.2378152677310735
1,0.38281977555583474,0.313435966312797,10.502416407909998,9.260606178908947,0.7226456283550533
1,0.40382460837165474,0.3319571786706149,5.082972094665711,4.432640775606428,0.7171606654007474
1,0.41399055256098616,0.34082246022182777,2.7484890572721796,4.766771719461188,1.0477653978618244
1,0.4194875306755305,0.35035600366075015,13.894841239534438,5.671989006453992,0.38756237688305184
1,0.4472772131545994,0.36169998167365813,-0.4687741574535831,-6.195957410785019,-1.6463105278202017
1,0.44633966483969223,0.3493080668520881,-3.1451974585680054,-4.518660209127917,-2.1788639798120313
1,0.4400492699225562,0.34027074643383226,-0.6316296494675022,-4.8423365561324205,-1.7005030334137603
1,0.4387860106236212,0.3305860733215674,2.5515308627688524,3.2818398205600174,0.9099451727593889
1,0.4438890723491589,0.33714975296268745,2.5851124290532934,-2.165517666445016,-0.6973027469659263
1,0.4490592972072655,0.3328187176297974,7.0482473381549005,-2.0992979845632362,-0.28948022186610994
1,0.4631557918835753,0.32862012166067095,1.5587333771141798,-2.9861740374012014,-1.0897170356327393
1,0.46627325863780367,0.32264777358586855,6.398184475651602,-5.764363893891983,-0.7333327789227215
1,0.4790696275891069,0.3111190457980846,3.8087553309055777,-5.821421712723512,-0.9914283610807186
1,0.486687138250918,0.29947620237263756,6.61580834099404,-7.637175766483983,-0.856935779383161
1,0.4999187549329061,0.2842018508396696,1.4298250372479504,-5.952387797888675,-1.3350524807529667
1,0.502778405007402,0.27229707524389224,6.9386254597278985,-6.2664459104326,-0.7345389242947405
1,0.5166556559268578,0.25976418342302704,-4.37836946891551,-1.9609674001486166,-2.7205062994414626
1,0.5078989169890268,0.2558422486227298,-4.74016624818388,-4.87098776308334,-2.3425839043560375
1,0.498418584492659,0.24610027309656313,0.3204087372937203,-7.4398946758122415,-1.5277566221529362
1,0.49905940196724646,0.23122048374493864,0.018585067346865713,-0.6115784615161324,-1.5404169875087812
1,0.4990965721019402,0.22999732682190638,-2.044652967598537,-0.17098956041482205,-3.0581591236370116
1,0.4950072661667431,0.22965534770107673,-2.6525653063094454,-0.9398573928179055,-2.801074325897017
1,0.48970213555412423,0.22777563291544092,-3.29871608519941,-2.5649276129867946,-2.480689360232578
1,0.4831047033837254,0.22264577768946733,-5.681850808890526,-6.805248420272081,-2.2664713741574216
1,0.47174100176594436,0.20903528084892317,-4.779571913114372,-8.143808973933464,-2.1015250832412926
1,0.4621818579397156,0.19274766290105624,-10.172081424966366,-7.323593353296825,-2.5175893656711303
1,0.4418376950897829,0.1781004761944626,-2.674921419976467,-6.132887775919568,-1.9820816428458101
1,0.43648785224982994,0.16583470064262346,-3.388247426875546,-8.44690172510447,-1.9522705206421087
1,0.42971135739607885,0.14894089719241452,-2.2147557810344995,-5.935513466647474,-1.927932104595537
1,0.42528184583400985,0.13706987025911957,-3.4974055018340833,-5.442198524992434,-2.1419841819991983
1,0.4182870348303417,0.1261854732091347,-2.358585647051131,-3.0717051051935282,-2.2256191672708034
1,0.4135698635362394,0.12004206299874765,3.4432045759621444,-5.629396280053038,-1.0218566831561249
1,0.4204562726881637,0.10878327043864157,6.79481544831892,0.40971112633063356,0.06022469146325112
1,0.43404590358480155,0.10960269269130284,9.62645813023985,-2.543307890175983,-0.2582978481802984
1,0.45329881984528125,0.10451607691095087,0.17222672940084283,-2.702069866868294,-1.5071436186037066
1,0.45364327330408294,0.09911193717721428,8.471022492040293,5.404803583490505,0.5679174940746501
1,0.4705853182881635,0.1099215443441953,0.6712517090790571,-2.2995680050189247,-1.2867840620865347
1,0.47192782170632164,0.10532240833415744,3.155866248066075,0.787666753660314,0.24459098270862326
1,0.4782395542024538,0.10689774184147807,1.8057731574404323,-4.95105448346167,-1.2210641969109257
1,0.48185110051733465,0.09699563287455473,5.2826891282432005,3.7718720770009706,0.6200642883044976
1,0.49241647877382105,0.10453937702855667,4.03668834212631,4.0239560959748,0.7838186078593874
1,0.5004898554580737,0.11258728922050627,4.1561539917238095,-4.404163348385434,-0.8143620429741251
1,0.5088021634415213,0.1037789625237354,7.214048939279738,1.212125614972942,0.16646799068716167
1,0.5232302613200808,0.10620321375368129,1.7969367029726513,5.530782087644723,1.2566572315245197
1,0.5268241347260261,0.11726477792897073,-2.2878681433272097,-5.136594246408908,-1.9898230333367353
1,0.5222483984393717,0.10699158943615292,3.059754182832941,4.325148364366801,0.9550989412256918
1,0.5283679068050375,0.11564188616488652,-1.1644513799333733,-1.6128113823854138,-2.1961359435735894
1,0.5260390040451708,0.11241626340011569,2.086153900609955,-3.123609265731235,-0.9819635486025579
1,0.5302113118463907,0.10616904486865322,8.618678541968682,1.0120824180693544,0.11689361321819466
1,0.5474486689303281,0.10819320970479193,8.263019751087452,4.820453051034269,0.5281067913453409
1,0.563974708432503,0.11783411580686047,3.7477906665966954,1.572502836111843,0.3972720120085008
1,0.5714702897656964,0.12097912147908416,2.7035471245001608,6.388242430498056,1.1704455837895134
1,0.5768773840146967,0.13375560634008027,11.019645340866413,5.7221264208364016,0.4789412949801126
1,0.5989166746964295,0.14519985918175307,5.121799957416018,2.6309389033708634,0.47452740238676555
1,0.6091602746112615,0.1504617369884948,7.64253570060025,7.462089529008411,0.7734523133453014
1,0.624445346012462,0.16538591604651162,6.11530242654823,7.208039010847974,0.8672317068965073
1,0.6366759508655585,0.17980199406820757,8.817157472404913,5.600256601578882,0.565868073493538
1,0.6543102658103683,0.19100250727136533,3.9894783406464462,3.195130683949457,0.6752829888442476
1,0.6622892224916612,0.19739276863926425,8.201578161629252,1.9367195446308438,0.23189189446289135
1,0.6786923788149197,0.20126620772852594,13.860661175803646,-8.027226928612532,-0.5249380677301185
1,0.706413701166527,0.18521175387130087,7.0197759744844435,3.848578744183359,0.501497176664185
1,0.7204532531154959,0.1929089113596676,7.118056633534319,-5.208857947323272,-0.6317385623544691
1,0.7346893663825645,0.18249119546502104,4.944157505031687,-4.656082771376302,-0.7554001311507553
1,0.7445776813926279,0.17317902992226844,8.599283124150924,-3.521373561243185,-0.38866583611122435
1,0.7617762476409298,0.16613628279978207,9.53752227962129,-7.879129530581452,-0.6904655752652975
1,0.7808512922001724,0.15037802373861917,8.663376676490586,-1.1758897545421643,-0.13490668472925982
1,0.7981780455531535,0.14802624422953484,5.118132956218768,5.758824044604441,0.8442337036265094
1,0.8084143114655911,0.15954389231874372,5.333821751499657,1.4206158347998543,0.2602983942312261
1,0.8190819549685904,0.16238512398834343,1.1477460685383467,1.2241257922613047,0.817589336867328
1,0.8213774471056671,0.16483337557286604,7.294535149506509,1.482848084797053,0.20054937951843085
1,0.8359665174046801,0.16779907174246014,11.807832479512948,2.455300037703112,0.20501671168527574
1,0.859582182363706,0.17270967181786637,6.59796595517137,4.055301277927303,0.5511067399931593
1,0.8727781142740487,0.18082027437372097,9.997525164667564,4.333015872381135,0.4089714042921466
1,0.8927731646033839,0.18948630611848324,-1.9307564142378442,2.7970465814458194,2.1749716570417243
1,0.8889116517749082,0.19508039928137488,2.727726453448376,4.6639872594691765,1.04159205681417
1,0.8943671046818049,0.20440837380031324,-3.8449430983669153,4.503379444453365,2.277486925172995
1,0.8866772184850711,0.21341513268921997,1.919808445576321,8.351484564827121,1.3448454185656409
1,0.8905168353762237,0.2301181018188742,2.4481949578920026,2.443081480522649,0.7843527357732147
1,0.8954132252920077,0.2350042647799195,-0.2396095856224134,4.474936254462963,1.6242900470511359
1,0.8949340061207629,0.24395413728884544,0.4459038795810999,6.43354453001159,1.5015977812036212
1,0.8958258138799251,0.2568212263488686,-1.0491653180295102,12.830990508849615,1.6523828891974168
1,0.8937274832438661,0.28248320736656785,5.818660444912527,1.6362347021617596,0.27412547720585834
1,0.9053648041336911,0.28575567677089136,3.945565433240761,2.126708113665443,0.494368200875791
1,0.9132559350001727,0.29000909299822225,2.912548679412097,8.108899384606266,1.2259674902219486
1,0.9190810323589969,0.3062268917674348,5.7250874225421855,9.118428820488411,1.0101437565852838
1,0.9305312072040812,0.3244637494084116,8.470757419377527,2.423334120431886,0.27863990429795044
1,0.9474727220428363,0.3293104176492754,13.590211278088848,2.947819554863645,0.21359872154078008
1,0.974653144599014,0.33520605675900267,11.494880104068683,4.660692283063539,0.3852027647726581
1,0.9976429048071513,0.34452744132512975,11.494880104068683,4.660692283063539,0.3852027647726581
2,0.4619404094417347,0.521903139020728,0.16596299956728178,-0.24697185532457366,-0.979116320733697
2,0.46227233544086926,0.5214091953100789,-10.105024802257223,6.982484455538285,2.5369384040527154
2,0.4420622858363548,0.5353741642211555,-9.532417756242916,8.25760301118672,2.42773119035491
2,0.422997450323869,0.5518893702435289,-9.090046755844849,6.534030529279589,2.5183527456746218
2,0.4048173568121793,0.5649574313020881,-12.413651002635362,10.012987364256709,2.4628335975702345
2,0.37999005480690856,0.5849834060306015,-5.246833432599934,5.6968791019300635,2.3150939746410417
2,0.3694963879417087,0.5963771642344616,-5.137235921197275,7.139217677016029,2.1945425022525265
2,0.35922191609931414,0.6106555995884937,-12.184440400379136,3.035955853288752,2.8973985000729825
2,0.33485303529855587,0.6167275112950712,-4.175160564424296,4.713579449385774,2.2956952715359584
2,0.3265027141697073,0.6261546701938427,-5.033566100164033,5.749518075872706,2.289895955508114
2,0.3164355819693792,0.6376537063455882,-1.0831946216479926,8.126481254735419,1.7033072090989834
2,0.3142691927260832,0.653906668855059,-5.991355010483034,6.992057073215818,2.2792711443024767
2,0.30228648270511715,0.6678907830014906,2.592693851116573,7.684509433371122,1.2453972153430768
2,0.3074718704073503,0.6832598018682329,-4.705894381344611,4.297992567511899,2.401466394091694
2,0.2980600816446611,0.6918557870032567,-4.173917353171963,7.910667002695881,2.0563040293782775
2,0.28971224693831715,0.7076771210086484,-4.347367788577472,6.73171352849794,2.144216180914384
2,0.2810175113611622,0.7211405480656443,-2.4675089230697664,5.824728559823411,1.9715029668832806
2,0.2760824935150227,0.7327900051852911,3.3228410368657255,10.488813842214395,1.2640001465021364
2,0.2827281755887541,0.7537676328697199,3.1204136001531655,-0.15416680252694492,-0.049365747065957054
2,0.28896900278906046,0.753459299264666,-2.7965457615803935,5.7144927201538405,2.0259101068516885
2,0.28337591126589967,0.7648882847049737,-1.7889369468445104,9.777615141951246,1.7517573066944345
2,0.27979803737221065,0.7844435149888762,1.7179466443398572,3.299376035654278,1.09073535495719
2,0.28323393066089037,0.7910422670601848,8.360613233882985,6.453309917505423,0.6573518700483348
2,0.29995515712865634,0.8039488868951956,3.9950019735858766,7.079099535248767,1.0570120482703562
2,0.3079451610758281,0.8181070859656931,5.806476120515352,3.1891943864192362,0.5022655427450345
2,0.3195581133168588,0.8244854747385316,3.782221491552662,2.987746944598635,0.6685797002322987
2,0.3271225562999641,0.8304609686277289,-0.6560055782572904,4.6947425709373265,1.7096293705997665
2,0.32581054514344954,0.8398504537696035,0.6663906417599119,6.0275961877341855,1.4606868711196759
2,0.32714332642696936,0.8519056461450719,3.166848487234114,11.52649213050072,1.30266700865771
2,0.3334770234014376,0.8749586304060734,2.7981148617875484,9.242447239142193,1.276822081984962
2,0.3390732531250127,0.8934435248843577,-0.3370229920474366,3.332098855274357,1.6715978759468164
2,0.3383992071409178,0.9001077225949065,2.4705854037767314,8.497788254863247,1.287863125070352
2,0.3433403779484713,0.917103299104633,4.763495851841381,8.488063236485932,1.059395421288013
2,0.35286736965215404,0.9340794255776048,-0.024096622079028407,5.839523794441304,1.5749227737721108
2,0.352819176407996,0.9457584731664874,0.9152647796083768,4.812367199000411,1.3828508739237482
2,0.35464970596721274,0.9553832075644882,-1.7538829620779295,4.706154091575209,1.9275302536113037
2,0.3511419400430569,0.9647955157476387,-2.0048638786025195,5.965453092094952,1.8950159979624932
2,0.34713221228585184,0.9767264219318286,2.4029431756418806,0.6411257539770121,0.2607348389313683
2,0.3519380986371356,0.9780086734397826,-3.305272798925368,5.507628839785783,2.1113086737235776
2,0.34532755303928486,0.9890239311193542,-0.978858779115771,2.707878649853057,1.9176663226831925
2,0.3433698354810533,0.9944396884190603,-4.247328181453819,2.6079079632393976,2.590934297893416
2,0.3348751791181457,0.9996555043455391,-2.5482342997175667,-0.7945492096005369,-2.839342145738304
2,0.32977871051871055,0.998066405926338,-3.383121567265168,-3.157734225502584,-2.390639248731458
2,0.3230124673841802,0.9917509374753328,-0.009358597704040017,2.0102801931496384,1.5754516629658644
2,0.32299375018877213,0.9957714978616321,-0.5329041666787271,-0.5147718884486174,-2.3734999044339786
2,0.3219279418554147,0.9947419540847349,-3.002961064030224,-3.4721581214283703,-2.2838593838841064
2,0.31592201972735423,0.9877976378418781,-11.562440911119326,-6.015508106454126,-2.6618665046782164
2,0.2927971379051156,0.9757666216289699,-15.962393025852839,-7.048228685335611,-2.72578614397938
2,0.2608723518534099,0.9616701642582987,-6.101445065485142,0.21062247978526072,3.107086257902439
2,0.24866946172243962,0.9620914092178692,-14.421373295186099,-2.118101939889261,-2.9957628621990287
2,0.21982671513206742,0.9578552053380907,-5.280605336675307,-0.969446013107278,-2.9600282928492185
2,0.2092655044587168,0.9559163133118761,-4.567648429482138,-1.1526007290600382,-2.894412786236616
2,0.20013020759975253,0.953611111853756,-11.011716570781218,-0.7365316588034965,-3.0748059507724603
2,0.1781067744581901,0.952138048536149,-1.8677396110486493,-1.2293754683384561,-2.5594635863987274
2,0.1743712952360928,0.9496792975994721,-3.5918213978118203,-3.395981625633815,-2.3842130993784614
2,0.16718765244046915,0.9428873343482045,-3.2105918808306986,-6.301585470113113,-2.0420067159338533
2,0.16076646867880776,0.9302841634079783,0.6934292450104657,-6.3496727325271785,-1.4620203035615753
2,0.1621533271688287,0.9175848179429239,-1.361892355669983,-5.213992227134923,-1.8262876395439287
2,0.15942954245748872,0.9071568334886541,-1.2014082463719378,-4.1266149904537475,-1.8541017650710705
2,0.15702672596474485,0.8989036035077466,-5.7080692404579825,-5.310862279891415,-2.3922265723929743
2,0.14561058748382888,0.8882818789479637,-3.181429724353188,-2.7155724899974865,-2.4350297553986877
2,0.1392477280351225,0.8828507339679688,-6.596627433708341,-6.297644107369327,-2.3793776347219313
2,0.12605447316770582,0.8702554457532301,-7.284060280331496,-6.407963560061569,-2.4200932988178177
2,0.11148635260704283,0.857439518633107,-8.381125967552313,-5.095412230175733,-2.595338766678794
2,0.0947241006719382,0.8472486941727555,-6.395360680115897,-8.894231896117155,-2.194190714527805
2,0.08193337931170641,0.8294602303805212,-2.9368995488557523,-4.534451143383467,-2.1455429620613997
2,0.0760595802139949,0.8203913280937543,-6.465657612863391,-5.438757087915302,-2.442243636851152
2,0.06312826498826812,0.8095138139179237,-2.731663851046402,-2.6099657810251253,-2.37897349747051
2,0.05766493728617532,0.8042938823558734,-2.4419548200378984,-7.5177722866441306,-1.884869266870918
2,0.05278102764609952,0.7892583377825851,-1.4108257014821128,-3.957988123935774,-1.9132058398903564
2,0.049959376243135296,0.7813423615347136,1.5824460193022831,-3.8842891151956715,-1.1839299132898633
2,0.05312426828173986,0.7735737833043222,-2.1219321387504104,-3.1155974973313127,-2.168702573939442
2,0.04888040400423904,0.7673425883096596,-3.9267475547812185,-6.147056090255232,-2.1392586873282786
2,0.041026908894676604,0.7550484761291492,0.12487605667344318,-7.866269877540077,-1.5549227844262394
2,0.04127666100802349,0.739315936374069,1.5631904984411553,-6.147784369942621,-1.321803908844317
2,0.0444030420049058,0.7270203676341838,2.048307312816713,-4.217335142373102,-1.1186640701439168
2,0.04849965663053923,0.7185856973494376,-0.8277385394110034,-5.563561441897846,-1.7184914773707554
2,0.04684417955171722,0.7074585744656419,-3.0228827200172725,-13.250517778942594,-1.7950909637493508
2,0.040798414111682675,0.6809575389077567,3.692570424229425,-9.309176084063786,-1.1931732552904717
2,0.048183554960141525,0.6623391867396291,-2.7467478215652052,-6.469293985030933,-1.9723131387470618
2,0.042690059317011114,0.6494005987695672,0.8115365175547818,-8.764666910535457,-1.4784677516840166
2,0.04431313235212068,0.6318712649484963,0.39608784079148834,-11.33507686821622,-1.5358669876457625
2,0.045105308033703655,0.6092011112120639,-0.0002351766030597724,0.3349447057875432,1.5714984622827823
2,0.045104837680497535,0.609871000623639,1.2173892361889114,1.8966126421367524,1.0001537311949134
2,0.04753961615287536,0.6136642259079125,0.3349874831348777,-6.014593529279854,-1.5151580287994104
2,0.04820959111914511,0.6016350388493528,2.781553178409418,-1.5426054633929653,-0.5063559413287572
2,0.05377269747596395,0.5985498279225668,-0.9550425187062617,-10.608249600841946,-1.6605825586735232
2,0.05186261243855143,0.5773333287208829,-1.7781659492183028,-5.133084231319251,-1.9042718318777576
2,0.04830628054011482,0.5670671602582444,1.3246855918373248,-6.039145100263488,-1.3548662386458894
2,0.05095565172378947,0.5549888700577175,-2.3137431397291968,-12.3113591154545,-1.7565650870701894
2,0.046328165444331076,0.5303661518268085,0.45206758698673744,-6.949345628388781,-1.5058360344258996
2,0.04723230061830455,0.5164674605700309,-1.2389024153452721,-5.510836707231681,-1.7919318542600435
2,0.04475449578761401,0.5054457871555675,-2.114299587838642,-1.318690839075931,-2.5839279715431425
2,0.04052589661193672,0.5028084054774157,0.3687281964315815,-10.975525913679895,-1.537213465196204
2,0.041263353004799885,0.4808573536500559,-4.576823931260791,-9.737290000623123,-2.0101822494952506
2,0.0321097051422783,0.46138277364880964,-3.959217179315756,-8.87523929360215,-1.9903997370197681
2,0.02419127078364679,0.44363229506160534,-4.628293377651585,-9.587633812929596,-2.0205373729654235
2,0.014934684028343621,0.42445702743574615,-6.248176822236407,-3.868733458098128,-2.5871909235790036
2,0.0024383303838708074,0.4167195605195499,1.2635523807332476,-5.221033651089002,-1.3333498711342744
2,0.004965435145337303,0.4062774932173719,-0.48696136641323584,5.585326787375721,1.657762250936828
2,0.003991512412510831,0.41744814679212333,-1.9301910741871755,-4.254105149573806,-1.9967431011884063
2,0.00013113026413648024,0.4089399364929757,3.743710169338257,-9.790062212892165,-1.2055546783960567
2,0.007618550602812994,0.3893598120671914,-0.09769035167951547,2.5882499056318062,1.6085222053514394
2,0.007423169899453963,0.394536311878455,-1.3608987294230062,-1.5148910946749805,-2.302697731777922
2,0.004701372440607951,0.39150652968910504,-0.8088978181605417,2.5992889324682467,1.8724961007488907
2,0.0030835768042868673,0.39670510755404154,2.7799529022853977,-1.895876956681336,-0.5985304987719634
2,0.008643482608857663,0.39291335364067886,2.198886958382764,-2.2580327092691364,-0.7986679289895728
2,0.013041256525623192,0.3883972882221406,-1.3144576510024844,1.9573881224623224,2.162162808970959
2,0.010412341223618223,0.39231206446706524,1.6370254607284591,-7.618859219370472,-1.3591492967100893
2,0.013686392145075141,0.3770743460283243,2.346710812308668,-3.760694145812676,-1.0129092271711866
2,0.018379813769692478,0.36955295773669894,1.2732091730604453,-13.748410938336368,-1.4784519801104803
2,0.02092623211581337,0.3420561358600262,-3.3848977108244873,-10.029415261587877,-1.896289502077156
2,0.014156436694164394,0.32199730533685045,-3.514867305041966,-4.410747880515431,-2.243636166436889
2,0.007126702084080462,0.3131758095758196,-2.7899127635241765,-3.6806608843567568,-2.219392942128519
2,0.0015468765570321088,0.3058144878071061,2.2666806357174076,-8.950404443447107,-1.3227621623113472
2,0.006080237828466924,0.28791367892021186,0.8486533918311027,-3.8682401116847673,-1.3548278874514672
2,0.0077775446121291295,0.2801771986968423,-2.34039416975607,-7.826552524413277,-1.8613653410103794
2,0.0030967562726169897,0.26452409364801577,3.4963734756967555,-1.6286365006688286,-0.4359212930141524
2,0.0100895032240105,0.2612668206466781,-4.5705717210569965,-2.0548973357824294,-2.719077188852409
2,0.0009483597818965069,0.25715702597511325,8.498985439541382,-4.289195470651166,-0.4673777970476932
2,0.017946330660979275,0.24857863503381092,-1.281057578219084,-2.5380750408549453,-2.0382254704376166
2,0.015384215504541107,0.24350248495210103,-3.926726709111355,-6.03011656035525,-2.148004748953976
2,0.007530762086318397,0.23144225183139053,1.9525921512255011,-6.782075999002851,-1.2904726605343042
2,0.0114359463887694,0.21787809983338483,2.3383763562440936,-5.12142471165504,-1.1424781032990279
2,0.016112699101257587,0.20763525041007475,-6.552448252361676,-4.4812724560506085,-2.5417484592580926
2,0.0030078025965342347,0.19867270549797353,1.698553836290654,-1.6440978097315984,-0.7691083385960046
2,0.006404910269115543,0.19538450987851033,-2.1148627737922743,-4.910889224006912,-1.9774408205132699
2,0.0021751847215309944,0.1855627314304965,1.8731719227457457,1.4846583121275319,0.6702066100264249
2,0.005921528567022486,0.18853204805475157,1.7212068910918616,1.4913640000818185,0.7139750148093682
2,0.00936394234920621,0.1915147760549152,-0.10729964052616936,-7.542081690068924,-1.5850221608027681
2,0.00914934306815387,0.17643061267477736,-3.7335501806520615,-4.01507076744792,-2.319878761454185
2,0.0016822427068497476,0.16840047113988152,1.9820003305999356,-8.53152515996798,-1.3425304685135697
2,0.005646243368049619,0.15133742081994556,-1.2221796616252218,-5.9351622148474945,-1.773879447362003
2,0.003201884044799175,0.13946709639025057,-0.47034881914657933,-6.099939595000755,-1.647751183259564
2,0.0022611864065060164,0.12726721720024906,4.370123271878941,-3.453470346866667,-0.6687647241585056
2,0.011001432950263899,0.12036027650651572,1.055186936134686,1.9781781499971993,1.080776586951138
2,0.01311180682253327,0.12431663280651012,4.254694408409268,0.5909535870263355,0.13801151347447804
2,0.021621195639351807,0.1254985399805628,-0.9099105235961074,-3.3540265890720162,-1.835709188995272
2,0.019801374592159592,0.11879048680241876,-0.3386651824417667,-4.918451583886409,-1.6395438731570546
2,0.01912404422727606,0.10895358363464594,7.700563662708885,-5.353122866700664,-0.6074701659505874
2,0.03452517155269383,0.09824733790124461,1.2686696146505942,1.0820602960398134,0.7061807233960767
2,0.03706251078199502,0.10041145849332424,3.1697849510871206,-0.19025939639232686,-0.05995088217872885
2,0.04340208068416926,0.10003093970053958,1.8493374193480523,-3.664380343795348,-1.1034121772932723
2,0.04710075552286536,0.09270217901294889,5.893976031571165,-0.8923644772283953,-0.15026159650188417
2,0.05888870758600769,0.0909174500584921,7.791838925595051,-0.4934934009984335,-0.06325017019079235
2,0.0744723854371978,0.08993046325649523,17.407448812129953,2.502530403116279,0.14278374409427616
2,0.1092872830614577,0.09493552406272779,18.187987570049227,2.8039783343031948,0.1529622498645979
2,0.14566325820155615,0.10054348073133418,6.113191535879039,2.1817328598692716,0.3427990788960103
2,0.15788964127331423,0.10490694645107272,2.6707185955630317,4.898156655395384,1.0716074698377627
2,0.1632310784644403,0.11470325976186349,0.2804559812373264,-5.0950406098059435,-1.5158069240516776
2,0.16379199042691495,0.1045131785422516,3.2244102864902175,8.49281686499275,1.207943625844426
2,0.17024081099989538,0.1214988122722371,-4.0760335366629565,6.311600988131049,2.14421351135156
2,0.16208874392656947,0.1341220142484992,0.15133911385535603,6.739570409543955,1.5483447942435247
2,0.16239142215428018,0.14760115506758711,-0.8471713339307657,6.9425859464393165,1.6922213501488572
2,0.16069707948641865,0.16148632696046575,5.168235702040335,8.617828132549867,1.0305868466498986
2,0.17103355089049932,0.17872198322556548,-1.5872406814624873,7.585904239276353,1.7770562261363316
2,0.16785906952757434,0.1938937917041182,5.530432950800703,10.686319037332774,1.0932275313263857
2,0.17891993542917575,0.21526642977878374,3.62927277052745,11.454642118387008,1.263963751696656
2,0.18617848097023065,0.23817571401555776,-1.4983066891168655,7.95909138096601,1.7568696453357235
2,0.18318186759199692,0.2540938967774898,1.4196203729419514,6.810307923952374,1.3652874820659031
2,0.18602110833788083,0.26771451262539453,-1.5599537962576737,7.682011017484114,1.7711380361800872
2,0.18290120074536548,0.28307853466036276,4.163297883848213,9.384100949309525,1.1532318999639255
2,0.1912277965130619,0.3018467365589818,-7.563823656518823,3.9785416503782534,2.657365109791418
2,0.17610014920002426,0.3098038198597383,1.6314196576429767,5.1542948728443,1.2642564438034447
2,0.1793629885153102,0.3201124096054269,-2.8947010857353765,7.746633530082897,1.928402333020573
2,0.17357358634383946,0.3356056766655927,1.0781450287720011,7.977184479224519,1.436456772278583
2,0.17572987640138346,0.35156004562404175,1.6215901056560456,6.283480897908699,1.3182350906409612
2,0.17897305661269555,0.36412700741985915,1.6911712979085363,4.966296899747119,1.242583138242299
2,0.18235539920851263,0.3740596012193534,-2.1554573400599937,11.81565190279682,1.7512361024067615
2,0.17804448452839264,0.39769090502494703,5.957365463995181,4.632458650335708,0.6609335685329765
2,0.189959215456383,0.40695582232561844,2.71382070427896,2.3224968736499374,0.7078535794079758
2,0.19538685686494092,0.4116008160729183,1.24884949569104,4.535055780592212,1.3020797705626088
2,0.197884555856323,0.42067092763410274,1.078078191202994,3.820771300954678,1.2957835123831523
2,0.200040712238729,0.4283124702360121,-3.7667116577921598,2.722873678648874,2.5156766496751857
2,0.19250728892314467,0.43375821759330985,3.038056799961622,6.395897426202279,1.1273472858805074
2,0.19858340252306791,0.4465500124457144,-1.165557174790624,-0.1195640557005162,-3.0393691841297277
2,0.19625228817348667,0.4463108843343134,-1.4371475511285452,5.5194880287395,1.8255174503208287
2,0.19337799307122958,0.4573498603917924,-4.902261696124705,5.064983000287793,2.3398703349240537
2,0.18357346967898017,0.46747982639236796,-5.384687830881793,-3.42931576124772,-2.574507120534192
2,0.17280409401721658,0.4606211948698725,-7.552618329892375,3.2610407896428995,2.733996538467125
2,0.15769885735743183,0.4671432764491583,-10.343136640185435,5.677701186154654,2.6395681021030035
2,0.13701258407706096,0.4784986788214676,-8.944829906034485,-0.7312127864901319,-3.0600270452083174
2,0.11912292426499199,0.47703625324848736,-4.9191056775174244,1.2075911969754716,2.9008631906366533
2,0.10928471290995714,0.4794514356424383,-9.362893171573287,5.219222732546297,2.6330576184409846
2,0.09055892656681057,0.4898898811075309,-7.18340715766895,7.749124470699559,2.318327709893859
2,0.07619211225147267,0.50538813004893,-2.473031616644132,9.85444822509951,1.8166744286831356
2,0.0712460490181844,0.525097026499129,-3.611588249821322,7.7577119179484955,2.0065045837819397
2,0.06402287251854176,0.540612450335026,-0.7224441297667208,4.70023556526078,1.723306602776556
2,0.06257798425900832,0.5500129214655476,-4.4207841961618515,6.019026905497437,2.2042827904121562
2,0.053736415866684616,0.5620509752765425,-8.213083131440136,6.340806402542976,2.484136215997073
2,0.037310249603804344,0.5747325880816284,-7.3985898376541135,6.932213588804747,2.3887266305845065
2,0.022513069928496117,0.5885970152592379,-5.1139311981447415,0.6926000435313884,3.0069777402238085
2,0.012285207532206634,0.5899822153463007,-4.856878087913892,-0.8766332005510913,-2.963022088005524
2,0.0025714513563788485,0.5882289489451985,3.302641186744252,5.8585581449892565,1.0574734872905651
2,0.009176733729867353,0.599946065235177,-4.531867801930487,2.108783629944211,2.7060692002837565
2,0.00011299812600637857,0.6041636324950654,1.7204595832842673,3.0630032325687506,1.0590220689887337
2,0.0035539172925749133,0.6102896389602029,3.504080417941493,5.93633852194958,1.0375572263572572
2,0.0105620781284579,0.6221623160041021,-2.3907918146784244,8.748566104592348,1.8375610283462633
2,0.005780494499101051,0.6396594482132868,-2.124520544604682,6.893752140872233,1.8697412420118849
2,0.0015314534098916867,0.6534469524950313,0.6945962421848311,11.272413432853845,1.5092550130669935
2,0.002920645894261349,0.675991779360739,0.43640761978424475,2.297747921109705,1.3831034724050801
2,0.0037934611338298384,0.6805872752029584,0.8055371503094045,2.57061782061746,1.267125204999873
2,0.0054045354344486474,0.6857285108441933,4.55455951759378,5.713853205257468,0.8978211369617423
2,0.014513654469636207,0.6971562172547082,2.47250281407605,1.1795851025839799,0.4451452011065884
2,0.019458660097788308,0.6995153874598762,1.7914019656164546,7.8313767696631675,1.3459185504048456
2,0.023041464029021217,0.7151781409992025,-0.30941297817647234,3.5651593665970704,1.6573673857002886
2,0.022422638072668272,0.7223084597323967,1.0710477789448343,0.27730746702880893,0.2533489819520432
2,0.02456473363055794,0.7228630746664543,4.281064360863956,1.3978063792429163,0.3155962028838923
2,0.03312686235228585,0.7256586874249401,6.649913151987169,5.253914460881415,0.668658294612866
2,0.04642668865626019,0.7361665163467029,9.474739145457697,1.4575981635279178,0.1526437594933389
2,0.06537616694717559,0.7390817126737588,9.494511962208046,8.089394623722601,0.7056583200847432
2,0.08436519087159168,0.755260501921204,8.29259062154479,1.0786224168565228,0.12934445135551817
2,0.10095037211468126,0.757417746754917,8.10185768783691,2.272278609327716,0.27343882615142706
2,0.11715408749035508,0.7619623039735725,5.070832003978675,0.18784008723915502,0.037026318277954544
2,0.12729575149831243,0.7623379841480508,-1.604840750308395,4.166652717847718,1.938447179970154
2,0.12408606999769564,0.7706712895837462,-0.48196023506390934,2.9487252865405544,1.7328107073092636
2,0.12312214952756782,0.7765687401568273,2.310077919469418,-0.3484307050214963,-0.1497022839487371
2,0.12774230536650666,0.7758718787467843,4.200254638296263,9.68733631766716,1.1616791637774067
2,0.13614281464309919,0.7952465513821186,-1.3238145274818007,3.112262819828293,1.972967073238061
2,0.13349518558813558,0.8014710770217752,3.6109685552451474,14.718506257061781,1.3302128032359548
2,0.14071712269862588,0.8309080895358988,-6.278027564647876,10.292378110356715,2.1185134625017823
2,0.12816106756933013,0.8514928457566122,-6.901581611490744,8.221602548526219,2.2691305540027753
2,0.11435790434634864,0.8679360508536647,-7.971461889117258,10.382393865130846,2.2255839558867607
2,0.09841498056811412,0.8887008385839263,-14.155187922786729,6.518796160468909,2.7100219560584105
2,0.07010460472254067,0.9017384309048642,-12.804561280168155,11.575050414670995,2.406583729272484
2,0.04449548216220436,0.9248885317342062,-3.6391054969692784,6.081536367785745,2.110028129608351
2,0.0372172711682658,0.9370516044697776,-5.576024388876017,2.300984920222404,2.7502230000438015
2,0.026065222390513766,0.9416535743102225,-1.9426591112874196,0.8711084626252807,2.720061463274924
2,0.022179904167938927,0.943395791235473,-8.319907769409374,3.058332696741717,2.789332309909094
2,0.00554008862912018,0.9495124566289564,-0.19663364864299118,3.3014617681278446,1.6302856218674555
2,0.0051468213318341975,0.9561153801652121,-2.456779994419985,-5.322587527722688,-2.0032352548331085
2,0.0002332613429942269,0.9454702051097668,4.0533282170404,0.4965556120217762,0.12189827090007561
2,0.008339917777075028,0.9464633163338103,-1.858431519436014,9.171018652367025,1.7707307618397163
2,0.004623054738203,0.9648053536385444,-1.6424418967880325,2.00750164227681,2.2565080993374687
2,0.001338170944626935,0.968820356923098,0.15634678524469492,2.533299085486218,1.5091578360991251
2,0.0016508645151163247,0.9738869550940704,2.219596808836907,-3.4640853561380136,-1.0009545015729062
2,0.006090058132790139,0.9669587843817944,-2.569021972535031,-4.0821792197644475,-2.1325005065312674
2,0.0009520141877200771,0.9587944259422655,2.1179163965120757,-2.454307818560819,-0.8588386624192059
2,0.005187846980744228,0.9538858103051439,-0.1598574775788109,-0.25926956307392723,-2.1233096423841413
2,0.0048681320255866065,0.953367271178996,-0.9365557201600164,-6.282925130767447,-1.7187703980716948
2,0.0029950205852665736,0.9408014209174611,-0.35192635134475536,-12.34522976994451,-1.5992956802298082
2,0.002291167882577063,0.9161109613775721,3.651500849116676,-12.248622227430838,-1.2810695735852513
2,0.009594169580810415,0.8916137169227104,-3.1059884066995784,-7.5736862775057086,-1.9599813865480782
2,0.003382192767411258,0.876466344367699,-1.6126904405858309,-5.5132208604179445,-1.855370517783146
2,0.0001568118862395958,0.8654399026468631,4.310246479730089,-5.217960102585517,-0.8803774710328952
2,0.008777304845699774,0.8550039824416921,3.2035126618824017,-4.21727391458615,-0.9211687407148722
2,0.015184330169464577,0.8465694346125198,-4.636587263819891,-0.23573353514011464,-3.0907943574895707
2,0.005911155641824796,0.8460979675422395,2.706146891542212,-2.8548506406129714,-0.8121322735469986
2,0.01132344942490922,0.8403882662610136,-5.210660375851198,-2.900294986046381,-2.6336903208625206
2,0.0009021286732068235,0.8345876762889208,0.632207805275018,-6.428659669820258,-1.472769440847732
2,0.0021665442837568594,0.8217303569492803,6.725467520322354,0.3233499985995647,0.04804144804561032
2,0.015617479324401568,0.8223770569464794,1.8356681311744778,1.3854441054640954,0.646525015890299
2,0.019288815586750524,0.8251479451574076,-4.548373760080466,0.1994332167468693,3.0977735731391167
2,0.010192068066589592,0.8255468115909014,-2.283286787011809,-1.069855817709242,-2.7034122509267653
2,0.005625494492565974,0.8234070999554829,2.558692144237518,-1.364686869196663,-0.48997286209613217
2,0.01074287878104101,0.8206777262170896,0.26434602620435155,-1.104021450050674,-1.3357816592027942
2,0.011271570833449714,0.8184696833169882,0.5202106555363545,-2.6547623213493132,-1.3772943935631594
2,0.012311992144522423,0.8131601586742896,-5.259512715056028,0.01569803066886477,3.1386079694745828
2,0.0017929667144103668,0.8131915547356273,0.0036084589675456063,-2.4591574913349623,-1.5693289720644927
2,0.001800183632345458,0.8082732397529574,5.742126684829984,0.28863786256627666,0.050224445006059604
2,0.013284437002005425,0.80885051547809,1.577864853165291,0.5077479386824679,0.31132973950780607
2,0.016440166708336007,0.8098660113554549,6.467899745387945,0.8221155777484168,0.126429075588431
2,0.029375966199111897,0.8115102425109517,0.9616186314540739,3.802553596363001,1.3231017797345275
2,0.031299203462020045,0.8191153497036777,2.659795649669779,5.783616338444042,1.139752898528261
2,0.036618794761359603,0.8306825823805658,6.398988222416041,0.874014238977483,0.13574632372791398
2,0.04941677120619169,0.8324306108585208,-4.999961510655456,8.155100017100125,2.1207987487045257
2,0.039416848184880775,0.848740810892721,3.9459520535362542,5.546498626102236,0.9524395596064209
2,0.047308752291953284,0.8598338081449255,2.829078390781656,10.398241518151496,1.3051535682035458
2,0.052966909073516595,0.8806302911812285,2.589850180133229,5.142829723318587,1.1042851001794793
2,0.05814660943378305,0.8909159506278657,1.2070518482122787,0.50636115496272,0.39720493644378585
2,0.06056071313020761,0.8919286729377911,-1.2280030759333551,0.9749974464843825,2.4705394488584997
2,0.0581047069783409,0.8938786678307599,-2.2625297442026433,5.02948600176456,1.9935280633637231
2,0.053579647489935614,0.903937639834289,0.6782648795736375,-2.216113708857992,-1.2737887524883496
2,0.05493617724908289,0.899505412416573,3.444171835215587,-1.1757004964768614,-0.32895655563788034
2,0.06182452091951406,0.8971540114236193,4.4797422737710875,5.457115012318325,0.883441142265873
2,0.07078400546705624,0.9080682414482559,-1.6085928164749907,-1.4657118630282961,-2.402636930646677
2,0.06756681983410626,0.9051368177221993,2.949011357452853,1.8826043594706299,0.5681665741218436
2,0.07346484254901196,0.9089020264411406,5.90686322771549,2.4713359740319296,0.39625335983492244
2,0.08527856900444294,0.9138446983892045,-0.10527832810427323,3.6099237664771744,1.59995165062102
2,0.0850680123482344,0.9210645459221588,2.4735933682108886,3.522376061092347,0.9585609822545118
2,0.09001519908465618,0.9281092980443435,4.026635115010168,10.756119888816473,1.212588984560651
2,0.09806846931467651,0.9496215378219764,4.2571757803331955,7.492903750598356,1.0541169164444641
2,0.1065828208753429,0.9646073453231732,11.06322879682342,8.148736450786286,0.6348441465099616
2,0.12870927846898975,0.9809048182247457,5.1836277989889545,7.179529013320529,0.9454566277340204
2,0.13907653406696766,0.9952638762513868,12.201161514224747,-3.835296471280447,-0.30455904698239733
2,0.16347885709541715,0.9875932833088259,9.045955468350117,4.395353621904019,0.4522973061382084
2,0.18157076803211739,0.9963839905526339,8.802410799982493,-13.270724617978956,-0.9851312992643954
2,0.19917558963208237,0.969842541316676,7.155774070998752,14.403669748125125,1.1097102703267538
2,0.21348713777407988,0.9986498808129263,7.467875649750377,-10.254941770051484,-0.9413793529914255
2,0.22842288907358063,0.9781399972728233,5.173759986792828,7.270172915677664,0.9522996354306447
2,0.2387704090471663,0.9926803431041786,9.737038562046136,-0.6468558925710743,-0.06633503763161074
2,0.25824448617125856,0.9913866313190365,8.230244614627068,-1.581912594040169,-0.18989141535009038
2,0.2747049754005127,0.9882228061309561,6.457910320523729,4.084411195893312,0.5639503935318414
2,0.28762079604156016,0.9963916285227428,-0.7048052340199173,-4.76908387790087,-1.7175205812352135
2,0.2862111855735203,0.986853460766941,1.3041732836016617,4.44336642899168,1.2853040781535303
2,0.28881953214072364,0.9957401936249244,6.174774256651971,-1.3354140448260665,-0.2129890525163563
2,0.3011690806540276,0.9930693655352723,1.89661756398804,2.0445756245215385,0.8229219800374812
2,0.30496231578200367,0.9971585167843153,4.440409165364506,1.0605204093958043,0.23444213494660548
2,0.3138431341127327,0.9992795576031069,0.26109736812998663,-1.5622726066749082,-1.4052001432777619
2,0.31436532884899265,0.9961550123897571,-3.8620943307487163,-0.9342375387025315,-2.9042526820239325
2,0.3066411401874952,0.9942865373123521,5.401657476771848,2.667778281951305,0.4587407776687756
2,0.3174444551410389,0.9996220938762547,2.066465513220095,-2.39298770246249,-0.8584879630182654
2,0.3215773861674791,0.9948361184713297,0.8987630546924141,0.04321334564488799,0.048043910687996724
2,0.32337491227686394,0.9949225451626195,7.839230010226156,0.9786189812203694,0.12419362284710996
2,0.33905337229731625,0.9968797831250602,4.528953796999052,-3.0668212001413453,-0.5952312993701225
2,0.34811127989131435,0.9907461407247775,10.201399476370582,3.7289691918301893,0.35044693275130834
2,0.3685140788440555,0.9982040791084379,4.676066260649953,-2.29413342898388,-0.456108906057084
2,0.3778662113653554,0.9936158122504701,12.600294151310392,1.3748143507605892,0.10867978853817288
2,0.4030667996679762,0.9963654409519913,10.380899705902447,1.4204222981589743,0.13598589378461617
2,0.4238285990797811,0.9992062855483093,12.304989495996482,-0.04371195867636235,-0.00355236181382859
2,0.44843857807177406,0.9991188616309565,0.1164484889677464,-3.7192265438988903,-1.5394966847394977
2,0.44867147504970956,0.9916804085431588,6.246966568117101,-3.1525890116406163,-0.46736800041043836
2,0.46116540818594376,0.9853752305198775,7.5289495955389025,-5.650681848610117,-0.6438384645312204
2,0.47622330737702157,0.9740738668226573,-0.06087150227132576,-2.1895516805959248,-1.5985900654655536
2,0.4761015643724789,0.9696947634614654,6.47345541408012,0.08080351074130077,0.012481636061367955
2,0.48904847520063915,0.969856370482948,3.9285502587491914,0.281802124355357,0.07160918380495765
2,0.49690557571813754,0.9704199747316588,4.397312335052361,2.1403401754801488,0.4529820455312947
2,0.5057002003882423,0.974700655082619,6.615020371868063,0.0332601214712569,0.005027927251696982
2,0.5189302411319784,0.9747671753255616,13.652418522808961,-6.126669760443015,-0.42182289828956004
2,0.5462350781775963,0.9625138358046755,3.1854088683653248,0.29375177255019924,0.09195783190751111
2,0.552605895914327,0.9631013393497759,6.350473659537725,-4.296958089192171,-0.5948726214247163
2,0.5653068432334024,0.9545074231713916,3.610616559473978,1.540080663189447,0.40317625712603244
2,0.5725280763523504,0.9575875844977705,4.5795368139169845,-5.074070084146842,-0.8365812450971333
2,0.5816871499801843,0.9474394443294768,9.053237116307288,-1.2759627281575536,-0.14001769706515657
2,0.5997936242127989,0.9448875188731617,13.722050135675511,0.7011223750507667,0.05105018508674771
2,0.6272377244841499,0.9462897636232632,14.287547729403437,1.9993779690163915,0.13903562121621074
2,0.6558128199429568,0.950288519561296,5.923109072601906,-3.8053423252765173,-0.5710542277793049
2,0.6676590380881606,0.942677834910743,3.103663403964396,0.508747745145588,0.16247356695562234
2,0.6738663648960894,0.9436953304010341,9.856406408542018,0.24894464523106397,0.02525177222963377
2,0.6935791777131735,0.9441932196914963,2.906071530175691,3.523925796310723,0.8811934051916186
2,0.6993913207735248,0.9512410712841177,2.591761960737682,2.462325073176952,0.7597934203335165
2,0.7045748446950002,0.9561657214304716,5.80387052885345,2.515453128992595,0.4089720257734534
2,0.7161825857527071,0.9611966276884568,4.724414587044256,13.680734780672942,1.23828487326497
2,0.7256314149267956,0.9885580972498027,1.5610277013456408,2.310399113203798,0.9765983074623416
2,0.7287534703294869,0.9931788954762103,5.378850152107761,1.8981288383794759,0.3392448589627209
2,0.7395111706337024,0.9969751531529693,2.9785597252929286,-3.6468495155576597,-0.8859258505757632
2,0.7454682900842883,0.9896814541218539,0.5068238808920711,-0.925153702591941,-1.069623223222648
2,0.7464819378460724,0.98783114671667,1.0620617157555134,0.970529899125494,0.7403964921069315
2,0.7486060612775834,0.989772206514921,0.8542639279419117,-2.4322395209060987,-1.2330303900823771
2,0.7503145891334673,0.9849077274731088,5.01278204818878,-0.9832916052803786,-0.19369752029606563
2,0.7603401532298448,0.9829411442625481,1.6223952976827105,-2.25058339721651,-0.9461954966402252
2,0.7635849438252102,0.9784399774681151,4.580129498185426,-8.104272980023252,-1.0563961249173273
2,0.7727452028215811,0.9622314315080686,9.098886817259732,-4.209323959021904,-0.4332987412807712
2,0.7909429764561006,0.9538127835900247,11.176954582776565,-9.710826823172425,-0.7153224055325247
2,0.8132968856216537,0.9343911299436799,1.5648185168677942,-11.310116670714631,-1.4333134907316443
2,0.8164265226553893,0.9117708966022506,8.860963899532893,-5.392542925142629,-0.546699304495685
2,0.8341484504544551,0.9009858107519654,7.679074592817692,-6.942845650481755,-0.7350896057331506
2,0.8495065996400905,0.8871001194510019,-1.469951512800216,-6.298074132585707,-1.8000886241843836
2,0.84656669661449,0.8745039711858305,-2.646632554417272,0.6115820922303894,2.9144994001823292
2,0.8412734315056555,0.8757271353702912,0.20923411771878175,-5.095076522290964,-1.5297534460077256
2,0.841691899741093,0.8655369823257093,1.9382831216409047,-2.8001952190565005,-0.965327366268331
2,0.8455684659843749,0.8599365918875963,1.790140521985284,-6.794303350991015,-1.313174492247597
2,0.8491487470283454,0.8463479851856143,2.586546651295374,-7.1897701914163115,-1.2254587776755432
2,0.8543218403309362,0.8319684448027816,3.6900215517354784,-3.081294615114527,-0.6957412942326209
2,0.8617018834344071,0.8258058555725526,6.386649876137295,-5.944888749939536,-0.7495897935787764
2,0.8744751831866817,0.8139160780726735,7.391603911578614,-2.970604038318836,-0.3821337329100954
2,0.8892583910098389,0.8079748699960358,8.796893217075663,-3.281713174223988,-0.35706319536098363
2,0.9068521774439903,0.8014114436475879,11.60201154597984,-6.108020323209395,-0.4845925598336157
2,0.93005620053595,0.7891954030011691,15.173723332612077,1.032078691195315,0.06791289626079143
2,0.9604036472011741,0.7912595603835597,12.067508291988716,0.20553373637854921,0.017030347982083156
2,0.9845386637851515,0.7916706278563168,2.957575257642675,-2.0433825065668265,-0.6045910086777359
2,0.9904538143004369,0.7875838628431832,3.792172043382336,-0.6505543687387316,-0.16989809189732033
2,0.9980381583872016,0.7862827541057057,-0.884277197222505,-0.7505994813055139,-2.4377792338905957
2,0.9962696039927565,0.7847815551430947,0.7069985453248551,-2.1669434476989102,-1.2554203950562492
2,0.9976836010834063,0.7804476682476968,-8.22580172947751,-5.129280162468885,-2.5840295809696583
2,0.9812319976244512,0.7701891079227591,7.56031104902427,-2.0300166775522044,-0.26232225367919004
2,0.9963526197224998,0.7661290745676547,-2.0266066157867413,-1.4432618184090362,-2.5227542294852614
2,0.9922994064909263,0.7632425509308366,2.5999574905353207,-3.8161379483369062,-0.9727271925156623
2,0.9974993214719969,0.7556102750341628,-2.0437307080150013,-6.394085960804707,-1.8801620448268548
2,0.9934118600559669,0.7428221031125534,1.9125993446544864,-8.747370501815121,-1.3555355043258601
2,0.9972370587452759,0.7253273621089231,-3.1528801385831695,-8.81915350915391,-1.9141402670499152
2,0.9909312984681096,0.7076890550906153,2.748476362931407,-5.730927842659883,-1.1236123708475785
2,0.9964282511939724,0.6962271994052955,-0.7335508530144086,-6.832488259555625,-1.6777488307957102
2,0.9949611494879436,0.6825622228861843,1.3850825945430634,2.0546351039213984,0.9776474497889697
2,0.9977313146770297,0.6866714930940271,-7.170550997404934,-1.4787115713795207,-2.938223468071334
2,0.9833902126822198,0.683714069951268,-2.325773166883316,1.3745793484370439,2.607801976704025
2,0.9787386663484532,0.6864632286481421,-4.46675185942974,-0.3624736762599112,-3.060620805995589
2,0.9698051626295937,0.6857382812956223,-3.3596682329299354,-4.47988426706164,-2.21426243842751
2,0.9630858261637338,0.676778512761499,-7.226308761783595,2.8513671490390524,2.765766179129626
2,0.9486332086401666,0.6824812470595771,-6.65585867478502,0.2742752069002652,3.1004078675570996
2,0.9353214912905966,0.6830297974733777,-8.49730523693154,-0.7275584671430635,-3.056178716467733
2,0.9183268808167335,0.6815746805390915,-6.617747259226481,-6.046127590563333,-2.401301689927911
2,0.9050913862982806,0.6694824253579649,-6.420590336803866,2.9096979651471178,2.71609546918046
2,0.8922502056246728,0.6753018212882591,-4.275952847754616,0.655059925968704,2.9895782678316816
2,0.8836982999291636,0.6766119411401965,-7.313762404746793,-4.205590195081321,-2.619740205590632
2,0.86907077511967,0.6682007607500339,-4.711970935483644,-5.291190502870024,-2.29835542321524
2,0.8596468332487027,0.6576183797442938,-2.2286591290446855,-4.5406071787792985,-2.0270798025731374
2,0.8551895149906134,0.6485371653867352,-5.53005014076674,-11.871741733837204,-2.006724919046356
2,0.8441294147090799,0.6247936819190608,-2.8352519972190127,-15.74289131119727,-1.7489834961770951
2,0.8384589107146418,0.5933078992966663,-2.1129653725431297,-5.678194217148491,-1.9270390190282853
2,0.8342329799695556,0.5819515108623693,4.186274903922094,-8.467581720342732,-1.111647998083953
2,0.8426055297773998,0.5650163474216838,-3.510149937794249,-15.659309997858085,-1.7913086089077723
2,0.8355852299018113,0.5336977274259677,-3.3488462686483422,-12.71426903646089,-1.8283396722394796
2,0.8288875373645146,0.5082691893530459,-7.506049987921981,-8.339800398064174,-2.3036266406338286
2,0.8138754373886706,0.49158958855691753,-7.98196675896462,1.2556139882785866,2.985564911677049
2,0.7979115038707414,0.4941008165334747,2.4367284065131556,-1.2585478961167906,-0.4767530758683874
2,0.8027849606837677,0.4915837207412411,-3.226140426530244,-8.030301945026046,-1.952806834555559
2,0.7963326798307072,0.47552311685118903,-2.60759650029585,0.5939556347400177,2.9176347307373987
2,0.7911174868301155,0.47671102812066907,-3.449031954331827,2.0666270188243185,2.6017686211337527
2,0.7842194229214519,0.4808442821583177,3.166453589485474,2.127998057008612,0.5917165571441564
2,0.7905523301004228,0.48510027827233493,4.689023998696029,-0.9069114125142552,-0.19105256275216953
2,0.7999303780978149,0.4832864554473064,1.655156359727128,-2.4852245166911424,-0.9832562868918525
2,0.8032406908172691,0.47831600641392413,6.242730674346275,-8.221052676390173,-0.921332290405593
2,0.8157261521659617,0.4618739010611438,6.312218783815826,-2.349790085656583,-0.35636680716731933
2,0.8283505897335933,0.4571743208898306,7.006516845506627,-9.104050932210727,-0.9148660642212632
2,0.8423636234246066,0.43896621902540917,9.858076699562012,-3.294767695499384,-0.32254846072571997
2,0.8620797768237306,0.4323766836344104,6.956138210062856,-4.5392397725740325,-0.5781669390508075
2,0.8759920532438563,0.42329820408926233,8.388578200080488,-8.73315355104562,-0.8055204762377968
2,0.8927692096440173,0.4058318969871711,6.009202950922609,-4.138686030429272,-0.6031184443060394
2,0.9047876155458625,0.39755452492631255,9.29779138953829,-0.6031892384595339,-0.06478368144473141
2,0.9233831983249391,0.3963481464493935,7.826056141929715,-3.1083488331633267,-0.37807252365468696
2,0.9390353106087985,0.3901314487830668,6.495197352536286,4.807588338665624,0.6371839589448434
2,0.9520257053138711,0.3997466254603981,10.990552770220152,2.374184420478209,0.21275134208809005
2,0.9740068108543114,0.4044949943013545,9.596648058851741,4.67028775626449,0.45291733815610574
2,0.9932001069720149,0.4138355698138835,-3.341519216563782,4.283935116370596,2.2332298519023506
2,0.9865170685388873,0.42240344004662467,3.8849147381802007,3.5040901835226013,0.7339043696225096
2,0.9942868980152477,0.42941162041366987,1.789064729296963,-0.3009078888972505,-0.16663324037136584
2,0.9978650274738416,0.42880980463587537,-3.2532787225096893,-4.041474711919318,-2.248562343694225
2,0.9913584700288223,0.42072685521203673,1.236233347757465,-0.741954566813724,-0.5405471066588513
2,0.9938309367243372,0.4192429460784093,2.277403891147056,-1.611519660392302,-0.6158168325400909
2,0.9983857445066313,0.4160199067576247,-5.01771780363891,2.5541797596335956,2.6707454481860786
2,0.9883503088993535,0.42112826627689187,4.202172464254638,-0.27919973701592826,-0.06634424956462363
2,0.9967546538278628,0.42056986680286,-4.159377326846958,-1.4630488959830046,-2.803362249882694
2,0.9884358991741689,0.417643769010894,2.4031956416936118,-1.5754340110393505,-0.5802724743756685
2,0.9932422904575561,0.4144929009888153,2.7525933969023697,0.026992258422176008,0.00980580470434873
2,0.9987474772513608,0.41454688550565966,-5.042631583506762,-8.537221777314114,-2.1043230142835534
2,0.9886622140843473,0.39747244195103143,4.0918170023613865,-3.535957544782753,-0.7126536668044143
2,0.9968458480890701,0.3904005268614659,-0.9923685535917492,-1.512628321961501,-2.151416913117525
2,0.9948611109818866,0.3873752702175429,-0.2704034031709712,-1.6587867409098012,-1.7323877580067821
2,0.9943203041755446,0.3840576967357233,-0.398411811219912,-5.467538448173436,-1.6435363516889288
2,0.9935234805531048,0.37312261983937645,0.46106313380123165,-1.5036341451623858,-1.2732658096827962
2,0.9944456068207073,0.3701153515490517,-0.9570773813055711,-5.928526084630015,-1.7308514048789463
2,0.9925314520580961,0.35825829937979164,-3.511003478814667,-7.21212509015487,-2.023844085036514
2,0.9855094451004668,0.3438340491994819,-3.7136410842059098,-7.515074944543593,-2.02976013761114
2,0.978082162932055,0.3288038993103947,3.3377682034770872,-8.498433655811654,-1.1965546770378424
2,0.9847576993390091,0.3118070319987714,-0.2805898511600846,-8.225147424808842,-1.6048967590331091
2,0.984196519636689,0.2953567371491537,3.905308562593357,-8.950911043644677,-1.1593910948169264
2,0.9920071367618757,0.27745491506186437,1.6052572939688758,-6.32209948276341,-1.3221391288590727
2,0.9952176513498134,0.26481071609633755,1.8102214880167389,-2.057451758429779,-0.8492335357329737
2,0.9988380943258469,0.260695812579478,-2.333621965406374,1.911710694584512,2.455251602087914
2,0.9941708503950342,0.264519233968647,-2.6244264345456902,-7.9223275996544995,-1.8906883885618886
2,0.9889219975259428,0.24867457876933802,0.7948467978576845,-2.938825052632474,-1.3066519373158525
2,0.9905116911216582,0.24279692866407307,-2.959005873000131,1.7148476176900156,2.616356842258914
2,0.9845936793756579,0.2462266238994531,0.4170285859331213,1.3756086680153516,1.2764436014563711
2,0.9854277365475241,0.2489778412354838,-3.2161315334021667,-1.5633875581217564,-2.6891202073846636
2,0.9789954734807198,0.2458510661192403,1.416291813048698,2.1202012217379216,0.9818720632177211
2,0.9818280571068172,0.25009146856271613,-5.4482026027787285,-0.9501165732788835,-2.9689381168514695
2,0.9709316519012597,0.24819123541615837,-0.4502697704085179,-2.1476706016397977,-1.777458021103201
2,0.9700311123604427,0.24389589421287877,-5.904816523436717,-0.6066957468264522,-3.0392060240068384
2,0.9582214793135693,0.24268250271922587,-9.697065499236324,-3.922532337565246,-2.7572068503872256
2,0.9388273483150966,0.23483743804409538,-7.888234010591133,5.7923601816209365,2.5082130290603653
2,0.9230508802939144,0.24642215840733725,-13.174470920746806,2.5749208115906503,2.9485780562039423
2,0.8967019384524207,0.25157200003051855,-0.618830467122855,4.838592195709701,1.6980004992510311
2,0.895464277518175,0.26124918442193795,-2.263366440461545,5.206274638238001,1.98088631428698
2,0.8909375446372519,0.27166173369841395,-10.114214798864484,5.179183785032904,2.6683359068546117
2,0.870709115039523,0.28202010126847976,-7.845807747822675,8.477668994400196,2.3175050643211996
2,0.8550174995438776,0.29897543925728015,-4.757989752486369,9.850428828903413,2.0207708270077593
2,0.8455015200389049,0.318676296915087,-3.1230024421483593,7.136351368214,1.9833065863385677
2,0.8392555151546082,0.332948999651515,-6.701568076450115,10.056403858678065,2.158612952575951
2,0.8258523790017079,0.3530618073688711,-1.636242801206056,5.129653583463456,1.8795712489062866
2,0.8225798933992958,0.363321114535798,1.8155465053997233,9.72162998292722,1.3861698121708266
2,0.8262109864100953,0.38276437450165246,1.657198216769018,5.303375202087207,1.2679297592813763
2,0.8295253828436333,0.3933711249058269,-1.0899719367046257,0.8334839672377026,2.4887599076139937
2,0.8273454389702241,0.3950380928403023,3.6050089718214773,5.00440969716745,0.946531959880451
2,0.834555456913867,0.4050469122346372,-0.29890572117041714,-4.453339279596569,-1.6378152653691995
2,0.8339576454715262,0.39614023367544404,3.183435844571869,3.0185286845368084,0.7588149231154989
2,0.8403245171606699,0.40217729104451766,-0.9096392338705517,-1.3142376918805487,-2.176229040251046
2,0.8385052386929288,0.39954881566075656,4.449741401870099,3.166572456225841,0.6184892076010942
2,0.847404721496669,0.40588196057320824,1.644815454903803,-3.700127521230917,-1.1525010598998144
2,0.8506943524064766,0.3984817055307464,3.04169740077892,-1.595054908358623,-0.4829736375569836
2,0.8567777472080345,0.39529159571402916,7.01356449213153,-1.6575770823347713,-0.232080270685619
2,0.8708048761922975,0.3919764415493596,9.820021783546629,4.067599326291194,0.39270022214963174
2,0.8904449197593908,0.400111640201942,7.798684539370493,-0.11391925669854142,-0.014606457602363919
2,0.9060422888381318,0.3998838016885449,-5.344206444934884,-1.1662531976357193,-2.9267335786897806
2,0.895353875948262,0.3975512952932735,1.4382572060733234,0.39009877650159064,0.2648580825636587
2,0.8982303903604086,0.39833149284627667,6.852010648271511,9.418109457247109,0.9418280779831819
2,0.9119344116569517,0.4171677117607709,-0.5010416808634566,3.8379319036353774,1.700612067912364
2,0.9109323282952247,0.42484357556804164,0.7557284133831166,10.910097271910695,1.501638081751313
2,0.912443785121991,0.44666377011186303,5.8412693648133835,2.3827591457958874,0.38731358144325273
2,0.9241263238516177,0.4514292884034548,2.916174605038402,9.562672348485263,1.2748008532307413
2,0.9299586730616946,0.47055463310042533,-0.6121990287924484,11.693782701863302,1.6231010993422879
2,0.9287342750041097,0.49394219850415194,-4.5750044059225665,11.587277244889144,1.9468378572029192
2,0.9195842661922645,0.5171167529939302,-5.453007335041504,1.889602856812722,2.8080170341110295
2,0.9086782515221815,0.5208959587075557,-8.265139722637926,4.047556615239089,2.6862074596722567
2,0.8921479720769057,0.5289910719380339,-6.024536765544708,5.248316308775647,2.4249434706786213
2,0.8800988985458162,0.5394877045555851,-6.780755421595119,5.127923099528308,2.4941057055416156
2,0.866537387702626,0.5497435507546418,-3.91921290809899,-3.5857859200146835,-2.4005926152130392
2,0.858698961886428,0.5425719789146124,-4.27612043708464,4.440833128171118,2.337301067083663
2,0.8501467210122587,0.5514536451709546,-0.3257372312384099,-3.337442408393898,-1.668089027889512
2,0.8494952465497819,0.5447787603541668,-0.594637101833051,-6.7273637060205616,-1.6589580089598064
2,0.8483059723461158,0.5313240329421257,-0.2137430582008215,0.3648597992442215,2.1007259213534257
2,0.8478784862297142,0.5320537525406142,-5.46345859289371,3.3744538839132754,2.5883029981781425
2,0.8369515690439268,0.5388026603084407,-0.6573630029534927,0.7883543838356766,2.265834729732579
2,0.8356368430380198,0.5403793690761121,-7.62032245263955,0.3078785980467069,3.101212309799659
2,0.8203961981327407,0.5409951262722055,-9.444131800176613,0.712259399510029,3.066316960345475
2,0.8015079345323874,0.5424196450712255,-7.909958534656258,2.2019632360933405,2.8700881001005625
2,0.7856880174630749,0.5468235715434122,-11.012436271177538,0.9793896545576275,3.052891145273769
2,0.7636631449207198,0.5487823508525275,-7.349584877668125,-5.950365859909989,-2.4610137370171117
2,0.7489639751653836,0.5368816191327075,-0.8163946867372762,0.5886395335351069,2.5168960409025747
2,0.747331185791909,0.5380588981997777,-6.189873696003156,-4.123371004816967,-2.5539493223680743
2,0.7349514383999027,0.5298121561901438,1.6512153737583413,-3.0494786147292063,-1.0745220417811208
2,0.7382538691474194,0.5237131989606854,-2.717889002565421,-7.236178322176157,-1.9300905499301007
2,0.7328180911422886,0.509240842316333,-4.6642978566592275,-3.304029339975645,-2.5252740603699544
2,0.7234894954289701,0.5026327836363818,-5.330316973684135,-3.505676634140614,-2.559832997624028
2,0.7128288614816018,0.4956214303681005,-0.5491215369024527,-0.6946845901251997,-2.239694089109179
2,0.7117306184077969,0.4942320611878501,-10.202317337375977,0.2110225456611603,3.120911816750933
2,0.691325983733045,0.49465410627917245,-4.508901152595334,-1.3410248587789886,-2.852507060601798
2,0.6823081814278543,0.49197205656161447,-1.225414402651115,-1.6524782821428496,-2.2088749349654035
2,0.6798573526225521,0.48866709999732877,-5.358157563616572,3.201505547240857,2.6030125356280025
2,0.669141037495319,0.4950701110918105,-1.5898066285792156,0.919460736336114,2.6172462555927902
2,0.6659614242381605,0.4969090325644827,-10.109625166617953,-3.3318855125028524,-2.8232278869824365
2,0.6457421739049246,0.490245261539477,-8.744281820593057,-0.45712491494362406,-3.0893631872480505
2,0.6282536102637385,0.48933101170958976,-1.88826196452907,-4.401117658488301,-1.976085144596919
2,0.6244770863346804,0.48052877639261316,-5.024874958050096,2.239212985470057,2.722382419555048
2,0.6144273364185802,0.48500720236355327,-1.795333359550011,-8.1641447509328,-1.7872556778146471
2,0.6108366696994801,0.46867891286168767,-7.686228912087755,-2.6834591036500597,-2.8056970425139878
2,0.5954642118753046,0.46331199465438755,-2.662030935675852,-4.363143833965577,-2.11862205930788
2,0.5901401500039529,0.4545857069864564,-9.225286498531993,-9.066773433169306,-2.3648599493228653
2,0.5716895770068889,0.4364521601201178,-6.64221458623826,-1.0527368373694501,-2.98440824742398
2,0.5584051478344124,0.4343466864453789,-7.3903612842033395,0.43285499128781213,3.0830892833599037
2,0.5436244252660057,0.4352123964279545,-2.523427235327169,2.04861336719131,2.4596751653615074
2,0.5385775707953514,0.4393096231623371,-1.8632432006531197,-1.9659356197180289,-2.3293825248053306
2,0.5348510843940452,0.43537775192290107,-7.306077455870641,1.4069041250540926,2.951355016267226
2,0.5202389294823039,0.43819156017300925,-7.479201325122197,-1.7828769414753032,-2.9075819116707455
2,0.5052805268320595,0.43462580629005865,-3.1506085857166686,3.649434274781399,2.2829693904782506
2,0.49897930966062615,0.44192467483962145,-1.8982998686051522,-5.222205988093531,-1.9194516217231214
2,0.49518270992341584,0.4314802628634344,-0.6489107270551409,0.09076324342591202,3.0026240641669095
2,0.49388488846930556,0.4316617893502862,2.978969246899388,-1.177587318517359,-0.37644832306862047
2,0.49984282696310434,0.4293066147132515,-3.892189885069286,-0.9445197189974219,-2.903524137806174
2,0.49205844719296576,0.42741757527525664,-3.734535228194058,-0.9592235678686778,-2.890175336500706
2,0.48458937673657765,0.4254991281395193,-5.102187084304682,5.26315342849884,2.3406664516887545
2,0.4743850025679683,0.43602543499651697,-10.295824791356988,1.670319752386934,2.9807611550888233
2,0.4537933529852543,0.43936607450129084,-13.041223184585283,4.024343844037103,2.842277180901251
2,0.42771090661608374,0.44741476218936505,-8.890359351273135,-1.3909237853160505,-2.986397712515509
2,0.40993018791353747,0.44463291461873294,-15.492205816103526,8.22549664061578,2.653497233340112
2,0.3789457762813304,0.4610839078999645,-16.45954741756142,1.4721778600621516,3.0523878414147596
2,0.3460266814462076,0.4640282636200888,-11.27223350617776,-4.4510256347916055,-2.765519660979008
2,0.32348221443385206,0.4551262123505056,-5.162353960969979,-3.064957527188772,-2.6058086474310795
2,0.3131575065119121,0.44899629729612806,-8.597274632361373,1.8989807042199824,2.924201501032343
2,0.29596295724718935,0.452794258704568,-4.8046805023471135,-1.1219750638036818,-2.9121864479369344
2,0.2863535962424951,0.45055030857696066,-2.7441186284416497,2.749858528012461,2.35514972838884
2,0.2808653589856118,0.4560500256329856,-1.3105771650080145,2.137670024134175,2.120782906697798
2,0.2782442046555958,0.46032536568125393,-5.233923150933406,0.6075368381709412,3.0260330519820284
2,0.267776358353729,0.4615404393575958,-14.187995035082334,3.064583438841056,2.928862454637148
2,0.2394003682835643,0.4676696062352779,-9.567921605291325,5.28107486086446,2.637248705462143
2,0.22026452507298167,0.47823175595700684,-12.52022289572624,3.2453614858515554,2.887965125770332
2,0.19522407928152918,0.48472247892870995,-11.083970993120015,6.734286629794056,2.595625668454566
2,0.17305613729528915,0.49819105218829807,-5.875631216663193,12.488470781076288,2.010553931608411
2,0.16130487486196277,0.5231679937504506,-0.3358871172980671,10.90509512242055,1.6015875262774326
2,0.16063310062736663,0.5449781839952917,-1.3707708973452886,10.906167008507882,1.6958283704125863
2,0.15789155883267605,0.5667905180123075,-4.845160675937002,1.9377089702846684,2.761149494386289
2,0.14820123748080205,0.5706659359528768,0.8759949707426024,3.5289023740252,1.3274800920058893
2,0.14995322742228726,0.5777237407009272,-4.693617111746831,-4.30499380204552,-2.3993547038917615
2,0.1405659931987936,0.5691137530968362,-1.0431098179610048,2.1269686842104174,2.026751301946211
2,0.13847977356287158,0.573367690465257,-6.6130679224648965,-2.367089836311842,-2.7978608103126406
2,0.1252536377179418,0.5686335107926334,-4.00460848877171,6.093979446826547,2.152175756920814
2,0.11724442074039837,0.5808214696862865,0.6035360715800699,0.1098953472692954,0.18011254013613784
2,0.11845149288355851,0.581041260380825,-3.522080914713989,-2.09462953855738,-2.605069254349218
2,0.11140733105413053,0.5768520013037103,1.6300019377714636,-0.4005648474953438,-0.24096997760391942
2,0.11466733492967346,0.5760508716087196,-3.996989411656625,1.0964984815362566,2.873848424734765
2,0.10667335610636021,0.5782438685717921,-4.606784848871039,-2.770406977351314,-2.6001624599828728
2,0.09745978640861813,0.5727030546170895,-5.2592083544833885,-0.6991148131069713,-3.0094358896287607
2,0.08694136969965136,0.5713048249908755,-0.44349102747028024,3.1328839341869252,1.7114219442287488
2,0.0860543876447108,0.5775705928592494,-8.463044305897316,3.963922836153766,2.703559275766084
2,0.06912829903291616,0.5854984385315569,-1.7428055068914177,-1.5846634138364513,-2.403684997374034
2,0.06564268801913332,0.582329111703884,0.6001852436504015,-4.234450052222893,-1.4299955641606592
2,0.06684305850643413,0.5738602115994382,0.10265021614817155,-1.8317140952240907,-1.514814359191186
2,0.06704835893873047,0.57019678340899,-3.215818186768457,-3.5698158160349935,-2.304073051111669
2,0.060616722565193557,0.5630571517769201,0.18991764870390782,2.2906791801249327,1.4880766342663183
2,0.06099655786260137,0.5676385101371699,-1.4102289481757457,5.9158655246485115,1.8048097629949702
2,0.05817609996624988,0.579470241186467,-4.3997085893112615,1.5775197665617302,2.7973204496757615
2,0.04937668278762736,0.5826252807195904,-1.677967306639612,6.7024331231378405,1.8161062242138246
2,0.04602074817434813,0.5960301469658661,0.15752943206645206,5.145582827996431,1.5401913884814533
2,0.04633580703848104,0.606321312621859,-6.980328537876307,11.19628025361502,2.1282807485391455
2,0.032375149962728424,0.628713873129089,-9.794242174335078,19.407636198298107,2.038164345628375
2,0.012786665614058263,0.6675291455256852,-1.967210470231133,7.00471681955217,1.8445845589259342
2,0.008852244673595997,0.6815385791647895,-4.072411064548746,-0.8895821705792728,-2.9265297154675323
2,0.0007074225444985058,0.679759414823631,12.465616611924817,9.468147010379123,0.6495794420525898
2,0.02563865576834814,0.6986957088443893,-6.890019959318585,6.449789539413331,2.389183770026174
2,0.011858615849710968,0.7115952879232159,1.7728601996446613,3.4165632125374157,1.0921420141134042
2,0.01540433624900029,0.7184284143482907,-2.1629954002249243,11.12893834691292,1.7627608051674193
2,0.011078345448550441,0.7406862910421166,0.4435285175006963,6.514828931593996,1.5028213745935342
2,0.011965402483551834,0.7537159489053046,-0.8638991765551104,14.558650670239203,1.630066060069139
2,0.010237604130441613,0.782833250245783,-4.8009616856407,6.805997976223055,2.185138316674258
2,0.0006356807591602134,0.7964452461982291,2.401548314451869,5.216899005941189,1.139376839347542
2,0.005438777388063951,0.8068790442101115,2.7549902336673826,1.4350120019580026,0.48020965029852114
2,0.010948757855398717,0.8097490682140275,3.3896054108299296,6.88433587027637,1.1132754245923515
2,0.017727968677058576,0.8235177399545802,0.793822281360752,10.081025168731328,1.4922142771012636
2,0.01931561323978008,0.8436797902920429,-2.065319095061344,11.210709907682414,1.7529808843505978
2,0.015184975049657393,0.8661012101074077,-5.393116926050309,6.173100691848787,2.2888600651317383
2,0.004398741197556773,0.8784474114911053,1.4349971444560534,3.285240602682815,1.1589725421190975
2,0.00726873548646888,0.8850178926964709,-0.3324994003051666,2.882903190381092,1.6856238865634285
2,0.006603736685858547,0.8907836990772331,0.5592092005801945,4.136703067997016,1.4364285268484356
2,0.007722155087018936,0.8990571052132271,0.1913847031660503,7.765208625054698,1.546154881275559
2,0.008104924493351037,0.9145875224633365,2.9567571697678248,5.807163622597256,1.0998500963961726
2,0.014018438832886686,0.926201849708531,-5.242249331502148,9.81627875677049,2.061300797130725
2,0.00353394016988239,0.945834407222072,9.133985629711685,6.730094899376204,0.6350118129876787
2,0.021801911429305758,0.9592945970208244,-5.891877981199,5.526856755084408,2.3881504795948874
2,0.010018155466907756,0.9703483105309932,-3.141663475084461,10.863448398398756,1.8523117609221198
2,0.003734828516738834,0.9920752073277908,0.48414795981083053,-0.9159472022749471,-1.0845499060269892
2,0.004703124436360495,0.9902433129232409,1.3285458534784276,4.2435232409373524,1.2673866674472947
2,0.00736021614331735,0.9987303594051156,-2.845562925993176,-10.407970253629717,-1.8376765557135162
2,0.0016690902913309984,0.9779144188978561,4.592981204730252,7.12279417023387,0.998065150290458
2,0.010855052700791503,0.9921600072383239,-4.960224582870723,-2.109781702247737,-2.739434096210764
2,0.0009346035350500563,0.9879404438338284,3.8260172855437924,3.2839649940213933,0.7093071502548326
2,0.008586638106137641,0.9945083738218712,-0.20352373239488145,2.6670163885020304,1.6469601026576302
2,0.008179590641347878,0.9998424065988752,-2.291709881577877,-2.069104105486941,-2.4071970609518765
2,0.0035961708781921246,0.9957041983879014,0.5146330867322735,-1.224893482399736,-1.1730449353670502
2,0.004625437051656672,0.9932544114231019,0.5259896502334428,-4.858865597386353,-1.462962655745631
2,0.005677416352123557,0.9835366802283292,-0.6007057967475663,5.579015501654571,1.678055468932512
2,0.004476004758628424,0.9946947112316383,-1.870057998559603,-1.3083242392755157,-2.5311238282099646
2,0.0007358887615092182,0.9920780627530873,0.8450633964837524,1.6317718966243344,1.0929465879257374
2,0.002426015554476723,0.995341606546336,2.6837035681769517,-3.907642518558574,-0.9689958248551076
2,0.007793422690830627,0.9875263215092188,-2.220491184978324,-1.2487441420751533,-2.629299723619358
2,0.0033524403208739784,0.9850288332250685,-1.356887920602916,4.622912965883907,1.856291742128232
2,0.0006386644796681461,0.9942746591568363,1.6314534976238215,1.5965351419310325,0.774581212754038
2,0.0039015714749157894,0.9974677294406984,2.143718887814289,0.4401465267133142,0.20250485038852464
2,0.008189009250544367,0.998348022494125,2.092491904234624,-3.5138119806223944,-1.033688675810067
2,0.012373993059013615,0.9913203985328802,1.7569294946151353,3.8951604783669103,1.1470658594259253
2,0.015887852048243885,0.999110719489614,7.83974722839781,-6.4689707533904235,-0.6898895432122906
2,0.031567346505039506,0.9861727779828332,10.277233358831568,-2.1909790507022575,-0.21004322425800187
2,0.052121813222702644,0.9817908198814287,15.432055698238608,1.2016043158407652,0.07770738783303999
2,0.08298592461917986,0.9841940285131102,12.062029553939299,3.1107595324397774,0.25239708041247194
2,0.10710998372705846,0.9904155475779898,22.697718536021775,4.2767251998238605,0.1862374529997595
2,0.152505420799102,0.9989689979776375,7.889474161508203,-7.595345196043879,-0.7664057817182289
2,0.16828436912211842,0.9837783075855497,4.1758050541125105,2.2914989957780185,0.5018877917455526
2,0.17663597923034344,0.9883613055771058,2.5548316535615316,4.753711220616963,1.0776476962769883
2,0.1817456425374665,0.9978687280183397,0.5782258634124127,1.0435657202173543,1.064820966307555
2,0.18290209426429133,0.9999558594587744,0.3078936316069508,-5.81453472864396,-1.5178933249979203
2,0.18351788152750523,0.9883267900014865,1.8377925644825903,5.482929707295914,1.247380728677325
2,0.1871934666564704,0.9992926494160783,5.8866146852143,-0.31635465786672423,-0.05368970848167202
2,0.198966696026899,0.9986599401003449,5.245521222379771,-3.8031919213594723,-0.6273318132957477
2,0.20945773847165855,0.9910535562576259,6.072670235361635,1.9976968784583549,0.3178140516253815
2,0.22160307894238182,0.9950489500145426,-1.6034346004684812,1.246136833151168,2.4809300131252554
2,0.21839620974144486,0.997541223680845,1.2670509745008467,-1.2410332849668304,-0.7750250045849825
2,0.22093031169044655,0.9950591571109113,6.676632412373124,-0.1838825658322385,-0.02753425422425426
2,0.2342835765151928,0.9946913919792468,4.533028747626636,0.5714821148826155,0.12540908458179234
2,0.24334963401044607,0.9958343562090121,-8.001685368433654,0.7487468659292396,3.0482906938209373
2,0.22734626327357876,0.9973318499408705,5.825138403502628,-3.9842234558868928,-0.59988677911107
2,0.23899654008058402,0.9893634030290968,-2.4292545426776306,4.497719040317594,2.066013291016289
2,0.23413803099522876,0.9983588411097319,-0.6980167835748952,-1.802168012370986,-1.9403246214321204
2,0.23274199742807897,0.99475450508499,6.564467092219306,2.5884832344936215,0.37559795762584064
2,0.24587093161251758,0.9999314715539772,3.136488273691576,-7.630849605317513,-1.1808198649755668
2,0.25214390815990073,0.9846697723433422,0.8852651625261554,1.808498482681109,1.1155816469572117
2,0.25391443848495304,0.9882867693087044,0.9452189975125702,-5.013304223701498,-1.3844418416283661
2,0.2558048764799782,0.9782601608613014,5.900405426456451,-4.264107521957882,-0.6257861082945146
2,0.2676056873328911,0.9697319458173856,-2.2134494785641112,1.076312454149575,2.688997153829106
2,0.26317878837576286,0.9718845707256848,-0.6047888932589895,-7.7633384112920085,-1.6485425008869257
2,0.2619692105892449,0.9563578939031008,3.084949684952709,-11.500477913611807,-1.308720643780905
2,0.2681391099591503,0.9333569380758772,-1.8723275024105923,-8.030897994981911,-1.7998453671031067
2,0.2643944549543291,0.9172951420859133,-0.8821550039790071,1.0356300396385798,2.2763374420635465
2,0.2626301449463711,0.9193664021651905,-6.26398079203791,1.6520436539714245,2.8837273947458297
2,0.2501021833622953,0.9226704894731333,-7.24678481582168,7.9986203049299265,2.3069188640462523
2,0.23560861373065192,0.9386677300829932,-7.519673257662757,-4.689514046742837,-2.5839771780982828
2,0.2205692672153264,0.9292887019895075,-11.721327119875626,-5.264094482030745,-2.719484120893474
2,0.19712661297557516,0.918760513025446,-8.497582398787854,-12.829357817640718,-2.155807613520958
2,0.18013144817799945,0.8931017973901646,-14.904822276294402,0.43098486274939507,3.1126849084231925
2,0.15032180362541064,0.8939637671156634,-5.671180687647811,-1.346567588603076,-2.9084692417343607
2,0.13897944225011502,0.8912706319384572,5.752750201811679,-10.477802859400919,-1.0686891886476078
2,0.15048494265373838,0.8703150262196554,-9.630020634031164,-0.6971129012376953,-3.0693291496381376
2,0.13122490138567605,0.86892080041718,-2.830590656116516,-3.189050161277518,-2.2967164057405793
2,0.12556372007344302,0.862542700094625,0.2576945149452836,-1.1865852445698266,-1.3569439145023872
2,0.1260791091033336,0.8601695296054853,0.7666078412188471,1.2353930686134773,1.0154123709214877
2,0.12761232478577128,0.8626403157427123,0.2808821492451957,1.5406561570039945,1.390463568583256
2,0.12817408908426167,0.8657216280567203,-1.2786677299708726,2.7624727297294593,2.0043018429426382
2,0.12561675362431993,0.8712465735161792,0.9669777528674289,0.41725519366214714,0.4073670415157319
2,0.12755070913005478,0.8720810839035035,5.947284350658541,6.815522376828753,0.8533222787393266
2,0.13944527783137187,0.885712128657161,11.521550303450118,9.345811842647821,0.6815084064353454
2,0.1624883784382721,0.9044037523424566,4.774199074257829,11.75576249945598,1.1850289847970978
2,0.17203677658678776,0.9279152773413686,-4.240317365056215,7.679672137179905,2.075287353074851
2,0.16355614185667533,0.9432746216157284,-0.37603749799214325,11.36456807203745,1.6038728458699283
2,0.16280406686069104,0.9660037577598033,-9.897163374721963,4.383606714747912,2.7246458251910846
2,0.14300974011124712,0.9747709711892991,-0.8470416520522939,10.084855607296216,1.654591101571672
2,0.14131565680714253,0.9949406824038916,-5.055831244013848,-2.8429941737115882,-2.629340067647728
2,0.13120399431911484,0.9892546940564684,-3.8762978555857837,4.566992302525774,2.2745722898476126
2,0.12345139860794327,0.9983886786615199,-0.8434917065882271,-9.513210235869263,-1.6592303751761517
2,0.12176441519476681,0.9793622581897814,-7.087677028753666,4.502288437702006,2.575672405649279
2,0.10758906113725948,0.9883668350651854,6.085662331124376,5.752497961522107,0.7572623346034697
2,0.11976038579950823,0.9998718309882296,1.7306585125014748,-2.332768525580675,-0.9325056141531719
2,0.12322170282451118,0.9952062939370683,3.8865568227828895,0.19820573216366988,0.05095362797601342
2,0.13099481647007696,0.9956027054013956,0.8659467819399497,-2.933218248859948,-1.2837299465416203
2,0.13272671003395686,0.9897362689036757,4.052662802478041,4.324002176093799,0.8177791326866681
2,0.14083203563891294,0.9983842732558633,1.7129256627300693,-2.727461258330177,-1.0100215831566657
2,0.14425788696437308,0.992929350739203,-4.978311868158433,0.07586687179184093,3.1263543556548012
2,0.13430126322805622,0.9930810844827866,-5.180691834866629,2.46165992720343,2.6980134024903677
2,0.12393987955832296,0.9980044043371935,-3.6397812175322994,0.6685809450203695,2.959930614313153
2,0.11666031712325836,0.9993415662272342,2.0800858672401223,0.2359126118097743,0.11293227948135875
2,0.1208204888577386,0.9998133914508538,1.1232462345518792,-1.1879768282831993,-0.8133979172608098
2,0.12306698132684236,0.9974374377942874,-2.8123227063605176,-0.11049852221045597,-3.1023220132994753
2,0.11744233591412133,0.9972164407498665,-0.9149969540561825,-3.5203440098336425,-1.825086559490969
2,0.11561234200600896,0.9901757527301992,-1.3529428331332873,-6.289879533346809,-1.7826665083642437
2,0.11290645633974239,0.9775959936635056,-2.014729478925233,-3.2549665915495574,-2.1250483299578637
2,0.10887699738189192,0.9710860604804065,-1.0333627558492195,-5.886452824097943,-1.7445749347466337
2,0.10681027187019349,0.9593131548322106,-4.1941359923816295,-9.09659463726481,-2.002815037330643
2,0.09842199988543023,0.941119965557681,-7.775022303719327,-16.259576557675793,-2.0168369585662127
2,0.08287195527799157,0.9086008124423294,-11.085000738071487,-11.674019656554457,-2.3303195864870694
2,0.0607019538018486,0.8852527731292205,-17.48391430905366,-0.5433961138107679,-3.11052288050467
2,0.025734125183741276,0.8841659809015989,-7.03601686096051,-5.776237659808891,-2.45420555681299
2,0.011662091461820255,0.8726135055819811,-2.002128055726975,-5.771813970044004,-1.9046891262852514
2,0.007657835350366305,0.8610698776418931,4.66026401578212,0.48664767988287894,0.10404781119861004
2,0.016978363381930546,0.8620431730016589,-4.62853033853102,3.0157197755567022,2.5641284472815236
2,0.0077213027048685075,0.8680746125527723,-0.8061506214457302,-2.693647956030776,-1.8615909616337922
2,0.006109001461977047,0.8626873166407107,2.7993859631311833,-5.655034028542227,-1.1111362430380216
2,0.011707773388239414,0.8513772485836263,-5.599275129394979,-7.018489506467828,-2.2441877657707905
2,0.000509223129449456,0.8373402695706906,8.571980209233613,1.7745028917120487,0.20412870023503726
2,0.01765318354791668,0.8408892753541147,-3.192998956415341,-2.2138540696796105,-2.5353462202733317
2,0.011267185635085998,0.8364615672147555,-2.6787309210518098,-2.5438441111292343,-2.3820163938001233
2,0.005909723792982379,0.831373878992497,0.834534219889434,-3.055864902680616,-1.3042042347118257
2,0.007578792232761247,0.8252621491871358,-0.4544544877276399,-6.998516114373132,-1.6356411211909707
2,0.006669883257305967,0.8112651169583895,3.6518690011809753,-5.462979829084779,-0.9815423944385785
2,0.013973621259667918,0.80033915730022,-4.520802234636802,-6.341517448482825,-2.190120789694277
2,0.004932016790394313,0.7876561224032543,-0.22900040037820588,-9.110048488154664,-1.5959281563073449
2,0.004474015989637902,0.769436025426945,1.8282602433447257,-14.254795584214552,-1.4432369143065384
2,0.008130536476327353,0.7409264342585159,-1.3797811083031928,-6.227025405605602,-1.7888527025604164
2,0.0053709742597209675,0.7284723834473047,3.8550847441985456,-1.5357736575618564,-0.379105687056118
2,0.013081143748118059,0.725400836132181,-0.034855638020084984,-5.86176305528352,-1.5767425287975638
2,0.013011432472077889,0.7136773100216139,-3.160555295723446,-6.74914285819761,-2.008755587445662
2,0.006690321880630996,0.7001790243052187,-0.7291831668767728,-6.839432141743262,-1.6770096860466432
2,0.00523195554687745,0.6865001600217322,-1.716056346988929,-3.8497187917932996,-1.9901199113643477
2,0.0017998428528995924,0.6788007224381456,2.4340501302067516,0.28147080723450735,0.11512751245643263
2,0.006667943113313096,0.6793636640526146,-1.5565296252425287,-8.252913275073714,-1.7572102376796466
2,0.003554883862828038,0.6628578375024672,-0.6970064943371478,-1.7381055590672823,-1.9521774439167636
2,0.0021608708741537425,0.6593816263843326,3.8767276525838463,-2.534831719753161,-0.579082988843078
2,0.009914326179321436,0.6543119629448263,6.337502894913732,-6.857054312045474,-0.8247540235226467
2,0.0225893319691489,0.6405978543207353,-5.3836549578198865,2.472339976158311,2.7110889914605245
2,0.011822022053509127,0.645542534273052,-1.5963154071595282,-2.1637533781663776,-2.206413128317283
2,0.00862939123919007,0.6412150275167192,-1.8566419797020912,0.7752559505519452,2.7460421854874584
2,0.004916107279785888,0.6427655394178231,1.0127375964302876,-0.4223421260582394,-0.39510080537199144
2,0.006941582472646464,0.6419208551657066,-0.45570816086485916,2.1286223833001383,1.7816986651289737
2,0.006030166150916745,0.6461780999323069,-0.6463129993180805,2.1121951938984918,1.8677404696021456
2,0.004737540152280584,0.6504024903201039,4.642887992086482,1.9637209726403593,0.4001350988234142
2,0.014023316136453549,0.6543299322653846,2.7913411065773546,4.2522827633793,0.9899116809475735
2,0.01960599834960826,0.6628344977921432,8.820764421002588,-5.0717940847768705,-0.5218218868068883
2,0.037247527191613436,0.6526909096225895,14.547168917198531,3.9748809345956926,0.26673001733391477
2,0.0663418650260105,0.6606406714917809,16.373564779094615,5.236363619111395,0.3095269195681698
2,0.09908899458419973,0.6711133987300036,15.197178617662537,4.580941017793549,0.29277155001102334
2,0.1294833518195248,0.6802752807655907,2.4065325265989754,1.553428552850844,0.5732087315519792
2,0.13429641687272276,0.6833821378712924,0.45158687608348735,-0.3167892948566231,-0.6117336009335794
2,0.13519959062488973,0.6827485592815792,-1.2526412400618303,-5.836062306116163,-1.7822265369134807
2,0.13269430814476607,0.6710764346693469,6.78748726284907,3.53693610588518,0.48038204744958807
2,0.1462692826704642,0.6781503068811172,2.5784723523503414,2.1317608368769947,0.6908424616307278
2,0.1514262273751649,0.6824138285548712,-0.46616955903479307,0.05545165606096747,3.023197285723243
2,0.1504938882570953,0.6825247318669931,7.11615685622935,3.722074208705295,0.48191362196569293
2,0.164726201969554,0.6899688802844037,-0.36590813012291057,-1.5336670335646119,-1.8050018213941048
2,0.1639943857093082,0.6869015462172745,-2.2365307260392293,-1.5585198028082448,-2.5329859097360603
2,0.15952132425722973,0.683784506611658,-1.214813337556339,-1.8906304406881014,-2.141912235379041
2,0.15709169758211705,0.6800032457302818,1.5416021395034396,-0.6176531413208397,-0.381072322283286
2,0.16017490186112393,0.6787679394476401,2.3517503637612847,-2.3471223217286785,-0.7844132376831646
2,0.1648784025886465,0.6740736948041828,-3.584823639132123,-3.000964280938989,-2.444617759018311
2,0.15770875531038225,0.6680717662423048,0.39183754914107194,1.1436352229285407,1.2407070784758452
2,0.1584924304086644,0.6703590366881619,-0.9792246396249232,-0.22252260684063607,-2.918143676915987
2,0.15653398112941455,0.6699139914744806,3.096178052797521,-0.6590082619222781,-0.20971615741142335
2,0.1627263372350096,0.668595974950636,5.328624659476616,-1.0751421595892041,-0.19909429865625086
2,0.17338358655396283,0.6664456906314576,-0.5240893125941781,-9.934074634956492,-1.6235041948520788
2,0.17233540792877447,0.6465775413615447,13.57013885753397,-12.002376031380269,-0.7241682410330632
2,0.1994756856438424,0.6225727892987841,-5.343092555838147,-18.837669187552475,-1.8471760250940066
2,0.18878950053216612,0.5848974509236792,-1.677014569719415,-16.855942072911688,-1.6699609957040313
2,0.18543547139272729,0.5511855667778558,1.9271873470821377,-13.58681744235024,-1.429893821281465
2,0.18928984608689156,0.5240119318931553,0.12017292941254865,-11.534692792701584,-1.5603783135990126
2,0.18953019194571666,0.5009425463077521,2.167692025123985,-8.190745505053082,-1.3120763776754734
2,0.19386557599596463,0.484561055297646,-5.110312281367449,2.688019048439405,2.6573628440433956
2,0.18364495143322973,0.4899370933945248,-10.887275883391833,-1.239843062282503,-3.0282011405580427
2,0.16187039966644606,0.4874574072699598,-0.19330040379222924,-5.125607974701573,-1.6084911412675449
2,0.1614837988588616,0.47720619132055664,-4.439484469923899,-10.294404465129443,-1.9779506942809326
2,0.1526048299190138,0.45661738239029775,-6.6817286076661375,-8.333951160207464,-2.246602209310408
2,0.13924137270368153,0.4399494800698828,-14.100159384908515,-7.776396468488655,-2.6375899176311886
2,0.1110410539338645,0.4243966871329055,-0.5309066840532214,1.9522267476003718,1.836324113575223
2,0.10997924056575806,0.42830114062810626,-2.3698421278011903,5.60834212300923,1.9705955959512915
2,0.10523955631015568,0.4395178248741247,-0.7831454543669181,-4.350173121844908,-1.748914713454006
2,0.10367326540142184,0.4308174786304349,-5.449670433986836,-2.5457127572454383,-2.70458385061404
2,0.09277392453344817,0.425726053115944,-1.9624668043555642,-1.9145993460379929,-2.3685401723437662
2,0.08884899092473704,0.42189685442386804,-2.7272311270402985,1.4612040763472,2.649730087250352
2,0.08339452867065644,0.42481926257656244,0.7891969294106793,5.576890376468691,1.4302177564800524
2,0.0849729225294778,0.4359730433294998,-0.7452754193708679,-4.207425249738467,-1.7461112190312265
2,0.08348237169073607,0.4275581928300229,-1.3645358923886908,-0.9310461435153294,-2.5428332666047573
2,0.08075329990595868,0.42569610054299223,-5.705015258247181,2.0903205322268525,2.7903824889176914
2,0.06934326938946432,0.42987674160744593,-2.791270227960739,5.578057321356244,2.0347653676951167
2,0.06376072893354284,0.4410328562501584,1.080950569501936,2.497344185902639,1.1623038762310516
2,0.06592263007254671,0.4460275446219637,-2.732787639930817,-0.7407755175440345,-2.876884209486472
2,0.06045705479268508,0.44454599358687563,-10.1430220396471,1.7678935903171211,2.969029630662315
2,0.04017101071339088,0.4480817807675099,-6.764517419484908,2.8667325353586013,2.740747621758846
2,0.026641975874421065,0.4538152458382271,-10.316679265839047,4.866664004675031,2.700817554800995
2,0.006008617342742969,0.46354857384757714,3.136253294005973,0.027647432947697226,0.008815205345821956
2,0.012281123930754916,0.46360386871347253,0.07015510367825838,4.498055974336778,1.555200830364963
2,0.012421434138111432,0.4725999806621461,-1.960189750993488,1.7992434807551083,2.3989796762605513
2,0.008501054636124456,0.4761984676236563,-1.7465844178885725,2.9717450407834023,2.102145089042704
2,0.005007885800347311,0.4821419577052231,3.97794030778337,0.8193481437450134,0.20313213924798812
2,0.012963766415914051,0.48378065399271314,-6.277298274349525,-0.8783101191051912,-3.002576652480062
2,0.00040916986721500047,0.48202403375450276,5.169890718336679,-1.2625412989991092,-0.23952228878643714
2,0.010748951303888359,0.47949895115650454,-3.4122049386701256,0.5987915308330038,2.967876225259742
2,0.003924541426548107,0.48069653421817055,4.798925138143581,1.2670091442997522,0.25812921502117225
2,0.013522391702835267,0.48323055250677005,-5.620765612607414,4.3081715593696615,2.4876311879922923
2,0.0022808604776204384,0.4918468956255094,1.3438632087039204,4.3601982000879556,1.271823179207007
2,0.0049685868950282795,0.5005672920256853,-1.7559212571899947,0.215128651572416,3.0196840729367946
2,0.0014567443806482898,0.5009975493288301,-0.14906863737662882,1.3011794992238146,1.684863257705397
2,0.0011586071058950322,0.5035999083272777,2.4894633051014208,2.5813917389712615,0.8035249613853161
2,0.006137533716097873,0.5087626918052203,0.15544004318858656,-2.672322936945082,-1.5126951546072058
2,0.0064484138024750465,0.5034180459313301,-2.781076657776609,-1.0847205712842256,-2.769705159312454
2,0.0008862604869218291,0.5012486047887617,2.4097035378895484,4.675623788276351,1.0949238455581636
2,0.005705667562700926,0.5105998523653144,-1.7177278787960668,4.5791529269426645,1.9296714389122935
2,0.0022702118051087924,0.5197581582191997,0.3060468707546406,7.455890329053916,1.529771694777927
2,0.0028823055466180737,0.5346699388773075,0.596861115449166,5.807750148743462,1.4683860918546576
2,0.004076027777516406,0.5462854391747944,0.014427174983957028,10.713879166524665,1.5694497401814513
2,0.00410488212748432,0.5677131975078438,0.521710705980314,-3.9140439680478423,-1.4382854167678945
2,0.005148303539444948,0.5598851095717481,3.38620476959282,1.408261145394163,0.39412222430099453
2,0.011920713078630588,0.5627016318625364,2.750041264177678,7.144176136897717,1.2033443603698086
2,0.017420795606985943,0.5769899841363318,-1.8663529445761664,-2.3725005774319907,-2.2373504545413025
2,0.01368808971783361,0.5722449829814679,-4.562147357665482,2.484699968469395,2.6428786456187336
2,0.004563795002502648,0.5772143829184067,3.8252809029001065,-0.9707277509796164,-0.24852035354497268
2,0.012214356808302861,0.5752729274164474,1.3973286109910787,2.37923413639346,1.039766026279745
2,0.015009014030285019,0.5800313956892343,3.966789345962923,7.037283299151986,1.0575094832884602
2,0.022942592722210865,0.5941059622875383,8.3130331079817,0.03607804776611934,0.004339910690755228
2,0.03956865893817427,0.5941781183830706,13.417553632285722,2.4398271121229276,0.17987311620849067
2,0.06640376620274571,0.5990577726073164,20.560914385132183,-0.15719420402315887,-0.0076451435229511165
2,0.10752559497301008,0.5987433841992701,14.523422976242962,-7.764553270479035,-0.4909607101509476
2,0.136572440925496,0.583214277658312,8.694046692701642,-8.16239042849859,-0.7538683643931773
2,0.1539605343108993,0.5668894968013148,7.599460316599124,-14.02463920764918,-1.074220288362122
2,0.16915945494409754,0.5388402183860165,10.589436541149146,-13.096025732474759,-0.8908338920347486
2,0.19033832802639583,0.512648166921067,8.776238082292679,1.7283971052039493,0.19445205222680362
2,0.2078908041909812,0.5161049611314749,13.263043569147897,-1.699941201669719,-0.1274762520798715
2,0.23441689132927698,0.5127050787281354,1.9354100552232412,-4.549543276325895,-1.1685805321526892
2,0.23828771143972347,0.5036059921754836,-1.157259972538266,-5.948259874775458,-1.762950265926992
2,0.23597319149464693,0.4917094724259327,1.0850447661579636,4.110970144106163,1.3127423693307423
2,0.23814328102696286,0.49993141271414504,2.2280053265142237,1.159303382693072,0.4797809147199625
2,0.2425992916799913,0.5022500194795312,2.8735804466616526,-0.4065039721288244,-0.14053007204618312
2,0.2483464525733146,0.5014370115352735,2.326346345012081,-0.74063731370419,-0.3082230399223697
2,0.2529991452633388,0.49995573690786516,1.4019121969587878,-0.644671787783685,-0.4310163812477775
2,0.25580296965725635,0.4986663933322978,-5.061662434981434,-2.6617666921638916,-2.657465383880181
2,0.24567964478729348,0.49334285994797,-1.0480740447754988,-9.135413135535398,-1.685023422544555
2,0.24358349669774249,0.4750720336768992,-3.016773951172849,-4.7191828198824,-2.1395827364902
2,0.2375499487953968,0.4656336680371344,-3.64247405809269,-8.892909445431945,-1.9595451367481151
2,0.2302650006792114,0.4478478491462705,2.498908294533919,-8.364601392930854,-1.2804885123535585
2,0.23526281726827925,0.4311186463604088,-0.6001221560443804,-10.281616764706792,-1.6290986390956645
2,0.23406257295619048,0.4105554128309952,0.49130663808896746,-13.321213337217586,-1.5339315126668394
2,0.23504518623236842,0.38391298615656005,-8.932358625541134,-3.13513548837227,-2.8040394424490307
2,0.21718046898128615,0.3776427151798155,-1.3489611595665223,0.9260669563088686,2.5399820897377388
2,0.2144825466621531,0.37949484909243325,-3.6890376411079924,-1.8520886210819654,-2.676304815050531
2,0.20710447137993712,0.3757906718502693,-1.5187502892850535,-6.218254153544711,-1.810347100607391
2,0.20406697080136701,0.3633541635431799,4.233021095327125,-3.538911220211327,-0.6963246658815562
2,0.21253301299202126,0.35627634110275724,-0.7362011410692593,-4.093527050779894,-1.7487393072457411
2,0.21106061070988275,0.34808928700119746,-0.5153992177321098,-0.869024857751588,-2.10611031364328
2,0.21002981227441853,0.3463512372856943,-1.2413196257121117,-4.152937628101455,-1.8612450936528506
2,0.2075471730229943,0.33804536202949137,-4.5465212244629045,1.4523502031018043,2.8323958854945537
2,0.1984541305740685,0.340950062435695,3.174286473293347,-7.472903223876864,-1.1691180848915426
2,0.2048027035206552,0.32600425598794125,0.1033205308300228,1.910473304827437,1.5167678420913728
2,0.20500934458231523,0.3298252025975961,0.23027041211100274,-2.7231309187596695,-1.4864361147196135
2,0.20546988540653724,0.3243789407600768,-5.128660868469193,-1.5578444176762851,-2.846696610999768
2,0.19521256366959885,0.3212632519247242,-1.5039585556575612,4.7535132453842275,1.8772201227591925
2,0.19220464655828373,0.33077027841549267,0.18751587631821165,-3.220518819089607,-1.512636628981269
2,0.19257967831092015,0.32432924077731345,0.2968349555288047,0.6290978074451614,1.1299275424045183
2,0.19317334822197776,0.3255874363922038,-3.860424936884682,0.2753812012359913,3.070378855869285
2,0.1854524983482084,0.32613819879467576,-6.370507566881192,-0.38165416550012266,-3.0817546364071995
2,0.17271148321444602,0.3253748904636755,-10.931890563398008,-5.041508551991675,-2.7094850121215153
2,0.15084770208765,0.31529187335969217,-11.792318493773212,-6.236314789052094,-2.6551358094742756
2,0.12726306510010357,0.302819243781588,-9.724989589427413,-4.366898296596477,-2.719538294748235
2,0.10781308592124875,0.294085447188395,-9.395254526942031,-5.985453074136005,-2.5743594487953074
2,0.08902257686736469,0.282114541040123,-0.43873677874290556,1.226373407168052,1.9143598485433204
2,0.08814510330987887,0.2845672878544591,-3.447882128726036,-0.773220074682196,-2.920983209840243
2,0.0812493390524268,0.2830208477050947,5.873656110339083,3.636802715495324,0.5543973281239701
2,0.09299665127310497,0.2902944531360854,-4.463950189813437,1.1373729388788612,2.8921102151231177
2,0.0840687508934781,0.2925691990138431,-0.44591389285526806,3.8099482636078372,1.6873056230595298
2,0.08317692310776756,0.30018909554105877,-4.811906877872418,10.481269042848407,2.0011885476602607
2,0.07355310935202272,0.3211516336267556,-0.5235179032964249,8.5221379116108,1.6321495769694028
2,0.07250607354542987,0.3381959094499772,-11.058815856645865,13.135742284751728,2.270561710676591
2,0.05038844183213814,0.36446739401948064,-8.014786931065405,3.962234237919582,2.6824627870716546
2,0.03435886797000733,0.3723918624953198,-16.54337336963801,-1.7802765787676145,-3.0343925233017797
2,0.0012721212307313101,0.3688313093377846,7.5208855815805125,2.5214835474659525,0.32348730983285795
2,0.016313892393892335,0.3738742764327165,-7.633164082953102,-0.9780653627611269,-3.014153394155406
2,0.0010475642279861308,0.3719181457071942,14.865831953277624,-0.609857514301676,-0.04100111825402396
2,0.03077922813454138,0.3706984306785909,-10.750534180287199,-2.742694609082663,-2.8917994016260518
2,0.009278159773966982,0.36521304146042555,-1.5983204977569023,1.925589358857921,2.263589169885441
2,0.006081518778453177,0.3690642201781414,9.91089774844269,-1.9890103681618754,-0.19805818632960087
2,0.025903314275338558,0.36508619944181764,-11.458987354571285,0.9552955196168722,3.058418496832645
2,0.002985339566195986,0.3669967904810514,4.8261844558979385,-4.825708598859779,-0.7853488614589504
2,0.012637708477991864,0.3573453732833318,-0.8389360714572405,0.2410445430959529,2.861807521063387
2,0.010959836335077383,0.35782746236952373,-0.33834279092467834,-0.09918325057772792,-2.856437326305697
2,0.010283150753228026,0.3576290958683683,-4.634590771984128,6.633247626646993,2.1806432632349564
2,0.0010139692092597692,0.37089559112166226,10.207157699171145,-0.3769669649312801,-0.03691485217768939
2,0.021428284607602058,0.3701416571917997,-3.9115925280508175,5.129508495765295,2.2222917504861717
2,0.013605099551500422,0.3804006741833303,-3.3140741907374878,1.3393057871920189,2.757533867058396
2,0.006976951170025447,0.3830792857577143,-2.8655939015931944,2.687848552288763,2.388189904498856
2,0.0012457633668390587,0.38845498286229185,6.349946750793974,4.571679886711061,0.623993828041212
2,0.013945656868427006,0.397598342635714,-1.093578168628596,4.033669841375819,1.8355447462066616
2,0.011758500531169815,0.4056656823184656,-1.5511547375534773,-3.4944368492334785,-1.988559762340063
2,0.00865619105606286,0.39867680861999866,-2.922434652378545,2.6791124179935397,2.3996055984511906
2,0.00281132175130577,0.40403503345598574,2.2703446319823626,-1.809179888641238,-0.672832280901842
2,0.007352011015270495,0.40041667367870326,-2.758815593259104,-4.55919731479737,-2.1149646636914126
2,0.001834379828752287,0.3912982790491085,0.2331106787901889,-0.35593004172831955,-0.9909603952104635
2,0.002300601186332665,0.3905864189656519,2.6124591798340266,4.3188488100037725,1.0267837858295068
2,0.007525519546000718,0.3992241165856594,-1.9102531741536253,-1.1006058929449725,-2.6188892314325907
2,0.0037050131976934676,0.3970229047997695,-1.2349918182965856,-1.19818929842333,-2.37131860632236
2,0.0012350295611002963,0.3946265262029228,1.560873512776905,2.550797655266057,1.021661212634717
2,0.004356776586654106,0.39972812151345494,-0.6738743166052382,1.1736831020682514,2.091994242355099
2,0.0030090279534436297,0.40207548771759144,-0.609466410503968,3.3737857660102453,1.7495165016512233
2,0.0017900951324356937,0.40882305924961193,3.564011955860798,9.395233000394853,1.2082239064152622
2,0.00891811904415729,0.42761352525040164,-1.8005235392532073,11.351168858664273,1.7281058437533072
2,0.005317071965650875,0.4503158629677302,4.606667001396853,7.76644340077412,1.0354287111842262
2,0.014530405968444581,0.4658487497692784,10.17000755334921,8.285881370298842,0.6836625396273155
2,0.034870421075143,0.4824205125098761,15.427453133454707,10.045892791743588,0.5771971916230745
2,0.06572532734205241,0.5025122980933633,22.182877581971322,2.3438937832999107,0.10527168656742383
2,0.11009108250599506,0.5072000856599631,7.7335678440878795,4.661742355738907,0.5424708166050377
2,0.12555821819417082,0.5165235703714409,-0.8423569399481079,-1.711894679089776,-2.028072745143023
2,0.1238735043142746,0.5130997810132614,-2.5146699133997834,9.532625188517995,1.8287168741869457
2,0.11884416448747503,0.5321650313902974,3.7620368665996495,-2.481375977105571,-0.5830825572035866
2,0.12636823822067433,0.5272022794360862,3.2506124127277687,-0.5263163360726963,-0.16051993169953213
2,0.13286946304612987,0.5261496467639408,1.5526417224059064,-2.2587349492050324,-0.9685807012070652
2,0.13597474649094168,0.5216321768655308,-2.6579763613149843,1.2156476164912888,2.7126364177609763
2,0.13065879376831172,0.5240634720985133,6.120533447537171,-4.683151775994709,-0.6531294502415657
2,0.14289986066338606,0.5146971685465239,-0.6966148991124355,1.7716178161213958,1.9454341472131316
2,0.1415066308651612,0.5182404041787667,4.904402831472532,-0.20726431577744453,-0.042235734892753694
2,0.15131543652810625,0.5178258755472118,6.479685847996394,-0.8182440483571196,-0.12561348061900948
2,0.16427480822409904,0.5161893874504976,7.127699359481252,2.3475019554210497,0.3181605428883036
2,0.17853020694306154,0.5208843913613397,15.662204107687662,-1.7413255274216777,-0.1107253750622188
2,0.20985461515843687,0.5174017403064963,17.325141203009196,4.792287254180738,0.26986132287211545
2,0.24450489756445526,0.5269863148148578,8.289476936958307,8.993834316048332,0.8261292369335494
2,0.2610838514383719,0.5449739834469545,8.159828948567178,-0.37259833034392065,-0.045630820475593935
2,0.2774035093355062,0.5442287867862666,-0.16824896558351177,3.2084217487218236,1.623188128224812
2,0.2770670114043392,0.5506456302837103,-2.3853619570086138,-0.5046279131988851,-2.9331145487004924
2,0.272296287490322,0.5496363744573125,5.3227450027125975,0.2630637758601062,0.04938239636338762
2,0.28294177749574717,0.5501625020090327,-4.023546044676918,-5.507809781767403,-2.2017109584230923
2,0.27489468540639334,0.5391468824454979,4.240351827295041,-3.1421164299357818,-0.6377185762457956
2,0.2833753890609834,0.5328626495856263,3.0507274306401375,-3.7312578376532124,-0.8854072344364309
2,0.2894768439222637,0.5254001339103199,7.041598080379963,-5.938652462066596,-0.7006307235972108
2,0.3035600400830236,0.5135228289861867,-2.2459090121361434,-5.899367146427192,-1.934557820843495
2,0.29906822205875133,0.5017240946933323,6.930321310010728,0.43939816078436555,0.06331752681430489
2,0.3129288646787728,0.5026028910149011,10.726980673622183,-0.7099218826116527,-0.06608459104856036
2,0.33438282602601715,0.5011830472496778,0.824378621013172,-8.223088143398005,-1.4708784659297975
2,0.3360315832680435,0.48473687096288176,7.55461975543148,-10.006276361694905,-0.9241104587292487
2,0.35114082277890646,0.46472431823949195,2.4151519316379377,-8.208434943902414,-1.2846432612529932
2,0.35597112664218233,0.4483074483516871,-0.29291025727523623,-8.912557937010124,-1.6036493943503944
2,0.35538530612763186,0.4304823324776669,0.3166396218391432,-9.798447932216014,-1.5384922850573153
2,0.35601858537131015,0.41088543661323484,-2.4480397013384447,-2.9775013773360723,-2.2589156227563136
2,0.35112250596863326,0.4049304338585627,-8.32523277201036,-7.691051684673073,-2.3957698341499745
2,0.33447204042461254,0.38954833048921655,0.9652912091632215,-8.135372659164947,-1.4526949038558146
2,0.336402622842939,0.37327758517088666,-2.566698024241559,-4.39264516985724,-2.0996045202571474
2,0.33126922679445586,0.3644922948311722,-2.32932099481975,-6.364345080396156,-1.9216492744890625
2,0.32661058480481636,0.35176360467037987,-6.190391828174463,2.1251365846257917,2.810902680585622
2,0.31422980114846744,0.35601387783963145,-8.188507266226248,-2.824643349118111,-2.8094218461953235
2,0.29785278661601494,0.35036459114139523,3.2957380542541492,-1.42451432152213,-0.4079779008618952
2,0.30444426272452324,0.34751556249835097,-4.0157113282641985,-4.389413625524336,-2.3117625102027124
2,0.29641284006799484,0.3387367352473023,1.547049128126754,-3.1316063126743954,-1.111951087965273
2,0.29950693832424835,0.3324735226219535,-2.70002765521532,-12.218415005427001,-1.78828137708177
2,0.2941068830138177,0.3080366926110995,-2.820373987324487,-2.0902601612067526,-2.5037933825579466
2,0.28846613503916874,0.303856172288686,1.4272158527961487,-7.097491846423415,-1.372355453572651
2,0.29132056674476103,0.28966118859583917,-0.27227730674961315,-7.6997857719422464,-1.6061432715478996
2,0.2907760121312618,0.2742616170519547,-4.759413592533096,-5.301233781895842,-2.302391067169376
2,0.2812571849461956,0.263659149488163,0.8470866872616611,-10.193428146545363,-1.4878855756090108
2,0.28295135832071894,0.24327229319507226,4.089573664678325,-7.754336739466044,-1.0854761634287822
2,0.2911305056500756,0.22776361971614018,-1.8063499236973812,-4.614845263219508,-1.9438856909094975
2,0.2875178058026808,0.21853392918970116,1.2726938492909345,-8.039317424501299,-1.4137905867904579
2,0.2900631935012627,0.20245529434069856,-5.355189318518389,-9.344389862330173,-2.091195047993624
2,0.2793528148642259,0.1837665146160382,-1.731438745463415,-7.134053965990261,-1.8088931981697114
2,0.2758899373732991,0.1694984066840577,-6.805112072873515,-6.151217026280214,-2.4066208649757916
2,0.26227971322755206,0.15719597263149726,-5.450448635339583,-4.882419781173527,-2.4111122212817517
2,0.2513788159568729,0.1474311330691502,5.602744405116599,-8.30237997084833,-0.9771593751619373
2,0.2625843047671061,0.13082637312745354,5.002768739177349,-5.873760178301899,-0.8653075488164986
2,0.2725898422454608,0.11907885277084974,2.526063036722759,-1.501298148106088,-0.5362350089683556
2,0.2776419683189063,0.11607625647463757,5.910338440833051,-6.499330015315996,-0.8328248859770322
2,0.2894626452005724,0.10307759644400558,4.773912673183111,-1.7078695771609032,-0.34356272890070494
2,0.29901047054693863,0.09966185728968377,8.380358811278965,-5.390342994575851,-0.5715881617884737
2,0.31577118816949656,0.08888117130053207,11.912778499119536,-4.903085858191665,-0.39045086194564943
2,0.33959674516773564,0.07907499958414874,-3.8464357347022524,5.370584738409595,2.192315056910721
2,0.33190387369833113,0.08981616906096793,3.684283428715296,4.224861313806443,0.8536404932745024
2,0.3392724405557617,0.09826589168858081,10.043828660134313,5.264198305655069,0.48275898931043604
2,0.35936009787603035,0.10879428829989095,2.9752390382351557,2.823433020696195,0.7592246965259747
2,0.36531057595250066,0.11444115434128334,2.742866948136052,1.0230580083499043,0.35700605575045025
2,0.37079630984877276,0.11648727035798315,-2.1697442355672334,1.258691317973161,2.615926212073906
2,0.3664568213776383,0.11900465299392947,4.021812871544849,3.272261345268458,0.6829959006289105
2,0.374500447120728,0.12554917568446639,4.881032958165693,-0.9276054961199139,-0.18780331937627023
2,0.3842625130370594,0.12369396469222656,3.5259560254812805,-6.032663590449704,-1.041868638091322
2,0.39131442508802194,0.11162863751132715,2.0337548395059355,6.61472468736278,1.2725107872748191
2,0.3953819347670338,0.12485808688605271,3.202783384142871,-2.036843597810631,-0.5664421992008463
2,0.40178750153531956,0.12078439969043145,0.868005145919698,3.7962040131339636,1.3460097137557614
2,0.40352351182715895,0.12837680771669938,0.9067728588394441,-1.37665474753923,-0.9883444129847666
2,0.40533705754483784,0.12562349822162092,-0.12582670505231763,4.475012114857374,1.598906543702078
2,0.4050854041347332,0.13457352245133566,-3.3954892108586097,10.1358756003872,1.8940435477827213
2,0.398294425713016,0.15484527365211007,-1.4780071814330387,5.578899618137928,1.8297748581270574
2,0.3953384113501499,0.16600307288838592,-2.0339217192127945,12.675993780715974,1.7298948262095581
2,0.3912705679117243,0.19135506044981787,4.071163166315533,9.73246768334643,1.1746080080990529
2,0.3994128942443554,0.21081999581651073,8.789416324742616,11.222077264246607,0.9063678000453063
2,0.4169917268938406,0.23326415034500395,1.2269629242407931,8.559521172941716,1.4284213924257456
2,0.4194456527423222,0.2503831926908874,0.21010078982441893,10.83213021550275,1.5514026854320586
2,0.41986585432197104,0.2720474531218929,-5.656399070759766,0.937011039721658,2.977428418388291
2,0.4085530561804515,0.2739214752013362,6.305553251896911,4.2139271150335995,0.5891243945018967
2,0.42116416268424534,0.2823493294314034,2.1138627003649546,-2.279264790407909,-0.8230305795459029
2,0.42539188808497524,0.2777907998505876,1.4803930862068992,3.336074218686785,1.153149501188169
2,0.42835267425738904,0.28446294828796115,5.27029490107353,-0.8821488252220011,-0.16584391810703875
2,0.4388932640595361,0.28269865063751715,9.519780732888949,1.695332183839493,0.17623762652552183
2,0.457932825525314,0.28608931500519613,14.079208844448464,-1.3575309623812537,-0.09612381633828447
2,0.48609124321421093,0.2833742530804336,17.008819147819153,-0.5738933060920048,-0.03372813049434092
2,0.5201088815098492,0.2822264664682496,10.303054010387891,-1.839134253114716,-0.17664331291253377
2,0.540714989530625,0.2785481979620202,11.838823982250279,3.748428034134166,0.30663540886209567
2,0.5643926374951256,0.2860450540302885,0.10035437001182368,7.701608327660842,1.5577667508116118
2,0.5645933462351492,0.3014482706856102,-3.4472556111020958,6.012637467196963,2.0913784282585173
2,0.557698835012945,0.3134735456200041,-2.9026469566030277,10.07323736170121,1.8513504183294047
2,0.551893541099739,0.33362002034340654,-1.3809060973665743,6.454693464777811,1.781557467099933
2,0.5491317289050058,0.34652940727296216,10.350036610024981,8.802963401980307,0.7047986915453834
2,0.5698318021250558,0.3641353340769228,-1.3914196319499417,-0.022254560719109362,-3.1255998769793045
2,0.5670489628611559,0.36409082495548456,0.35557091211785297,6.188359409263905,1.5134014075529127
2,0.5677601046853916,0.37646754377401237,0.35557091211785297,6.188359409263905,1.5134014075529127
3,0.5303514479443122,0.45982508062096,3.328704493490209,-3.9581467521978553,-0.871564829963445
3,0.5370088569312926,0.4519087871165643,2.6850676866533862,-8.183392013876468,-1.2537524682003724
3,0.5423789923045994,0.43554200308881136,3.465207424479533,-9.582670082574463,-1.2238145248072363
3,0.5493094071535585,0.41637666292366243,8.190316798273479,-12.579422334351719,-0.9936563081147097
3,0.5656900407501054,0.391217818254959,6.031569765385713,-9.823192534170827,-1.0201366794376758
3,0.5777531802808769,0.37157143318661734,2.4904344327346672,-6.608634706808086,-1.2104086422650255
3,0.5827340491463462,0.35835416377300117,3.7735203980833742,-6.917387417947812,-1.0714050415070655
3,0.5902810899425129,0.34451938893710554,-2.6322407303937534,-3.10295632554497,-2.274303164769146
3,0.5850166084817254,0.3383134762860156,3.097851743725233,-2.777706038588151,-0.7309642777726423
3,0.5912123119691759,0.3327580642088393,-0.5712100580823609,-9.368336800069876,-1.6316933456470877
3,0.5900698918530112,0.31402139060869955,1.2702918848677691,-5.462323106176836,-1.3423024341090999
3,0.5926104756227467,0.3030967443963459,-3.658354361899263,-8.434043778086792,-1.980063666578006
3,0.5852937668989482,0.2862286568401723,4.820803143607832,-6.364172874213731,-0.9225182441508938
3,0.5949353731861639,0.27350031109174483,-0.858382749736486,-10.768810537829326,-1.6503382295884161
3,0.5932186076866909,0.2519626900160862,-1.0714195480082678,-9.509533276848753,-1.6829911296232702
3,0.5910757685906743,0.23294362346238867,6.03498399564778,-8.152832093167527,-0.933576358993886
3,0.6031457365819699,0.21663795927605362,-2.887201691733843,-6.470935485746828,-1.9904689617093514
3,0.5973713331985022,0.20369608830455996,-0.9036160693050577,-8.528609475249693,-1.67635367929676
3,0.5955641010598921,0.18663886935406057,0.733207993293794,-6.245323986370566,-1.4539301763613788
3,0.5970305170464797,0.17414822138131944,2.356723037810149,-5.142679351872751,-1.14108841701771
3,0.6017439631221,0.16386286267757394,2.2204802881248265,-10.794016238702033,-1.3679126191561157
3,0.6061849236983496,0.14227483020016987,-2.9844485483997985,-0.8733653247425394,-2.8569028967404027
3,0.60021602660155,0.1405280995506848,4.61708312047443,-5.60143668597593,-0.8814321921622489
3,0.6094501928424989,0.12932522617873293,5.52490469921979,-1.4624366092819279,-0.2587644366338443
3,0.6205000022409385,0.12640035296016908,11.333272711165964,-5.346910196289752,-0.44082495909719566
3,0.6431665476632704,0.11570653256758957,8.162938273684416,-3.5296053135019934,-0.40811670291387925
3,0.6594924242106392,0.10864732194058559,4.525959064329954,-0.764031057305943,-0.16723419469793085
3,0.6685443423392992,0.1071192598259737,7.686051282117856,-5.089623586194851,-0.5848967207003927
3,0.6839164449035349,0.096940012653584,3.708153470666997,-6.369743465092982,-1.0436043772242145
3,0.6913327518448689,0.08420052572339803,6.180730917136501,-3.416266561139483,-0.5049356683552649
3,0.7036942136791419,0.07736799260111907,3.9646685920833313,-10.71605019527298,-1.2164385681134344
3,0.7116235508633085,0.05593589221057311,7.616644941816075,-2.8432062693621027,-0.3572693684987412
3,0.7268568407469407,0.0502494796718489,5.301317974812869,-0.9317826805639584,-0.17398720241263727
3,0.7374594766965664,0.048385914310720986,6.43110991672069,-7.753313861317331,-0.8783447808566686
3,0.7503216965300078,0.03287928658808632,5.0968336215324594,-1.7432122030026747,-0.32954687550602074
3,0.7605153637730727,0.029392862182080974,5.111782967894829,-3.805366303291204,-0.6399269826674912
3,0.7707389297088624,0.021782129575498566,9.557322105444744,4.771970842011154,0.46308744507664673
3,0.7898535739197519,0.031326071259520874,8.168826836970123,-3.1859607455412724,-0.37186864155711596
3,0.8061912275936921,0.02495414976843833,9.591454329125115,-2.8364048604627885,-0.28752749448488424
3,0.8253741362519423,0.01928134004751275,6.1653960195724995,-4.421656488650512,-0.6221588272485161
3,0.8377049282910873,0.010438027070211728,4.323140116612889,7.2451907561710165,1.032813467170551
3,0.8463512085243131,0.02492840858255376,6.398488139541247,3.357700691346468,0.4832625229424406
3,0.8591481848033956,0.0316438099652467,7.010164187984224,7.77658953941985,0.8371837090616846
3,0.8731685131793641,0.047196989044086396,6.783481872102703,1.8085584952966527,0.2605514674504037
3,0.8867354769235695,0.0508141060346797,0.910295610983658,8.472094308992734,1.463760615303599
3,0.8885560681455368,0.06775829465266517,5.617940424888057,2.504865937092045,0.41941334571380307
3,0.8997919489953129,0.07276802652684926,1.0750869855470913,7.500167639704166,1.4284244115529592
3,0.9019421229664071,0.08776836180625759,10.007247666616092,6.000396993930776,0.5401291008560568
3,0.9219566182996393,0.09976915579411914,0.5048874551231708,0.8175935503660983,1.0175877049478466
3,0.9229663932098856,0.10140434289485134,2.574609296691621,2.5927986472925184,0.7889181633033144
3,0.9281156118032688,0.10658994018943638,5.993191946689458,-3.247936788872474,-0.4966322969417125
3,0.9401019956966478,0.10009406661169143,10.511745463527289,0.5967185119885587,0.05670597529773701
3,0.9611254866237023,0.10128750363566855,2.704121085711997,-4.519367065149944,-1.0315978205582472
3,0.9665337287951263,0.09224876950536866,9.34013232489611,0.26841639027588154,0.028730057041352428
3,0.9852139934449186,0.09278560228592042,4.136908552793527,-1.0612245782511756,-0.2511112812427424
3,0.9934878105505056,0.09066315312941807,-2.4827729316622693,-0.147334211263922,-3.082319561840231
3,0.9885222646871811,0.09036848470689023,5.100411944992278,-5.838481995038336,-0.8527681448915676
3,0.9987230885771656,0.07869152071681355,-3.1511058103707024,0.4664307502635148,2.9946384331410534
3,0.9924208769564242,0.07962438221734058,1.2087594882307373,-3.2669594205432317,-1.2164205801361778
3,0.9948383959328857,0.07309046337625412,0.9283244383899714,-5.935022297827188,-1.4156388624014304
3,0.9966950448096656,0.06122041878059974,-6.765305280457268,-3.3641328478135266,-2.680137414404302
3,0.9831644342487511,0.05449215308497269,-2.476830577265443,-8.817879211182024,-1.84462766410343
3,0.9782107730942202,0.03685639466260864,0.81034289807147,-7.085878969702499,-1.4569307444694497
3,0.9798314588903632,0.022684636723203644,-4.251367317823107,-11.24146352151156,-1.9323575212276094
3,0.971328724254717,0.00020170968018052085,2.6904967482507813,1.4848783301482293,0.5042988291887945
3,0.9767097177512185,0.0031714663404769795,-3.0853772588211315,3.8910683745136354,2.2412165157026713
3,0.9705389632335762,0.01095360308950425,0.15394119575279364,0.5474582083350782,1.296682070968699
3,0.9708468456250818,0.012048519506174407,-0.13902953909433746,-0.6493332800722572,-1.7817228180072675
3,0.9705687865468932,0.010749852946029892,-1.0194038398276262,-1.6116641801473286,-2.1347823619109105
3,0.9685299788672379,0.007526524585735235,1.1245319670290521,-1.440235442031351,-0.9078745048569824
3,0.970779042801296,0.004646053701672533,-4.114412594578343,-1.164238879000242,-2.8658357018718754
3,0.9625502176121393,0.002317575943672049,-7.008816464299628,-1.0239117157234976,-2.9965297203570866
3,0.9485325846835401,0.0002697525122250539,-4.829761298158208,1.0237721013672736,2.932712910739574
3,0.9388730620872237,0.002317296714959601,-8.859769396621864,3.136486337738886,2.8013459781984476
3,0.9211535232939799,0.008590269390437373,-5.0399188323331785,-3.3005159981204955,-2.561798116080488
3,0.9110736856293136,0.0019892373941963813,-5.066932806169266,2.574301317111452,2.6715185706376765
3,0.900939820016975,0.0071378400284192855,-6.344237016132959,-0.868363554605216,-3.0055635470259188
3,0.8882513459847091,0.005401112919208854,-7.630352482408897,-2.6293404020835607,-2.8097458628320737
3,0.8729906410198913,0.00014243211504173185,-6.989493962762383,1.135285340949393,2.980571480801129
3,0.8590116530943666,0.002413002796940518,-5.780627805380633,1.7006638905793878,2.855464909462431
3,0.8474503974836053,0.005814330578099294,3.741311267414449,2.222866919998903,0.536100373484113
3,0.8549330200184342,0.0102600644180971,-11.28160732151301,0.19708600310309934,3.1241247563628822
3,0.8323698053754082,0.010654236424303298,-5.442606395832383,1.6302909710894886,2.850555797774503
3,0.8214845925837434,0.013914818366482276,0.04702205803863713,5.412210227572738,1.5621084020876128
3,0.8215786366998207,0.024739238821627752,-3.8020741044610395,5.394051677057874,2.184779423102892
3,0.8139744884908986,0.0355273421757435,-13.315299228086664,7.852819769025385,2.6087372091582757
3,0.7873438900347253,0.05123298171379427,-11.128873143204098,10.17788144393704,2.4007982306508553
3,0.7650861437483171,0.07158874460166835,-3.9226447724104996,8.553347102057385,2.000786664281637
3,0.7572408542034961,0.08869543880578312,-3.0785132169727225,11.936215370133562,1.8232091782123367
3,0.7510838277695506,0.11256786954605025,2.204382350760703,9.045986142742379,1.331768796759927
3,0.755492592471072,0.130659841831535,6.18099573694908,10.116371437630486,1.0223355441822926
3,0.7678545839449702,0.15089258470679598,1.3178654241755572,2.870271983926087,1.1403651065821674
3,0.7704903147933213,0.15663312867464815,5.907213563198899,2.5011918317437014,0.40052579364227087
3,0.7823047419197191,0.16163551233813556,-4.42044409363096,3.955377037995561,2.4116624847269392
3,0.7734638537324572,0.16954626641412668,-0.23739086415175414,-1.7687534104592477,-1.7042127063052133
3,0.7729890720041537,0.16600875959320818,2.838771961746367,1.49610973126231,0.48503477253964616
3,0.7786666159276464,0.1690009790557328,-2.2089261874430055,6.043946876019737,1.9211924217157275
3,0.7742487635527604,0.18108887280777228,-2.2478153981674853,-0.7553930873162168,-2.8173932099209202
3,0.7697531327564254,0.17957808663313984,5.894667667470987,2.49206332744617,0.3999766577164191
3,0.7815424680913674,0.18456221328803218,1.9975206082122332,-2.191640516304272,-0.8317036500196539
3,0.7855375093077919,0.18017893225542364,1.3298120269452096,-0.5483184362348598,-0.391088390275955
3,0.7881971333616823,0.17908229538295392,-1.8238451144502177,-1.477022593051616,-2.460880489273039
3,0.7845494431327819,0.1761282501968507,5.7644378447607165,-1.3124369251378831,-0.22386214018062786
3,0.7960783188223033,0.17350337634657492,6.038447649871769,-5.785238465031053,-0.7639860179730636
3,0.8081552141220468,0.16193289941651282,7.487656431503009,0.5764580980230916,0.07683622032041264
3,0.8231305269850528,0.163085815612559,5.433281131888568,-0.7744568167731003,-0.14158568598933502
3,0.83399708924883,0.1615369019790128,4.876588963845685,2.7332057697833227,0.5108497833417042
3,0.8437502671765214,0.16700331351857944,5.02151678052476,-0.7240773881344587,-0.1432078646243632
3,0.8537933007375709,0.16555515874231053,13.79994495629755,5.714748544975473,0.3926139818129422
3,0.881393190650166,0.17698465583226147,0.4461368729468118,5.032995452633568,1.482384991681375
3,0.8822854643960596,0.1870506467375286,-2.2343456178622323,1.460771745159059,2.5625643303024446
3,0.8778167731603351,0.18997219022784673,1.8533068473553516,6.04015103654143,1.2730842104343887
3,0.8815233868550458,0.2020524923009296,3.8414683603424926,10.43193781159532,1.2179643854110804
3,0.8892063235757308,0.22291636792412023,2.8322005920384807,14.652766750581803,1.3798630872090352
3,0.8948707247598078,0.25222190142528383,1.5626610836507182,14.60796408769549,1.4642283604043682
3,0.8979960469271092,0.2814378296006748,-5.224646805680577,9.36188193972287,2.079819192125009
3,0.8875467533157481,0.30016159348012056,-6.979962199610057,-0.6120476848969769,-3.0541299702290265
3,0.873586828916528,0.2989374981103266,-0.5592434536958457,-3.2179975383742896,-1.7428639858360344
3,0.8724683420091363,0.292501503033578,-5.396294003379875,2.260444560634345,2.7449100167528306
3,0.8616757540023765,0.2970223921548467,2.0005209194409734,1.6820352464016197,0.6991278799351746
3,0.8656767958412585,0.30038646264764995,-5.091494558355502,0.2643092788406354,3.0897272858595874
3,0.8554938067245474,0.3009150812053312,-3.7928521848997754,1.8456112676058511,2.6887203934609154
3,0.8479081023547479,0.3046063037405429,-8.859678355343236,-2.64968058536047,-2.8509875706414305
3,0.8301887456440614,0.299306942569822,-0.7030358081572263,5.791884484767723,1.6915883103218827
3,0.828782674027747,0.31089071153935743,-2.667770192795682,0.11004157917279822,3.100367501075979
3,0.8234471336421556,0.31111079469770303,1.4658445752377403,-0.8860421615088376,-0.5436913358747032
3,0.8263788227926311,0.30933871037468536,-7.531567013321083,-3.4977451303327687,-2.7068190953374174
3,0.8113156887659889,0.3023432201140198,-6.002916501080202,0.9479694273911154,2.9849679397157503
3,0.7993098557638285,0.30423915896880205,-3.0537517593171026,3.921425526534544,2.2324357138464395
3,0.7932023522451943,0.31208201002187114,0.6507717250598399,1.6512797293272707,1.195385231847481
3,0.794503895695314,0.3153845694805257,-4.896499256265452,8.530588616445984,2.091873587461382
3,0.7847108971827831,0.33244574671341764,-7.350124233183153,-2.0370011972064836,-2.8712395378549886
3,0.7700106487164168,0.3283717443190047,-1.868982978938727,1.2841659786612114,2.5395814199404456
3,0.7662726827585393,0.3309400762763271,-5.827797998182227,4.26331109223027,2.510006111669054
3,0.7546170867621749,0.33946669846078764,2.100135101120837,0.46605648007708167,0.21837843078070993
3,0.7588173569644165,0.3403988114209418,-0.1602013137554925,0.39534643932728764,1.9557924799155963
3,0.7584969543369056,0.3411895042995964,3.3900227725708887,4.172014693971271,0.8884421140588586
3,0.7652769998820473,0.3495335336875389,-2.90766659332814,2.641180362093459,2.4041831331251586
3,0.7594616666953911,0.35481589441172584,-3.550415661475015,4.8771606536446575,2.2000470445767135
3,0.752360835372441,0.36457021571901516,-5.811591373947933,4.43771590986608,2.4894458705508047
3,0.7407376526245452,0.3734456475387473,-1.5657183297291821,4.862128050291902,1.8823335157802292
3,0.7376062159650868,0.3831699036393311,-9.808390951017486,2.8167305363102355,2.861942492187315
3,0.7179894340630518,0.3888033647119516,-8.66794416537453,9.82498872435783,2.293709090546652
3,0.7006535457323028,0.40845334216066725,-9.979746194958727,4.644495838106971,2.7060125722548007
3,0.6806940533423853,0.4177423338368812,-7.674843770812179,3.6766678805727757,2.694841470954413
3,0.665344365800761,0.42509566959802675,-8.90491566088053,2.2664533403800036,2.8923671383073017
3,0.6475345344789999,0.42962857627878676,-8.693222923809584,2.3802084623385786,2.874341984246003
3,0.6301480886313807,0.4343889932034639,-3.742093913248201,-7.41369793753488,-2.0382399232562936
3,0.6226639008048843,0.41956159732839415,-4.885442545630503,-4.239827633516518,-2.42682701881646
3,0.6128930157136233,0.4110819420613611,-5.5364450803565,-5.450742091561322,-2.363994598567877
3,0.6018201255529103,0.40018045787823847,-5.85051920510099,-4.428096297578065,-2.493707721497982
3,0.5901190871427083,0.39132426528308234,-6.2075016490267805,-0.17862361577317132,-3.1128251479695375
3,0.5777040838446548,0.390967018051536,0.5607328839341563,-3.1522236910134227,-1.3947528973827974
3,0.5788255496125231,0.38466257066950915,-0.5895210892030156,1.2425801236267409,2.0137819886793036
3,0.577646507434117,0.38714773091676263,-6.977136577533127,11.423981460311039,2.1190789340720917
3,0.5636922342790508,0.4099956938373847,-6.897678180857236,-1.3780980815696342,-2.944397497323204
3,0.5498968779173363,0.40723949767424544,-9.209536019280428,2.412182592181261,2.885424885604685
3,0.5314778058787755,0.41206386285860797,-7.323116986654887,-2.129225467954493,-2.85863987530795
3,0.5168315719054657,0.407805411922699,-9.078064648843975,4.560235349286929,2.676078284606476
3,0.49867544260777774,0.41692588262127284,-7.281596168334098,-0.5692319156381798,-3.063577260312464
3,0.48411225027110955,0.4157874187899965,-13.50585689927497,-2.0305282835930694,-2.992366022295698
3,0.4571005364725596,0.41172636222281034,-13.151941051764371,6.336400129965614,2.692623421965028
3,0.43079665436903086,0.42439916248274157,-12.883422312215897,-1.581199383819315,-3.019472059713004
3,0.40502980974459907,0.42123676371510294,-12.605782287154836,2.2323821010949705,2.966317958720485
3,0.3798182451702894,0.4257015279172929,-4.445990800459904,-4.876695596306046,-2.3100276734366223
3,0.3709262635693696,0.4159481367246808,-9.303247025486849,-0.5251869421176725,-3.0852005023999416
3,0.3523197695183959,0.41489776284044544,-7.977506934241429,-1.427778138782393,-2.9644922588949534
3,0.336364755649913,0.41204220656288065,-2.6212977702816387,0.16329760555411355,3.079376581308621
3,0.33112216010934975,0.4123688017739889,-3.7744998437989064,8.095722212456968,2.0070680234923555
3,0.32357316042175194,0.4285602461989028,-3.496017164945242,1.5608473434333414,2.7216827893820406
3,0.31658112609186145,0.4316819408857695,-1.51845483640492,4.721556227739343,1.8819504271114595
3,0.3135442164190516,0.4411250533412482,-12.057493475693958,2.7042069826901103,2.920967386141519
3,0.2894292294676637,0.4465334673066284,-10.142143705849982,1.4636120232686956,2.9982721604731597
3,0.26914494205596373,0.4494606913531658,-11.470852936322204,6.743739225164302,2.6101161174456475
3,0.24620323618331932,0.4629481698034944,-6.04708308456918,7.264330282821751,2.265004229623578
3,0.23410907001418096,0.4774768303691379,-5.122779142427467,12.450601778792203,1.9611328181571153
3,0.22386351172932603,0.5023780339267223,-2.954719884193102,12.303949631835398,1.8064774760641973
3,0.21795407196093983,0.5269859331903931,-3.6728211674320055,14.955810209887233,1.811608999126838
3,0.21060842962607582,0.5568975536101676,-3.5948974495738915,13.851168097229582,1.8247311157683772
3,0.20341863472692803,0.5845998898046267,-0.4650863130880728,9.458444826604294,1.619928296119983
3,0.2024884621007519,0.6035167794578353,-5.116914342907189,10.687580032920419,2.017317795472624
3,0.1922546334149375,0.6248919395236762,-4.625936588768822,6.06133695760136,2.222684148703904
3,0.18300276023739986,0.6370146134388789,-0.34547967605229324,10.63328400872654,1.6032753038355834
3,0.18231180088529528,0.658281181456332,-1.2560951921234964,2.1044219704548506,2.108921286416461
3,0.17979961050104828,0.6624900253972417,1.0591363291923561,6.618597934639259,1.4121173966303062
3,0.181917883159433,0.6757272212665202,1.9905609991440754,6.333056687170601,1.2662607614606074
3,0.18589900515772115,0.6883933346408614,-0.3273759054202019,-0.46839222126099367,-2.180807438414442
3,0.18524425334688074,0.6874565501983394,-4.849877060388738,5.9447684249206985,2.255111071078838
3,0.17554449922610327,0.6993460870481808,1.91465714489375,5.553135638680762,1.238771818306954
3,0.17937381351589077,0.7104523583255423,-3.294363099571179,8.765818277539472,1.9302850350080867
3,0.1727850873167484,0.7279839948806213,-8.571993704247314,8.780855033820146,2.3441589306263078
3,0.15564109990825378,0.7455457049482616,0.17985045525613363,4.296819180437061,1.5289640954248003
3,0.15600080081876605,0.7541393433091357,2.325895619751453,3.4728208481416556,0.9806673413606612
3,0.16065259205826896,0.761084985005419,4.106250801582278,-0.6104471355142249,-0.1475820105431941
3,0.1688650936614335,0.7598640907343905,3.3174653251108883,0.3657732991930729,0.1098133056446327
3,0.1755000243116553,0.7605956373327767,2.754779112796715,7.334696022792131,1.2115155899110335
3,0.18100958253724872,0.775265029378361,8.182178623921828,5.916096784573776,0.6260266381082654
3,0.19737393978509238,0.7870972229475085,-0.76762810581045,5.357259951788984,1.7131150548368084
3,0.19583868357347148,0.7978117428510865,6.66347589105723,5.783535873474965,0.7148207024903729
3,0.20916563535558594,0.8093788145980364,-0.2975804235033491,8.254545579487571,1.6068312127217923
3,0.20857047450857924,0.8258879057570115,5.460270528611616,5.868441392725298,0.8214123530812879
3,0.21949101556580247,0.8376247885424621,0.9298370615451468,8.954908508968796,1.4673316470238753
3,0.22135068968889277,0.8555346055603997,5.301774295538006,6.6400774749861835,0.8970008134465735
3,0.23195423827996878,0.8688147605103721,-0.15563707810860306,5.244145755870344,1.6004658696547807
3,0.23164296412375157,0.8793030520221128,3.62644137034121,2.2467665353733124,0.5546715646279701
3,0.238895846864434,0.8837965850928594,-0.70465346957653,-0.6159062324975761,-2.4232978490571084
3,0.23748653992528093,0.8825647726278643,2.4367155973300525,1.488964371766155,0.5485076876404149
3,0.24235997111994104,0.8855427013713966,-3.7889251192917555,0.38598769363051844,3.0400702769206243
3,0.23478212088135753,0.8863146767586576,0.7329323111185393,-2.6571078745193932,-1.3016508550272279
3,0.2362479855035946,0.8810004610096188,3.3605116162149367,-2.804116200527784,-0.6953859284674019
3,0.24296900873602448,0.8753922286085632,-0.9195862032080476,3.280646173880575,1.84408915579166
3,0.24112983632960838,0.8819535209563244,-0.8051477698287207,0.7058055618479053,2.4218480285320783
3,0.23951954078995094,0.8833651320800202,3.407541933548239,4.487204247193454,0.9213121030232274
3,0.24633462465704742,0.8923395405744071,1.8312459459094848,4.595251244072062,1.1915765243947554
3,0.2499971165488664,0.9015300430625512,1.0684026603776513,2.6762072475162713,1.1909602227709346
3,0.2521339218696217,0.9068824575575838,2.2408485635065922,3.911536971019147,1.0505553447022724
3,0.2566156189966349,0.9147055314996221,-0.9392920307058628,1.8765972567342804,2.034867337022327
3,0.25473703493522315,0.9184587260130906,0.021117754317873105,6.962524287043747,1.5677632760376787
3,0.2547792704438589,0.9323837745871781,-4.14032991135789,11.53144706839182,1.9155078696336767
3,0.24649861062114312,0.9554466687239618,-2.4403339575421596,14.206877392056894,1.7409075367096667
3,0.2416179427060588,0.9838604235080756,-6.57612600092268,3.7566239224348097,2.6225797956407613
3,0.22846569070421344,0.9913736713529452,-6.336210063066005,-3.973675961803369,-2.581457620095378
3,0.21579327057808143,0.9834263194293384,-14.769544143633503,6.898620747841755,2.704622681612325
3,0.18625418229081442,0.997223560925022,-10.025689403897989,-8.032814720486114,-2.4661063163419006
3,0.16620280348301844,0.9811579314840497,-3.126548297005691,6.993937619210411,1.9911834186360873
3,0.15994970688900706,0.9951458067224705,-7.5361479004465295,-0.5405490265011359,-3.069987786871761
3,0.144877411088114,0.9940647086694683,-5.6827587167367355,2.520047160598615,2.7241949535883863
3,0.13351189365464053,0.9991048029906655,-2.538438199631135,-8.027961951828976,-1.87704807235518
3,0.12843501725537826,0.9830488790870076,-7.3084994982744735,7.350923879614279,2.3533004975837226
3,0.11381801825882931,0.9977507268462361,-4.977208290060473,-2.788272653186652,-2.630945887319222
3,0.10386360167870837,0.9921741815398628,-2.5894309884137363,-0.7399053113292808,-2.8632687567667987
3,0.0986847397018809,0.9906943709172042,-7.220083491938853,0.03791304052713773,3.136341648929052
3,0.08424457271800319,0.9907701969982585,0.3367604352137177,3.6934426937024756,1.4798698170621762
3,0.08491809358843062,0.9981570823856635,-7.8575616306475125,-1.9227021076471673,-2.9016136027164277
3,0.0692029703271356,0.9943116781703691,-1.6355307398098344,1.2508545206315613,2.488686400898764
3,0.06593190884751593,0.9968133872116323,-6.607341800687432,-1.1337120435276349,-2.971663699816791
3,0.052717225246141065,0.994545963124577,-0.7323724039557284,-0.6669264642198414,-2.4029309545441695
3,0.05125248043822961,0.9932121101961373,4.620618911133668,0.4658129307893999,0.10047235464754307
3,0.060493718260496945,0.9941437360577161,-0.8877598243721523,1.3070158636925289,2.167443876817592
3,0.05871819861175264,0.9967577677851012,-0.15445858001499058,1.2842134608225253,1.6904961913023182
3,0.05840928145172266,0.9993261947067462,-0.04364391370311957,-0.12791270019674172,-1.899610797303741
3,0.05832199362431642,0.9990703693063527,-1.4757117853771948,-3.4184436715242184,-1.9783207367220055
3,0.05537057005356203,0.9922334819633043,0.9468574980231805,2.6954915948037006,1.2329865350716769
3,0.05726428504960839,0.9976244651529117,-1.8257715277851665,-4.463820805339802,-1.9590503738633525
3,0.05361274199403806,0.9886968235422321,2.8541365715072824,-0.3680693814254177,-0.12825212790279114
3,0.059321015137052624,0.9879606847793813,1.757141854964929,2.011766436610607,0.8528548986780718
3,0.06283529884698248,0.9919842176526025,4.466740690874292,-1.5096014251519407,-0.32591312722197063
3,0.07176878022873107,0.9889650148022986,1.8114860338745709,-7.086324300003055,-1.3205247136987248
3,0.07539175229648021,0.9747923662022925,6.664380879443897,-9.674597628789472,-0.9675904427973336
3,0.088720514055368,0.9554431709447135,11.446379486910532,-13.46208200697413,-0.8661466115494272
3,0.11161327302918907,0.9285190069307653,4.706932405268704,-11.467651327025651,-1.1813113097045758
3,0.12102713783972648,0.905583704276714,4.8152127579396335,-0.3770118754681806,-0.07813658953301565
3,0.13065756335560574,0.9048296805257776,5.962516845411367,-1.9006848393702258,-0.30858883066857545
3,0.14258259704642848,0.9010283108470372,1.6283593545374786,-1.2408893569639257,-0.6511678748956032
3,0.14583931575550343,0.8985465321331093,-4.87139234467443,0.6673201028660203,3.005452467009204
3,0.13609653106615457,0.8998811723388414,-3.295921763245724,-4.821340338582558,-2.170438136354884
3,0.12950468753966313,0.8902384916616762,1.4975954679036367,-3.8229687641888055,-1.1974341040547192
3,0.1324998784754704,0.8825925541332986,0.46137831945772256,-2.9881149347067426,-1.4176016316571722
3,0.13342263511438585,0.8766163242638851,3.9304775133707643,-4.750599041568104,-0.8795909329813582
3,0.14128359014112737,0.8671151261807489,2.2693362559668695,-10.678044149660892,-1.3613883650342855
3,0.1458222626530611,0.8457590378814271,7.674724508016276,-4.989896228628554,-0.576496605400414
3,0.16117171166909366,0.83577924542417,5.216213912823606,-4.012516400688559,-0.655700944958261
3,0.17160413949474088,0.8277542126227929,7.300705473820932,-9.180541307282297,-0.8989664517988541
3,0.18620555044238274,0.8093931300082283,3.815056032383288,-2.182142147925059,-0.5195629715423355
3,0.19383566250714931,0.8050288457123782,6.404894864039015,-5.3593969155300565,-0.6967605721792034
3,0.20664545223522734,0.7943100518813181,7.5292394037395765,-0.8469570786935887,-0.11201816119460585
3,0.2217039310427065,0.7926161377239309,10.460391457676286,-7.10219715655519,-0.5964657938539153
3,0.24262471395805907,0.7784117434108205,3.7392698645316025,0.21782320452107262,0.05818711298649489
3,0.2501032536871223,0.7788473898198627,0.7312783812111756,0.10124247099019268,0.13757136176390672
3,0.2515658104495446,0.7790498747618431,2.9232718368391306,-3.876182073295431,-0.9246364254859691
3,0.2574123541232229,0.7712975106152522,6.549229437579795,-6.141019704697547,-0.7532420551730961
3,0.2705108129983825,0.7590154712058571,5.477179065712489,-6.198465504996364,-0.8470967666702505
3,0.28146517112980746,0.7466185401958644,5.215555081168166,-5.522119362973143,-0.8139407522368388
3,0.2918962812921438,0.7355743014699181,3.34382498497085,-9.726916853102619,-1.2396821082881007
3,0.2985839312620855,0.7161204677637129,-0.3909035468492861,-9.430631561082647,-1.6122230223037437
3,0.2978021241683869,0.6972592046415476,6.275557873706205,-8.375125527273818,-0.9277375328249189
3,0.31035323991579933,0.6805089535869999,0.446770543722802,-6.839200650949284,-1.50556404603661
3,0.31124678100324493,0.6668305522851014,-3.290024328599955,-5.9907113634714015,-2.0730155915112904
3,0.304666732346045,0.6548491295581585,4.408339689493418,0.10608192195987742,0.024059274053448633
3,0.31348341172503186,0.6550612934020783,4.639246598496182,-5.150108796495633,-0.8375363467508334
3,0.3227619049220242,0.644761075809087,5.761733147478271,3.301774177581318,0.5203692663545346
3,0.33428537121698076,0.6513646241642497,4.682715127689862,0.7910212376976422,0.16734383481218082
3,0.3436508014723605,0.652946666639645,14.569128258701353,4.298235331989752,0.28688497567308946
3,0.3727890579897632,0.6615431373036245,10.246543213716958,7.587272486815344,0.6373748794611166
3,0.3932821444171971,0.6767176822772552,12.207139541244693,11.322452770978208,0.7478169667237664
3,0.4176964234996865,0.6993625878192116,6.662187735518438,6.540823323010702,0.7762062454425789
3,0.4310207989707234,0.712444234465233,9.430054224295159,7.471605274286253,0.6700394441882049
3,0.4498809074193137,0.7273874450138055,2.6505017731260625,4.515730702450038,1.0400287281887997
3,0.4551819109655658,0.7364189064187056,10.673863432026003,6.533052197550237,0.5492404877991643
3,0.4765296378296178,0.749485010813806,-1.085502133076871,-1.1849105753867217,-2.3124381322635514
3,0.4743586335634641,0.7471151896630326,3.1876128871144713,1.5184908976301759,0.4445675205456833
3,0.480733859337693,0.7501521714582929,5.104642196672171,6.527843877001338,0.9071402875509169
3,0.49094314373103737,0.7632078592122956,2.945155891911938,-0.622089343736032,-0.20816477080154133
3,0.49683345551486124,0.7619636805248236,15.048038589218326,0.8817424939691065,0.05852825530169114
3,0.5269295326932979,0.7637271655127618,9.631784309153291,2.944248765077817,0.2966600918510569
3,0.5461931013116045,0.7696156630429174,4.0859455575704136,-3.6743397497933095,-0.7324077823750719
3,0.5543649924267453,0.7622669835433308,-0.03976465584154543,0.5471233886791271,1.643348261739374
3,0.5542854631150622,0.763361230320689,5.870569808748282,-0.6324354588664316,-0.10731594280558397
3,0.5660266027325588,0.7620963594029562,3.142550776690678,1.6908610972047322,0.49362515275985824
3,0.5723117042859401,0.7654780815973656,5.361799994387684,-6.938492738164159,-0.9128862967456558
3,0.5830353042747155,0.7516010961210373,4.656760316620489,2.48553091052367,0.4902791729583484
3,0.5923488249079565,0.7565721579420847,3.026194599418608,-0.17261783367544803,-0.05697947605560237
3,0.5984012141067937,0.7562269222747338,-1.9147701626641145,5.379364388306606,1.9127595417503653
3,0.5945716737814655,0.766985651051347,5.10961941701743,3.1718042265203583,0.555538422742806
3,0.6047909126155003,0.7733292595043877,9.84834402903062,4.132458021817276,0.3972959405836608
3,0.6244876006735616,0.7815941755480222,8.225427287133046,1.486372429117866,0.17877532773492105
3,0.6409384552478277,0.784566920406258,13.157413809674667,11.53753483468739,0.7198964427124437
3,0.667253282867177,0.8076419900756328,11.927387752879826,7.666757326726059,0.5712871069717872
3,0.6911080583729367,0.8229755047290849,2.599150679216289,4.9817593423590045,1.089913481566444
3,0.6963063597313692,0.8329390234138029,7.933097880149398,12.228731914475155,0.9953171453224933
3,0.712172555491668,0.8573964872427532,-0.19770926759521412,2.2718266045002045,1.6576041835015458
3,0.7117771369564776,0.8619401404517536,6.123137193702277,5.300607044366634,0.7135204029977068
3,0.7240234113438822,0.8725413545404869,0.7913277538702523,2.7783867641856808,1.293327771668973
3,0.7256060668516227,0.8780981280688582,2.229764580318372,1.2387426907221055,0.5070932234832902
3,0.7300655960122594,0.8805756134503024,4.518596710510636,4.643492068887256,0.7990290750846138
3,0.7391027894332807,0.889862597588077,9.026572908011786,5.595614201543031,0.5549268243694346
3,0.7571559352493042,0.901053825991163,5.710486118976787,3.3856165890490675,0.5351656299192902
3,0.7685769074872578,0.9078250591692612,11.449109238617416,3.753654417356478,0.31681250695687996
3,0.7914751259644927,0.9153323680039741,9.03417132462997,11.257884298068843,0.8945480255556129
3,0.8095434686137526,0.9378481366001118,6.2516029592870614,6.525904284697681,0.806862381275242
3,0.8220466745323267,0.9508999451695072,7.741878261234347,3.416589667757264,0.4156061751102534
3,0.8375304310547954,0.9577331245050217,9.127016702533686,1.717536655850338,0.18600632518149948
3,0.8557844644598628,0.9611681978167224,-0.13107467288536734,4.408404588887304,1.6005204742474297
3,0.855522315114092,0.969985006994497,-1.8850605128529208,10.269318969758856,1.7523376795491545
3,0.8517521940883862,0.9905236449340147,3.6701781035592407,2.8934689676367586,0.6676109296576876
3,0.8590925502955047,0.9963105828692882,4.805923137487178,-3.9699906763872583,-0.6904316476027786
3,0.868704396570479,0.9883706015165137,-5.193752804997898,3.027594974544412,2.6138190969469104
3,0.8583168909604832,0.9944257914656025,3.3212658071627432,-1.1419840023482175,-0.33117655473198465
3,0.8649594225748087,0.9921418234609061,1.0599379501440853,-0.006543458143437597,-0.0061733566742104605
3,0.8670792984750969,0.9921287365446192,-1.845223512789762,2.4260411250761615,2.2210408890351183
3,0.8633888514495174,0.9969808187947715,3.19174776771064,-1.569179068521831,-0.4569342916255099
3,0.8697723469849387,0.9938424606577279,6.248934095665293,1.7573428896717203,0.2741422664792858
3,0.8822702151762692,0.9973571464370713,3.367455063195579,0.7560025204949583,0.22084098870523858
3,0.8890051253026604,0.9988691514780612,8.491575665660166,-0.2603160105147939,-0.030646198103506966
3,0.9059882766339807,0.9983485194570316,4.095264306331725,-3.896421904262648,-0.7605221385539267
3,0.9141788052466442,0.9905556756485063,9.350720097288711,4.0925205668513875,0.4125523046446935
3,0.9328802454412216,0.9987407167822091,12.138748751271521,-2.5122605752055938,-0.20408080809805065
3,0.9571577429437647,0.9937161956317979,5.193773554907244,0.015265262818198178,0.002939138316350409
3,0.9675452900535791,0.9937467261574343,10.073223810231902,2.9513774293309925,0.28501541520811313
3,0.987691737674043,0.9996494810160963,6.114699323327921,-0.19491294036400042,-0.03186533860036204
3,0.9999211363206988,0.9992596551353683,-2.87703894387481,-3.0988448183500994,-2.3190946887617265
3,0.9941670584329492,0.9930619654986681,1.456205454911541,2.975034885882688,1.1156040454389538
3,0.9970794693427723,0.9990120352704335,-0.5288274897577994,0.1830901444919708,2.8082901378915066
3,0.9960218143632567,0.9993782155594174,0.4315744270828592,-9.701608726442268,-1.526340804430342
3,0.9968849632174224,0.9799749981065329,-1.9014139339292857,-2.6682587006888747,-2.1899318838798947
3,0.9930821353495638,0.9746384807051551,-0.6420553925974293,-2.017678895905539,-1.8788791050795075
3,0.9917980245643689,0.970603122913344,-1.4658277306169865,1.5040714286056467,2.3433180986737168
3,0.988866369103135,0.9736112657705553,3.1381546491406342,7.2685505352584885,1.1632271646201524
3,0.9951426784014162,0.9881483668410723,2.053897522676429,3.3813073792181014,1.0249336590791018
3,0.9992504734467691,0.9949109815995085,-2.310358558682668,0.20789154256262155,3.0518519660961814
3,0.9946297563294038,0.9953267646846338,-2.4020725749238636,1.1049750687914806,2.7104464621369924
3,0.989825611179556,0.9975367148222167,4.274619252218836,-0.9834844935249221,-0.22613994505792362
3,0.9983748496839937,0.9955697458351669,-0.040144213786119654,-1.905619278222359,-1.5918594412086713
3,0.9982945612564215,0.9917585072787222,-5.283420938000716,-0.39443201353794866,-3.067076219316579
3,0.98772771938042,0.9909696432516463,-2.590676087781185,-3.9058600060424276,-2.1564501620713674
3,0.9825463672048577,0.9831579232395614,-1.4459009934686406,-9.345918911695117,-1.7242887786130896
3,0.9796545652179204,0.9644660854161712,1.1782307063455955,-8.676002992846987,-1.4358186627627751
3,0.9820110266306116,0.9471140794304772,-1.5663792207825655,-9.904258954348766,-1.727649283807468
3,0.9788782681890464,0.9273055615217797,2.5698014040317907,-11.623725705842968,-1.3532138075583193
3,0.98401787099711,0.9040581101100937,0.05389090986768208,-4.059325539796821,-1.5575212781135637
3,0.9841256528168454,0.8959394590305001,0.4195666855240088,-5.499412372729884,-1.494650833072407
3,0.9849647861878934,0.8849406342850403,-0.6145823671602768,-4.060056925485666,-1.721028638825393
3,0.9837356214535729,0.876820520434069,4.505919256835022,-3.0217123181860983,-0.5907273012618514
3,0.9927474599672429,0.8707770957976968,0.18948640021931862,-7.277008900075432,-1.5447631592835738
3,0.9931264327676815,0.8562230779975459,-1.0959169385112988,0.20025997909017823,2.9608539387511805
3,0.9909345988906589,0.8566235979557263,-1.261928342857599,-0.586429908050079,-2.7065739791742294
3,0.9884107422049437,0.8554507381396261,-1.4848876223136354,-2.6258238336721584,-2.085457250919521
3,0.9854409669603165,0.8501990904722818,1.1801127170337766,0.6887243399184562,0.5282800628378264
3,0.987801192394384,0.8515765391521187,-3.3967522299472863,-1.2784628357787042,-2.7816144149521476
3,0.9810076879344894,0.8490196134805613,-3.0543666020992344,-0.18342084882627674,-3.0816126767948058
3,0.974898954730291,0.8486527717829088,-0.8763844758942763,3.0623479881342064,1.8495270206038785
3,0.9731461857785024,0.8547774677591772,-8.205748164319514,5.155837557058396,2.5806093206441645
3,0.9567346894498634,0.865089142873294,-5.961930073818566,4.026529179780414,2.547586486689588
3,0.9448108293022263,0.8731422012328548,-9.40427932292731,2.9711705254218956,2.83557860193456
3,0.9260022706563716,0.8790845422836986,-4.9481802990490875,5.149715101280538,2.336239039892749
3,0.9161059100582735,0.8893839724862597,-6.07466968617315,7.262690152435303,2.2673543208492775
3,0.9039565706859272,0.9039093527911303,-2.7360017814624937,4.807457792433412,2.088197480705238
3,0.8984845671230022,0.9135242683759971,-4.847040586839213,7.226456210977172,2.161610514872539
3,0.8887904859493237,0.9279771807979514,-6.5748787093707906,0.9960560729405654,2.991241694668758
3,0.8756407285305822,0.9299692929438326,0.7444168047132105,-1.656844994058937,-1.148526507231249
3,0.8771295621400086,0.9266556029557147,3.6552005843734636,6.804831755262086,1.0778739447031604
3,0.8844399633087555,0.9402652664662389,-0.4679401304973907,2.0500770533619095,1.7952066608177022
3,0.8835040830477607,0.9443654205729627,-3.290902724239042,3.7766495249637044,2.28757326120689
3,0.8769222775992827,0.9519187196228901,-3.342630054369966,10.40408288287864,1.8816604919906679
3,0.8702370174905427,0.9727268853886474,-5.814233070824293,9.309155498035459,2.1290874369656603
3,0.8586085513488941,0.9913451963847183,-4.170636870891586,-0.3773374419024367,-3.051363536937945
3,0.850267277607111,0.9905905215009134,-4.071356909240153,1.8434800582276534,2.7164188728450602
3,0.8421245637886307,0.9942774816173687,-6.060531826483972,-3.551008669003264,-2.611587744384244
3,0.8300035001356627,0.9871754642793622,-5.296290631597644,4.143474951734893,2.47771608316477
3,0.8194109188724674,0.995462414182832,-2.848331302742424,1.3579480857620063,2.696715687323931
3,0.8137142562669826,0.998178310354356,-1.8224805028361768,-2.116444435192766,-2.2817020870998386
3,0.8100692952613102,0.9939454214839705,-4.4360484755719405,2.8450125048334884,2.5713298676403706
3,0.8011971983101663,0.9996354464936374,0.13230236205385992,-3.096071034808745,-1.5280899682159643
3,0.8014618030342741,0.99344330442402,-8.003038316600486,-3.9762238949799245,-2.680476806058456
3,0.7854557264010731,0.9854908566340601,-1.5050726432551675,-6.527811762238211,-1.7973994760781735
3,0.7824455811145627,0.9724352331095837,-5.068388265471235,-8.665649063996138,-2.100026003597637
3,0.7723088045836203,0.9551039349815914,-5.896462827764625,-18.043315731183007,-1.8866507573618374
3,0.760515878928091,0.9190173035192254,-1.013356195154913,-5.904800422668998,-1.740756338153785
3,0.7584891665377812,0.9072077026738874,1.4236010291680534,-10.151557233751774,-1.4314701613426921
3,0.7613363685961173,0.8869045882063838,0.7467875489065023,-10.357462454585574,-1.4988194803915462
3,0.7628299436939303,0.8661896632972127,0.43497533269631905,-10.637371449007727,-1.5299278530480862
3,0.763699894359323,0.8449149203991972,7.766589302571846,-8.354797519202817,-0.8218681901619668
3,0.7792330729644666,0.8282053253607916,1.8779253304566645,-3.006055529804097,-1.0124026155752313
3,0.78298892362538,0.8221932143011834,2.9600396555710673,-5.474148980404491,-1.075097610385993
3,0.7889090029365221,0.8112449163403744,-0.17811317018068262,-12.167353990009788,-1.5854338929741114
3,0.7885527765961607,0.7869102083603549,3.2415964803167996,-8.284451253002144,-1.1978238165332191
3,0.7950359695567943,0.7703413058543506,-6.430688169655752,1.6112344310046933,2.8960926778196248
3,0.7821745932174828,0.77356377471636,-2.1153361948909044,-6.47353469441414,-1.8866254021398021
3,0.777943920827701,0.7606167053275317,4.070461163278527,-7.6840051520030705,-1.083647227426408
3,0.7860848431542581,0.7452486950235255,-0.8524519802665109,-5.102930141416328,-1.7363193838517819
3,0.7843799391937251,0.7350428347406929,1.6641803343102057,0.6495197590738466,0.3721113178948119
3,0.7877082998623455,0.7363418742588406,-2.075354063906576,1.1794189708705938,2.6248099069768847
3,0.7835575917345323,0.7387007122005818,-6.558877556609666,1.3166698925842213,2.9434796752902805
3,0.770439836621313,0.7413340519857502,-4.598192310603821,0.11137210123357555,3.1173765437392644
3,0.7612434520001053,0.7415567961882173,0.30891915928682456,0.591480123439736,1.0894827771257092
3,0.761861290318679,0.7427397564350968,-4.159056756624535,-0.2667109534393308,-3.077552592604469
3,0.7535431768054299,0.7422063345282182,-10.098497347144464,1.4344868616465445,3.0004871431151043
3,0.733346182111141,0.7450753082515112,-6.65344218350683,-1.039170578281623,-2.986658965466893
3,0.7200392977441273,0.742996967094948,-2.6296001457318807,3.7818859224557633,2.17837073810653
3,0.7147800974526636,0.7505607389398595,-5.089783395849312,-0.23582702839963776,-3.0952923554305993
3,0.704600530660965,0.7500890848830603,-2.154416229488365,-2.4054966363093455,-2.301187492047579
3,0.7002916982019882,0.7452780916104416,-11.141794784645887,-1.8404908043588297,-2.9778830222919535
3,0.6780081086326964,0.7415971100017239,-7.089749463403072,-0.22534275218510924,-3.1098190463922735
3,0.6638286097058903,0.7411464244973537,-10.295924809800793,3.4102549585476316,2.8217419125913823
3,0.6432367600862887,0.747966934414449,-3.3296868625050102,-1.1040529603256188,-2.8214221755951034
3,0.6365773863612787,0.7457588284937977,-6.073898376528441,-5.058597715451307,-2.4471444104298468
3,0.6244295896082218,0.7356416330628951,-6.106445680110095,0.8817311828280272,2.9981902748868015
3,0.6122166982480016,0.7374050954285511,-4.117373202903063,-5.144624301190725,-2.245735616757219
3,0.6039819518421955,0.7271158468261697,-11.677533884785761,-2.8012288322623036,-2.906159358634164
3,0.580626884072624,0.7215133891616451,-15.016695182493821,-6.964355440551239,-2.7073433451030287
3,0.5505934937076363,0.7075846782805426,-12.066804170896228,-3.5333428565394454,-2.8567404457361367
3,0.5264598853658439,0.7005179925674637,-5.006769981518944,-7.271830040248172,-2.173773129568992
3,0.516446345402806,0.6859743324869674,4.667723606033181,2.9873686459861992,0.5693170724872957
3,0.5257817926148723,0.6919490697789398,-6.822935973066213,1.8755255688829853,2.873332976963915
3,0.5121359206687399,0.6957001209167057,-2.16700588447849,-5.360633998517772,-1.9549562432690408
3,0.5078019088997829,0.6849788529196702,-2.2575198663264406,2.1686169508027264,2.3762776838061823
3,0.5032868691671301,0.6893160868212757,-1.301853868992453,0.46938664191864543,2.795548065082198
3,0.5006831614291452,0.6902548601051129,0.5300504259145855,6.365371565642596,1.4877170657193775
3,0.5017432622809743,0.7029856032363981,-3.195279977583454,0.14986785743870135,3.094724114314834
3,0.4953527023258074,0.7032853389512755,-1.5167121505847425,2.224377968928659,2.169243088352744
3,0.49231927802463793,0.7077340948891329,-1.3276063107185432,2.181178775113368,2.11756251134242
3,0.48966406540320084,0.7120964524393596,-4.049145098614037,6.416763773541945,2.133717250206825
3,0.48156577520597277,0.7249299799864435,-9.302758420066143,3.249885744233405,2.805500168963871
3,0.4629602583658405,0.7314297514749103,-8.622180764307624,2.926044499836078,2.8144257324298305
3,0.44571589683722523,0.7372818404745825,-4.8683152797008855,1.582593132791521,2.827288175700602
3,0.43597926627782346,0.7404470267401655,-7.876850753765846,2.421714363311289,2.8433178027107355
3,0.42022556477029177,0.7452904554667881,-0.41518636679757637,1.374811226987127,1.8640825568883506
3,0.4193951920366966,0.7480400779207623,-6.850017754751858,-1.851414458301892,-2.8776209972844207
3,0.4056951565271929,0.7443372490041585,-3.7781703903395356,-4.67298085625123,-2.2507072075682633
3,0.39813881574651383,0.7349912872916561,-3.4977492129819043,-1.3022817006451137,-2.7851737119596645
3,0.39114331732055,0.7323867238903659,-1.0744589638269353,-6.313946922962887,-1.7393539540167162
3,0.38899439939289615,0.7197588300444401,0.7985815114341654,1.1607637664300952,0.9681835474407026
3,0.3905915624157645,0.7220803575773003,-4.513123144300135,-1.8685924094224982,-2.749045716287649
3,0.3815653161271642,0.7183431727584553,-3.33741900174922,-3.038902471084959,-2.402976749275064
3,0.37489047812366577,0.7122653678162854,-1.74030572152592,0.45737125290506997,2.8845935195813817
3,0.37140986668061393,0.7131801103220955,1.7451704346346797,-0.043670947196816634,-0.02501866536666986
3,0.3749002075498833,0.7130927684277019,2.162940629175741,-0.026751606416519635,-0.012367534320200303
3,0.3792260888082348,0.7130392652148688,2.13277309898105,1.4703027623062526,0.6035665313274183
3,0.3834916350061969,0.7159798707394813,-4.319061249849431,0.5692925361686085,3.0105388099767745
3,0.374853512506498,0.7171184558118185,-1.1933846370902612,-5.816551710937922,-1.7731585112619361
3,0.3724667432323175,0.7054853523899427,2.000289819294426,1.47402758575077,0.6350687984790856
3,0.37646732287090634,0.7084334075614442,-2.021415599467252,-4.724819577430816,-1.9750608571410406
3,0.37242449167197184,0.6989837684065826,1.1269223499280334,-0.15598037172914747,-0.1375388221230485
3,0.3746783363718279,0.6986718076631243,-3.8178737502162496,-6.54641481935575,-2.098771815061393
3,0.3670425888713954,0.6855789780244128,-5.3222307830547155,-1.9593048776759825,-2.788853253464286
3,0.35639812730528597,0.6816603682690608,-5.437279468872985,-10.254111431844349,-2.0583528688294455
3,0.34552356836754,0.6611521454053721,-3.2543899483543637,-4.465685582468237,-2.2005613068659953
3,0.3390147884708313,0.6522207742404357,-1.0419841365511273,-12.412501648119688,-1.6545463109956762
3,0.336930820197729,0.6273957709441963,-3.979601439596497,-11.571503692410667,-1.9020390124511102
3,0.328971617318536,0.604252763559375,-4.575541962116097,-12.271441412789684,-1.9276903951605313
3,0.31982053339430383,0.5797098807337956,-1.4278183439275782,-3.865988501777662,-1.924585159172444
3,0.3169648967064487,0.5719779037302403,0.0016790250244036464,-1.6769335085943804,-1.569795079903039
3,0.3169682547564975,0.5686240367130515,-2.0327711707457117,-0.03610457551184165,-3.1238332617775892
3,0.31290271241500606,0.5685518275620278,-1.2685172421630087,-7.736083683896444,-1.7333240564474128
3,0.31036567793068004,0.5530796601942349,4.440553705637257,1.1248773744957918,0.24810013890778088
3,0.31924678534195455,0.5553294149432265,-4.021325039620299,-4.801141041795964,-2.268033807619808
3,0.31120413526271395,0.5457271328596346,-2.8204854251926426,-10.49893625228726,-1.8332446830236635
3,0.30556316441232867,0.5247292603550601,-1.4626004798654613,-6.894317840254516,-1.7798427856369232
3,0.30263796345259775,0.510940624674551,-3.9695879020550384,-5.005706962430967,-2.2412620163843
3,0.29469878764848767,0.5009292107496891,-7.655813290115887,-9.437475158140973,-2.252337852274422
3,0.2793871610682559,0.48205426043340716,-15.885997958714857,-5.275140432904779,-2.8209864983364574
3,0.24761516515082618,0.4715039795675976,-0.5156784986044965,-4.001108306779688,-1.6989736369742083
3,0.2465838081536172,0.4635017629540382,-4.919823096159612,0.1413345198236493,3.1128729910209483
3,0.23674416196129797,0.4637844319936855,-6.413024794142394,-2.4644299307580995,-2.774706566103903
3,0.22391811237301318,0.4588555721321693,-6.3666154754047355,-0.5115514709428948,-3.0614158525689437
3,0.2111848814222037,0.45783246919028353,-8.70241606563643,0.8223751571518334,3.0473728187731663
3,0.19378004929093084,0.4594772195045872,-6.247278864526668,-2.650483578640311,-2.740347189800109
3,0.1812854915618775,0.4541762523473066,-4.590909628067963,-5.649341504272876,-2.253200270093997
3,0.17210367230574158,0.4428775693387608,-7.716123106005224,-0.006611151145613503,-3.14073585679728
3,0.15667142609373114,0.4428643470364696,-4.193981960714383,-2.835478590185264,-2.5470995654809747
3,0.14828346217230237,0.43719338985609907,-16.55511450447758,-4.7155375041303955,-2.8641026737011033
3,0.11517323316334721,0.4277623148478383,-12.437801114261502,-8.885029650752246,-2.521296000556551
3,0.09029763093482421,0.4099922555463338,-7.476136748095954,-6.791151163766995,-2.4041685695685886
3,0.0753453574386323,0.3964099532187998,-2.4084598957540906,-10.152812631634145,-1.803711964154814
3,0.07052843764712412,0.3761043279555315,0.2765274549313204,2.34699588604087,1.4535151565315847
3,0.07108149255698676,0.38079831972761324,1.0194144487980643,2.615888423079582,1.1991997673152919
3,0.07312032145458289,0.3860300965737724,-1.2950252712718504,3.4883402840900355,1.9262699736632694
3,0.07053027091203919,0.3930067771419525,-3.620203712315001,3.2659329148199134,2.4075961326504016
3,0.06328986348740918,0.3995386429715923,-4.615521955098688,2.870514492295695,2.585206693343716
3,0.05405881957721181,0.4052796719561837,-4.076651400873644,0.6931455023394817,2.97317513571506
3,0.04590551677546452,0.40666596296086266,-0.8520570233436497,0.909070665215922,2.3238324205236918
3,0.04420140272877722,0.4084841042912945,-1.6054314412221846,-1.036811717932934,-2.5681650596043064
3,0.04099053984633285,0.40641048085542864,-2.9274371585527974,-3.553439966807903,-2.2599009269774086
3,0.035135665529227256,0.39930360092181283,-2.153210985149858,2.968571868292441,2.1983244876462904
3,0.03082924355892754,0.4052407446583977,-10.685754511174018,2.182857479649608,2.940087672734108
3,0.009457734536579502,0.4096064596176969,-3.15209351663698,6.88861006400146,1.999936273422118
3,0.003153547503305542,0.42338367974569985,3.717534368443134,3.781629538522735,0.7939449307716353
3,0.01058861624019181,0.4309469388227453,-3.979914887614883,3.2141607498824,2.462237530055925
3,0.0026287864649620434,0.4373752603225101,6.311603330750817,3.590701699746901,0.5172415427686535
3,0.015251993126463678,0.4445566637220039,-7.508063123056605,4.552999393004575,2.5964698516074085
3,0.00023586688035046673,0.45366266250801307,6.655539303938154,1.807332090417807,0.2651588063519435
3,0.013546945488226776,0.4572773266888487,-6.367154395995885,9.651551580790118,2.153962196969707
3,0.000812636696235005,0.4765804298504289,5.904711807920663,-1.0298348278861835,-0.1726721616704592
3,0.012622060312076331,0.47452076019465655,1.2092674948650977,5.440786649878987,1.3520916870009172
3,0.015040595301806526,0.48540233349441453,-4.641142345758758,7.154188859563537,2.1462787667545036
3,0.005758310610289009,0.4997107112135416,-2.1621335545584652,4.545673585954035,2.0147719853027173
3,0.0014340435011720794,0.5088020583854497,0.1942812370853192,-2.6425949936069726,-1.497409245361638
3,0.0018226059753427178,0.5035168683982357,2.980803577411235,4.756607559082138,1.010999984822015
3,0.007784213130165188,0.5130300835164,0.5489833226582801,6.931674258292886,1.4917620608005453
3,0.008882179775481749,0.5268934320329858,-1.5867394086815567,8.857090707218074,1.7480649009129585
3,0.005708700958118635,0.5446076134474219,4.750743761141293,4.102027354282611,0.7122505597562617
3,0.015210188480401222,0.5528116681559871,0.33891336544417117,8.79533326895804,1.5322820644039283
3,0.015888015211289564,0.5704023346939032,4.745758575420198,6.412817006708482,0.9336983905332615
3,0.02537953236212996,0.5832279687073202,7.6623630376340195,8.647096418372746,0.8457030052472092
3,0.040704258437398,0.6005221615440657,12.802291787186205,10.540384407638326,0.6887996632724948
3,0.06630884201177041,0.6216029303593423,10.748276100925192,3.7259916303661877,0.3336957464498862
3,0.0878053942136208,0.6290549136200747,5.675873304271383,0.6083541055909025,0.10677483322597664
3,0.09915714082216356,0.6302716218312565,6.068338902538689,3.459897889569019,0.5181860233121799
3,0.11129381862724094,0.6371914176103946,0.5763595236180225,3.6774626856278525,1.415333501242389
3,0.11244653767447699,0.6445463429816503,-3.0430993285902526,-0.3434875916070168,-3.0291941218727856
3,0.10636033901729648,0.6438593677984362,-1.1806245379328422,4.921321147313417,1.8062466737881984
3,0.1039990899414308,0.6537020100930631,-3.709866865410458,1.498655204246524,2.757673123026658
3,0.09657935621060988,0.6566993205015561,-6.482757294449512,1.908947597193067,2.855221193811014
3,0.08361384162171086,0.6605172156959422,5.553473070440094,3.2500583457927834,0.5294883160169747
3,0.09472078776259105,0.6670173323875278,2.264796887699469,6.529828968141027,1.2369406503580394
3,0.09925038153798998,0.6800769903238099,1.1690501472033168,11.552774433840396,1.4699474621577784
3,0.10158848183239662,0.7031825391914907,0.3679716389846585,15.774822204379257,1.5474740404972271
3,0.10232442511036594,0.7347321836002492,1.1221373197780464,10.160351030419678,1.4607993438072975
3,0.10456869974992203,0.7550528856610885,6.809558097258819,7.3107624490096885,0.8208785207869953
3,0.11818781594443967,0.7696744105591079,-2.2319786447371275,6.280696117813789,1.912248161027875
3,0.11372385865496541,0.7822358027947355,5.395968265873317,4.456960872991855,0.6903827710404918
3,0.12451579518671205,0.7911497245407192,7.895832206879116,13.71199740631307,1.0483356151631122
3,0.14030745960047028,0.8185737193533453,8.654500839122239,5.7594757785839334,0.5871869062708931
3,0.15761646127871476,0.8300926709105132,10.030836529599824,4.302153479164628,0.4051632508669817
3,0.1776781343379144,0.8386969778688425,6.4850012671630175,6.977139404099497,0.8219390887030045
3,0.19064813687224044,0.8526512566770414,9.421393287776498,0.8938276917370147,0.09458902268723661
3,0.20949092344779344,0.8544389120605155,16.428060259153664,2.3551500382671398,0.14239121078018072
3,0.24234704396610077,0.8591492121370498,3.6246996990681177,2.312247430172887,0.5678320831880915
3,0.249596443364237,0.8637737069973955,5.072815008418205,3.5284551096525507,0.6077409286442913
3,0.2597420733810734,0.8708306172167006,7.887415786878877,1.9580168135286957,0.2433268483044388
3,0.27551690495483117,0.874746650843758,3.7188644785394187,-2.825590665325173,-0.6497432249846317
3,0.28295463391191,0.8690954695131077,3.6819209477024217,5.2473451963738755,0.9589483618262397
3,0.29031847580731485,0.8795901599058554,-0.5661310895100913,-1.3170526312092368,-1.9767652320657436
3,0.28918621362829466,0.876956054643437,3.4737918426832324,-3.19661771072266,-0.7438692634590709
3,0.29613379731366113,0.8705628192219916,7.2092784031596855,0.05333644711558172,0.007398170946196242
3,0.3105523541199805,0.8706694921162228,3.123256921777756,1.412455855314687,0.42471359332770553
3,0.316798867963536,0.8734944038268522,-3.5126056086758894,-2.586358361635288,-2.5069123986317154
3,0.30977365674618423,0.8683216871035816,-1.0620045540612744,1.508176989652943,2.184311729942318
3,0.3076496476380617,0.8713380410828875,-2.6286124394662713,1.4474194080962843,2.638258138419921
3,0.30239242275912914,0.87423287989908,-1.545748023695892,-3.2120128743141074,-2.019323350751071
3,0.29930092671173736,0.8678088541504518,-3.8799182305166435,-0.6034518568147629,-2.987296772451085
3,0.29154109025070407,0.8666019504368223,-7.599086591219439,-3.9351456013581587,-2.6637715259392967
3,0.2763429170682652,0.858731659234106,-5.204458952773494,2.685501584996197,2.6652270132301727
3,0.2659339991627182,0.8641026624040984,2.2758753498057502,-2.051015005270107,-0.733476753836914
3,0.2704857498623297,0.8600006323935582,-3.03506425023381,-6.914693060516563,-1.9844061607045422
3,0.2644156213618621,0.846171246272525,-0.9914485309343579,-3.348761661665256,-1.8586384199887194
3,0.26243272429999337,0.8394737229491945,-6.187688278109476,-6.383415652290059,-2.3406261230919245
3,0.2500573477437744,0.8267068916446144,-3.5366516779544996,-6.851771805332363,-2.0472929410036285
3,0.24298404438786542,0.8130033480339497,-4.506475092344683,-1.6556121242298216,-2.7895146528870325
3,0.23397109420317605,0.80969212378549,-6.638417698844143,-3.380106014795381,-2.670633248428337
3,0.22069425880548776,0.8029319117558993,3.29898054762702,-3.6081592898890014,-0.830130498585226
3,0.2272922199007418,0.7957155931761213,0.8916976390286879,-5.327493456168952,-1.404957001715026
3,0.22907561517879918,0.7850606062637834,2.8623892761762555,-0.9094930967097348,-0.3076507446837013
3,0.2348003937311517,0.7832416200703639,-0.1569192545669562,-5.197432547912661,-1.6009788447777864
3,0.23448655522201778,0.7728467549745386,-1.99005111237123,-8.902020198774174,-1.790730691556252
3,0.23050645299727532,0.7550427145769902,-2.6698106697889967,-9.901330812014775,-1.8341740820544397
3,0.22516683165769732,0.7352400529529607,0.773513334344042,-11.313334196495662,-1.502530740861713
3,0.2267138583263854,0.7126133845599694,-1.726100951826487,-13.915108021073985,-1.694211000873802
3,0.22326165642273244,0.6847831685178214,0.32151245853881405,-5.076394803504913,-1.507546006701129
3,0.22390468133981006,0.6746303789108116,7.5726319827036095,-10.467325840139708,-0.9445020315611535
3,0.23904994530521728,0.6536957272305322,-0.2600552836092562,0.657258177656217,1.9475616715958437
3,0.23852983473799877,0.6550102435858446,-3.2981726466126124,-4.476911115235682,-2.2057356216095045
3,0.23193348944477354,0.6460564213553732,9.092936778444777,0.306861118120505,0.0337343933165984
3,0.2501193630016631,0.6466701435916142,-2.6627315369626148,-2.53967956016915,-2.3798429552417146
3,0.24479389992773787,0.6415907844712759,-1.8677680777184347,3.7364868131554707,2.034342160396549
3,0.241058363772301,0.6490637580975869,0.5957125536693864,-5.931709342414271,-1.4707034546007824
3,0.24224978887963977,0.6372003394127583,0.09044309138102335,3.0826926869170768,1.5414657500773516
3,0.24243067506240182,0.6433657247865925,5.903802027444129,-1.6544877940723457,-0.2732322327338381
3,0.2542382791172901,0.6400567491984478,-3.8150059301244044,0.9034295500353617,2.909066609473035
3,0.24660826725704127,0.6418636082985185,2.2449374676271616,-0.31639706616820584,-0.14001582165770354
3,0.2510981421922956,0.6412308141661821,5.297877268477413,-3.7262842848248545,-0.6129735669729391
3,0.2616938967292504,0.6337782455965324,-2.5974985470844922,-0.8069946702454756,-2.8403653797971518
3,0.25649889963508143,0.6321642562560414,2.0385088339210653,-5.100089189942314,-1.1905480587012252
3,0.26057591730292357,0.6219640778761568,0.46804017838442125,-3.4089504645879454,-1.434351969272185
3,0.2615119976596924,0.6151461769469809,-2.442549780933223,1.50935883580805,2.5880834570467406
3,0.25662689809782596,0.618164894618597,2.0452055480078277,1.0981872149863903,0.49277419041220255
3,0.2607173091938416,0.6203612690485698,1.9490507347661723,-6.5039304478131665,-1.2796397870643295
3,0.26461541066337396,0.6073534081529435,0.9368323627743369,1.284859464310728,0.940784943015849
3,0.26648907538892264,0.6099231270815649,6.590318804056083,-1.5551938411001998,-0.2317419656041282
3,0.2796697129970348,0.6068127393993645,3.7626868653786727,2.4647002991606826,0.5799082437246161
3,0.28719508672779215,0.6117421399976859,7.793597264443592,2.663962054726965,0.3293637985009837
3,0.30278228125667933,0.6170700641071398,14.046791721047363,-5.500385507642924,-0.3732232182311559
3,0.33087586469877406,0.606069293091854,14.501927432225086,-1.0835803034408564,-0.07458115339140459
3,0.35987971956322423,0.6039021324849723,18.70755394864934,-0.4685580719543947,-0.02504122830013521
3,0.3972948274605229,0.6029650163410635,7.078514406980207,-3.150135707117252,-0.4187113576263018
3,0.41145185627448333,0.596664744926829,7.09463800274876,4.930062957634262,0.6072948442352645
3,0.42564113227998085,0.6065248708420975,3.319885498060698,3.604093181559964,0.8264220085623968
3,0.43228090327610225,0.6137330572052174,-0.8196150104598232,1.198648963182558,2.1705548405517208
3,0.4306416732551826,0.6161303551315825,-0.6465799732391919,0.5413920663374094,2.4445082688616817
3,0.4293485133087042,0.6172131392642574,0.7745069325580944,-0.8270786642783357,-0.8182111848017734
3,0.4308975271738204,0.6155589819357007,-0.9901208854280197,1.6746030752451957,2.104762389462243
3,0.42891728540296437,0.6189081880861911,0.8244149928535449,-1.3228678619252587,-1.013490403705178
3,0.43056611538867146,0.6162624523623406,-1.5649864166998595,-2.099275943584944,-2.2114039223074373
3,0.42743614255527174,0.6120639004751707,-3.963707722339643,3.356220557308165,2.4389956039859144
3,0.41950872711059245,0.618776341589787,2.1841186710211122,-0.07182776966829785,-0.032874537979851834
3,0.4238769644526347,0.6186326860504504,-1.4150626370372787,5.304246632719056,1.831503771460413
3,0.4210468391785601,0.6292411793158885,6.369786483669121,4.877016677222512,0.6534410783455075
3,0.43378641214589836,0.6389952126703335,1.83818100148897,-2.4226380042068896,-0.9217175406690281
3,0.4374627741488763,0.6341499366619198,0.716076294216661,1.549935665683011,1.1380049311846923
3,0.4388949267373096,0.6372498079932858,3.479821947327405,5.902974290314722,1.0381308513963707
3,0.44585457063196443,0.6490557565739152,2.99241593038127,5.952205810378863,1.1049585871702263
3,0.45183940249272697,0.660960168194673,1.8880031778918116,8.00464084973701,1.339166147461758
3,0.4556154088485106,0.676969449894147,-0.37123975193598113,5.103566603318788,1.6434096721109557
3,0.45487292934463863,0.6871765831007846,5.3617528002656565,1.822559297156412,0.32766550493200525
3,0.46559643494516995,0.6908217016950974,-1.3701441820093418,-0.09362954919722721,-3.0733631815953024
3,0.46285614658115126,0.6906344425967029,-1.24099659332097,-3.799564983543169,-1.8864886426273961
3,0.4603741533945093,0.6830353126296166,0.5562909953046313,3.673843326467474,1.420518544553578
3,0.4614867353851186,0.6903829992825515,-1.7193077620472064,-3.620960478026569,-2.0140985345902354
3,0.45804811986102417,0.6831410783264984,0.4834959002101846,2.3486741179281068,1.3677734333273326
3,0.45901511166144454,0.6878384265623546,-2.852611383064141,4.557210113307231,2.1300825503735017
3,0.45330988889531626,0.6969528467889691,-3.413205999087232,5.191804950149925,2.1523713331181447
3,0.4464834768971418,0.7073364566892689,-0.7588920824996848,5.169294340349295,1.7165627433431638
3,0.4449656927321424,0.7176750453699675,-8.685987238053833,15.797118811234467,2.073521521803839
3,0.42759371825603476,0.7492692829924364,-4.427292257580734,10.955942434373034,1.9548318619004457
3,0.4187391337408733,0.7711811678611825,-9.704827103092505,10.263374492516741,2.3282299395803467
3,0.3993294795346883,0.791707916846216,-15.206292715208958,7.358728528524982,2.69088630389865
3,0.36891689410427037,0.806425373903266,-11.196185381565721,-1.6572857470570912,-2.994637390259929
3,0.3465245233411389,0.8031108024091518,-6.248037329177003,-3.415114535448238,-2.64137127730248
3,0.3340284486827849,0.7962805733382553,-7.5300789491725695,0.21699117093409992,3.112784039568026
3,0.3189682907844398,0.7967145556801235,-1.1709713244511255,8.080221024764855,1.7147126608446395
3,0.3166263481355375,0.8128749977296532,-1.3412398353524757,-1.5106571823370607,-2.2968590803867253
3,0.3139438684648326,0.8098536833649791,-1.7606548467278549,-1.9852730438203459,-2.296302903714575
3,0.31042255877137687,0.8058831372773384,-0.470735662243732,-3.177503327676856,-1.7178729664238122
3,0.3094810874468894,0.7995281306219847,5.589283502398734,-0.517313208837189,-0.09229154255958825
3,0.32065965445168687,0.7984935042043103,1.6189635302758243,7.16468262288189,1.3485641019246886
3,0.3238975815122385,0.8128228694500741,2.875157659180172,1.612715788326169,0.5111837441206345
3,0.32964789683059886,0.8160483010267264,2.12782025754607,-0.9303213929356402,-0.41217375182295934
3,0.333903537345691,0.8141876582408551,-0.4259951807021878,0.29178101734578243,2.541045935658507
3,0.33305154698428663,0.8147712202755467,1.046558298156447,0.9948395623605166,0.7600686205116363
3,0.3351446635805995,0.8167608994002677,5.9419339133623685,1.879565836184649,0.3063632508653002
3,0.34702853140732426,0.820520031072637,2.4279962218731463,4.136064254495586,1.0399677454771856
3,0.35188452385107055,0.8287921595816282,5.624354036640022,3.418917030372337,0.5461914939404849
3,0.3631332319243506,0.8356299936423729,4.392578758731752,4.8683314355350555,0.8367251722278926
3,0.3719183894418141,0.845366656513443,0.40053991900834696,6.982835575677859,1.5134984728447696
3,0.3727194692798308,0.8593323276647987,1.7612994773889001,9.813190277514538,1.3932043421504419
3,0.3762420682346086,0.8789587082198278,0.9775730225276835,1.5073987753708162,0.9954646746590884
3,0.37819721427966396,0.8819735057705694,-1.4470081751016828,15.59977117392175,1.6632899527903837
3,0.3753031979294606,0.9131730481184129,-5.76854238866395,3.8695598757641503,2.5507313805106047
3,0.3637661131521327,0.9209121678699412,-1.3620893414404145,-1.3158426714282023,-2.373462319666645
3,0.36104193446925187,0.9182804825270848,-1.700509160683844,6.794634776591368,1.8160312956667937
3,0.3576409161478842,0.9318697520802676,-12.86403015816559,1.884516515480772,2.996132297077746
3,0.331912855831553,0.9356387851112291,-8.788114514215378,3.129027214102409,2.799536356316607
3,0.31433662680312224,0.9418968395394339,-2.2670623515676778,3.639223029828942,2.127921782415091
3,0.3098025020999869,0.9491752855990918,1.943826913453961,5.7820956549185505,1.24648565389083
3,0.3136901559268948,0.9607394769089289,-1.6134852766739871,5.840940636101299,1.8403124186982638
3,0.31046318537354683,0.9724213581811315,3.6790782543709986,7.030752153754705,1.0886957052667134
3,0.31782134188228883,0.9864828624886409,1.0664675461888873,3.8038788637452803,1.297450885687327
3,0.3199542769746666,0.9940906202161315,2.927268286076201,-0.7920486555003103,-0.2642486548746769
3,0.325808813546819,0.9925065229051309,-3.113254888504918,1.5379759526218395,2.6827493159293843
3,0.3195823037698092,0.9955824748103745,-7.336318080125192,-2.449282694582944,-2.819370683252575
3,0.3049096676095588,0.9906839094212087,-1.7689990380106158,1.3159404305563283,2.5020135228541167
3,0.30137166953353756,0.9933157902823213,2.684190645037998,3.1958343145267465,0.8721934098920081
3,0.30674005082361355,0.9997074589113748,-4.515492277268051,-1.834401688683207,-2.7557132249959326
3,0.29770906626907745,0.9960386555340084,-0.12329752564990692,-2.9250913105157705,-1.6129230731977755
3,0.29746247121777764,0.9901884729129768,-7.7616610249707225,1.4784065983525774,2.953371773087645
3,0.2819391491678362,0.993145286109682,0.20238291088461868,-0.10715898249741285,-0.4869574629052428
3,0.2823439149896054,0.9929309681446872,-0.8223814073837488,3.4038762126452626,1.807854980710014
3,0.28069915217483793,0.9997387205699777,-4.733824656075941,-4.308656540489952,-2.403178852463316
3,0.27123150286268605,0.9911214074889978,-4.101717291589868,-1.89508165549368,-2.7087867229748728
3,0.2630280682795063,0.9873312441780104,-13.359744535658344,-6.2402746744723565,-2.7046135229637005
3,0.23630857920818962,0.9748506948290657,-3.2793831265745252,-6.965013093915728,-2.010842230556145
3,0.22974981295504057,0.9609206686412343,-5.447010831899066,-1.6218792157143835,-2.8521960028520237
3,0.21885579129124244,0.9576769102098055,-0.16370700998191712,-9.69154410752554,-1.5876864570584985
3,0.2185283772712786,0.9382938219947544,-9.923729999632009,-11.265645379950561,-2.292949317550818
3,0.1986809172720146,0.9157625312348533,10.31152332225463,-10.611305623500765,-0.7997251834331951
3,0.21930396391652385,0.8945399199878518,-4.463026084726277,-4.110956704410418,-2.397233959311891
3,0.2103779117470713,0.8863180065790309,3.997368023519632,-1.318721075481366,-0.3186549788025547
3,0.21837264779411056,0.8836805644280682,-4.13177691406752,-2.3754875290905586,-2.6198100676502625
3,0.21010909396597552,0.8789295893698871,-6.504772814798998,-5.013972683550804,-2.484902855626219
3,0.19709954833637752,0.8689016440027855,2.6432875321279745,-9.144355982543484,-1.2894041837047734
3,0.20238612340063347,0.8506129320376985,0.35308968106530225,3.599122941550126,1.4730048879220285
3,0.20309230276276408,0.8578111779207988,-1.3709820032457436,-3.574407271259683,-1.937046149678007
3,0.2003503387562726,0.8506623633782794,8.448084867718405,2.5334635205932488,0.2913523280603076
3,0.2172465084917094,0.8557292904194659,0.5806519753234485,-0.1128927347183728,-0.19202840892101036
3,0.2184078124423563,0.8555035049500291,-2.510383914584982,0.48198052887904463,2.9519061661487758
3,0.21338704461318633,0.8564674660077872,-1.2269997144747358,-4.6850516691469,-1.8269401935049907
3,0.21093304518423686,0.8470973626694934,3.8558528545417636,-0.4705412398284259,-0.12143256866382775
3,0.2186447508933204,0.8461562801898366,4.851360430011164,-2.732026018582856,-0.5128803361808212
3,0.22834747175334272,0.8406922281526709,2.0557545908607144,-2.5091782590629386,-0.8844009952613757
3,0.23245898093506415,0.835673871634545,2.4446596939073224,-2.236769136643002,-0.7410198184428853
3,0.2373483003228788,0.831200333361259,5.7331991065550225,-2.415808828432786,-0.39879357954727634
3,0.24881469853598884,0.8263687157043934,6.720321195359633,-0.2800353256640076,-0.041645838539881984
3,0.2622553409267081,0.8258086450530654,6.007897458121775,2.142274949970324,0.34252154627609277
3,0.27427113584295165,0.830093194953006,11.483995479906916,2.2830800591023825,0.19624662113331223
3,0.2972391268027655,0.8346593550712108,9.487635232215435,-0.03384414556850679,-0.003567169393411733
3,0.31621439726719636,0.8345916667800738,9.207873354618396,0.16569056775217472,0.017992502862262484
3,0.33463014397643315,0.8349230479155781,6.043854859698105,7.321285449162884,0.8806879843086558
3,0.34671785369582936,0.8495656188139039,4.726780528139379,6.823754273498461,0.9649898845387838
3,0.3561714147521081,0.8632131273609008,4.698770144422077,5.230386269288234,0.8388880060880399
3,0.36556895504095227,0.8736738998994773,6.091759235987509,9.708289983160922,1.0104155218644224
3,0.3777524735129273,0.8930904798657991,8.665034789500897,7.7271572160858,0.7282455761257522
3,0.3950825430919291,0.9085447942979707,17.76284864069508,2.1275488784702756,0.11920731850873391
3,0.43060824037331924,0.9127998920549113,16.056535109146676,1.2902536304885692,0.08018462112440042
3,0.4627213105916126,0.9153803993158884,10.0879027585771,-0.32740496526545426,-0.03244381804644733
3,0.4828971161087668,0.9147255893853575,-3.9457136703449636,-5.259424169436199,-2.214436817965821
3,0.47500568876807686,0.9042067410464851,-1.6894118071177078,0.05133303482568463,3.111216847356114
3,0.47162686515384145,0.9043094071161365,1.3650767344074444,-3.4020383876591787,-1.1892105922546257
3,0.47435701862265633,0.8975053303408181,-0.6540267154921398,-1.507785589148214,-1.9800686941551617
3,0.47304896519167206,0.8944897591625217,0.6068446115301551,0.8649929100422726,0.9590240059122629
3,0.47426265441473237,0.8962197449826063,-2.9269161910294437,2.2490208691126057,2.48642379553629
3,0.4684088220326735,0.9007177867208315,2.05738018785348,-3.417828495607955,-1.028940300886482
3,0.47252358240838044,0.8938821297296156,-2.531865346125872,-3.9828056397373524,-2.1370522985239133
3,0.4674598517161287,0.8859165184501409,2.372282257090158,3.369451968360193,0.9573535212527188
3,0.472204416230309,0.8926554223868612,-2.451977819743406,0.9262486571383066,2.7804081974575987
3,0.4673004605908222,0.8945079197011379,-0.23807118305585462,1.5537698362294017,1.722835536713496
3,0.4668243182247105,0.8976154593735967,-0.28917926987945264,2.5600481196506597,1.683278064441696
3,0.4662459596849516,0.902735555612898,5.046669466994946,1.5109743706345768,0.29090652353408686
3,0.4763392986189415,0.9057575043541671,2.3836904334720574,1.9720076875058834,0.6911622052344351
3,0.4811066794858856,0.9097015197291789,2.375538859666182,10.341891491015664,1.3450122984360924
3,0.48585775720521795,0.9303853027112102,-0.3195538417660182,8.822805960891689,1.6069995733090672
3,0.4852186495216859,0.9480309146329936,-3.5948697131956417,10.286308133765798,1.907008750456685
3,0.47802891009529463,0.9686035309005252,-0.9023127663667918,9.86192605161862,1.6620368716968899
3,0.47622428456256105,0.9883273830037624,3.6692088444680304,-3.022508070485319,-0.6890553764443126
3,0.4835627022514971,0.9822823668627918,-1.6586430411019149,3.7274599165315614,1.9894673198428083
3,0.4802454161692933,0.9897372866958549,0.4536969250269751,-7.002077740671853,-1.5060921616240588
3,0.48115281001934723,0.9757331312145112,1.1174795565092321,10.52295156418037,1.4649983442112249
3,0.4833877691323657,0.996779034342872,-4.600835123425045,-11.649563347343793,-1.9469298137532252
3,0.4741860988855156,0.9734799076481844,-5.1654612721796775,10.781151954626534,2.0176005211062003
3,0.46385517634115625,0.9950422115574374,-5.057318376195052,-7.0896405178410555,-2.1904187750766404
3,0.45374053958876615,0.9808629305217553,-6.083417244517164,7.064712063284295,2.281698806657456
3,0.4415737050997318,0.9949923546483239,0.031575663244048924,-7.935534988267712,-1.5668173264312686
3,0.4416368564262199,0.9791212846717885,-3.513301384860695,9.234743667348111,1.9343311200258515
3,0.4346102536564985,0.9975907720064847,-1.9127166666678685,-10.629213875163689,-1.7488398887360144
3,0.4307848203231628,0.9763323442561573,-6.774341206697565,3.488918696239518,2.666001666614319
3,0.41723613790976766,0.9833101816486364,-8.540065801205088,6.698939297861195,2.4764284574037454
3,0.4001560063073575,0.9967080602443588,-3.9093519998562307,-6.466040522158156,-2.114589493514832
3,0.392337302307645,0.9837759792000424,-9.642080565061717,5.0399978795341855,2.659943686727688
3,0.3730531411775216,0.9938559749591108,-5.071685572225842,-1.8062061460918377,-2.7994625987023096
3,0.3629097700330699,0.9902435626669271,-2.2320094270310284,1.3419395399537626,2.6002730126749842
3,0.35844575117900784,0.9929274417468347,0.19537233645838814,-4.0327116872039825,-1.5223872875123452
3,0.3588364958519246,0.9848620183724267,-3.6176554598663366,-8.641788959620145,-1.9672536010040529
3,0.35160118493219195,0.9675784404531864,-6.489625471067212,-10.044188384589091,-2.1444303006259755
3,0.3386219339900575,0.9474900636840082,-7.151991535800289,-17.395019350298966,-1.9608791073491225
3,0.32431795091845694,0.9127000249834103,-1.3849831546653701,-3.2177767672608715,-1.9772455606905879
3,0.3215479846091262,0.9062644714488886,3.043755452123209,1.7009326198401675,0.5095948824088978
3,0.3276354955133726,0.9096663366885689,-3.2800281962348796,-6.211688880137622,-2.0566244985207307
3,0.32107543912090286,0.8972429589282936,0.2706164896535135,3.7018718318421184,1.4978235216002265
3,0.3216166721002099,0.9046467025919779,1.6246141531559566,-5.593740598842156,-1.2881383396115833
3,0.3248659004065218,0.8934592213942936,-7.310203193278769,-1.3553903587939509,-2.958263745763364
3,0.31024549401996426,0.8907484406767057,0.9809339076898571,3.646750927477904,1.3080275434443545
3,0.312207361835344,0.8980419425316615,-2.736497159730483,4.3777560663227355,2.1294612817399794
3,0.306734367515883,0.906797454664307,-0.5911961253087239,-0.4094658910518967,-2.535846467891152
3,0.30555197526526556,0.9059785228822032,-0.18197992015281383,0.012187499484561659,3.0747208404286965
3,0.30518801542495994,0.9060028978811723,-3.787152343254163,1.6503824900642727,2.7306229693939867
3,0.2976137107384516,0.9093036628613008,-5.802655589220912,-3.6200548903032037,-2.5838122714107064
3,0.2860083995600098,0.9020635530806944,-6.861727041574866,0.6168831108775419,3.0519316745569016
3,0.27228494547686005,0.9032973193024495,-4.685913390755358,3.5007228836488324,2.4999669775664963
3,0.26291311869534933,0.9102987650697472,-5.054314373049734,-0.5656619229984505,-3.0301397895766153
3,0.25280448994924987,0.9091674412237503,-9.04027611881339,3.738171080225172,2.749501192165423
3,0.2347239377116231,0.9166437833842006,-13.015898735993723,3.0238796683886293,2.913320046488489
3,0.20869214023963564,0.9226915427209779,-14.569569191558301,4.724474420933156,2.828021142542611
3,0.17955300185651904,0.9321404915628442,-12.398130122339271,-3.5209606740339017,-2.8648866987407136
3,0.1547567416118405,0.9250985702147764,-6.463084373914657,-1.6192226755495365,-2.8961114224604176
3,0.14183057286401118,0.9218601248636773,-9.502747082840566,0.16771667533976853,3.1239452025204466
3,0.12282507869833005,0.9221955582143568,-9.641530610992001,-4.359261268818027,-2.716965727289807
3,0.10354201747634605,0.9134770356767208,-16.667224920271664,-3.186187123422557,-2.952706708381006
3,0.07020756763580271,0.9071046614298757,-5.638497220947402,-2.7281900597541653,-2.6909478606242483
3,0.05893057319390791,0.9016482813103673,-8.964094466086495,-1.925455722143088,-2.930011052635709
3,0.04100238426173492,0.8977973698660812,-7.8512469899405275,-1.6432986870986155,-2.935266998358145
3,0.025299890281853865,0.8945107724918839,-12.446210781227085,-3.4674460354763847,-2.8698877329150236
3,0.0004074687193996937,0.8875758804209312,5.3779739548070955,0.28127892324980586,0.05225441143658029
3,0.011163416629013885,0.8881384382674308,-1.4215702793215326,-0.2268857209211106,-2.98332530182628
3,0.00832027607037082,0.8876846668255886,-1.1918021965645853,1.9105579683448282,2.1285307994109486
3,0.005936671677241649,0.8915057827622782,-2.929894005479661,5.035009810671342,2.0978039119794696
3,7.688366628232687e-05,0.9015758023836209,6.687909260403089,8.608329093245715,0.9102931863146391
3,0.013452702187088505,0.9187924605701123,-4.797965432271759,5.133836209092801,2.32238966417999
3,0.0038567713225449865,0.9290601329882979,3.9302076617984976,1.2231855610751463,0.3017244311906264
3,0.011717186646141981,0.9315065041104482,-5.824500901647684,-1.4355114792608537,-2.8999477131003166
3,6.818484284661216e-05,0.9286354811519265,6.351608859744169,-1.4678305631029565,-0.22710894778567212
3,0.01277140256233495,0.9256998200257206,-3.6836701307748223,-1.7125875261405632,-2.7064062046172586
3,0.005404062300785306,0.9222746449734395,-1.9741603361078026,-0.6452182552655894,-2.825704902526184
3,0.0014557416285697004,0.9209842084629083,6.141686526779179,-4.170388445330852,-0.5965129590255946
3,0.013739114682128059,0.9126434315722466,0.5749418924401207,-2.6027058240906675,-1.353386203357035
3,0.0148889984670083,0.9074380199240653,2.673109484681522,-2.16217073717212,-0.6801199449442206
3,0.020235217436371345,0.903113678449721,-0.4830234612823551,-4.090843917296471,-1.6883264419422792
3,0.019269170513806635,0.8949319906151281,4.327137894466716,-0.029316038929361188,-0.006774822324820861
3,0.027923446302740067,0.8948733585372693,5.917618003094184,-3.720448153025968,-0.5612606183270157
3,0.039758682308928435,0.8874324622312174,7.44599007559352,-12.192815353778197,-1.0225559979023306
3,0.054650662460115476,0.863046831523661,10.431856154101443,-16.3678370848474,-1.0033733935907778
3,0.07551437476831836,0.8303111573539662,2.044109107104175,-15.21824244196579,-1.4372758245598594
3,0.07960259298252671,0.7998746724700346,-2.5345878155482655,-14.425598981960496,-1.744721789395039
3,0.07453341735143018,0.7710234745061136,6.877539699738054,-6.897527042014461,-0.786849142084115
3,0.08828849675090629,0.7572284204220847,-1.2862177670087336,-6.501458930346482,-1.7661095344844542
3,0.08571606121688882,0.7442255025613917,-1.4320634732338104,4.993334150086182,1.8500948893199538
3,0.0828519342704212,0.7542121708615641,0.4644543995757505,5.275604919978916,1.4829845961358217
3,0.0837808430695727,0.7647633807015219,-6.372501487116766,-3.944844078180465,-2.5872894451631057
3,0.07103584009533917,0.756873692545161,1.0536265577962278,-3.70885956940753,-1.2940048367586177
3,0.07314309321093163,0.749455973406346,4.952547090937315,-4.428660884079949,-0.729611890251115
3,0.08304818739280626,0.7405986516381861,1.0906298517724191,-2.835742450703227,-1.2036348797373504
3,0.0852294470963511,0.7349271667367796,-4.537723277377468,5.6079480911808695,2.251097300476192
3,0.07615400054159616,0.7461430629191413,5.155568783501971,-3.905378284316474,-0.6482881593721702
3,0.0864651381086001,0.7383323063505084,0.6819476088812045,-8.17475110448329,-1.4875678273143083
3,0.08782903332636251,0.7219828041415418,-0.611027866951594,-5.691102687651328,-1.6777520722811181
3,0.08660697759245932,0.7106005987662392,-3.0098744582703407,2.0150781090955694,2.5516386098809245
3,0.08058722867591864,0.7146307549844303,0.32329695585147505,4.305357993248715,1.4958452221836627
3,0.08123382258762159,0.7232414709709277,-2.503076205723799,-4.815966925155291,-2.050115114987483
3,0.07622767017617399,0.7136095371206171,-0.4614365126263745,-1.717735002817633,-1.8332315463346658
3,0.07530479715092124,0.7101740671149819,6.757940668805057,0.8554263053713873,0.12591128254180853
3,0.08882067848853135,0.7118849197257247,7.4814992485396425,-5.593517579297768,-0.6419932394375809
3,0.10378367698561064,0.7006978845671291,-0.9982987197421008,1.5289924292207768,2.1492164814733776
3,0.10178707954612644,0.7037558694255707,1.2512724585767923,-5.21166682141877,-1.3351656378344041
3,0.10428962446328002,0.6933325357827331,-0.0606967082159085,-2.166004677625011,-1.5988114224365197
3,0.1041682310468482,0.6890005264274831,-0.16163906697599234,-2.4109133284476725,-1.637740885559048
3,0.10384495291289622,0.6841786997705878,-0.9096070611152515,-14.823729414274345,-1.6320810398534036
3,0.10202573879066572,0.6545312409420391,5.481199505762923,-10.491462925384608,-1.0893553322740253
3,0.11298813780219157,0.6335483150912699,0.8476354000397646,-14.764154289121977,-1.5134475669176983
3,0.1146834086022711,0.6040200065130259,8.872144810142112,-15.46716842082535,-1.050006209930705
3,0.13242769822255532,0.5730856696713752,6.904029413119489,-14.00836321814941,-1.112884624429563
3,0.1462357570487943,0.5450689432350764,4.529340777766954,-9.48361730372227,-1.125231754268699
3,0.1552944386043282,0.5261017086276318,-2.5111599855388853,-1.784934964977114,-2.5236544356984716
3,0.15027211863325043,0.5225318386976776,4.00169055515831,-3.902025014175692,-0.7727888712272326
3,0.15827549974356706,0.5147277886693262,-2.7257433476963464,-3.7633602683649348,-2.1976353431287268
3,0.15282401304817436,0.5072010681325964,-3.9992447364998047,-4.913734859653573,-2.2539502037257146
3,0.14482552357517475,0.4973735984132892,-2.940747524492124,-3.0304625672953054,-2.3411710206405707
3,0.1389440285261905,0.4913126732786986,-1.8941097671547336,-6.831280853534071,-1.8412717827720564
3,0.13515580899188104,0.47765011157163045,2.3433377342992197,-6.762261026142357,-1.2372146520101883
3,0.13984248446047948,0.46412558951934574,-3.2067263024887214,-12.343545581268462,-1.824967414063709
3,0.13342903185550203,0.4394384983568088,-6.049705828145027,-10.783705216657003,-2.08204892022635
3,0.12132962019921198,0.4178710879234948,5.67547557655744,-12.008634643605353,-1.1292947326063127
3,0.13268057135232686,0.3938538186362841,-4.710706617992388,-5.634490084780452,-2.2671348200042103
3,0.12325915811634208,0.3825848384667232,-11.03307806626616,-7.872083565689191,-2.5218646903925497
3,0.10119300198380976,0.3668406713353448,-1.5576749023751972,-11.046936262657402,-1.7108779594808619
3,0.09807765217905937,0.34474679881003,-8.592789514320936,-10.444122086744917,-2.2592497132605738
3,0.08089207315041749,0.3238585546365402,-1.7474767652802814,-11.663496051751542,-1.7195145732366428
3,0.07739711961985693,0.3005315625330371,5.58328391964611,-7.304673585138782,-0.9181780423242458
3,0.08856368745914915,0.2859222153627595,-6.869301810412121,-4.066105838860468,-2.607132418266618
3,0.07482508383832491,0.2777900036850386,1.8634220254866787,-5.442898915419242,-1.2409453449760446
3,0.07855192788929827,0.2669042058542001,-1.158820561903584,-10.923720092403222,-1.6764840141495365
3,0.0762342867654911,0.24505676566939366,1.2818329204835957,0.4020694218171833,0.3039482113791897
3,0.07879795260645829,0.24586090451302803,1.751094775280057,-0.5749413108087631,-0.31724306505556427
3,0.0823001421570184,0.2447110218914105,-0.007470182136155856,5.991365122549761,1.5720431508679389
3,0.0822852017927461,0.25669375213651,-2.282167423642782,0.8088230659416551,2.8009944760659997
3,0.07772086694546053,0.25831139826839333,-2.864707823914181,-4.421118431954113,-2.145736103424681
3,0.07199145129763217,0.2494691614044851,-1.9245176865805014,-1.699404084037931,-2.4182335554572476
3,0.06814241592447116,0.24607035323640924,-3.981300983261382,-2.6918877476265477,-2.5470652479888636
3,0.0601798139579484,0.24068657774115615,-3.830782818338811,-2.9435085200644195,-2.486429838341441
3,0.05251824832127078,0.2347995607010273,-5.354466505855644,1.4282846764281376,2.880915821381661
3,0.04180931530955949,0.23765613005388359,-7.328215400757964,0.3835670505793337,3.0892992463063056
3,0.02715288450804356,0.23842326415504225,-11.639627724004255,-1.647296326708736,-3.001001509116765
3,0.003873629060035049,0.23512867150162478,7.642993169913783,-1.914668173703185,-0.24546130840103195
3,0.019159615399862617,0.2312993351542184,-5.6206484569643695,2.9485401838139498,2.658466529980375
3,0.007918318485933877,0.2371964155218463,12.687626695865998,-2.460799710551825,-0.19157416349367007
3,0.03329357187766587,0.23227481610074266,-9.645851984340187,-2.9757954326056906,-2.8423513096292012
3,0.014001867908985497,0.22632322523553128,-5.460137999045934,-4.014768044525427,-2.507574606644432
3,0.0030815919108936277,0.21829368914648042,8.732192523918838,4.741614178249975,0.4974560251960773
3,0.020545976958731303,0.22777691750298037,-9.534624248098709,-0.9370936456854356,-3.0436240630214084
3,0.001476728462533886,0.2259027302116095,7.645534504543728,-2.2193098592358655,-0.2825113511350775
3,0.016767797471621344,0.22146411049313777,-3.8390724605168733,-3.3306432116607665,-2.426989426194936
3,0.009089652550587596,0.21480282406981624,-2.413817416218606,-3.888582741327626,-2.1263298509569677
3,0.0042620177181503845,0.207025658587161,0.13728791775202048,-3.6797485771885574,-1.5335045749196738
3,0.0045365935536544255,0.19966616143278387,-1.6706929190419637,-4.397069771776535,-1.9339048636076057
3,0.001195207715570498,0.1908720218892308,0.8719426728953714,-7.370968617735757,-1.453049345563903
3,0.002939093061361241,0.1761300846537593,2.531327243859957,-7.726907112676664,-1.2542154964862178
3,0.008001747549081156,0.16067627042840596,0.9262918633519386,-8.187425744069095,-1.458139446310244
3,0.009854331275785033,0.14430141894026777,-3.2530981666950876,-8.250454592640539,-1.9463733908759144
3,0.0033481349423948575,0.1278005097549867,-0.9520528517399274,-15.067793742786161,-1.633897065702898
3,0.0014440292389150027,0.09766492226941437,10.498347286873566,-8.136909247743219,-0.6593511348560455
3,0.022440723812662135,0.08139110377392793,-9.91914872309144,1.1892407727556662,3.0222687851117
3,0.002602426366479251,0.08376958531943926,4.642046593780998,-2.0703659639227725,-0.41952491718169965
3,0.011886519554041249,0.07962885339159372,-1.5464710666030397,-1.8596638250367585,-2.2645027147133323
3,0.00879357742083517,0.0759095257415202,0.5097257481107356,-5.735305002899947,-1.4821541356939578
3,0.00981302891705664,0.0644389157357203,-2.1706239814546464,-0.7348009199009409,-2.815180851991738
3,0.005471780954147348,0.06296931389591842,1.4473864406987358,2.052648141236034,0.9566348361733499
3,0.00836655383554482,0.06707461017839049,-2.097597122349048,4.193247677378116,2.0346296044457897
3,0.0041713595908467235,0.07546110553314672,2.0175124448580504,-4.759048164103691,-1.1698306970141568
3,0.008206384480562825,0.06594300920493934,-3.891043829588746,-1.2723621163799186,-2.8255550274217724
3,0.00042429682138533237,0.0633982849721795,7.067405215402994,3.6730727339268214,0.4792989634585461
3,0.014559107252191322,0.07074443044003315,-4.755271315060895,-2.934977084649626,-2.5886184014283984
3,0.0050485646220695315,0.0648744762707339,-0.7949043155721759,1.0374725555632804,2.224580726730234
3,0.0034587559909251796,0.06694942138186045,5.6482092239111275,-6.313608068009839,-0.8409677957672191
3,0.014755174438747435,0.05432220524584078,-7.0577980057774266,3.533645850419584,2.677407135129741
3,0.0006395784271925817,0.061389496946679945,1.450069035758415,-1.6173130038271872,-0.8398675882885273
3,0.0035397164987094115,0.05815487093902557,2.139902075436929,-2.222435790238442,-0.8043155127105919
3,0.007819520649583269,0.053709999358548685,3.2240192723287047,-5.441698416255396,-1.0359352245547933
3,0.014267559194240678,0.04282660252603789,-0.555486254826213,-6.41173285991032,-1.6572164423342453
3,0.013156586684588252,0.030003136806217252,0.8397270242003831,-9.830593035981916,-1.4855834053039085
3,0.014836040732989018,0.01034195073425342,-2.256415990913122,4.51507950549252,2.034244803318739
3,0.010323208751162775,0.01937210974523846,2.254762753847013,-3.207669146481496,-0.9581074845931927
3,0.0148327342588568,0.012956771452275468,-2.699691190097946,2.493964533062206,2.3957849388461296
3,0.00943335187866091,0.01794470051839988,-0.011826048786849931,-8.049403735459759,-1.5722655089438706
3,0.00940969978108721,0.0018458930474803603,-0.19022913423443616,12.976320532400141,1.5854549897274173
3,0.009029241512618337,0.027798534112280643,3.9926574201983187,-5.925053565201739,-0.9778301471698512
3,0.017014556353014975,0.015948426981877165,1.694767586582548,-6.515540965872977,-1.3163237661446945
3,0.02040409152618007,0.0029173450501312095,-0.5496649779427407,1.063000708060607,2.0480207463018907
3,0.01930476157029459,0.005043346466252424,3.9364789107761022,0.9404311682745694,0.23450615821141715
3,0.027177719391846794,0.0069242088028015625,8.381790013527777,-2.1008996332439676,-0.2455907794451729
3,0.043941299418902346,0.0027224095363136275,8.264817976644169,11.56102910008572,0.9501494598756506
3,0.060470935372190684,0.02584446773648507,9.67155957644112,-1.2350071107421046,-0.127007373311334
3,0.07981405452507292,0.02337445351500086,9.803720666203267,-2.2276496760021485,-0.2234311445923644
3,0.09942149585747946,0.018919154162996565,20.804473413226102,-5.2843703462679645,-0.24874135105416617
3,0.14103044268393167,0.008350413470460635,8.018492308529911,-2.392904585469556,-0.29000961362320166
3,0.1570674273009915,0.003564604299521523,6.557345851393157,2.613860735533724,0.37931241001088906
3,0.1701821190037778,0.008792325770588971,12.61586749060789,-3.66834820109597,-0.2829699109531925
3,0.19541385398499359,0.0014556293683970307,7.79093748444451,4.282924887326517,0.5026371576509294
3,0.2109957289538826,0.010021479143050065,4.461247900890072,-4.107447616509999,-0.7441317384298477
3,0.21991822475566275,0.0018065839100300657,4.612071010663035,4.2927408504659175,0.7495531182874633
3,0.22914236677698882,0.010392065610961902,10.71904272749187,-4.837196056328935,-0.42391061466817276
3,0.25058045223197256,0.0007176734983040311,9.225575579206142,6.969232837865682,0.6469642433823933
3,0.26903160339038484,0.014656139174035394,15.056562506208682,-3.9607971367941994,-0.25723326429801785
3,0.2991447284028022,0.006734544900446995,12.38575090252278,10.225615870844921,0.6901540653379443
3,0.32391623020784777,0.027185776642136835,11.31320945740838,-10.363043669826492,-0.7415917954090273
3,0.3465426491226645,0.006459689302483853,6.161468192625863,9.310300744277543,0.9861771618370612
3,0.35886558550791625,0.025080290791038937,0.1784236796514571,-8.714747365636493,-1.5503254229137253
3,0.35922243286721917,0.007650796059765951,2.0694464967251913,8.589142252789387,1.3343650899814434
3,0.36336132586066955,0.024829080565344726,1.791077890439502,-11.277556244866489,-1.4132938624691114
3,0.36694348164154855,0.002273968075611746,1.4848746620526876,3.578296681501403,1.177454407082585
3,0.3699132309656539,0.009430561438614551,-1.9763936372071134,-2.118455028363315,-2.321515690167411
3,0.3659604436912397,0.005193651381887922,-4.372133131310157,4.215870842156334,2.374387896752782
3,0.3572161774286194,0.013625393066200591,3.227012431589543,-6.512698482823331,-1.1107588511171542
3,0.36367020229179847,0.0005999961005539304,0.2069452346999956,3.7866510497242043,1.5161993838706578
3,0.36408409276119846,0.008173298200002338,0.21049372721104742,-0.6049002513341152,-1.2359214012094852
3,0.36450508021562056,0.006963497697334108,6.005622634604412,1.4844565988046008,0.24232071745549857
3,0.3765163254848294,0.00993241089494331,-2.545127640490308,-4.53640847402712,-2.0820795411035187
3,0.37142607020384877,0.0008595939468890696,3.8436858103834126,9.961801502345388,1.2025540019358625
3,0.3791134418246156,0.020783196951579846,-1.7224277602850557,0.06342914946097164,3.104783852736546
3,0.3756685863040455,0.02091005525050179,6.647438505010733,-2.23087006940983,-0.323787773656601
3,0.38896346331406695,0.01644831511168213,8.03464677787738,-4.1161696336118725,-0.4734411008349507
3,0.4050327568698217,0.008215975844458386,4.4219835280680515,-3.7712679567489045,-0.7061436014925678
3,0.4138767239259578,0.0006734399309605765,-0.33084492671009436,3.4420808590741503,1.6666196677741578
3,0.4132150340725376,0.0075576016491088775,0.8870855471140582,-0.006781046120211357,-0.007644036211239415
3,0.41498920516676574,0.007544039556868455,3.3209865746890443,-0.23676933125581223,-0.07117444831325291
3,0.42163117831614383,0.00707050089435683,7.856134134333587,-2.209485760328183,-0.27416132140755434
3,0.437343446584811,0.0026515293737004644,3.9034168835058445,0.30861451780214105,0.07889853636276851
3,0.4451502803518227,0.0032687584093047464,6.146342767685526,-1.243894146578506,-0.19968254803622437
3,0.45744296588719374,0.0007809701161477346,7.894984493276969,1.073132471544363,0.1350978936994344
3,0.4732329348737477,0.0029272350592364606,8.147350996442176,0.6660354492236584,0.0815673337593329
3,0.48952763686663203,0.0042593059576837775,8.791440039045028,-0.3007567117391731,-0.0341968396424846
3,0.5071105169447221,0.003657792534205431,6.464510828659897,4.188734894918905,0.5749387490724017
3,0.5200395386020419,0.012035262324043243,2.1642983314967834,-3.518818019646699,-1.019373917611764
3,0.5243681352650355,0.004997626284749845,7.279459260446097,-0.812934067778917,-0.11121426055683546
3,0.5389270537859276,0.003371758149192011,1.6381812917603544,6.284484764099212,1.3158001022507844
3,0.5422034163694484,0.015940727677390437,4.323006214173974,-3.1212160811858274,-0.6253398308948548
3,0.5508494287977963,0.009698295515018782,6.4974926093472885,-0.5790234045348888,-0.08888011679901012
3,0.5638444140164909,0.008540248705949004,7.64160119422197,-2.414078607599396,-0.3059908888829679
3,0.5791276164049348,0.003712091490750212,8.239615224333196,-1.5481419704727255,-0.1857247561518563
3,0.5956068468536012,0.0006158075498047611,0.29855604550055315,4.895458294770531,1.5098854358668974
3,0.5962039589446023,0.010406724139345822,-0.5227665662116965,-2.432826889479207,-1.7824580704460142
3,0.5951584258121789,0.005541070360387408,2.342575627105936,-1.653983552228918,-0.614777124559199
3,0.5998435770663908,0.002233103255929572,1.8773340616504708,2.3048434581191106,0.8872660553788816
3,0.6035982451896917,0.0068427901721677935,8.440010796547547,1.5186154252062263,0.17802562572883818
3,0.6204782667827868,0.009880021022580246,4.977166548211287,2.970683950622095,0.5381093038319774
3,0.6304325998792094,0.015821388923824436,8.5240607528404,2.8520581592428766,0.32288035455145375
3,0.6474807213848902,0.02152550524231019,0.8605617852310843,-1.4973603639946276,-1.049173083806508
3,0.6492018449553524,0.018530784514320935,2.523050986416975,11.909572114294727,1.3620322788978991
3,0.6542479469281863,0.04234992874291039,6.5262305189759395,8.377579284047629,0.9089849199161785
3,0.6673004079661382,0.059105087311005645,2.691122469780649,8.902062321941514,1.2772277906338552
3,0.6726826529056995,0.07690921195488867,4.923679912164746,3.8244325609127703,0.6603979289143425
3,0.682530012730029,0.08455807707671421,9.578931744682217,0.23777361473088787,0.024817464370918436
3,0.7016878762193934,0.08503362430617599,15.369408597966483,7.118371021341434,0.4337370738515609
3,0.7324266934153264,0.09927036634885886,21.302470376099226,-0.6836973272135934,-0.032083730548883964
3,0.7750316341675249,0.09790297169443167,10.02716732793829,3.176968997668117,0.3068303402343311
3,0.7950859688234014,0.1042569096897679,0.9873088860768986,-5.888989501802645,-1.4046877758106688
3,0.7970605865955552,0.09247893068616261,4.329806840602468,-0.9747482341106242,-0.22143351908221687
3,0.8057202002767602,0.09052943421794137,1.0038490132111555,-0.6034755459662297,-0.5412732292686754
3,0.8077278983031825,0.0893224831260089,3.098851637687694,-5.809479572721162,-1.08077701718396
3,0.8139256015785579,0.07770352398056658,5.116689632919169,-2.486950519357392,-0.4524228530648185
3,0.8241589808443962,0.0727296229418518,1.5162799877119215,-5.094708224386908,-1.2815257218230138
3,0.82719154081982,0.06254020649307798,-5.081345553438754,-8.269620638102825,-2.1217799021075168
3,0.8170288497129425,0.04600096521687233,2.9831611646244927,-10.464177563640073,-1.2930802269615336
3,0.8229951720421915,0.025072610089592183,-4.429050507084697,-11.973116961348302,-1.9251025772061814
3,0.8141370710280221,0.0011263761668955795,-2.4732325477663797,9.279332020547168,1.831272346810363
3,0.8091906059324894,0.019685040207989914,1.2016516971530278,-9.659137332554998,-1.44702653640462
3,0.8115939093267954,0.00036676554287991617,2.4720470050474397,14.86935647570963,1.4060520029298242
3,0.8165380033368903,0.030105478494299176,7.211880802696246,-9.56378889611387,-0.9246878697308782
3,0.8309617649422828,0.010977900702071434,-1.1219318117134947,-1.7770756468145128,-2.133938890368068
3,0.8287179013188558,0.007423749408442409,0.30744578953562085,0.3864365745008744,0.8987490661740002
3,0.829332792897927,0.008196622557444157,-1.4879844456729407,3.286933473370411,1.9958906948616517
3,0.8263568240065812,0.01477048950418498,-2.4673803748543888,-5.586305427380504,-1.9867129806254833
3,0.8214220632568724,0.0035978786494239726,-2.28368369470916,11.813688873133104,1.7617493239613025
3,0.8168546958674541,0.027225256395690182,-2.066260633030448,-9.241922007099815,-1.7907538060969788
3,0.8127221746013932,0.008741412381490551,-0.3200195618935364,-0.7467143831579306,-1.9756871083669707
3,0.8120821354776061,0.00724798361517469,-1.7282113967468926,-1.5887820984712906,-2.39820460113129
3,0.8086257126841123,0.004070419418232109,-3.5614967017598143,-0.6132720704529662,-2.971069887016351
3,0.8015027192805927,0.002843875277326177,-7.47600346378452,1.9244676315109295,2.8896433949950664
3,0.7865507123530237,0.006692810540348036,-1.7267515381922394,-1.2425133495581053,-2.517854856202508
3,0.7830972092766392,0.004207783841231825,3.885944720162904,3.862575062286394,0.7823821567699255
3,0.790869098716965,0.011932933965804613,2.7706876090584642,-2.9777164693245757,-0.8213976192381777
3,0.7964104739350819,0.0059775010271554616,-7.9097487133775175,-2.940870768653576,-2.7856275002573043
3,0.7805909765083269,9.575948984830857e-05,-5.322386939925427,5.453560663443359,2.3440222664662875
3,0.769946202628476,0.011002880816735028,-5.322386939925427,5.453560663443359,2.3440222664662875
4,0.48075409257750656,0.5234107039966484,-1.3674657152742409,-2.581035695090106,-2.0580087376834726
4,0.4780191611469581,0.5182486326064681,-3.3842529789157303,7.583535878748715,1.9905383843158382
4,0.4712506551891266,0.5334157043639656,-8.635922059928165,11.204389336930742,2.22745349478299
4,0.4539788110692703,0.555824483037827,-5.019001901448855,19.2495905085035,1.8258507725501063
4,0.4439408072663726,0.594323664054834,-6.327973312416635,11.20511383367967,2.0848855797721235
4,0.4312848606415393,0.6167338917221934,-1.0564277905227848,8.953289066136572,1.688246535362976
4,0.42917200506049374,0.6346404698544665,4.656708654370317,8.134535029566347,1.050871840762316
4,0.4384854223692344,0.6509095399135992,5.72961447904996,6.530883540461496,0.8506590692620544
4,0.4499446513273343,0.6639713069945222,0.295607004122983,0.879224515528021,1.2464560167554557
4,0.45053586533558027,0.6657297560255783,-0.011859530686525455,3.55877841852581,1.574128786810834
4,0.4505121462742072,0.6728473128626299,0.9839504777510444,10.100863226299495,1.4736901927702293
4,0.4524800472297093,0.6930490393152289,1.744307167224679,3.659607930542763,1.1260126090859526
4,0.45596866156415866,0.7003682551763144,8.910442152411324,6.099229961927022,0.6002498256786065
4,0.4737895458689813,0.7125667151001684,8.049393200740523,-0.0026629019795887388,-0.00033082020172642496
4,0.48988833227046236,0.7125613892962093,3.7034216038059062,5.423711805649378,0.971693518753022
4,0.49729517547807417,0.723408812907508,4.37308383718718,3.3389649918393327,0.652101953624085
4,0.5060413431524485,0.7300867428911867,2.02907927533319,10.905182798662983,1.3868344298811353
4,0.5100995017031149,0.7518971084885127,1.7687377307812335,5.426993077967845,1.2557371838600402
4,0.5136369771646774,0.7627510946444483,1.0601438697601107,4.782387786652742,1.3526473060541635
4,0.5157572649041976,0.7723158702177538,1.7587865391202606,5.490076141591304,1.2607692107501614
4,0.5192748379824381,0.7832960225009364,2.036692307095578,9.647854445764658,1.3627478270490374
4,0.5233482225966293,0.8025917313924658,-0.328588319696399,6.070438840911296,1.624872806709846
4,0.5226910459572365,0.8147326090742883,0.6137246989096345,8.439578394301261,1.4982042774844135
4,0.5239184953550557,0.8316117658628909,5.078845923512875,4.690083412070889,0.7456233360589559
4,0.5340761872020815,0.8409919326870327,3.927374508404524,13.017279615048228,1.277776317328395
4,0.5419309362188905,0.8670264919171291,-3.9702029803037053,8.119680374206295,2.0255733973800885
4,0.5339905302582831,0.8832658526655417,-0.2250144969866974,6.93903467992496,1.6032123164870657
4,0.5335405012643097,0.8971439220253916,-1.2157370169358361,6.353957081519479,1.7598468435282641
4,0.5311090272304381,0.9098518361884306,-0.904617131676666,10.375623245764743,1.6577631864237203
4,0.5292997929670847,0.9306030826799601,-5.758364705155172,7.303628494268355,2.23843950264503
4,0.5177830635567744,0.9452103396684968,-0.5201222511986847,6.627199012004814,1.6491187475943254
4,0.516742819054377,0.9584647376925064,-3.622135771757462,3.141085438787772,2.4272023048506632
4,0.5094985475108621,0.9647469085700819,-3.5141355126645513,5.842043979901179,2.1123363971753393
4,0.502470276485533,0.9764309965298843,-4.861166127550498,2.604249588866847,2.649774934355238
4,0.492747944230432,0.981639495707618,-1.390853632201483,4.000254188894159,1.905412930922656
4,0.48996623696602903,0.9896400040854063,-3.083523715855213,1.0058759368115622,2.8262668385018146
4,0.4837991895343186,0.9916517559590294,0.07597701084241515,2.8600273232197715,1.5442374385973865
4,0.48395114355600344,0.997371810605469,-5.315205660831351,-2.9643645435416532,-2.632846292831849
4,0.47332073223434074,0.9914430815183857,-3.0761462398810058,-2.5923532216423073,-2.4413357950895915
4,0.4671684397545787,0.9862583750751011,-5.73220057342283,-0.0876859597385149,-3.126296761541532
4,0.45570403860773306,0.986083003155624,-3.435900731971447,1.5895147867013293,2.7082940212142703
4,0.44883223714379017,0.9892620327290267,1.2062451679165365,-0.8263415111325334,-0.6006236209175235
4,0.45124472747962324,0.9876093497067616,-0.24925840162376423,1.9024954642670733,1.701070861344908
4,0.4507462106763757,0.9914143406352958,-1.9701419110430274,-4.471070532217181,-1.9858410269022475
4,0.44680592685428966,0.9824721995708614,-4.924220005606272,-0.858218278865619,-2.969040707746606
4,0.4369574868430771,0.9807557630131302,-1.384684147143822,-0.8345896415986043,-2.5991687658042664
4,0.43418811854878947,0.979086583729933,-2.658186994752648,-8.665813716806914,-1.8684288023919426
4,0.4288717445592842,0.9617549562963191,0.07124728703003513,-13.888334724456996,-1.565666362443621
4,0.42901423913334424,0.9339782868474051,-1.1235472101863153,-12.605289210129655,-1.6596943982999999
4,0.4267671447129716,0.9087677084271458,3.506515832871565,-13.570279228910021,-1.317930601505038
4,0.43378017637871474,0.8816271499693258,-1.7810496882354199,-10.028814908607186,-1.7465570580800722
4,0.4302180770022439,0.8615695201521114,-0.8345128478114139,-10.201100420087261,-1.6524207265165565
4,0.4285490513066211,0.8411673193119369,1.813382669238861,-9.106574865192785,-1.3742384574455624
4,0.4321758166450988,0.8229541695815513,1.2498833758189942,-3.523972418484844,-1.229958130195252
4,0.4346755833967368,0.8159062247445816,-0.9039553883413987,-2.9118510816696364,-1.8718034761417575
4,0.432867672620054,0.8100825225812424,-6.851656647203081,-11.67072952384679,-2.101661960570592
4,0.41916435932564783,0.7867410635335488,-3.2670821875397102,-3.7042025598081896,-2.2935734862468315
4,0.4126301949505684,0.7793326584139324,-7.384138060405915,-2.394033876167767,-2.828072694073753
4,0.3978619188297566,0.7745445906615969,-4.803130393340904,-2.725383505691903,-2.625474980110239
4,0.38825565804307477,0.7690938236502131,-4.55818730856028,3.6756196599500024,2.4629750749840023
4,0.3791392834259542,0.7764450629701131,0.6058778750044347,-0.19762061573025402,-0.31529189197822227
4,0.3803510391759631,0.7760498217386526,-0.5426803203849861,-5.090216052978158,-1.6770075663114652
4,0.3792656785351931,0.7658693896326962,-2.1025663604059552,-6.298619723904941,-1.8929792639305791
4,0.3750605458143812,0.7532721501848864,-0.3102529218083627,-4.199444711977307,-1.6445418603471145
4,0.37444003997076447,0.7448732607609317,0.272267888197647,-4.681753807641186,-1.5127066487459302
4,0.37498457574715977,0.7355097531456494,-3.961257639099547,-2.466671274783949,-2.584649682408181
4,0.36706206046896067,0.7305764105960815,0.4827906625620715,-0.34322344044024344,-0.6180144018129042
4,0.3680276417940848,0.729889963715201,-2.974962892383193,-1.1176861759794043,-2.782210600623757
4,0.36207771600931843,0.7276545913632422,-1.34090489846031,-6.257309172256142,-1.7818977479993867
4,0.3593959062123978,0.7151399730187299,1.9662613154855235,-2.8770629123048286,-0.9712802678987253
4,0.36332842884336886,0.7093858471941202,-1.4774241896562679,-13.388751433892509,-1.680699845858834
4,0.3603735804640563,0.6826083443263352,-0.822365651723389,-12.928359032276127,-1.6343201810913268
4,0.35872884916060954,0.656751626261783,2.071912327565262,-4.429466648941394,-1.1332745100389143
4,0.36287267381574007,0.6478926929639002,-2.5670844856594264,-7.260081487454106,-1.9106648314748966
4,0.3577385048444212,0.633372529988992,-3.1319255757171205,-5.894347947766498,-2.0592034738079468
4,0.35147465369298697,0.621583834093459,-7.394841096433679,-11.47805919050704,-2.143124988725127
4,0.3366849715001196,0.5986277157124449,-9.053512428180726,-12.449530689744748,-2.1995562722768964
4,0.31857794664375816,0.5737286543329554,-7.887874398872535,-8.834940401558633,-2.2996217514088544
4,0.3028021978460131,0.5560587735298381,-9.307668890755737,-4.4962516628263005,-2.6915808887204666
4,0.2841868600645016,0.5470662702041855,-2.025459395535778,-8.019993389174918,-1.8181747259396694
4,0.28013594127343006,0.5310262834258357,-6.116665936338694,-7.545001534527029,-2.2520223478124777
4,0.26790260940075267,0.5159362803567816,-5.786340780104676,3.5400644201332154,2.592544204674773
4,0.2563299278405433,0.5230164091970481,-10.046782455878825,-4.112456035163469,-2.7530685781114443
4,0.23623636292878566,0.5147914971267211,-4.198851529358421,-1.8036711444254228,-2.735863484385233
4,0.22783865987006882,0.5111841548378703,-8.570675632576602,-4.323776207834584,-2.6743635865010456
4,0.21069730860491562,0.5025366024222011,-8.808242188000914,3.1240074092390158,2.8007647457094658
4,0.1930808242289138,0.5087846172406791,-8.227542713671154,-0.5050774851697581,-3.0802809762795738
4,0.17662573880157148,0.5077744622703396,-7.19669453977316,-5.045239125177958,-2.5301626724886193
4,0.16223234972202516,0.4976839840199837,-2.7899533487426296,-6.865078950918452,-1.956805898142581
4,0.1566524430245399,0.4839538261181468,-9.690204082759529,1.9867258843188629,2.939370877925082
4,0.13727203485902084,0.4879272778867845,-2.631838473383635,-5.161766406528656,-2.0423100506330134
4,0.13200835791225357,0.4776037450737272,-1.8241970365280162,5.702629300997103,1.8803967734653448
4,0.12835996383919754,0.4890090036757214,-2.868827425902651,-7.037549928123332,-1.9578764543975093
4,0.12262230898739224,0.47493390381947476,-3.2261756794367336,-10.745938097195511,-1.8624575171242355
4,0.11616995762851877,0.45344202762508373,-7.166039325711221,-9.530585498981447,-2.215511796737761
4,0.10183787897709633,0.43438085662712084,-6.875821050695854,-10.88963630585435,-2.133991530442779
4,0.08808623687570462,0.41260158401541214,1.7791289502587446,-6.635266356077834,-1.308826144345057
4,0.09164449477622211,0.39933105130325647,2.802223118552799,-7.262684692927429,-1.2025574623086888
4,0.0972489410133277,0.3848056819174016,3.5192029995518292,-7.562664296140414,-1.1352599197629056
4,0.10428734701243136,0.3696803533251208,-1.7310655370391046,-9.167631432243473,-1.7574226557681747
4,0.10082521593835315,0.35134509046063384,5.059240384249611,-2.5227524801325063,-0.4625610521507685
4,0.11094369670685238,0.3462995855003688,-2.844765949009613,-5.3835752791062115,-2.0569172670974596
4,0.10525416480883315,0.3355324349421564,-0.494039537193236,-5.576472008372496,-1.6591591926100362
4,0.10426608573444668,0.3243794909254114,1.2772763229071324,-7.864883245935012,-1.4097994622320167
4,0.10682063838026094,0.3086497244335414,-2.704096601866941,-2.176584133301379,-2.4638582979278314
4,0.10141244517652706,0.3042965561669386,-0.6234847460154513,-9.281463436102449,-1.637870819200085
4,0.10016547568449616,0.2857336292947337,-3.4658759078282295,-8.654538151427415,-1.9517071150338272
4,0.0932337238688397,0.2684245529918789,5.811432375019771,-9.852106234045616,-1.0378608776918972
4,0.10485658861887924,0.24872034052378766,-1.8154932725968491,-8.756208234658406,-1.7752374399193909
4,0.10122560207368554,0.23120792405447085,-2.003653106187081,-4.990257556006364,-1.9526063030235925
4,0.09721829586131138,0.22122740894245813,-1.4571062349625767,-3.0657414845135373,-2.014478580438213
4,0.09430408339138623,0.21509592597343105,-0.24974794168227538,-2.4767801327248984,-1.6712923696571913
4,0.09380458750802168,0.21014236570798125,2.4657685663813584,-6.406102386448953,-1.203366453883044
4,0.09873612464078439,0.19733016093508335,-1.4186743034533404,-8.799966001493505,-1.7306346833408803
4,0.09589877603387771,0.17973022893209634,-3.260630599816634,-0.3966568607924603,-3.020537122103606
4,0.08937751483424444,0.17893691521051142,-2.1153778571499497,-3.0793286092058447,-2.1727173982328085
4,0.08514675911994454,0.17277825799209973,-2.675136623128106,-8.42495908595034,-1.8782527199962746
4,0.07979648587368833,0.15592833982019905,-4.573679648108356,-8.509873587748809,-2.0639575747336707
4,0.07064912657747162,0.13890859264470143,-4.122116088040851,-10.846574639956641,-1.9339769890066143
4,0.06240489440138992,0.11721544336478815,-3.9563273135059807,-4.711133145111971,-2.2693286345579775
4,0.054492239774377955,0.1077931770745642,1.9364190345788173,-7.629084555546298,-1.3222250234424964
4,0.05836507784353559,0.09253500796347161,-2.9829055834538902,-7.528222861709052,-1.948048236788622
4,0.05239926667662781,0.0774785622400535,-4.588805702394547,-6.846598010068226,-2.1612628378675045
4,0.043221655271838716,0.06378536621991705,-2.8784131570022686,-5.701596224083505,-2.0383111350533643
4,0.03746482895783418,0.05238217377175004,1.8597682639816433,-5.899723915730976,-1.2654265406700436
4,0.041184365485797465,0.04058272594028809,0.974286278264392,-5.989393096339784,-1.4095401498141267
4,0.04313293804232625,0.028603939747608522,0.4368188076578003,-3.1165805192878304,-1.4315438162692822
4,0.04400657565764185,0.02237077870903286,-0.10917564756981676,-5.167039173719517,-1.5919224304053785
4,0.043788224362502216,0.012036700361593827,2.139001406560686,-3.3967083782971206,-1.008804527522541
4,0.04806622717562359,0.005243283604999586,-3.0440563914429335,4.314923827461206,2.1851851012395995
4,0.04197811439273772,0.013873131259921996,3.674224758701033,-1.4772469708943758,-0.38227820374820287
4,0.04932656391013979,0.010918637318133244,4.740733195561245,-0.5854739243281656,-0.12287642329484295
4,0.058808030301262276,0.009747689469476913,-0.6031288894883108,-0.16439631722722953,-2.8754847171819433
4,0.057601772522285655,0.009418896835022453,0.2481728204942156,0.8761520575152008,1.294773543920198
4,0.058098118163274086,0.011171200950052855,-0.45184610467412234,2.2393758780756974,1.7698963328587878
4,0.05719442595392584,0.01564995270620425,7.141167507325626,-3.0813984045490974,-0.4073614834788114
4,0.0714767609685771,0.009487155897106055,8.802742624815243,-4.266868007705424,-0.4513492959742884
4,0.08908224621820758,0.0009534198816952052,3.5357150813709812,0.3306135961294648,0.09323574874864728
4,0.09615367638094954,0.0016146470739541348,5.824407952807302,-0.27393547375208954,-0.04699769628386206
4,0.10780249228656415,0.0010667761264499557,1.4924855503413228,-0.4361143876110084,-0.284291799647853
4,0.11078746338724679,0.00019454735122793887,6.216245144101885,3.2248147931964235,0.478552291431031
4,0.12321995367545056,0.006644176937620786,6.705037659850844,1.1484042815287967,0.1696289317833842
4,0.13663002899515225,0.00894098550067838,12.027711093255204,4.926851934981543,0.3887762100658173
4,0.16068545118166266,0.018794689370641465,3.6088318252399527,2.618283915035994,0.6276497233678344
4,0.16790311483214257,0.024031257200713453,6.511875042014059,-1.1428713654149554,-0.17373632391490465
4,0.1809268649161707,0.021745514469883542,4.66984967786363,-3.7390680700832273,-0.6751571129937856
4,0.19026656427189795,0.014267378329717088,0.32779785657192917,-3.9196084318555875,-1.4873602272376116
4,0.1909221599850418,0.006428161466005913,1.4469435694490633,0.11022699631823034,0.07603234317946807
4,0.19381604712393993,0.006648615458642373,5.585326178399033,7.634288191863571,0.939168685815065
4,0.204986699480738,0.021917191842369517,-3.9927634840580537,2.4609449605493707,2.589236816696106
4,0.1970011725126219,0.026839081763468258,-0.7565415331908382,-2.267098438271706,-1.8928811251369346
4,0.19548808944624022,0.022304884886924847,2.054476365157196,-1.5712112399021827,-0.6528899599423196
4,0.1995970421765546,0.01916246240712048,2.0203685716604776,2.900260549529722,0.962344960596054
4,0.20363777931987556,0.024962983506179925,1.0084913695937863,-1.3666469775428636,-0.935064135228199
4,0.20565476205906313,0.0222296895510942,4.4973899008188125,1.3895155072982495,0.2996569630596699
4,0.21464954186070076,0.025008720565690697,7.526718962129267,-4.412011485706007,-0.5301956920009326
4,0.2297029797849593,0.016184697594278683,3.5386064068912564,-1.1207546150334233,-0.30672663888597684
4,0.2367801925987418,0.013943188364211836,1.542735288265276,-1.1489351260529581,-0.6401255532854511
4,0.23986566317527236,0.01164531811210592,5.3587976799224775,2.8164274440339883,0.4838943429527791
4,0.2505832585351173,0.017278173000173896,5.9883277239368145,1.1803705560807578,0.19461698856605175
4,0.26255991398299094,0.019638914112335412,3.9288323169191783,3.6115349627629296,0.7433431466610507
4,0.2704175786168293,0.02686198403786127,7.23812549989572,7.50635506458582,0.8035880195777552
4,0.28489382961662074,0.04187469416703291,13.861422388928347,10.73684358107688,0.6590504593437364
4,0.31261667439447743,0.06334838132918667,10.474488090675942,10.705415705595682,0.7963008788681031
4,0.3335656505758293,0.08475921274037804,8.090229811314769,10.61933216815928,0.9197607137834282
4,0.34974611019845886,0.1059978770766966,-1.990221365161915,10.536292962993459,1.7574886537330583
4,0.34576566746813503,0.12707046300268351,4.288365356470564,6.91534567103659,1.0157117098934163
4,0.35434239818107616,0.1409011543447567,-3.7836242952442865,6.27006164348641,2.1137435397210287
4,0.3467751495905876,0.15344127763172952,2.4643161608311757,5.8488993939688205,1.1720383946447115
4,0.35170378191224994,0.16513907641966716,2.2677674526390965,5.509250497681292,1.1803052933197768
4,0.35623931681752813,0.17615757741502974,1.4300619588087093,2.5338626222121685,1.0569797119852795
4,0.35909944073514555,0.18122530265945408,-3.33908087502624,3.357954272759964,2.3533763255339983
4,0.35242127898509307,0.187941211204974,0.5024303325313062,3.7845486305640716,1.438809802698671
4,0.3534261396501557,0.19551030846610215,-1.025775719462163,-0.2892534137636932,-2.866744167952424
4,0.35137458821123135,0.19493180163857476,-4.54165803081108,2.3121172760560276,2.6706987141069662
4,0.3422912721496092,0.19955603619068682,3.4084655698031208,5.45491386296365,1.0123098092680205
4,0.34910820328921544,0.21046586391661412,-7.359181726528802,-1.8446449273352705,-2.8959938776229577
4,0.33438983983615783,0.20677657406194358,-9.869046217683058,4.403220641165287,2.7219326890987174
4,0.3146517474007917,0.21558301534427415,2.171749298065073,3.813403833778775,1.0531021349942835
4,0.31899524599692186,0.2232098230118317,-1.450301204812099,4.292778356639201,1.8966034388326474
4,0.31609464358729766,0.2317953797251101,-5.18825989916924,1.267006662855355,2.902074108552367
4,0.3057181237889592,0.23432939305082082,-0.8946605599116364,6.127790477687439,1.7157725204183174
4,0.3039288026691359,0.2465849740061957,-0.4731261590972258,4.857394121863382,1.6678933219051242
4,0.30298255035094146,0.25629976224992246,4.9151347845064475,-1.539280676818383,-0.30349661010441886
4,0.31281281991995435,0.2532212008962857,-1.5305473096257627,2.3051149143238914,2.1569357527510675
4,0.30975172530070283,0.2578314307249335,6.051995904400864,6.136880364527225,0.7923621431799007
4,0.32185571710950456,0.2701051914539879,4.051599091700525,3.591409563372616,0.72526024570238
4,0.3299589152929056,0.27728801058073316,5.076303912809138,4.801853041923487,0.7576216980136194
4,0.3401115231185239,0.28689171666458013,-4.516852130755117,-2.360756655418433,-2.6599855134650294
4,0.33107781885701365,0.28217020335374327,-3.953586548686716,3.1040069895412747,2.4759961124013112
4,0.3231706457596402,0.2883782173328258,-2.761934973730562,3.1688480718579104,2.287691495874055
4,0.3176467758121791,0.29471591347654164,-5.540520583141029,1.249514161813875,2.919780581745219
4,0.30656573464589704,0.2972149418001694,-5.090002011113925,5.235965083402378,2.3420598962770898
4,0.2963857306236692,0.30768687196697414,-2.696160526750091,2.806212290431681,2.336196373717575
4,0.290993409570169,0.3132992965478375,-4.823455870005905,-1.0997819641051787,-2.9174179035423053
4,0.2813464978301572,0.31109973261962715,-3.274013047134816,0.19149293900391773,3.083170459854335
4,0.27479847173588756,0.311482718497635,-6.9899141827935996,-3.8010161841586787,-2.643532925270581
4,0.26081864337030036,0.3038806861293176,-2.7186636546843443,4.169476269983041,2.1486040276654506
4,0.2553813160609317,0.3122196386692837,-4.2084232472306,6.319803398958268,2.15827522635051
4,0.24696446956647047,0.32485924546720024,-4.835302839652888,0.3953551783535125,3.06000982979556
4,0.2372938638871647,0.32564995582390727,-9.809738230285664,-1.8456535018301912,-2.955621652341042
4,0.21767438742659337,0.3219586488202469,-5.990349125884739,-0.47760643551369997,-3.0620316367776828
4,0.2056936891748239,0.3210034359492195,-16.652112302145486,-2.1718032282061484,-3.011902600344053
4,0.17238946457053292,0.3166598294928072,-6.945538592391206,0.08721181791948585,3.129036790032392
4,0.1584983873857505,0.31683425312864616,-12.163444093230641,0.7124727376089102,3.083084588836087
4,0.13417149919928922,0.318259198603864,-8.044407930573898,2.2156267095506386,2.87283186852671
4,0.11808268333814143,0.32269045202296526,-7.441068342474356,-4.197759084236169,-2.6279628593114155
4,0.10320054665319271,0.3142949338544929,-10.953762151617834,-6.620273048746017,-2.597956227802853
4,0.08129302234995704,0.3010543877570009,-1.5064638921632734,-6.732921414737497,-1.7909168253587775
4,0.0782800945656305,0.2875885449275259,-1.8090829977559508,-0.9304806251500819,-2.666540332896265
4,0.0746619285701186,0.2857275836772257,-3.678614317103923,1.1683937840624714,2.8340520244191807
4,0.06730469993591075,0.28806437124535067,-1.4559547091733682,-1.0139977641336895,-2.5332540907741934
4,0.06439279051756401,0.2860363757170833,0.5546947075457664,-0.4492362918346593,-0.680736519961772
4,0.06550217993265554,0.285137903133414,-6.635538513172633,5.285909662462035,2.468924664597801
4,0.05223110290631028,0.29570972245833804,-5.664728559960322,1.8203451857536912,2.8306680425246027
4,0.040901645786389634,0.2993504128298454,-6.652702916725593,-3.0184104088731565,-2.7156562088756737
4,0.02759623995293845,0.2933135920120991,1.0474436234023683,2.3409972360950713,1.1500776720202315
4,0.029691127199743185,0.29799558648428925,-5.7520400380413825,0.7164380392699343,3.017677087899534
4,0.01818704712366042,0.2994284625628291,-6.275858461951349,2.128404484240287,2.814623827422818
4,0.005635330199757722,0.3036852715313097,-1.454181885753413,7.1723185845879165,1.770833949292014
4,0.0027269664282508956,0.31802990870048553,0.7859627424455154,-1.5810125178466194,-1.1094504009347963
4,0.004298891913141927,0.3148678836647923,1.5750847414067815,0.9797470794848384,0.556459414234141
4,0.00744906139595549,0.31682737782376197,-2.1096709832138574,-1.3867893710714507,-2.560068757435894
4,0.003229719429527775,0.31405379908161907,-0.23972921026794577,-3.1806090496935,-1.6460261912796075
4,0.0027502610089918836,0.30769258098223207,0.32379853622592814,2.730255113697538,1.4527512655104988
4,0.00339785808144374,0.31315309120962714,0.615969856202677,0.15483553024922547,0.24626641799442583
4,0.004629797793849094,0.3134627622701256,-0.8746785778076643,0.7854215983383317,2.409908791319594
4,0.002880440638233765,0.31503360546680226,2.5342307818432355,8.28584633665716,1.2739807220708854
4,0.007948902201920236,0.3316052981401166,-0.7936739274743603,6.2098677332082515,1.6979156585768311
4,0.006361554346971516,0.3440250336065331,11.11185545097697,9.640397413940294,0.7146106944124829
4,0.028585265248925455,0.36330582843441367,6.5697804554195365,10.501055756936967,1.0117437677674723
4,0.04172482615976453,0.3843079399482876,6.845389112524733,12.378084453942838,1.0656336905248185
4,0.05541560438481399,0.4090641088561733,7.953741384237108,13.074690297355223,1.0242734898728858
4,0.07132308715328821,0.43521348945088373,-2.7874444660546045,1.3674739092893462,2.685506684352473
4,0.065748198221179,0.4379484372694624,2.928007083164555,8.403931888265436,1.2355394144408753
4,0.07160421238750811,0.4547563010459933,-0.03973350644362328,6.883942184499614,1.576568174400152
4,0.07152474537462086,0.4685241854149925,-5.706000669532543,2.23839608451476,2.7677521055676904
4,0.060112744035555776,0.47300097758402204,-3.599232904535201,-3.9378940377358673,-2.3112923011232462
4,0.052914278226485374,0.4651251895085503,-2.3609701676494157,0.9681558818489255,2.7524380918461935
4,0.04819233789118654,0.46706150127224816,-0.6281917990505377,1.5989452903931445,1.945148754107026
4,0.04693595429308547,0.47025939185303445,-12.230610414288835,2.4668012404389095,2.942571882559916
4,0.022474733464507797,0.47519299433391227,-5.646299807184015,0.4007027552085374,3.07074411563268
4,0.011182133850139768,0.47599439984432934,-1.266553174204343,5.574569407324703,1.7942056488584097
4,0.008649027501731082,0.48714353865897875,1.4246002342998605,5.749920122482072,1.327927003527656
4,0.011498227970330803,0.4986433789039429,0.5319969720386569,7.067334230019901,1.4956625462520792
4,0.012562221914408117,0.5127780473639827,-4.496984893427878,2.235015420859965,2.6803454395882245
4,0.0035682521275523624,0.5172480782057026,3.342009744569805,2.1249935987068813,0.5663585801469012
4,0.010252271616691972,0.5214980654031164,-1.8736611747387204,8.917921742854107,1.7778849200141953
4,0.006504949267214531,0.5393339088888246,-0.13501711685868362,-0.3179951044448015,-1.972318518168626
4,0.006234915033497164,0.538697918679935,-1.7895079289694948,-2.948900213269434,-2.1162294021432846
4,0.002655899175558174,0.5328001182533961,2.490660008409647,0.0887500713396272,0.0356180839622627
4,0.007637219192377467,0.5329776183960754,0.09215076817820338,6.5447824703697695,1.5567172218330845
4,0.007821520728733874,0.5460671833368149,-1.569726334287233,0.41290535464083566,2.8843764960228997
4,0.004682068060159408,0.5468929940460966,-1.6301461326346636,2.409326398135625,2.165643192621406
4,0.0014217757948900807,0.5517116468423678,2.2787777102526814,1.7554596887362495,0.6563993090592922
4,0.005979331215395444,0.5552225662198403,-0.3777964155437961,5.63055934602863,1.6377933981672634
4,0.0052237383843078515,0.5664836849118976,-0.5215291170379789,4.364151692577034,1.6897352560534957
4,0.004180680150231894,0.5752119882970517,-0.3221525681688436,4.74662900988082,1.6385621635311454
4,0.0035363750138942066,0.5847052463168133,-0.3742287840661216,1.9678824015890162,1.758720671570331
4,0.0027879174457619634,0.5886410111199913,1.2452794425569238,1.09986180145627,0.7234694017965082
4,0.005278476330875811,0.5908407347229039,4.0232040097956405,5.139931622377247,0.9066718838181321
4,0.013324884350467091,0.6011205979676584,-0.08141696845782864,13.100505938921925,1.577011042520678
4,0.013162050413551434,0.6273216098455022,0.03990560855177301,11.985450470846203,1.567466834825393
4,0.01324186163065498,0.6512925107871946,0.6875641372517949,7.885356041046232,1.4838212393376542
4,0.01461698990515857,0.6670632228692871,-3.153124936147572,5.847331447461079,2.065342301009759
4,0.008310740032863426,0.6787578857642093,1.0258376889936789,4.71923943671243,1.3567526249141497
4,0.010362415410850784,0.6881963646376341,-5.049397178361807,2.767053250440854,2.6402887462844697
4,0.00026362105412717097,0.6937304711385158,2.2400184303437998,4.960681886465756,1.14665039573113
4,0.004743657914814771,0.7036518349114473,0.5192715109721404,1.903117563782919,1.3044271730415997
4,0.005782200936759052,0.7074580700390132,-2.1720373673364075,3.679556250436533,2.104051998481046
4,0.0014381262020862363,0.7148171825398862,2.243691965358168,-1.3302780917088808,-0.5351802887798565
4,0.005925510132802573,0.7121566263564685,-2.0327561148098456,4.083114725561165,2.032718030964298
4,0.0018599979031828813,0.7203228558075908,-0.42570339963929804,0.21327003562982005,2.6771591991374097
4,0.0010085911039042852,0.7207493958788505,-0.45142999241990434,-1.7644659554053588,-1.821268662199561
4,0.00010573111906447656,0.7172204639680397,1.6580670688645023,1.2521287277434956,0.646804094731702
4,0.003421865256793481,0.7197247214235267,0.046165601671538034,6.351034527487087,1.563527465573152
4,0.003514196460136557,0.7324267904785009,0.10907056524634469,4.2789030711107845,1.5453115355859468
4,0.0037323375906292465,0.7409845966207225,0.003682174627355622,0.1521235132312948,1.5465958880498145
4,0.0037397019398839578,0.7412888436471851,-0.5745983921384883,3.8621905208066076,1.7184882682893399
4,0.002590505155606981,0.7490132246887983,6.496764869426,3.670485822345859,0.5142648007715683
4,0.015584034894458981,0.75635419633349,9.96205473718824,-0.6298463010556143,-0.0631404953800038
4,0.03550814436883546,0.7550945037313788,16.685509525218553,-1.3068056199498357,-0.07816024027513274
4,0.06887916341927257,0.7524808924914791,15.91688574758971,-1.4593356244028133,-0.09142913035915207
4,0.10071293491445199,0.7495622212426735,9.29497742088608,3.024191742102278,0.3145553211539014
4,0.11930288975622415,0.755610604726878,5.41056327298698,4.336839627942957,0.6756856465046768
4,0.1301240163021981,0.7642842839827639,6.666260941130917,-4.551891197304203,-0.5991060381439973
4,0.14345653818445994,0.7551805015881555,2.3410059228779616,-0.9751168894671092,-0.39468110457395256
4,0.14813855003021587,0.7532302678092213,8.336873340504258,0.7383505378844024,0.08833396950581102
4,0.16481229671122438,0.7547069688849901,1.2545973755802158,-7.459796490671633,-1.4041744318250682
4,0.1673214914623848,0.7397873759036468,3.654406180531311,-1.3950896964518567,-0.36468011571578646
4,0.17463030382344744,0.7369971965107431,2.1402682005283724,-0.6293713622237962,-0.2860001446723488
4,0.17891084022450418,0.7357384537862955,9.22364323873577,2.9872273087909185,0.31320617460351463
4,0.19735812670197572,0.7417129084038774,3.1077218909283943,0.6642456560652099,0.2105718816643286
4,0.2035735704838325,0.7430413997160078,4.883857768882241,1.3474751620001224,0.26920631885910185
4,0.213341286021597,0.745736350040008,3.939864258046169,-1.1935489020979961,-0.29415334827983086
4,0.22122101453768933,0.743349252235812,2.537654934237146,-0.7032659350864612,-0.27034743242014386
4,0.22629632440616362,0.7419427203656391,5.6169229302794195,1.4814020149557239,0.25786716907582596
4,0.23753017026672246,0.7449055243955506,4.356362966720775,-6.667621312205441,-0.9920620720549915
4,0.246242896200164,0.7315702817711397,5.171568232982052,0.8742317088574758,0.16746257908386203
4,0.2565860326661281,0.7333187451888546,6.159540098436084,-2.223501171309039,-0.3464272377486977
4,0.2689051128630003,0.7288717428462366,11.382124304127883,0.9830149866145166,0.086151036203914
4,0.29166936147125605,0.7308377728194656,9.373871653156979,1.190190717209938,0.12629318887182692
4,0.31041710477757,0.7332181542538855,10.538169256760266,6.934981703912546,0.582035947805022
4,0.33149344329109054,0.7470881176617106,11.925903663672132,9.530456441094016,0.6742158093470528
4,0.3553452506184348,0.7661490305438986,13.753226782353856,9.245641558914109,0.5918597793268472
4,0.3828517041831425,0.7846403136617268,-0.9389086105453803,4.870973219161578,1.7612167590798722
4,0.38097388696205176,0.79438226010005,5.670537928954916,10.962509850179769,1.0934312105201138
4,0.3923149628199616,0.8163072798004095,1.8558917165556466,5.701852120423623,1.2561219582822234
4,0.3960267462530729,0.8277109840412568,-1.0568725690089376,-0.9486148103036163,-2.4101229225824903
4,0.393913001115055,0.8258137544206495,-2.9104109498333806,8.353284290267327,1.9060585720793048
4,0.38809217921538824,0.8425203230011842,-1.3104446658505353,2.0836298279466314,2.1322123716608172
4,0.3854712898836872,0.8466875826570774,2.839161327003431,-1.323485069469943,-0.4362057040647687
4,0.39114961253769404,0.8440406125181376,3.1358722178288776,4.2107679443932895,0.9306785434794288
4,0.3974213569733518,0.8524621484069241,3.96745855317171,-0.5484420354754937,-0.1373645520954026
4,0.4053562740796952,0.8513652643359731,2.1276789536344154,7.1214868783671665,1.2804693445294308
4,0.40961163198696404,0.8656082380927075,4.372945222962554,3.98065641729195,0.738472198496375
4,0.41835752243288915,0.8735695509272914,8.11187843610614,4.574191815258755,0.5134433055999266
4,0.43458127930510143,0.8827179345578089,16.278900097802918,5.642392442347488,0.33364955272248126
4,0.46713907950070727,0.8940027194425039,14.36002409756945,5.445727983782233,0.3624725378948218
4,0.49585912769584617,0.9048941754100683,4.282789386620078,-3.7516563607039033,-0.7193872203301528
4,0.5044247064690863,0.8973908626886605,3.6240490988849183,4.021487822854552,0.8373345172936971
4,0.5116728046668562,0.9054338383343696,-2.501170831146149,-0.12312694846683403,-3.092404637068802
4,0.5066704630045639,0.905187584437436,6.688757550998791,-2.9643202262263912,-0.4171675399276836
4,0.5200479781065614,0.8992589439849832,1.8389506556261703,-5.49321918804091,-1.247755676259779
4,0.5237258794178138,0.8882725056089014,4.694825096727639,-2.5198483547018147,-0.4925972127658697
4,0.5331155296112691,0.8832328088994977,1.610470916818374,-1.7122083934312804,-0.8160077079901885
4,0.5363364714449058,0.8798083921126352,0.055773380785273385,-4.4648464319120285,-1.5583053081417715
4,0.5364480182064764,0.8708786992488111,2.6775310013341658,-0.7004377703022091,-0.2558646453768422
4,0.5418030802091447,0.8694778237082067,0.5042561797011791,-3.239836344353819,-1.4163926763047108
4,0.542811592568547,0.8629981510194991,3.2751641087575,-3.0358790035067695,-0.7475010144226835
4,0.549361920786062,0.8569263930124855,4.4913903662308075,-10.00153772514506,-1.1487160735102167
4,0.5583447015185237,0.8369233175621954,5.085443617984575,-5.00575345838744,-0.7775013299003996
4,0.5685155887544928,0.8269118106454205,3.4798293990206397,0.7067553466651999,0.20037509512216134
4,0.5754752475525341,0.8283253213387509,7.799716959500047,2.119567318626281,0.2653415199928093
4,0.5910746814715342,0.8325644559760035,12.176864295747547,4.556839084451869,0.358087590601891
4,0.6154284100630293,0.8416781341449072,14.576606100396793,5.386376282721594,0.3539593906498299
4,0.6445816222638229,0.8524508867103504,6.5196325629081615,0.002628987725850074,0.00040324167934133854
4,0.6576208873896392,0.8524561446858021,7.466725390814998,-1.176511206365749,-0.15628231640704626
4,0.6725543381712692,0.8501031222730706,-1.9407402374582716,4.226304999298824,2.0012786830898563
4,0.6686728576963527,0.8585557322716683,8.465139595156879,-0.6079056131894078,-0.07168976029249798
4,0.6856031368866664,0.8573399210452894,3.8113157324197733,-0.2934313259117527,-0.07683793198086322
4,0.693225768351506,0.8567530583934659,2.7579008095655055,-0.19860025408829918,-0.07188729478513008
4,0.698741569970637,0.8563558578852893,2.330450308483223,-5.118116797006911,-1.1435158770994869
4,0.7034024705876034,0.8461196242912755,8.728124176915319,-9.545449837317477,-0.8300955656197724
4,0.720858718941434,0.8270287246166406,14.45923023980239,-1.7995513834642152,-0.12382024225660403
4,0.7497771794210388,0.8234296218497121,14.689068778523827,-9.1808386751287,-0.558607671331941
4,0.7791553169780865,0.8050679444994547,14.762173980200298,-4.831380472329172,-0.3162936865419041
4,0.8086796649384871,0.7954051835547964,9.868536965709106,-2.0773407582330705,-0.2074723593239925
4,0.8284167388699053,0.7912505020383303,0.7269458529798878,-14.210561706836932,-1.519685557574167
4,0.8298706305758651,0.7628293786246564,4.5052551532670515,-6.717107562363545,-0.9799972556003552
4,0.8388811408823992,0.7493951634999293,1.610968734762963,-1.583558514347494,-0.7768180056350914
4,0.8421030783519251,0.7462280464712343,5.134397167302018,-10.952175931266794,-1.1324174956061892
4,0.8523718726865291,0.7243236946087007,5.322241092507118,-4.370558038728045,-0.6875273142296162
4,0.8630163548715434,0.7155825785312446,0.7828860753287814,4.108676517164289,1.3825088191900097
4,0.8645821270222009,0.7237999315655732,-0.423133767472994,-4.123073949850009,-1.6730641008707208
4,0.863735859487255,0.7155537836658732,-1.6117353315040495,2.8991583882327365,2.0781825537344587
4,0.8605123888242469,0.7213521004423387,-0.7815262922652444,-5.179110495661998,-1.720566073889848
4,0.8589493362397164,0.7109938794510147,-1.4214708013445265,-5.94216679210241,-1.8056013757486242
4,0.8561063946370273,0.6991095458668098,-5.031445916091726,-9.335685885367317,-2.065114462782261
4,0.8460435028048439,0.6804381740960752,-8.748015736382841,-5.520327946935799,-2.578663380386494
4,0.8285474713320782,0.6693975182022036,-5.8448073273650865,-6.6088542411015805,-2.2949201049369674
4,0.816857856677348,0.6561798097200005,-8.65900492010152,-4.718651213952985,-2.6426414141398356
4,0.799539846837145,0.6467425072920945,-8.485343046903903,-2.067633407556446,-2.902579355656505
4,0.7825691607433372,0.6426072404769816,-0.2858318245743674,-3.1856566319370394,-1.6602813250077182
4,0.7819974970941884,0.6362359272131075,-4.470266637640941,-1.0170897032514281,-2.9178778239883782
4,0.7730569638189065,0.6342017478066047,-3.196124643931486,-2.927226580948017,-2.4000798407467174
4,0.7666647145310436,0.6283472946447086,-5.973438728637481,-1.9628354629513955,-2.8241136465172763
4,0.7547178370737686,0.6244216237188058,-2.137653919789817,4.825658419286449,1.9877942909125168
4,0.750442529234189,0.6340729405573787,1.7760673615738187,-2.6814603773153145,-0.9857876023237275
4,0.7539946639573366,0.6287100198027481,-2.02330241782267,5.350950277427546,1.9322997094981407
4,0.7499480591216913,0.6394119203576032,-8.959189870742678,0.08017438120466736,3.1326440497210344
4,0.7320296793802059,0.6395722691200125,-6.448166901956431,4.195973871173764,2.5647089747000207
4,0.719133345576293,0.64796421686236,-9.39392760279989,6.1930836108952665,2.5587321026775345
4,0.7003454903706933,0.6603503840841506,-4.128546733400351,4.506601638809227,2.312441491591831
4,0.6920883969038926,0.669363587361769,-4.4606409328413195,0.9194142688807028,2.938322267890837
4,0.6831671150382099,0.6712024158995304,2.119673860973781,0.5405425852959556,0.2496903877307766
4,0.6874064627601575,0.6722835010701224,-1.4684877731195867,-0.11714477496505005,-3.061988837490828
4,0.6844694872139183,0.6720492115201923,-2.8947596740993564,1.0476808542203009,2.7943355161132692
4,0.6786799678657196,0.6741445732286329,-0.6616547289116093,-2.196754144473234,-1.8633504947813986
4,0.6773566584078964,0.6697510649396864,-3.3750063801563646,-2.8789058633909015,-2.4353551512098797
4,0.6706066456475837,0.6639932532129046,-3.495534918077914,-5.463252873444568,-2.1399865474642157
4,0.6636155758114278,0.6530667474660155,-9.14503876306716,-4.379600476425882,-2.6949633965971937
4,0.6453254982852935,0.6443075465131637,-6.392119404975249,-10.917874117340576,-2.100465648211698
4,0.632541259475343,0.6224717982784825,-5.671534988580584,-8.431998584482125,-2.1629094868077114
4,0.6211981894981818,0.6056078011095183,-1.9872772038017628,0.2578891149006557,3.0125437584862405
4,0.6172236350905783,0.6061235793393196,-2.446129422157717,-11.091864194430311,-1.7878555993053518
4,0.6123313762462629,0.583939850950459,-4.021575976486835,0.7133766394029073,2.966031535840939
4,0.6042882242932892,0.5853666042292648,-3.0035011418922397,-5.261705070778722,-2.089485652037286
4,0.5982812220095047,0.5748431940877073,-7.226248211847641,-6.340036528117765,-2.421426375093887
4,0.5838287255858094,0.5621631210314718,4.632024044541216,0.7714686845077257,0.16503622884284602
4,0.5930927736748919,0.5637060584004873,4.422313824202273,-1.7768472946262936,-0.3820496612074857
4,0.6019374013232964,0.5601523638112347,7.742431758451684,-0.5573126451995924,-0.07185766691034227
4,0.6174222648401998,0.5590377385208355,3.9917109761286595,2.960985467270527,0.6382217971340362
4,0.6254056867924571,0.5649597094553765,5.6577384393320935,-2.716629762602507,-0.44765145295611275
4,0.6367211636711213,0.5595264499301715,0.8649543004239368,-1.3659913103734045,-1.0063176060647103
4,0.6384510722719692,0.5567944673094247,6.896948718289497,-5.0039801636299615,-0.6276590142080036
4,0.6522449697085482,0.5467865069821648,9.126031370396193,-3.6349473805297183,-0.37904464350884637
4,0.6704970324493406,0.5395166122211054,8.554622369496057,-3.991685926138633,-0.436581929793316
4,0.6876062771883327,0.5315332403688281,11.031165580228597,-7.5030360037385275,-0.5972909197233546
4,0.7096686083487899,0.516527168361351,4.457674336966477,-1.977323826186983,-0.41750011365845374
4,0.7185839570227228,0.5125725207089771,-0.03953230361081195,-3.060576897287226,-1.5837122268513606
4,0.7185048924155012,0.5064513669144026,-4.223788602915279,-3.498785135027743,-2.4498011955390138
4,0.7100573152096706,0.49945379664434714,-2.281571157898843,-3.9262630049499148,-2.0972065900393835
4,0.705494172893873,0.4916012706344473,-0.6370485687963168,-2.2896849937398542,-1.8421587051989643
4,0.7042200757562803,0.4870219006469676,-5.557571348421441,-1.8093771703102113,-2.8268455123744776
4,0.6931049330594374,0.4834031463063472,-2.8976886283211267,1.5280654460877452,2.6563134764187466
4,0.6873095558027952,0.48645927719852267,-3.6922076946622195,-2.329972438073896,-2.5786536767915327
4,0.6799251404134707,0.4817993323223749,-2.6450451276054943,-2.961672089857009,-2.299781619780079
4,0.6746350501582598,0.47587598814266086,-7.838854859966104,-1.4401406009715845,-2.959900516571403
4,0.6589573404383275,0.4729957069407177,-3.0758336694028943,-4.295899885886745,-2.1921753112696982
4,0.6528056730995218,0.4644039071689442,-0.32305437369739565,-4.42940743605888,-1.6436014106965513
4,0.652159564352127,0.45554509229682644,-6.876007540293549,-2.741931445259443,-2.76214883778527
4,0.6384075492715399,0.45006122940630755,-8.10651417389674,-1.910020200458773,-2.9101975074620596
4,0.6221945209237464,0.44624118900539,-10.66420817826158,-1.6080582896534634,-2.991929965121567
4,0.6008661045672232,0.4430250724260831,-6.938302963886811,-0.28195494972371726,-3.1009775496137313
4,0.5869894986394496,0.44246116252663564,-15.205943776468777,4.125055592605093,2.876688961846069
4,0.556577611086512,0.45071127371184583,-12.692727973308948,8.166955411534172,2.5698458438499188
4,0.5311921551398942,0.46704518453491417,-4.884833057212767,0.5269707737741158,3.034129276300983
4,0.5214224890254686,0.4680991260824624,-2.0336298044781875,-6.911457897859186,-1.856960700170613
4,0.5173552294165122,0.45427621028674403,-8.481926939915619,1.742216910535166,2.939006925112129
4,0.500391375536681,0.45776064410781436,-4.712597701574089,-6.430156137213955,-2.2032568637307697
4,0.4909661801335328,0.44490033183338645,-10.174648366532118,-8.057887515089346,-2.4717750446119484
4,0.4706168834004686,0.42878455680320776,-3.96091312054625,3.2583363724134617,2.45320889524515
4,0.4626950571593761,0.4353012295480347,-7.7098357981435495,-0.2006252730203939,-3.115576534362901
4,0.447275385563089,0.4348999790019939,-4.1100264342739665,3.0145153917355003,2.5087653448629164
4,0.43905533269454106,0.4409290097854649,-4.738194966270481,0.9482831181137075,2.944066382649249
4,0.4295789427620001,0.4428255760216923,-8.390817552304114,5.516751180222629,2.5599806676615366
4,0.41279730765739187,0.45385907838213757,-7.426968299753922,6.316991386525972,2.436780661797033
4,0.397943371057884,0.4664930611551895,-3.9364367672979905,11.169004611962185,1.9096458204065136
4,0.39007049752328804,0.4888310703791139,-0.5289980982071396,1.9589889918826264,1.8345419750234484
4,0.38901250132687376,0.49274904836287914,-4.967676016053468,4.631519078774904,2.391199469214257
4,0.3790771492947668,0.502012086520429,3.8917261533554237,1.1656859545325915,0.2910248904920988
4,0.38686060160147767,0.5043434584294941,-1.5134285013561621,1.674888850177525,2.305596472668975
4,0.38383374459876535,0.5076932361298492,-2.0075351903524608,-8.43169990597159,-1.804538115211857
4,0.3798186742180604,0.490829836317906,-1.3982939456874954,-4.808674184462514,-1.8537783942519912
4,0.37702208632668543,0.48121248794898097,0.9603010719743676,-1.5765248877927518,-1.0236941079938353
4,0.37894268847063417,0.47805943817339547,-3.353656715172709,3.7069422301838904,2.3061999884744457
4,0.37223537504028875,0.48547332263376325,-4.5483918073814795,-4.229268857503021,-2.392534748745699
4,0.3631385914255258,0.4770147849187572,-8.763903687356606,-5.684888454069087,-2.566152408792382
4,0.3456107840508126,0.46564500801061903,-14.816910996416798,-4.073376328742162,-2.873306394250375
4,0.315976962057979,0.4574982553531347,-9.982721610804434,-5.376783765088488,-2.6475369704556297
4,0.2960115188363701,0.44674468782295773,-8.431760863074983,-11.13171900226767,-2.2190507109473177
4,0.27914799711022015,0.4244812498184224,-4.4813149127412855,-3.361478232367543,-2.4980212765808467
4,0.2701853672847376,0.4177582933536873,-4.414368509995575,-2.125032511949426,-2.6929436407323424
4,0.2613566302647464,0.41350822832978845,0.7806829270042281,-3.2805021403621013,-1.3371653699997268
4,0.2629179961187549,0.40694722404906425,2.794036972123437,1.9492856716122609,0.6091532469713538
4,0.26850607006300176,0.41084579539228877,-8.361779539199226,-8.729823709253044,-2.3346641929151
4,0.2517825109846033,0.3933861479737827,-0.1509591054739412,-1.251770682457437,-1.6908131982077337
4,0.2514805927736554,0.3908826066088678,-2.972292857269729,5.77239237688415,2.046304812168423
4,0.24553600705911596,0.4024273913626361,0.9828817290651187,1.245450348970084,0.9026892294650608
4,0.2475017705172462,0.4049182920605763,5.24103069461701,0.9424751134598786,0.17792467616442284
4,0.2579838319064802,0.40680324228749604,1.715691904312644,1.4238847094589224,0.6927196661686533
4,0.2614152157151055,0.4096510117064139,-4.309572866613403,-5.526206520583693,-2.233124932582562
4,0.2527960699818787,0.3985985986652465,3.313742222037813,-2.7035743105120744,-0.6843415888552113
4,0.25942355442595433,0.39319145004422235,2.7240480140295342,-3.007768171729319,-0.8348569680554504
4,0.2648716504540134,0.3871759137007637,-1.5230742713356893,-1.8930889637081283,-2.2483021556260017
4,0.261825501911342,0.38338973577334745,-0.8052699838525801,-5.668903465605668,-1.7119026806285065
4,0.26021496194363686,0.3720519288421361,-1.3898480301300642,-5.590036438986923,-1.814484703206879
4,0.25743526588337673,0.36087185596416227,4.5766166456561175,-7.671918321547872,-1.032923819648837
4,0.26658849917468896,0.3455280193210665,-1.0911435033255923,-7.564222360055411,-1.7140586878689346
4,0.2644062121680378,0.3303995746009557,1.0571689593165956,-15.816909320210486,-1.5040576920725142
4,0.26652055008667097,0.29876575596053473,0.8506789295132378,-14.57802318702503,-1.5125089082441618
4,0.26822190794569745,0.26960970958648467,-0.7103418834353836,-7.678195426666728,-1.6630479058378353
4,0.2668012241788267,0.2542533187331512,-4.19902224747129,-10.76500846346623,-1.9427063365323232
4,0.2584031796838841,0.23272330180621875,4.079955433416993,-8.46239917300387,-1.121548667501259
4,0.2665630905507181,0.215798503460211,6.63177113410443,-7.094731200906201,-0.8191128439314234
4,0.27982663281892695,0.2016090410583986,3.360945336057075,-5.3137415072605085,-1.006821408057516
4,0.2865485234910411,0.1909815580438776,-1.6096116604961686,-6.462465357977911,-1.8149002932447023
4,0.28332930017004876,0.17805662732792177,3.8444652061671025,1.047882388831245,0.2661048130891853
4,0.29101823058238296,0.18015239210558426,0.8029126621720284,-5.295233221612919,-1.4203132851751377
4,0.292624055906727,0.16956192566235842,6.62350729919342,0.37414425447468425,0.05642736628212274
4,0.30587107050511386,0.1703102141713078,8.104376532246466,-0.6488925657930078,-0.07989649185040296
4,0.3220798235696068,0.16901242903972177,4.698604393627736,1.6181054290660135,0.3316594002548523
4,0.33147703235686227,0.1722486398978538,10.094119015131353,0.4306071689701707,0.04263336360967765
4,0.351665270387125,0.17310985423579414,4.033360726330843,-3.1834840542041554,-0.6681751467105327
4,0.35973199183978666,0.16674288612738583,6.126075585954377,1.1310579131922764,0.18257407796532946
4,0.3719841430116954,0.16900500195377038,6.003575521027537,-0.25292613329715163,-0.04210435168989405
4,0.3839912940537505,0.16849914968717608,3.833173891268693,0.17633256752006,0.04596930577732628
4,0.3916576418362879,0.1688518148222162,14.57388980931637,3.132058552724748,0.21168907851654298
4,0.4208054214549206,0.1751159319276657,4.1236996821955865,-7.027480729083712,-1.0401420054473138
4,0.4290528208193118,0.16106097046949827,-1.2576409266968902,-0.885569382542542,-2.528086071048593
4,0.426537538965918,0.1592898317044132,4.433740485820098,-4.615145831192866,-0.8054427349680403
4,0.4354050199375582,0.15005954004202746,9.439927813339382,-2.0394267425251633,-0.21277250101187647
4,0.45428487556423697,0.14598068655697713,-9.727071574584633,2.926027660413874,2.8493903356671897
4,0.4348307324150677,0.15183274187780488,-0.017379576631559868,-2.0839502134343544,-1.579135860826814
4,0.4347959732618046,0.14766484145093617,3.41238352754844,-0.9908548262519828,-0.2825989611549905
4,0.44162074031690146,0.1456831317984322,-2.4208272795920025,-0.04683169975872037,-3.122249737496926
4,0.43677908575771746,0.14558946839891476,5.082499621439002,-1.7706940881608983,-0.3352401603635378
4,0.44694408500059546,0.14204808022259297,3.2224421295866112,-3.255708119570877,-0.7905332245351159
4,0.4533889692597687,0.1355366639834512,1.3529696213630815,-8.54164404321811,-1.4137045754614648
4,0.45609490850249484,0.11845337589701499,0.05381427264894434,-9.77548040876465,-1.5652913565234432
4,0.45620253704779273,0.09890241507948569,2.4572579781295123,-6.967095325471107,-1.2317228549349601
4,0.46111705300405176,0.08496822442854347,8.90975259919366,-7.806195491586544,-0.7194756065954352
4,0.4789365582024391,0.06935583344537039,6.734149300645837,-4.979497037166801,-0.636708158871913
4,0.49240485680373075,0.059396839371036785,7.729431757640986,-6.231788438820249,-0.678535147719057
4,0.5078637203190127,0.046933262493396286,-1.7802696175280297,-1.481365343871055,-2.4475816937827837
4,0.5043031810839567,0.043970531805654176,10.625309655882598,-1.3040831542886453,-0.12212290348966785
4,0.5255538003957219,0.041362365497076885,6.091482722098751,1.3493279778505096,0.21799070733473253
4,0.5377367658399194,0.044061021452777904,6.660894438996534,-5.79901820398018,-0.7163362389671626
4,0.5510585547179124,0.032462985044817545,7.3615531422734914,-2.214042299559002,-0.2921516011911756
4,0.5657816610024594,0.02803490044569954,2.602208992060484,1.4244161025544575,0.5008350711787066
4,0.5709860789865804,0.030883732650808456,3.0931829920797793,0.6444816755412416,0.20541662954704984
4,0.5771724449707399,0.03217269600189094,-1.1536855114642752,0.8817940033775951,2.4889845859226543
4,0.5748650739478114,0.03393628400864613,7.765012439433005,3.776443175709538,0.45266074428715947
4,0.5903950988266774,0.041489170360065206,5.244747029572727,3.9550000821296574,0.6461122120475534
4,0.6008845928858229,0.04939917052432452,3.615215751872125,2.1779220587170576,0.5422058988163233
4,0.6081150243895671,0.053755014641758636,5.4385878232149905,6.711745148632056,0.8898009140381845
4,0.6189922000359971,0.06717850493902275,10.37295641107827,7.661004423195637,0.636136329553685
4,0.6397381128581536,0.08250051378541402,11.28423098354392,11.914288287579032,0.8125508643286655
4,0.6623065748252415,0.10632909036057209,2.393465583644727,9.067983603904615,1.3127349109083761
4,0.6670935059925309,0.12446505756838132,0.46027353349542555,-0.48939348271183347,-0.8160518844268259
4,0.6680140530595218,0.12348627060295765,2.6657793317546585,2.0131235141726616,0.6468033630063823
4,0.6733456117230311,0.12751251763130297,1.6033513971103752,-0.44626139229410333,-0.2714597881696404
4,0.6765523145172518,0.12661999484671477,2.6201379292178917,2.817725947821717,0.8217177798900318
4,0.6817925903756876,0.1322554467423582,0.585410423414312,-1.9218778426738636,-1.2751216471884241
4,0.6829634112225162,0.12841169105701047,0.8291883875894968,-1.9892718926717012,-1.175865964521189
4,0.6846217879976952,0.12443314727166707,2.2960217446243436,2.5715025491952064,0.8419335238470458
4,0.6892138314869439,0.12957615237005748,5.119237079208916,-1.4313298549887832,-0.272636144467484
4,0.6994523056453618,0.12671349266007992,2.527215363005153,-2.7135578528972166,-0.8209394879090299
4,0.7045067363713721,0.12128637695428549,5.994289825654975,-3.226877358679575,-0.4938356808930119
4,0.716495316022682,0.11483262223692633,4.364844484374797,-6.182985995101635,-0.9560919478685097
4,0.7252250049914316,0.10246665024672306,7.698277845144818,-13.364967160586973,-1.048207656250567
4,0.7406215606817212,0.07573671592554912,9.402811616680939,-17.420304180042873,-1.0758476429898673
4,0.7594271839150831,0.04089610756546337,7.2477587302587905,-11.507914450852342,-1.008748152847854
4,0.7739227013756007,0.017880278663758686,4.043536309576156,-7.953190785716468,-1.1004379220680767
4,0.782009773994753,0.001973897092325749,-3.024428198425355,10.131850093718198,1.8608828363236296
4,0.7759609175979023,0.022237597279762145,7.261767363382021,-10.04770375494435,-0.9449782807575902
4,0.7904844523246664,0.0021421897698734407,-5.78816377886382,3.9959680106658064,2.5373598324065734
4,0.7789081247669387,0.010134125791205054,-1.538388185032602,0.6519135023146149,2.7407693906203807
4,0.7758313483968735,0.011437952795834283,8.769009510978254,-4.219484903745626,-0.44847976648533006
4,0.79336936741883,0.00299898298834303,2.304328256131194,1.654200265366264,0.6226165922890542
4,0.7979780239310924,0.006307383519075558,2.915117065318329,-2.8511306653581117,-0.774301905175962
4,0.8038082580617291,0.0006051221883593347,7.1016579298809885,5.912517332982476,0.6942784662493479
4,0.818011573921491,0.012430156854324286,6.112785072875992,-5.905861286086444,-0.76818296805087
4,0.830237144067243,0.0006184342821513971,6.526569345638166,1.9420552352957055,0.28921806531897915
4,0.8432902827585194,0.004502544752742808,11.812875860597815,3.231245553605139,0.26700453390591755
4,0.866916034479715,0.010965035859953086,4.514816232405572,-1.0194090550948416,-0.22206808147245094
4,0.8759456669445261,0.008926217749763403,1.8790774153131795,-2.1401316543360887,-0.8502587009718138
4,0.8797038217751525,0.004645954441091225,3.0614984220133645,1.971850979270484,0.5722025176642586
4,0.8858268186191792,0.008589656399632193,10.284986586521327,2.8887147679610408,0.2738126206200939
4,0.9063967917922219,0.014367085935554275,0.7026358603636207,3.1827933899843415,1.3535205068884661
4,0.9078020635129491,0.020732672715522957,5.941461605388498,7.245782551179786,0.8839852860497728
4,0.9196849867237261,0.03522423781788253,0.38264776804569633,6.652261503206885,1.5133381858011303
4,0.9204502822598175,0.0485287608242963,6.3851723231680975,7.116805588317697,0.839532338726052
4,0.9332206269061537,0.0627623720009317,4.613038061940855,12.508322998505939,1.2174745354422476
4,0.9424467030300354,0.08777901799794358,2.7959089509986823,5.213754899937105,1.0785660911200592
4,0.9480385209320328,0.09820652779781779,3.1924862087106542,13.134541708998748,1.332359694899729
4,0.9544234933494541,0.12447561121581528,6.463852101680156,-1.249272317296879,-0.19091665077243639
4,0.9673511975528144,0.12197706658122152,8.417953684573154,4.652588634098294,0.5049124765547632
4,0.9841871049219607,0.1312822438494181,4.662344326043121,-2.436700151567633,-0.4815905008216886
4,0.993511793574047,0.12640884354628285,-3.076331577958724,-8.157264281035518,-1.9314312071496273
4,0.9873591304181295,0.11009431498421181,5.736364074152012,4.993927702480895,0.7163175633154322
4,0.9988318585664335,0.1200821703891736,-7.023340605386341,4.682798715415798,2.553533703711337
4,0.9847851773556608,0.1294477678200052,7.42095342452731,-4.097348443463599,-0.5044788565868934
4,0.9996270842047155,0.121253070933078,-7.079233714716526,0.5674540034328809,3.0616061255390807
4,0.9854686167752824,0.12238797893994376,1.2774153342471894,-4.589609681720133,-1.2993390542328624
4,0.9880234474437768,0.11320875957650349,5.4500201953581735,1.1977497212397186,0.21633069944544484
4,0.9989234878344931,0.11560425901898293,-0.5844424951625959,-2.8859334735713906,-1.770608209155148
4,0.997754602844168,0.10983239207184015,-5.181939358993359,7.140728994213225,2.198555152427628
4,0.9873907241261812,0.1241138500602666,-0.4388768504804963,-1.5630772429553255,-1.844525818187613
4,0.9865129704252202,0.12098769557435594,-0.23628087754490323,-2.6095910010618186,-1.661093370144243
4,0.9860404086701304,0.1157685135722323,-2.3739254222185924,-0.39045827866782123,-2.978574335613136
4,0.9812925578256932,0.11498759701489666,-2.0811402183130157,2.7048489392051467,2.2266051019339037
4,0.9771302773890672,0.12039729489330696,-3.8299769404135375,5.202558296437392,2.2053885175309973
4,0.9694703235082401,0.13080241148618174,-0.5199588813693534,-2.6448008517386685,-1.764917264647988
4,0.9684304057455014,0.1255128097827044,-7.637361603282211,1.340180516590697,2.967884298471972
4,0.953155682538937,0.1281931708158858,-9.172517313992657,5.624957802598169,2.591494436494936
4,0.9348106479109517,0.13944308642108214,-14.126124146843777,2.966427600936766,2.9346044236799114
4,0.9065583996172641,0.14537594162295567,-14.756589563058919,4.2982883172508615,2.858155626203177
4,0.8770452204911463,0.1539725182574574,-5.839498654151065,1.010960440612968,2.9701673084775413
4,0.8653662231828442,0.15599443913868333,-2.797332131597441,-3.2402940743980895,-2.282958799997614
4,0.8597715589196493,0.14951385098988715,-6.762160614299795,-1.653095019383377,-2.9018324612003314
4,0.8462472376910497,0.1462076609511204,0.4861504770858338,-2.884721019059386,-1.4038391214247703
4,0.8472195386452214,0.14043821891300162,-0.9318179580987129,-2.5748045738704373,-1.9180315884094754
4,0.845355902729024,0.13528860976526075,0.2884624666137925,3.8735241134920106,1.4964632462365037
4,0.8459328276622515,0.14303565799224477,-0.9710792610617136,-0.0030449977695690134,-3.1384569797970037
4,0.8439906691401281,0.14302956799670563,1.3809902626949477,1.3818399322694797,0.7857056993253869
4,0.846752649665518,0.1457932478612446,-2.0640791592530516,0.38019666380890993,2.9594376715784247
4,0.8426244913470119,0.1465536411888624,-0.6638150032691192,1.572856880075593,1.9701606585887794
4,0.8412968613404737,0.1496993549490136,-3.438067289857516,1.6807727909157189,2.6868874889740635
4,0.8344207267607586,0.15306090053084503,2.553825753447647,8.191604010412814,1.2685845082454175
4,0.8395283782676539,0.16944410855167066,-1.8790177580115808,2.7190142384091036,2.175500985205048
4,0.8357703427516308,0.17488213702848887,0.8568779495152778,5.372549440670421,1.4126365517650097
4,0.8374840986506613,0.1856272359098297,-1.3769327938228382,5.213267592598436,1.8290204384221043
4,0.8347302330630156,0.19605377109502659,-6.385405011670842,11.039374614909446,2.0951977040244816
4,0.821959423039674,0.21813252032484548,-0.7923980811256337,7.714381049603841,1.6731543487095162
4,0.8203746268774227,0.23356128242405316,-0.48212917855722237,9.991412891736939,1.6190132802822592
4,0.8194103685203082,0.25354410820752704,5.3264846164754465,6.159225260093326,0.8577738469957079
4,0.8300633377532591,0.2658625587277137,9.372202987928125,4.751191082410067,0.46918812982747954
4,0.8488077437291154,0.2753649408925338,4.774342717133395,11.641615298487034,1.1816049391304155
4,0.8583564291633822,0.2986481714895079,13.425547604360933,2.8407069190478085,0.20851421386402208
4,0.885207524372104,0.3043295853276035,9.686937138000895,-1.3914601172356211,-0.14266704964251595
4,0.9045813986481058,0.30154666509313227,4.786196417599142,8.072644367820542,1.0356205927599322
4,0.9141537914833041,0.31769195382877335,2.898070615591386,-0.9910960373872013,-0.3295165423576928
4,0.9199499327144869,0.31570976175399895,1.8409117414952547,0.2671083475282998,0.14409013368629253
4,0.9236317561974774,0.31624397844905555,0.1569865852285579,4.246035439166573,1.5338406503079856
4,0.9239457293679345,0.3247360493273887,2.9902985031159957,1.524805844056315,0.4715501761861481
4,0.9299263263741665,0.32778566101550133,5.111524010738055,-0.8782521431395796,-0.17015661931570264
4,0.9401493743956426,0.32602915672922217,1.0442709102636005,0.5137584432877706,0.45720953863567515
4,0.9422379162161698,0.3270566736157977,3.7550851280340747,5.668907328910344,0.9857532770583043
4,0.949748086472238,0.3383944882736184,4.320421615670589,6.352915095011069,0.9735723798812441
4,0.9583889297035791,0.35110031846364054,3.0672980699191776,0.17302823934606248,0.05635091553486034
4,0.9645235258434175,0.35144637494233266,10.09130097850236,8.36778901938165,0.6922987976665819
4,0.9847061278004222,0.36818195298109596,4.790590865888733,3.597697685431833,0.6441359895033578
4,0.9942873095321997,0.3753773483519596,-3.2558765924803335,1.6188936983781987,2.6801698572192194
4,0.987775556347239,0.378615135748716,4.714033414805973,2.085175531468669,0.4164603140165108
4,0.997203623176851,0.38278548681165336,-4.502368242720267,7.729647748098451,2.098234146776336
4,0.9881988866914104,0.39824478230785026,5.3300965853071975,6.125533849123927,0.8547232501291556
4,0.9988590798620248,0.4104958500060981,-6.13845796786433,2.4286335000266166,2.76484856823079
4,0.9865821639262962,0.41535311700615135,2.217132445522907,5.232439116730742,1.1700033275836974
4,0.991016428817342,0.42581799523961283,3.7596240031412265,4.839346696502017,0.9103086183215556
4,0.9985356768236244,0.43549668863261687,-0.3083376590278797,3.274888990613789,1.6646716846904102
4,0.9979190015055687,0.44204646661384445,-3.82120508956868,4.842451575708672,2.2388588779795913
4,0.9902765913264313,0.4517313697652618,2.174053899805628,3.8495681359969613,1.0566972833909045
4,0.9946246991260426,0.4594305060372557,-0.9745878742529746,4.499604562199222,1.7840956707461486
4,0.9926755233775366,0.46842971516165416,2.7496285983228397,3.381952395407284,0.8881606357353868
4,0.9981747805741823,0.4751936199524687,0.30709310043086635,4.477878028723209,1.5023234898751447
4,0.998788966775044,0.48414937600991514,-2.0658915755759066,6.138085648944191,1.8954564748189053
4,0.9946571836238922,0.4964255473078035,0.11052560550134372,2.348309814614147,1.5237650106462814
4,0.9948782348348949,0.5011221669370318,1.2128359719440485,10.946827560950778,1.4604529777536763
4,0.997303906778783,0.5230158220589334,-4.194729976836342,8.347411811617022,2.036456811995561
4,0.9889144468251103,0.5397106456821674,3.681652563825022,13.874585857923115,1.3114214893933671
4,0.9962777519527604,0.5674598173980137,-4.033940728072727,3.7057345538961117,2.3985747765605927
4,0.9882098704966149,0.5748712865058059,1.6185831830822783,6.508660905922503,1.3270590434245342
4,0.9914470368627795,0.5878886083176509,2.7685779982589143,10.395642211910305,1.310516665496699
4,0.9969841928592973,0.6086798927414715,-4.472653257067916,5.175645925128258,2.283461195337111
4,0.9880388863451615,0.619031184591728,4.8966204971078175,-0.31558937053777214,-0.06436142748507076
4,0.9978321273393771,0.6184000058506525,-4.268778442364729,-5.103822853204931,-2.2673349107704763
4,0.9892945704546476,0.6081923601442426,-0.8905653026684002,1.6863147789225041,2.056680826401509
4,0.9875134398493108,0.6115649897020876,-4.5967020260249125,10.601238898854504,1.9799290270467194
4,0.978320035797261,0.6327674674997966,1.3073205530370058,8.145963404534106,1.4116663376101504
4,0.980934676903335,0.6490593943088648,3.9179359501350097,-1.6574734720797846,-0.40021580096713016
4,0.988770548803605,0.6457444473647053,-2.726244810110523,1.321070372960198,2.6903609296723694
4,0.983318059183384,0.6483865881106257,-3.887521953842288,2.765999258443508,2.52318551634936
4,0.9755430152756994,0.6539185866275127,0.4139430269026745,-1.8279896538608842,-1.348104904508056
4,0.9763709013295048,0.6502626073197909,1.7706551511394997,1.2145578407158908,0.6012252080366279
4,0.9799122116317838,0.6526917230012227,-3.9465166657826622,-0.6455412867173438,-2.979456095574768
4,0.9720191783002184,0.651400640427788,0.49457885029113857,-2.10611538795058,-1.340145577388559
4,0.9730083360008007,0.6471884096518868,-1.8895611196085293,-5.23787681325194,-1.9170152036678771
4,0.9692292137615837,0.636712656025383,-9.820132154464256,-0.5924905008119485,-3.0813314346013567
4,0.9495889494526552,0.6355276750237591,-8.741954909941619,2.270859541368575,2.8874441248388525
4,0.9321050396327719,0.6400693941064962,-15.677331146879192,-1.268906382730417,-3.060829780333357
4,0.9007503773390135,0.6375315813410354,-13.44867049497278,2.1973640097426306,2.9796348013042095
4,0.873853036349068,0.6419263093605206,-10.47843790686348,-3.4432288792141663,-2.8241069094825946
4,0.852896160535341,0.6350398516020923,-0.3831350033107195,7.921305488332253,1.6191263211355982
4,0.8521298905287196,0.6508824625787568,-5.223491957016823,14.988074364062742,1.9061430263302448
4,0.8416829066146859,0.6808586113068823,-1.536996021914594,9.229205214874247,1.7358179825888744
4,0.8386089145708567,0.6993170217366308,-3.6039593642654966,8.400256774583891,1.9760751810599688
4,0.8314009958423257,0.7161175352857986,2.817604664833162,5.179026363492545,1.0725393773691887
4,0.8370362051719921,0.7264755880127837,2.8481998375349815,5.104270344759187,1.0618292989075024
4,0.842732604847062,0.736684128702302,-0.05262818722973073,3.904893059902048,1.5842730085520484
4,0.8426273484726026,0.7444939148221061,3.4481667921560377,2.0599844750802676,0.5385161506307736
4,0.8495236820569146,0.7486138837722667,3.6774432151885916,4.913594818093336,0.9283058048016284
4,0.8568785684872918,0.7584410734084533,-0.21999142082523848,3.6548257517507454,1.6309158316659773
4,0.8564385856456413,0.7657507249119548,6.27614182827374,9.498851239703177,0.986917494975348
4,0.8689908693021888,0.7847484273913612,3.9727774159427076,3.975301380276852,0.7857157199182147
4,0.8769364241340742,0.7926990301519149,1.1434265316396242,-1.5596312222670994,-0.9381738525755114
4,0.8792232771973535,0.7895797677073807,1.8715544000849627,-2.3336991230999415,-0.8948559149291908
4,0.8829663859975234,0.7849123694611808,-1.0229308091256883,9.396754621967762,1.6792293541780732
4,0.880920524379272,0.8037058787051163,-0.1809118872897475,7.494197335874475,1.5949319011861023
4,0.8805587006046925,0.8186942733768653,-0.40886375135174013,3.284990608399929,1.6946237366512913
4,0.8797409731019891,0.8252642545936651,0.2107376865160826,7.48468414173159,1.5426479077820696
4,0.8801624484750212,0.8402336228771283,-0.027215275116287962,16.94789358297938,1.5724021459245778
4,0.8801080179247887,0.8741294100430871,-4.01023374216225,10.994948884066824,1.9205365987271446
4,0.8720875504404642,0.8961193078112207,-0.6636470057520549,8.152308285732435,1.652023238357556
4,0.87076025642896,0.9124239243826856,-2.920148066433814,6.747050351998962,1.979258130686216
4,0.8649199602960924,0.9259180250866835,-5.045318063275294,-6.303242953343946,-2.2458006958012726
4,0.8548293241695418,0.9133115391799956,-10.955607445483572,5.338438897281971,2.6881734288759973
4,0.8329181092785747,0.9239884169745596,-8.236910306687383,-2.5222058927622526,-2.844450437413854
4,0.8164442886651999,0.9189440051890351,-8.211346504398364,-4.629885617401574,-2.628185852888692
4,0.8000215956564032,0.9096842339542319,-7.163760738687907,-0.8031377836145159,-3.0299476525202276
4,0.7856940741790274,0.9080779583870029,-10.431590999427753,-4.518578194262934,-2.73282832398626
4,0.7648308921801719,0.899040801998477,-20.55798052990526,-2.3346381874989053,-3.028513512919704
4,0.7237149311203613,0.8943715256234792,-13.683551938048488,1.1520788135789828,3.0575963278415017
4,0.6963478272442644,0.8966756832506372,-12.377193080381653,3.8877863569650173,2.837242708696724
4,0.671593441083501,0.9044512559645672,-11.796601487511216,7.862147269793007,2.5537223259844017
4,0.6480002381084786,0.9201755505041532,-1.5195038888935475,1.7251946304375765,2.292886337102625
4,0.6449612303306915,0.9236259397650284,1.008101555423968,7.283478183710834,1.4332607874275995
4,0.6469774334415395,0.93819289613245,2.2734373360641102,4.72399837270443,1.1222586624826547
4,0.6515243081136677,0.9476408928778589,0.2205430950476539,11.321469112101079,1.5513187128503796
4,0.651965394303763,0.9702838311020611,-11.23161175078219,8.136393482685078,2.514665363065255
4,0.6295021708021986,0.9865566180674312,-2.7794853532360775,3.7434057731942083,2.209481261200532
4,0.6239432000957265,0.9940434296138196,-5.5177189193706395,-0.8635200087764305,-2.986352410108552
4,0.6129077622569852,0.9923163895962668,-0.576978717340304,1.7930153027526652,1.88212434153708
4,0.6117538048223046,0.9959024202017721,-7.601594349302743,-4.720264523805584,-2.5859058247465754
4,0.5965506161236991,0.9864618911541609,-4.853300109541991,6.66497237881114,2.200185813815852
4,0.5868440159046151,0.9997918359117832,-3.7924339690789677,-8.235951803800878,-2.0023254437759768
4,0.5792591479664572,0.9833199323041815,-1.321728136982725,7.564899343089904,1.743768879740366
4,0.5766156916924917,0.9984497309903613,-1.8277894604558642,-3.9774142549978686,-2.0015571052587773
4,0.57296011277158,0.9904949024803655,-6.939884370596339,4.428561433601819,2.5736058732584213
4,0.5590803440303873,0.9993520253475692,-2.5614517642688073,-7.295777375197154,-1.9084390910219728
4,0.5539574405018497,0.9847604705971749,-9.750679302108267,3.7876667609759718,2.7710812834681824
4,0.5344560818976332,0.9923358041191268,-4.950959663601983,3.4520711935330795,2.532712732309812
4,0.5245541625704292,0.999239946506193,1.9342753864358686,-1.8572640520281292,-0.7650895927236331
4,0.5284227133433009,0.9955254184021367,2.1504505320357747,-3.40615710526182,-1.0076493621374611
4,0.5327236144073725,0.9887131041916131,3.9065473816903284,1.8329404948659866,0.43870301087415203
4,0.5405367091707531,0.992378985181345,-3.512901561145143,-3.109434768856334,-2.4170444191620963
4,0.5335109060484629,0.9861601156436324,2.117644237295657,-3.5867870459964646,-1.0374644867954557
4,0.5377461945230542,0.9789865415516394,-4.734295979769154,-1.3842380365573503,-2.85713647988307
4,0.5282776025635159,0.9762180654785247,-4.836549441269877,6.4543274082483055,2.213881226195095
4,0.5186045036809761,0.9891267202950214,-1.6343374925987808,0.6542147309230861,2.760833255403353
4,0.5153358286957785,0.9904351497568675,3.770364216887534,-0.7378073304942778,-0.19324402131843105
4,0.5228765571295536,0.988959535095879,-2.443301034269596,-1.7210589061786297,-2.5279204099915034
4,0.5179899550610144,0.9855174172835217,-2.7737293378787276,6.885747786472384,1.953732923162832
4,0.512442496385257,0.9992889128564665,2.297113354329472,-1.04432675508076,-0.4266939917222545
4,0.5170367230939159,0.997200259346305,1.1213572860925836,0.6951206448199687,0.5549178621973014
4,0.5192794376661011,0.9985905006359449,1.2045779020373182,-2.102031496394041,-1.0504256239171137
4,0.5216885934701757,0.9943864376431568,2.2017003049653594,1.303680616743741,0.5346085412387448
4,0.5260919940801064,0.9969937988766443,7.860500728899877,0.24010429708493097,0.030536179773283642
4,0.5418129955379062,0.9974740074708142,1.839293092839811,-10.622161184651924,-1.3993402278225366
4,0.5454915817235858,0.9762296851015103,-2.3815661024033097,-4.4817948128701985,-2.0592368739660256
4,0.5407284495187792,0.9672660954757699,-0.6795416556610312,-4.216807537613831,-1.7305734036243172
4,0.5393693662074571,0.9588324804005423,-2.318415351725722,-8.130658902232302,-1.8485694288616252
4,0.5347325355040057,0.9425711625960776,-5.950490930964447,-5.77902367248867,-2.3708118935304583
4,0.5228315536420768,0.9310131152511003,2.469816390745172,-7.770625077662962,-1.2630538633443833
4,0.5277711864235671,0.9154718650957744,5.183713110131937,-3.2866063992273986,-0.5650632659346354
4,0.538138612643831,0.9088986522973196,13.753943817621906,-2.558750801262999,-0.18393485026776424
4,0.5656465002790748,0.9037811506947936,11.665042794795577,-2.3753592810915047,-0.20088404011172786
4,0.588976585868666,0.8990304321326106,8.579691184922245,-4.2463323515792295,-0.45958205905689037
4,0.6061359682385105,0.8905377674294521,4.107631659686306,-5.609532414654727,-0.938746353569334
4,0.6143512315578831,0.8793187026001427,6.981612453334784,-14.371159305977487,-1.1185673007330859
4,0.6283144564645526,0.8505763839881877,8.181126051686194,-5.623608264853141,-0.6022113215181464
4,0.644676708567925,0.8393291674584814,3.5346790238076076,-6.429954018408179,-1.0681675510708053
4,0.6517460666155402,0.826469259421665,5.187897835824518,-6.424091875617155,-0.8914571146006159
4,0.6621218622871893,0.8136210756704307,9.150103539068477,-1.7580914485204047,-0.18982557552245222
4,0.6804220693653262,0.8101048927733899,5.091936760720117,-5.007173127171749,-0.7770051818209164
4,0.6906059428867665,0.8000905465190464,1.5293917055524964,0.26812884135613,0.17355353201169238
4,0.6936647262978715,0.8006268042017587,3.515701049245201,5.420790180766133,0.9954349356574514
4,0.7006961283963619,0.811468384563291,5.26751069535053,9.171673161162852,1.0494703356527895
4,0.7112311497870629,0.8298117308856167,12.13991896346056,5.644674076529244,0.4352313775944736
4,0.735510987713984,0.8411010790386751,18.87610662048056,11.087688334828261,0.5310978911890575
4,0.7732632009549452,0.8632764557083317,7.134670437402956,8.951789586830683,0.8978809007885592
4,0.7875325418297511,0.881180034881993,-4.295901474839936,3.7829333820156297,2.4196046718281834
4,0.7789407388800712,0.8887459016460243,6.741654761137861,1.7051783463236103,0.2477360216111304
4,0.7924240484023469,0.8921562583386715,6.423772276068718,-0.7582733894594962,-0.11749804011905253
4,0.8052715929544844,0.8906397115597525,0.5072296917201236,5.681536604065229,1.481755538250412
4,0.8062860523379246,0.902002784767883,-0.4596363477561982,7.599627578359913,1.631204171712011
4,0.8053667796424122,0.9172020399246028,-1.2772214492675626,7.864386627692177,1.731796384988331
4,0.8028123367438771,0.9329308131799872,1.6770834595740691,-1.979545748688194,-0.8679264368941827
4,0.8061665036630252,0.9289717216826108,5.1306364940603695,4.8296241230651455,0.7551860242143559
4,0.816427776651146,0.9386309699287411,1.444793163611291,7.5102565977591125,1.3807421629164198
4,0.8193173629783685,0.9536514831242593,1.860995561076051,9.80464832066752,1.3832202018702624
4,0.8230393541005206,0.9732607797655943,5.8072459661784315,7.774433260762215,0.9292390932530715
4,0.8346538460328775,0.9888096462871188,0.906394255011933,0.2899923808582505,0.3096491202970939
4,0.8364666345429014,0.9893896310488353,-1.2657464097229898,1.0450776433701403,2.451399337857559
4,0.8339351417234554,0.9914797863355755,4.592929634130327,-3.8487593349647575,-0.6974712626122079
4,0.843121000991716,0.983782267665646,2.2677403676955588,7.675147392691206,1.2835049055271086
4,0.8476564817271072,0.9991325624510284,6.777010252274507,-1.4937968939379709,-0.21695204726062997
4,0.8612105022316562,0.9961449686631525,5.2877264030831705,-2.4954113988149285,-0.4409365967526437
4,0.8717859550378225,0.9911541458655226,1.3970951447765945,-0.7562729170282334,-0.49615323358159735
4,0.8745801453273757,0.9896416000314662,5.761433045722574,2.2382451841185813,0.3705426519681083
4,0.8861030114188209,0.9941180903997033,-0.34635181775455326,1.2942814819550397,1.832271394369951
4,0.8854103077833118,0.9967066533636134,7.75945567107339,-0.8147660926494105,-0.10461962094272956
4,0.9009292191254585,0.9950771211783146,6.570275533719361,-3.629753682461878,-0.504722841663152
4,0.9140697701928973,0.9878176138133908,10.710139537483954,-10.745866709938046,-0.7870632980465609
4,0.9354900492678652,0.9663258803935147,8.020869713844746,-17.580772962324907,-1.142773922312881
4,0.9515317886955547,0.9311643344688649,15.280954902654575,-19.61089058603521,-0.9088628885197089
4,0.9820936985008638,0.8919425532967945,7.401448184539916,0.6141099547876117,0.08278197670479112
4,0.9968965948699436,0.8931707732063697,-5.293406286467072,-3.2754546392285144,-2.587478560715603
4,0.9863097822970095,0.8866198639279127,2.3356780826578882,0.65391436795742,0.2729787300984241
4,0.9909811384623253,0.8879276926638275,1.1262833109735304,0.25084649324991215,0.21914381912363048
4,0.9932337050842723,0.8884293856503274,-4.007958091008512,-1.0867787754286762,-2.876804401775684
4,0.9852177889022553,0.88625582809947,4.268863453974592,-7.25258965730674,-1.0388024594029865
4,0.9937555158102045,0.8717506487848565,-1.4382398110024397,2.7201581322773283,2.0571659409233183
4,0.9908790361881996,0.8771909650494112,2.938095374754701,0.553248642831683,0.18612240484197987
4,0.996755226937709,0.8782974623350746,0.020723365750929812,0.01539629307067969,0.6389697301668448
4,0.9967966736692109,0.8783282549212159,-1.1075926792293855,-2.9141784794862735,-1.934004761961974
4,0.9945814883107521,0.8724998979622434,-5.053747393548469,-2.5313239846266877,-2.6772408194240964
4,0.9844739935236552,0.86743724999299,0.6678924424811106,-8.68699780243487,-1.49406313353695
4,0.9858097784086174,0.8500632543881202,-1.8547495989614249,-12.802681000541716,-1.7146673511814134
4,0.9821002792106945,0.8244578923870368,0.12309760101969491,-6.373789228634186,-1.551485631842211
4,0.9823464744127339,0.8117103139297684,0.6137317208465554,-13.052792215209552,-1.5238117407003742
4,0.983573937854427,0.7856047294993493,-4.277820897844508,-7.871626906505613,-2.0685953962500934
4,0.975018296058738,0.7698614756863381,-5.139268068683422,-14.575674019121799,-1.9097785317205518
4,0.9647397599213712,0.7407101276480945,-8.471989361150678,-6.690241314933676,-2.4731702775504356
4,0.9477957811990698,0.7273296450182272,-20.17658660966587,-7.226718964761735,-2.797654943330057
4,0.9074426079797381,0.7128762070887037,-13.885609547269695,2.764995396362546,2.9450369606934252
4,0.8796713888851987,0.7184061978814288,-5.841919472830637,-1.1164754010483668,-2.952755278409985
4,0.8679875499395374,0.716173247079332,1.8799657017187776,-1.5770996778765034,-0.6980134327800293
4,0.871747481342975,0.713019047723579,3.880124989750766,0.39025750431709305,0.10024148197522469
4,0.8795077313224765,0.7137995627322132,4.754080671168559,-2.5902832836466327,-0.4988843177472267
4,0.8890158926648136,0.70861899616492,-1.9977578871445134,-9.071467685179524,-1.7875605947451276
4,0.8850203768905246,0.6904760607945609,-0.3026565750616217,-3.8513391966027433,-1.6492199173760456
4,0.8844150637404014,0.6827733824013554,-0.2795481223364926,-9.798722912409408,-1.5993176269575027
4,0.8838559674957284,0.6631759365765366,-6.53716364582746,-11.402953472688603,-2.091342200148247
4,0.8707816402040734,0.6403700296311594,-5.274314549587267,-12.279749445998078,-1.9764834809886114
4,0.8602330111048989,0.6158105307391633,-7.545570553363912,-10.202257401799807,-2.2076069367514934
4,0.8451418699981711,0.5954060159355636,-4.154872997468417,-3.2664436913130146,-2.4753406429982516
4,0.8368321240032343,0.5888731285529376,-10.488669595378418,-7.593539600509624,-2.5149563297684185
4,0.8158547848124774,0.5736860493519184,-3.9987414712957525,2.0357677183798217,2.6706898996018507
4,0.8078573018698859,0.577757584788678,-6.9013064024833755,-4.211618068175604,-2.5936603392421484
4,0.7940546890649192,0.5693343486523268,-10.851846201582028,-4.00879422811734,-2.7877306764256855
4,0.7723509966617551,0.5613167601960921,-8.629361758958565,3.2465633309624042,2.7817503008786644
4,0.755092273143838,0.5678098868580169,-10.464298478107981,6.000218736640139,2.6209623675500393
4,0.734163676187622,0.5798103243312972,-15.699900411553058,1.9274003787267402,3.019438744309581
4,0.7027638753645159,0.5836651250887507,-9.201218817340095,4.615757114693753,2.676628894696079
4,0.6843614377298357,0.5928966393181382,-0.2722871614809774,-1.9916451929183343,-1.706668672644974
4,0.6838168634068738,0.5889133489323015,-3.1155182027224337,5.194112761756187,2.111081408634969
4,0.6775858270014289,0.5993015744558139,-1.849740111741216,2.645897509955142,2.180916273093839
4,0.6738863467779465,0.6045933694757242,2.8422345344422673,-0.31463599351200244,-0.11025132447458467
4,0.679570815846831,0.6039640974887002,2.6174573642660515,2.696894133475236,0.8003446444187091
4,0.6848057305753631,0.6093578857556506,-0.9150261887592159,6.531159638838934,1.7099919548772922
4,0.6829756781978447,0.6224202050333285,0.6554462323196675,8.669936174364457,1.4953399700612175
4,0.684286570662484,0.6397600773820574,-0.706750143552981,5.9484052039402435,1.6890553164790147
4,0.682873070375378,0.6516568877899379,-4.132781079863978,0.19787476843624585,3.0937498650216035
4,0.6746075082156501,0.6520526373268104,3.7712115550828096,7.424713919195247,1.1008273654166416
4,0.6821499313258157,0.6669020651652009,-5.102604554544921,3.150717388285984,2.58842477928275
4,0.6719447222167259,0.6732034999417729,1.1217637348985288,8.485698616446491,1.4393637805276394
4,0.6741882496865229,0.6901748971746658,-6.039425671142906,1.0934716906084718,2.9624774556682683
4,0.6621093983442371,0.6923618405558828,-2.891441225710112,2.508374258280488,2.427016594326279
4,0.6563265158928169,0.6973785890724438,-6.317124125856277,-1.4639547950745513,-2.913868643211695
4,0.6436922676411043,0.6944506794822947,0.05073156587287464,0.5142133797619852,1.4724559808346445
4,0.6437937307728501,0.6954791062418186,-1.9350808060659697,-1.3932446334792292,-2.5175742111943977
4,0.6399235691607181,0.6926926169748602,-5.745550622246687,3.809147563790749,2.5561512469718073
4,0.6284324679162248,0.7003109121024417,4.116147483675558,6.422920301504709,1.0008782625586905
4,0.6366647628835759,0.7131567527054511,-0.07896635626680748,4.004561368599058,1.5905128740555854
4,0.6365068301710423,0.7211658754426492,0.3711472289847362,3.0903152065588357,1.4512687026209816
4,0.6372491246290117,0.7273465058557669,3.677701151538537,0.20753908658383002,0.05637195422066669
4,0.6446045269320888,0.7277615840289345,2.0737941652345104,2.3672532687230574,0.8513810430216521
4,0.6487521152625578,0.7324960905663807,-1.512417817120748,-1.451622986323231,-2.376702408829899
4,0.6457272796283163,0.7295928445937342,1.406381219351216,4.638993686286175,1.2764382600322097
4,0.6485400420670188,0.7388708319663065,5.196801328774092,5.3827140881048114,0.8029692541808969
4,0.658933644724567,0.7496362601425162,6.6887946443689446,3.302285199661359,0.45859819874927615
4,0.6723112340133048,0.7562408305418389,3.6528308826686007,5.295157037363551,0.9669192229486926
4,0.679616895778642,0.766831144616566,12.502753754550955,2.8249583244114307,0.22221552269445632
4,0.704622403287744,0.7724810612653888,6.723005298832407,9.754891114279019,0.9673600831427127
4,0.7180684138854088,0.7919908434939469,12.575223117976043,6.81690853553607,0.4967503560437679
4,0.7432188601213608,0.805624660565019,9.260398510519519,8.575535404161727,0.7470190788317602
4,0.7617396571423999,0.8227757313733425,-0.15397958083118723,8.23274510517119,1.5894974559935942
4,0.7614316979807375,0.8392412215836849,6.3804434202426314,0.0919523186647675,0.01441058989553691
4,0.7741925848212228,0.8394251262210144,4.724662713079253,4.994545747609824,0.8131590353003315
4,0.7836419102473813,0.849414217716234,-0.38271161376401963,-6.419162441122062,-1.630346014790011
4,0.7828764870198532,0.8365758928339899,-0.07246895318197,5.2835650319087435,1.5845113863834355
4,0.7827315491134893,0.8471430228978074,-1.8776421717911496,7.022098178999292,1.8320743519173728
4,0.778976264769907,0.861187219255806,3.250575754557894,-2.7759120835341156,-0.7067975288759739
4,0.7854774162790228,0.8556353950887378,1.5067031024006972,0.1252450459494625,0.08293456284430466
4,0.7884908224838242,0.8558858851806367,-5.861061631755149,5.155720991553148,2.4201314193588876
4,0.7767686992203139,0.866197327163743,1.2794131215903004,-5.055825860751761,-1.32294237788521
4,0.7793275254634945,0.8560856754422395,0.72404762262257,-0.8985441016388096,-0.8925282614962704
4,0.7807756207087396,0.8542885872389618,0.5395097857771036,0.19314506229395345,0.3437848333358887
4,0.7818546402802938,0.8546748773635497,2.12246045950093,-0.4848429521424613,-0.22458092637233817
4,0.7860995611992957,0.8537051914592648,3.900421928299813,1.1714489145411844,0.29176779650173107
4,0.7939004050558953,0.8560480892883472,0.363861814418609,1.2600280228501348,1.2896712792189295
4,0.7946281286847325,0.8585681453340475,-0.9417258278531793,3.9697586723368983,1.803715753527814
4,0.7927446770290262,0.8665076626787213,-1.150531774416541,0.5823298232646712,2.673045345785084
4,0.7904436134801931,0.8676723223252506,-0.1118507652214662,0.2610929083233793,1.9755386271236464
4,0.7902199119497502,0.8681945081418974,3.223951273906067,3.9828673433227046,0.8903167647738863
4,0.7966678144975623,0.8761602428285428,-0.49506200011184553,7.579527289906074,1.6360193646894527
4,0.7956776904973386,0.8913192974083549,2.570130361375711,5.210944260509442,1.112589199447703
4,0.80081795122009,0.9017411859293738,-1.2918475916498529,5.40971822034314,1.8052075577444389
4,0.7982342560367903,0.9125606223700601,-1.0141026360398486,15.143078068753923,1.6376645492474073
4,0.7962060507647106,0.9428467785075679,-7.452750603270442,13.755144052430001,2.067334163891057
4,0.7813005495581697,0.9703570666124279,-6.057779898798687,9.30694167214352,2.147795792295396
4,0.7691849897605724,0.988970949956715,-3.7588704107704984,-4.340802007364086,-2.284471417101202
4,0.7616672489390314,0.9802893459419868,-2.748975643074969,8.05800501786269,1.899563888059161
4,0.7561692976528814,0.9964053559777122,-2.4491287479396218,-3.489744891664981,-2.182734273707119
4,0.7512710401570022,0.9894258661943822,5.768948440777299,4.113578222774139,0.619434158646154
4,0.7628089370385568,0.9976530226399305,-2.8586035775234886,-6.268753706372476,-1.9986354909032862
4,0.7570917298835098,0.9851155152271855,4.37958014235329,1.537893041223648,0.33769965688886183
4,0.7658508901682164,0.9881913013096328,-5.980837247828774,3.252440422580216,2.643514090119758
4,0.7538892156725588,0.9946961821547933,2.9280451066021618,1.020211666905968,0.33527331243249797
4,0.7597453058857632,0.9967366054886052,-2.961872692570866,-4.645173793719592,-2.138421869343535
4,0.7538215605006214,0.987446257901166,-4.5624838102882315,1.6199329496212056,2.800421559925128
4,0.744696592880045,0.9906861238004084,3.2334831367698547,3.4913633643839925,0.8237267606159382
4,0.7511635591535847,0.9976688505291764,0.16127600637383388,-1.8497192916556715,-1.4838268132721317
4,0.7514861111663323,0.9939694119458651,-2.603471171365168,1.6457290905431687,2.5778834313248873
4,0.746279168823602,0.9972608701269514,0.9568025067547281,-5.614111466639038,-1.4019900966231427
4,0.7481927738371115,0.9860326471936733,-6.208177174620466,-4.207693986289729,-2.5459449243961094
4,0.7357764194878705,0.9776172592210939,-8.503255667161202,-9.179620092519158,-2.3179634425532654
4,0.7187699081535481,0.9592580190360556,-9.028627735397142,-19.220641207072564,-2.009940984492147
4,0.7007126526827538,0.9208167366219104,-8.587287921440922,-17.67211799605073,-2.0231190183305987
4,0.683538076839872,0.885472500629809,-9.206450555309164,-5.592194062634892,-2.595734184760042
4,0.6651251757292537,0.8742881125045392,-2.801254655219132,-4.006419045872566,-2.1809795535914587
4,0.6595226664188154,0.8662752744127941,-4.740303428498793,-1.9498076437427514,-2.7513612081357497
4,0.6500420595618178,0.8623756591253086,-3.9501848133304818,2.273309157121761,2.6193869140131576
4,0.6421416899351569,0.8669222774395521,-7.457670876604983,3.763138621385831,2.6742720446302477
4,0.6272263481819469,0.8744485546823237,-4.956682960033986,-3.0334473210953394,-2.592402576100828
4,0.6173129822618789,0.8683816600401331,-13.232171396940052,-4.135417549930409,-2.8386827248924233
4,0.5908486394679988,0.8601108249402722,-12.936268516432259,-5.833120987398132,-2.717980420048307
4,0.5649761024351343,0.848444582965476,-5.194032428537887,-3.663172007012272,-2.5273415148689184
4,0.5545880375780585,0.8411182389514514,-16.209576575351935,-9.279754480575718,-2.6216498185707278
4,0.5221688844273547,0.8225587299903,-8.67025327362636,-8.746241546790378,-2.3518315117752397
4,0.5048283778801019,0.8050662468967192,-3.2903043553908495,-5.040999589090933,-2.1490733832462783
4,0.49824776916932023,0.7949842477185374,-0.6108494245773977,0.16834793129383296,2.872672014910528
4,0.49702607032016544,0.795320943581125,1.1844418674183677,-8.10078842765627,-1.4256119326257046
4,0.49939495405500217,0.7791193667258125,-1.5994190096651761,6.6826653794222475,1.8057157270175166
4,0.4961961160356718,0.792484697484657,-0.5123732458973962,-5.056898554439415,-1.671773360033567
4,0.495171369543877,0.7823709003757782,-8.495154725169456,-5.615558941829302,-2.5575019580718896
4,0.4781810600935381,0.7711397824921196,4.047102473725195,2.171438248953661,0.49245167079507673
4,0.4862752650409885,0.7754826589900269,2.2969473969640384,4.346136688959501,1.0846069794686657
4,0.4908691598349166,0.7841749323679459,2.6020805517641685,5.719946724986769,1.1438639146684701
4,0.4960733209384449,0.7956148258179194,4.0126017679057435,-3.4946477879089777,-0.7165134847618081
4,0.5040985244742564,0.7886255302421015,-2.2760368966421582,1.4295935386849368,2.5807625784240775
4,0.4995464506809721,0.7914847173194713,-3.880049436771199,-0.2781693942643382,-3.0700228741297058
4,0.4917863518074297,0.7909283785309427,4.810804703988092,-0.4607505295704528,-0.09548287414915645
4,0.5014079612154059,0.7900068774718018,-0.8942909672439991,0.4056965937691559,2.7157061462704095
4,0.4996193792809179,0.7908182706593401,-4.077904630811424,-6.150240459468326,-2.156289513114876
4,0.491463570019295,0.7785177897404034,-3.191179808806177,-2.285838129793938,-2.520011475730248
4,0.48508121040168267,0.7739461134808155,-5.315201991562629,-5.0687682535719425,-2.3799221668731523
4,0.4744508064185574,0.7638085769736717,-8.212711377616394,-0.8604084424557734,-3.0372079891609944
4,0.4580253836633246,0.7620877600887601,-8.145341674454576,-0.6509040536800126,-3.0618509006146835
4,0.4417347003144155,0.7607859519814001,-9.663078773712503,-7.126909616775145,-2.5061135855188614
4,0.42240854276699047,0.7465321327478498,-6.135573804981198,0.1678241874650821,3.114246824486991
4,0.4101373951570281,0.74686778112278,-4.718953421950555,-9.91317952898857,-2.015083281859885
4,0.40069948831312696,0.7270414220648028,-5.456442777293652,-2.7740839590622013,-2.671243505026817
4,0.38978660275853966,0.7214932541466784,-2.729362196394941,-9.69661761052426,-1.8451729179151075
4,0.3843278783657498,0.7021000189256299,-8.277482522126233,-8.708592424490902,-2.3308197422074803
4,0.3677729133214973,0.6846828340766481,-3.9602548661869794,-8.083738733589474,-2.0263344567784887
4,0.35985240358912335,0.6685153566094691,-15.310954924346698,-5.20659610728913,-2.8138031297183486
4,0.32923049374042995,0.6581021643948909,-2.4268383217446177,0.03210322574881408,3.1283650095946602
4,0.3243768170969407,0.6581663708463885,-4.7425619066854,-0.13037932991216694,-3.114108247138196
4,0.3148916932835699,0.6579056121865642,-3.371098485577234,4.03280625831659,2.2670585012328837
4,0.30814949631241545,0.6659712247031974,-3.911768349361522,2.671483950846598,2.5424116831007275
4,0.3003259596136924,0.6713141926048906,-1.6684509680552073,-1.7846017262538316,-2.3225700448971445
4,0.296989057677582,0.6677449891523829,0.06588521375211487,-4.557704773933913,-1.5563415456594152
4,0.2971208281050862,0.6586295796045151,1.4057041988655428,6.12842848853029,1.3453222517731729
4,0.2999322365028173,0.6708864365815757,-3.547238862213198,-4.35094781622497,-2.2547848874096035
4,0.2928377587783909,0.6621845409491257,-0.6361845231754593,4.338307570975807,1.716402009716531
4,0.29156538973204,0.6708611560910773,-4.333507976677392,3.5378381619735055,2.4569366291411336
4,0.2828983737786852,0.6779368324150243,-6.487816927440493,3.6193111832529823,2.632732855979701
4,0.2699227399238042,0.6851754547815303,-5.513832650125311,8.990541785833472,2.120932499872038
4,0.2588950746235536,0.7031565383531972,-7.332881621783,3.433398006570554,2.703691133830868
4,0.2442293113799876,0.7100233343663384,-9.400507181525228,-0.8947623768875146,-3.046696190413215
4,0.22542829701693715,0.7082338096125633,-4.024215728377648,5.804636714957456,2.176995316951778
4,0.21737986556018185,0.7198430830424782,0.36121307923038526,5.343330295096426,1.5032982811890059
4,0.21810229171864262,0.7305297436326711,2.9259479208806893,5.853588557043876,1.1072643947442227
4,0.223954187560404,0.7422369207467588,0.034309636718646286,0.6209930017696541,1.515602805915212
4,0.2240228068338413,0.7434789067502982,-1.6801929194585064,0.8413269776899601,2.677359322587652
4,0.22066242099492428,0.7451615607056781,-4.62860486612382,-0.512760437635873,-3.0312617511322255
4,0.21140521126267664,0.7441360398304063,-15.170623560436539,7.030693107948848,2.7076173542806705
4,0.18106396414180356,0.758197426046304,-4.277402885877052,3.0252162725178944,2.5260138752221186
4,0.17250915837004946,0.7642478585913398,4.686356236469027,6.471655815681598,0.94405496799847
4,0.18188187084298751,0.777191170222703,-3.8087889733559726,11.871948950853472,1.8812452407241937
4,0.17426429289627557,0.80093506812441,-0.7764049898638797,4.085201487448065,1.7586094714337277
4,0.1727114829165478,0.8091054710993061,-8.657881794228993,9.361940974269734,2.3171429827945627
4,0.15539571932808982,0.8278293530478456,-2.299911111630151,6.722844918091663,1.9004194667484566
4,0.15079589710482952,0.8412750428840289,-6.446359622266306,7.0543516298037785,2.3111908248817414
4,0.1379031778602969,0.8553837461436364,1.8938872278353724,1.5138990500940808,0.6743510132087928
4,0.14169095231596765,0.8584115442438246,-7.025610767804821,-0.4536467455113491,-3.0771117331909545
4,0.127639730780358,0.8575042507528019,-2.6326542135159046,6.593472292044599,1.950683507979957
4,0.1223744223533262,0.8706911953368911,0.8892145810425119,2.244261060328545,1.1935553290399652
4,0.12415285151541122,0.8751797174575482,1.6845769845180574,3.7939951604750166,1.1529336958010787
4,0.12752200548444734,0.8827677077784982,1.732563579936383,6.261075230691803,1.3008319215975548
4,0.1309871326443201,0.8952898582398818,-3.9725390822118523,6.393050622714835,2.126791113342456
4,0.1230420544798964,0.9080759594853115,-1.3692780087455545,5.146971103398568,1.8308095399284585
4,0.12030349846240529,0.9183699016921086,3.43833589337815,14.619802905453893,1.3398105108515206
4,0.1271801702491616,0.9476095075030164,-1.548474494033121,11.064260014984784,1.709846004123464
4,0.12408322126109535,0.969738027532986,3.872995132499134,7.357814262502648,1.0862693025363033
4,0.13182921152609361,0.9844536560579913,3.4686686970905045,6.8386184282376306,1.1013911989030578
4,0.13876654892027462,0.9981308929144665,6.214672285539346,-4.666966000965833,-0.6441147834615893
4,0.15119589349135332,0.9887969609125349,-0.038753483443343395,4.033570841475154,1.5804037671017452
4,0.15111838652446663,0.9968641025954852,10.270722968600015,-7.221898007924832,-0.6128394821153479
4,0.17165983246166666,0.9824203065796355,5.826556666950533,8.07167547216403,0.9455545106416628
4,0.18331294579556773,0.9985636575239636,4.18058261256106,-0.9473176159874308,-0.22283627559771274
4,0.19167411102068985,0.9966690222919887,5.686902066893068,-3.747359929928251,-0.5826382869122537
4,0.20304791515447598,0.9891743024321322,0.4435054208501432,1.0874761934955846,1.183558223465227
4,0.20393492599617627,0.9913492548191234,3.4029330201821026,-1.819842063546795,-0.4910878700298687
4,0.21074079203654048,0.9877095706920298,0.7731532806053432,5.9670989481651615,1.4419448145300244
4,0.21228709859775116,0.9996437685883601,1.9730700807823187,-2.0144422007714047,-0.795773212451339
4,0.2162332387593158,0.9956148841868173,6.837208233173672,-5.497099394389915,-0.6771737884198921
4,0.22990765522566314,0.9846206853980375,8.305782704344066,-0.26967645588538147,-0.03245711580127028
4,0.24651922063435128,0.9840813324862667,4.159718088458053,-4.7996449264145475,-0.856702556235551
4,0.2548386568112674,0.9744820426334376,1.4834526753618738,2.2596706775842024,0.9898717821275723
4,0.25780556216199113,0.979001383988606,3.559341812754968,-1.3167518277003576,-0.3543293467778383
4,0.26492424578750107,0.9763678803332053,1.576518508968866,2.0035195435612607,0.9041101156290295
4,0.2680772828054388,0.9803749194203278,0.6286579764585021,2.6886230056175076,1.341101442923794
4,0.2693345987583558,0.9857521654315629,-0.9290892892469815,2.3869443935647383,1.941990766368334
4,0.26747642017986184,0.9905260542186923,-0.9740945157024061,-1.1918130269477634,-2.2560103339744253
4,0.26552823114845703,0.9881424281647968,-2.8358021170645507,5.146627882725629,2.0744084812389953
4,0.2598566269143279,0.9984356839302481,3.2991036410912886,-3.5690513668186763,-0.8246821991867189
4,0.2664548341965105,0.9912975811966107,1.4774740298027222,1.4189134657496272,0.7651824338037035
4,0.26940978225611595,0.99413540812811,0.4770910869508205,-1.6348459542459004,-1.2868550826794343
4,0.2703639644300176,0.9908657162196182,1.189240491984711,-0.20562113119737546,-0.17120852788805105
4,0.272742445413987,0.9904544739572234,4.732618701558056,1.3587420746358214,0.2795817359805477
4,0.2822076828171031,0.9931719581064951,4.513680662567548,0.4822114176925574,0.10642962254269252
4,0.2912350441422382,0.9941363809418802,4.792882381876417,0.7643973964886475,0.15815400253465792
4,0.30082080890599106,0.9956651757348575,8.610487954548274,-8.130680748619778,-0.7567456896230591
4,0.3180417848150876,0.9794038142376179,6.769850736675659,-1.4762353124095906,-0.2146993488960012
4,0.3315814862884389,0.9764513436127987,9.143958406571562,-8.90133330188908,-0.7719536322795659
4,0.34986940310158204,0.9586486770090206,4.150903587979482,-6.640953440141928,-1.01216369483458
4,0.358171210277541,0.9453667701287367,3.5378073884769767,-11.110436819372293,-1.2625254697631987
4,0.36524682505449496,0.9231458964899921,1.7940917677553847,-7.5115979940330035,-1.3363457241065866
4,0.36883500859000573,0.9081227005019261,-0.37589858372352736,-3.362886795057418,-1.6821127913213492
4,0.3680832114225587,0.9013969269118113,3.5173890594376034,-5.52799369478657,-1.0041218468181965
4,0.3751179895414339,0.8903409395222381,0.47180835076451877,-6.592866795522179,-1.4993546607129833
4,0.3760616062429629,0.8771552059311938,-2.6864802913603714,-11.350919247430424,-1.8031951565054962
4,0.3706886456602422,0.8544533674363329,-5.623341737158227,-9.003340465717491,-2.12909638706296
4,0.3594419621859257,0.836446686504898,-0.42012930156515305,-7.642617959793207,-1.625712962910972
4,0.3586017035827954,0.8211614505853115,2.1427072051793115,-4.586381066515488,-1.1337402541232127
4,0.36288711799315404,0.8119886884522806,-1.6064787940636427,-4.111692868457306,-1.943268365128814
4,0.35967416040502675,0.803765302715366,1.5292057352761512,-6.899374936885194,-1.352678366610285
4,0.36273257187557906,0.7899665528415956,-1.6945178347870238,-0.4089008424655316,-2.904811203956735
4,0.359343536206005,0.7891487511566645,-3.2721326749461097,-1.2568685437862603,-2.774856578867846
4,0.3527992708561128,0.786635014069092,-7.11318701998262,-2.2852683415923725,-2.830736222852339
4,0.33857289681614755,0.7820644773859072,-8.417196232178735,-0.7991388489034246,-3.0469351657535526
4,0.3217385043517901,0.7804661996881004,-5.500293863878403,-6.72851311419359,-2.2560936232768802
4,0.3107379166240333,0.7670091734597132,-11.425477048398719,-1.3911698597571243,-3.0204287491782646
4,0.28788696252723583,0.764226833740199,-11.575236442785712,2.688623864336326,2.9133658055348644
4,0.2647364896416644,0.7696040814688716,-7.046524914754132,0.6018618928713693,3.0563868700599994
4,0.25064343981215614,0.7708078052546143,-7.046524914754132,0.6018618928713693,3.0563868700599994
5,0.4461075634558136,0.48902089387973147,-10.723272859130606,0.06047272186995856,3.1359533229851504
5,0.4246610177375524,0.4891418393234714,-11.78554436679219,0.7828660829774237,3.0752641365579803
5,0.401089929003968,0.49070757148942623,-9.817278631339216,-1.8877385931007906,-2.9516239726698936
5,0.3814553717412896,0.48693209430322465,-6.672823741976918,-2.5832756873320206,-2.7722267857706444
5,0.36810972425733574,0.4817655429285606,-16.563615511544644,-5.659216391421667,-2.812361964234985
5,0.33498249323424645,0.4704471101457173,-3.0405202657300956,-0.9600238785754389,-2.835755776522362
5,0.32890145270278626,0.4685270623885664,-5.597268670159583,-3.61943283782154,-2.567581206473505
5,0.3177069153624671,0.4612881967129233,-3.162147878181004,-3.212019424189999,-2.348370640260318
5,0.3113826196061051,0.4548641578645433,-1.5312151222535986,-4.098638221723433,-1.9283313024678146
5,0.3083201893615979,0.44666688142109645,-5.34850980374546,-6.257256303133951,-2.2780526346443404
5,0.29762316975410696,0.43415236881482855,0.4391874914644045,-5.939031911030123,-1.4969813434380246
5,0.2985015447370358,0.4222743049927683,-2.4384836891473136,-9.924325672552053,-1.8117311592061915
5,0.29362457735874115,0.4024256536476642,-3.643604084077323,-10.102072101553311,-1.9169527716791188
5,0.2863373691905865,0.3822215094445576,-5.32355028467496,-4.982495413752841,-2.389275117156665
5,0.2756902686212366,0.3722565186170519,0.978972234414871,-0.5042511833910357,-0.4756404482261546
5,0.2776482130900663,0.3712480162502698,-6.020831390736836,-3.1412046826868045,-2.66071825266426
5,0.26560655030859265,0.3649656068848962,3.16591074361805,-4.926087343948477,-0.999582342549267
5,0.27193837179582875,0.35511343219699926,-5.139968250725879,-2.3429828204022396,-2.7138960782243156
5,0.261658435294377,0.3504274665561948,-3.0959169207904202,0.055303140759771496,3.123731302342832
5,0.25546660145279615,0.3505380728377143,-1.6506221536064791,-5.451217268361591,-1.8648188634992335
5,0.2521653571455832,0.33963563830099114,-4.926165644711086,-7.585627104014031,-2.1467551472452797
5,0.24231302585616102,0.3244643840929631,2.9516488866764834,-8.311561554871838,-1.2295625245685324
5,0.24821632362951399,0.3078412609832194,0.11497596398910015,-4.083570404997183,-1.542648019115711
5,0.24844627555749219,0.29967412017322503,-3.3603585210466718,-5.960851487222057,-2.084125731997741
5,0.24172555851539884,0.2877524171987809,-0.6159791895723882,-5.770070535172173,-1.6771477247484676
5,0.24049360013625407,0.2762122761284366,-5.016873146733769,-6.271843967746493,-2.2454787364548903
5,0.23045985384278653,0.2636685881929436,1.2641208483026993,-5.106295586098902,-1.32811428448927
5,0.23298809553939193,0.2534559970207458,0.5308150406679729,-11.800410878323689,-1.5258438709419635
5,0.23404972562072787,0.2298551752640984,-2.974318768818068,-5.597046819916532,-2.0592539544192303
5,0.22810108808309174,0.21866108162426534,-1.7326026974310016,-13.276273063281039,-1.7005666234404844
5,0.22463588268822973,0.19210853549770326,0.782999085312347,-6.134456049918913,-1.4438432605462672
5,0.22620188085885443,0.17983962339786544,0.1279123444701824,-4.69124033057694,-1.5435368706720574
5,0.2264577055477948,0.17045714273671156,-0.1706496874321478,-5.213251433558081,-1.6035184730743073
5,0.2261164061729305,0.1600306398695954,5.1409730985033235,-8.226180237750361,-1.0122310651508346
5,0.23639835236993714,0.14357827939409468,-2.543206483052382,-5.136062360192165,-2.0305697366122293
5,0.23131193940383238,0.13330615467371035,-1.164434402604192,1.2216567062667687,2.332217477167536
5,0.228983070598624,0.13574946808624389,0.0043841107661701795,-4.5128165280189645,-1.5698248471524718
5,0.22899183882015633,0.12672383503020596,3.1683226021290145,-8.96099860696676,-1.2309464067937015
5,0.23532848402441436,0.10880183781627244,4.396041999797512,-6.652050004715665,-0.9868278277722315
5,0.2441205680240094,0.09549773780684111,7.738613981830317,-6.18573381345696,-0.6743344402921994
5,0.25959779598767,0.08312627017992719,2.4025639251868958,-3.6577783652977716,-0.989629831120146
5,0.2644029238380438,0.07581071344933164,2.1202353522339346,-9.779965127240754,-1.357306299197854
5,0.2686433945425117,0.056250783194850135,1.315947442884824,-8.725059232341064,-1.421100708613794
5,0.27127528942828133,0.03880066473016801,2.0392873813250554,-4.541653024161355,-1.148758705344552
5,0.27535386419093144,0.029717358681845298,0.49355770876466365,-2.410118268502187,-1.3688034149217478
5,0.27634097960846077,0.024897122144840925,7.038912771805045,-3.690678776765762,-0.4829177955442595
5,0.29041880515207086,0.0175157645913094,4.414795947665917,0.06477034165194503,0.014670144640147256
5,0.2992483970474027,0.01764530527461329,1.1318086262855909,-2.816269236205724,-1.1886683715191604
5,0.3015120142999739,0.012012766802201843,9.530332806234554,-5.642020574609647,-0.534521319059361
5,0.320572679912443,0.0007287256529825495,3.9618279576497937,0.46583243205708347,0.11704277518260812
5,0.32849633582774257,0.0016603905170967164,4.467146285499712,-0.1885923640520007,-0.04219258272077424
5,0.337430628398742,0.001283205788992715,8.804055191627997,-0.6386605503610828,-0.07241478935548094
5,0.355038738781998,5.884688270549332e-06,6.068858804769067,1.7469639059304058,0.2802795992547851
5,0.3671764563915361,0.003499812500131361,7.3772114834507185,2.698704812069478,0.35069507150108015
5,0.38193087935843756,0.008897222124270318,3.7896802272743835,0.5871959526328229,0.1537236078664695
5,0.3895102398129863,0.010071614029535964,-0.02868026772404053,4.373737880544013,1.5773536142778848
5,0.38945287927753824,0.01881908979062399,6.476768870740973,10.703398219104104,1.0266255098702832
5,0.4024064170190202,0.0402258862288322,10.461379320653135,2.8633626067285194,0.2671645987255752
5,0.42332917566032646,0.04595261144228924,5.2616052608688015,8.410982726443201,1.0117917751378405
5,0.43385238618206406,0.06277457689517564,6.727626530526748,1.8728204257751415,0.2715036051726316
5,0.44730763924311756,0.06652021774672592,2.946399371277358,1.6163750467627913,0.5017625935934897
5,0.4532004379856723,0.0697529678402515,-0.47465999514342827,7.179441564896777,1.6368140266939735
5,0.4522511179953854,0.08411185097004506,7.413809359994139,0.4337484189420038,0.058438856560134055
5,0.4670787367153737,0.08497934780792907,-0.3720581806916645,7.460555508078559,1.6206250829701474
5,0.46633462035399037,0.09990045882408619,0.1319417471887241,1.769633751654197,1.496375237860934
5,0.4665985038483678,0.10343972632739458,4.228783030236105,2.2132379029089835,0.48217200161250784
5,0.47505606990884003,0.10786620213321255,8.029123988389564,4.546834383065246,0.5152658998894702
5,0.49111431788561916,0.11695987089934304,3.845271763312591,5.428665172348731,0.9545034046299743
5,0.49880486141224434,0.1278172012440405,-3.3048796084962917,4.803156641679268,2.1734666152788003
5,0.49219510219525175,0.13742351452739904,-0.7557061990483283,6.541349814405323,1.6858139988219272
5,0.4906836897971551,0.15050621415620968,-1.3183248218560928,3.4314205042443033,1.9376014144645919
5,0.4880470401534429,0.1573690551646983,-2.0047807696850493,9.700308652008355,1.7745988223085205
5,0.4840374786140728,0.176769672468715,-0.8060602406849415,8.384008496733431,1.6666443148547359
5,0.48242535813270293,0.19353768946218186,-1.5520422074760953,7.062157400278712,1.7871261418627535
5,0.47932127371775074,0.20766200426273929,-1.7434583535179404,5.559890472470783,1.874662825410117
5,0.47583435701071486,0.21878178520768085,-7.472917605521767,4.74374369585813,2.5759833081266934
5,0.4608885217996713,0.2282692725993971,-4.781546828823868,6.226703519071203,2.225661538150686
5,0.4513254281420236,0.24072267963753952,-4.657962552097272,6.597798555635581,2.1855293777850617
5,0.44200950303782904,0.2539182767488107,-2.2320375736093188,3.7736769644916013,2.104924254039803
5,0.4375454278906104,0.2614656306777939,-7.168835591330414,4.126159608086765,2.6193308523948953
5,0.4232077567079496,0.2697179498939674,-6.788402580625879,3.917902869416817,2.618146709592531
5,0.4096309515466978,0.27755375563280105,-4.63745231816065,-0.23880191354977431,-3.0901438926986957
5,0.4003560469103765,0.2770761518057015,-0.3055111362132157,-0.072163155843602,-2.9096393799807916
5,0.3997450246379501,0.2769318254940143,-7.725994445884759,6.474673079008896,2.444084562366901
5,0.38429303574618057,0.2898811716520321,2.0300516103924635,5.415455290372462,1.212146128706017
5,0.3883531389669655,0.300712082232777,-4.98304855830578,6.6449302730481055,2.21423491074414
5,0.37838704185035393,0.3140019427788732,-2.2641233720877563,3.320025200200416,2.1693118179423707
5,0.3738587951061784,0.32064199317927405,-2.548291090164412,2.0670642594400324,2.460085566076814
5,0.3687622129258496,0.3247761216981541,2.1368640187143515,4.182584703996072,1.0984702989045285
5,0.3730359409632783,0.33314129110614626,-1.9693281565968113,6.009311047264015,1.887479901828822
5,0.3690972846500847,0.3451599132006743,2.1095050900882817,4.767528041909746,1.1542189931779627
5,0.37331629483026124,0.3546949692844938,3.7459556632842004,8.376940371245144,1.1502944182424797
5,0.38080820615682964,0.3714488500269841,8.339446886353935,2.856589449824254,0.33001304047098134
5,0.3974870999295375,0.3771620289266326,9.558823178261788,6.777350539050652,0.616750816590618
5,0.4166047462860611,0.3907167300047339,2.0604089277976856,1.3496841250561498,0.5799216227123623
5,0.42072556414165646,0.3934160982548462,7.032477447313945,-1.1712651111308037,-0.16503599084260537
5,0.43479051903628435,0.3910735680325846,4.64240354222234,-0.7968443707943307,-0.16998831004284015
5,0.44407532612072903,0.3894798792909959,8.502864267238536,0.632422279088829,0.0742408585767776
5,0.4610810546552061,0.3907447238491736,6.180785967115798,-5.916315041086667,-0.7635393062831811
5,0.4734426265894377,0.37891209376700025,3.171267117926091,-2.387559472900341,-0.6453369089519587
5,0.4797851608252899,0.37413697482119956,1.3024340258940836,-7.074008712748964,-1.3887200109366749
5,0.48239002887707805,0.35998895739570164,4.124109038257828,-3.924117674165395,-0.7605541545241787
5,0.4906382469535937,0.35214072204737085,2.4169081763713294,0.9987851527355207,0.391875589456938
5,0.49547206330633636,0.3541382923528419,0.560185755735132,-8.545466462707429,-1.5053364250143009
5,0.4965924348178066,0.33704735942742703,1.0929710308413276,-1.400853832124238,-0.9082346616666562
5,0.4987783768794893,0.33424565176317855,8.738648051230562,-11.759717568739031,-0.9317257578937699
5,0.5162556729819504,0.3107262166257005,-0.4317667332412456,-2.673508006999503,-1.7309120509074685
5,0.5153921395154679,0.3053792006117015,2.953812002814027,-0.8404830491832993,-0.27721534774180817
5,0.521299763521096,0.3036982345133349,1.6767015557691,-8.227891675804456,-1.369766264970332
5,0.5246531666326342,0.287242451161726,4.737698108252919,-4.749653851157137,-0.7866583397487229
5,0.53412856284914,0.2777431434594117,-0.18792607388612437,2.3095636312578383,1.651986109694355
5,0.5337527107013678,0.2823622707219274,-2.1618830867337624,-4.547692259811082,-2.014554867962184
5,0.5294289445279002,0.2732668862023052,-3.888896768851735,-6.653233033201644,-2.0997499927204895
5,0.5216511509901968,0.2599604201359019,-3.138118868247719,-1.7968711500752632,-2.621567679062578
5,0.5153749132537013,0.2563666778357514,-0.5314779367244227,-10.570149835697318,-1.621035039805157
5,0.5143119573802525,0.23522637816435676,4.205937292978579,-5.7673405445157755,-0.9406962183176149
5,0.5227238319662096,0.2236916970753252,2.9719746451926654,-3.6410585344297806,-0.8862315817292168
5,0.528667781256595,0.21640958000646565,-1.1787509347618852,-7.026528382174879,-1.737005904406039
5,0.5263102793870712,0.2023565232421159,2.950539289794607,-8.151832587975512,-1.2235173365831427
5,0.5322113579666604,0.18605285806616487,4.97917674638465,-2.722328413174921,-0.5003389462509839
5,0.5421697114594297,0.18060820123981502,5.059407960117445,-6.541194895168162,-0.9124438052536139
5,0.5522885273796646,0.1675258114494787,6.807547752677722,-6.952644242498349,-0.79594242851249
5,0.56590362288502,0.153620522964482,8.664479121780921,-12.229760871402858,-0.9544050991819745
5,0.5832325811285819,0.12916100122167629,-0.09951130897201121,-12.627627943537785,-1.578676607205714
5,0.5830335585106379,0.10390574533460072,0.5845995811744054,-5.659663249413249,-1.467869054367837
5,0.5842027576729867,0.09258641883577422,-1.7543781990514429,-16.64692846851145,-1.6757962448744006
5,0.5806940012748838,0.05929256189875132,-0.2426091217470061,-14.712322533960617,-1.587285031018546
5,0.5802087830313898,0.029867916830830083,1.570765618288672,-9.667138665911454,-1.4097189767094078
5,0.5833503142679671,0.010533639499007177,-5.352993830966823,-3.49990493925708,-2.5625353299123472
5,0.5726443266060335,0.0035338296204930164,2.119606396862761,-1.5120919947626608,-0.6196517452978263
5,0.576883539399759,0.0005096456309676947,0.9674657652591345,2.042172747602022,1.1283738006144086
5,0.5788184709302773,0.004593991126171738,-4.423864159623925,1.6864976322531824,2.777373672181769
5,0.5699707426110294,0.007966986390678103,-2.0581869923114726,-0.8475997553772613,-2.7509395007615307
5,0.5658543686264065,0.006271786879923581,3.578038283060525,-1.8491492781188381,-0.4770013134880052
5,0.5730104451925275,0.0025734883236859045,2.6375783719814194,1.8733143704957407,0.6175656158518473
5,0.5782856019364904,0.006320117064677386,-1.1754409989364611,-0.08895903919558688,-3.066055235966231
5,0.5759347199386174,0.006142198986286212,0.467880161927392,-1.772004947729923,-1.31264782988916
5,0.5768704802624722,0.0025981890908263663,4.710644214167503,2.8308436980780707,0.54111493859827
5,0.5862917686908072,0.008259876486982507,4.7356008151197,-2.068517286170429,-0.41182396436461477
5,0.5957629703210466,0.004122841914641649,9.074352867374957,5.346178221002744,0.5324052588796035
5,0.6139116760557966,0.014815198356647137,6.391726075581083,-3.723800686905378,-0.5275249130120501
5,0.6266951282069587,0.0073675969828363806,2.1937223714291187,5.87429836172115,1.213390384704774
5,0.631082572949817,0.01911619370627868,-0.8916342755283524,-0.9858866217357463,-2.306036171699789
5,0.6292993043987603,0.01714442046280719,6.471538175937375,1.2567773579449901,0.19181315897388632
5,0.642242380750635,0.01965797517869717,3.7483958038055376,-3.669219716919798,-0.7747245068998168
5,0.6497391723582461,0.012319535744857573,0.8189168672582681,-1.6151502660364152,-1.1015468374884654
5,0.6513770060927626,0.009089235212784742,1.7998854431481304,3.076061765954793,1.0413849701883593
5,0.6549767769790589,0.015241358744694329,1.4911641537494469,-0.5087112416536964,-0.3287693354534479
5,0.6579591052865578,0.014223936261386936,8.307965049156929,2.3205871193425973,0.2723787338840224
5,0.6745750353848716,0.01886511050007213,5.257433040986081,3.0381683640830577,0.5239964044051347
5,0.6850899014668438,0.024941447228238246,0.10314919847181914,-5.091386851651151,-1.5505395495265741
5,0.6852961998637874,0.014758673524935944,2.6316049544563014,-2.600381295581536,-0.7794303938521151
5,0.6905594097727,0.00955791093377287,5.887646038024663,-2.6847721924284103,-0.42783309910535283
5,0.7023347018487494,0.00418836654891605,1.8680516349958154,-1.5658987705255922,-0.6976343189867642
5,0.706070805118741,0.0010565690078648657,-2.3081447605491356,-0.20744270679549198,-3.0519592515462373
5,0.7014545155976427,0.0006416835942738817,1.7427950471302633,6.16172595329769,1.2951541639783737
5,0.7049401056919032,0.012965135500869264,5.3976527395978575,-0.9479715365537135,-0.17385360707842196
5,0.715735411171099,0.011069192427761837,2.4049052515801583,-3.7011780429647394,-0.9945845591750003
5,0.7205452216742593,0.0036668363418323573,3.740813323281744,-1.165240885288316,-0.3019681029638084
5,0.7280268483208228,0.0013363545712557251,6.157840955464899,2.8313363809401895,0.43096844379947324
5,0.7403425302317526,0.0069990273331361035,3.2678298969537334,1.5049475474983656,0.43157958621344195
5,0.74687819002566,0.010008922428132835,3.09840232888714,1.5655472577622989,0.4678592182783471
5,0.7530749946834343,0.013140016943657433,0.33945362069942586,0.3210836748951283,0.7575947188878456
5,0.7537539019248332,0.01378218429344769,5.286219370129796,-3.0671332386664005,-0.5257431677930596
5,0.7643263406650928,0.007647917816114888,3.8648960906557672,5.006020391916136,0.9133321671105937
5,0.7720561328464043,0.01765995859994716,0.8083583449864928,5.373039579983571,1.42146912407527
5,0.7736728495363773,0.028406037759914304,0.817083292214249,9.72498026124143,1.4869741777835452
5,0.7753070161208058,0.047855998282397165,2.6002238763404573,11.239876369847222,1.3434564068792387
5,0.7805074638734867,0.07033575102209161,1.8237973929328688,14.85873636440562,1.4486647855411314
5,0.7841550586593524,0.10005322375090285,3.6029988809188063,6.783644578034827,1.0825557679727387
5,0.79136105642119,0.1136205129069725,-3.967697996585473,1.1839540524081897,2.8516060215489833
5,0.7834256604280191,0.11598842101178888,0.5019455064459444,-4.0836292936947824,-1.4484932808759194
5,0.784429551440911,0.10782116242439932,-0.054153494915665235,5.397393158253536,1.5808292586733934
5,0.7843212444510796,0.11861594874090639,1.1377943644064192,0.8205336391949036,0.6247876676587077
5,0.7865968331798925,0.1202570160192962,5.93553028934185,2.371281689983108,0.3800806933112347
5,0.7984678937585762,0.12499957939926241,2.5511619729737256,-2.3408589207825625,-0.7424356230110095
5,0.8035702177045236,0.12031786155769729,4.712235676417764,1.5597007131355893,0.31963965817492584
5,0.8129946890573592,0.12343726298396847,8.129510305383281,0.9348444597732305,0.11449105065457497
5,0.8292537096681257,0.12530695190351493,9.585095175739633,-6.434433003085715,-0.5912004634230797
5,0.848423900019605,0.1124380858973435,9.50669935759091,1.3509891928683224,0.1411639684584189
5,0.8674372987347868,0.11514006428308014,14.330915792772347,1.7272835699503746,0.11994987630346463
5,0.8960991303203315,0.11859463142298089,3.5864696786878647,0.07126100880246872,0.019866788128907405
5,0.9032720696777072,0.11873715344058583,5.372987810812746,1.090917798496953,0.20031448128920956
5,0.9140180452993327,0.12091898903757974,0.6581390807852139,1.5224171161397348,1.1627598151365937
5,0.9153343234609032,0.1239638232698592,3.0505608281493624,6.986901495102081,1.1591319716600803
5,0.9214354451172019,0.13793762626006337,6.474724901348538,3.389503570357541,0.4822685734306326
5,0.934384894919899,0.14471663340077845,12.365285444865592,5.684119865036529,0.43087762959843495
5,0.9591154658096301,0.1560848731308515,14.52753830528436,3.2720140592500253,0.22153181634587737
5,0.9881705424201989,0.16262890124935156,-0.7291981090868371,5.826671083625973,1.6952973588189242
5,0.9867121462020252,0.1742822434166035,0.23449033036426759,2.041437978610144,1.4564322707263673
5,0.9871811268627537,0.1783651193738238,-0.5344586764370884,5.221473757764327,1.6727989064699424
5,0.9861122095098795,0.18880806688935245,0.49469445531113987,4.464185999539919,1.4604325702470244
5,0.9871015984205018,0.1977364388884323,2.7234676962903936,4.541126680208965,1.030572497982979
5,0.9925485338130826,0.20681869224885022,0.834075251118338,6.111433739587516,1.435156499751113
5,0.9942166843153193,0.21904155972802525,-1.7209381177086813,8.07137964001621,1.7808655990047721
5,0.9907748080799019,0.23518431900805767,3.909227111998259,10.4061201872762,1.2114417621456612
5,0.9985932623038984,0.25599655938261007,-4.4271126210275735,0.47184437115707634,3.0354128783506518
5,0.9897390370618433,0.2569402481249242,1.31017239494563,8.280499131682244,1.413873365186065
5,0.9923593818517346,0.2735012463882887,0.1719156870487737,-2.0041966986606705,-1.4852279311542602
5,0.9927032132258321,0.26949285299096737,0.5714698343732283,5.828553409692155,1.4730621071891794
5,0.9938461528945786,0.2811499598103517,2.4205300273424935,3.4270992129901146,0.9558605457119427
5,0.9986872129492635,0.2880041582363319,-4.858519662805594,5.305702873363682,2.3122270331327535
5,0.9889701736236524,0.2986155639830593,0.8516640734960723,3.0720923245343976,1.3003617389688629
5,0.9906735017706445,0.30475974863212807,-3.0863631955889703,4.017246919349043,2.2258932174844293
5,0.9845007753794666,0.31279424247082616,-5.721222292011219,-0.7857898304559907,-3.0051001506033974
5,0.9730583307954441,0.3112226628099142,0.21231909954305683,1.1434897394601573,1.3872105885831045
5,0.9734829689945302,0.3135096422888345,-7.039032798474231,-1.145905801041236,-2.980215226284549
5,0.9594049033975818,0.311217830686752,-2.5985794082906133,1.2752375738804556,2.6853771256809953
5,0.9542077445810005,0.31376830583451293,-4.34707347919594,1.5446435894581334,2.8001778329296494
5,0.9455135976226087,0.3168575930134292,-5.8792295771182275,2.8255957008228028,2.693579900342273
5,0.9337551384683722,0.3225087844150748,-9.874389934679318,3.5991278892669176,2.7920668869614778
5,0.9140063585990136,0.32970704019360864,-6.247739808703134,-2.4456050244973935,-2.7684887199503985
5,0.9015108789816073,0.32481583014461385,-12.480945792808063,1.5126180681709067,3.020986660382576
5,0.8765489873959912,0.32784106628095566,-4.1343437944895145,-3.1773230205958956,-2.4863441602873153
5,0.8682802998070122,0.32148642023976387,1.809727052272836,1.9190910445134879,0.8147191564787362
5,0.8718997539115578,0.32532460232879085,-2.9327630530751603,-0.5448955713348025,-2.9578913626597765
5,0.8660342278054075,0.32423481118612124,0.24587462443231844,-8.089903308779567,-1.540412903103127
5,0.8665259770542721,0.3080550045685621,-5.477357306345964,-9.52444073865641,-2.0926940346206866
5,0.8555712624415802,0.2890061230912493,5.168085444981707,-9.78659364665585,-1.0849393963188196
5,0.8659074333315436,0.2694329357979376,-7.544118146187051,-8.506475758206177,-2.2963084264622626
5,0.8508191970391695,0.25241998428152523,-1.197433976972584,-6.387995861288339,-1.7560966024894338
5,0.8484243290852244,0.23964399255894855,0.81529246418377,-6.567242467186013,-1.4472829446727473
5,0.8500549140135919,0.22650950762457653,-3.6823079563014782,1.6655761250179562,2.716812309080007
5,0.8426902981009889,0.22984065987461244,2.1118267999776785,0.18035144236017153,0.0851939657758856
5,0.8469139517009443,0.23020136275933278,0.12068626243710856,-5.815689962830203,-1.550047465762116
5,0.8471553242258185,0.21856998283367238,2.4879030550413184,-2.4959917493554418,-0.7870211284738923
5,0.8521311303359012,0.2135779993349615,-1.9269676230377342,-6.217409975052615,-1.8713389764812267
5,0.8482771950898257,0.20114317938485626,2.674710062909813,-0.7332969313443988,-0.2675845527525768
5,0.8536266152156453,0.19967658552216747,3.278896842358936,-4.696308146368858,-0.9612888151121382
5,0.8601844089003632,0.19028396922942975,3.568576535372847,3.6495688574434135,0.7966183479265987
5,0.8673215619711089,0.19758310694431658,10.138928165615512,1.8076988490092483,0.17643891627749766
5,0.8875994183023399,0.20119850464233507,5.509732496044972,-2.6822216256381233,-0.45304425747386134
5,0.8986188832944298,0.19583406139105883,11.824413340075834,-2.5085352949746618,-0.20904935837258368
5,0.9222677099745815,0.1908169908011095,6.37142166595056,-1.1350865472894434,-0.17630312522975336
5,0.9350105533064826,0.18854681770653062,10.691780176778797,-2.3812785252420725,-0.2191437160971054
5,0.9563941136600402,0.18378426065604647,16.912751749826814,0.4395328785397612,0.025982405062313592
5,0.9902196171596939,0.184663326413126,-2.0392464407606448,0.8373018231285639,2.7519872328643284
5,0.9861411242781726,0.18633793005938312,-2.775510344254939,-6.715772933201886,-1.9627002977883679
5,0.9805901035896627,0.17290638419297935,4.573996931976465,-3.7025683687252062,-0.6804959909503266
5,0.9897380974536156,0.16550124745552894,3.980015023428485,-6.011858131165046,-0.9860123790511983
5,0.9976981275004726,0.15347753119319885,-6.760382322084757,-7.704957495493186,-2.2909878612523302
5,0.9841773628563031,0.13806761620221247,3.3024556770384628,-5.810617403785592,-1.0539751942516158
5,0.99078227421038,0.1264463813946413,2.1537721418262157,-9.343792971513269,-1.3442502803676433
5,0.9950898184940324,0.10775879545161475,-4.660743287203117,-5.154681294398021,-2.305914271410461
5,0.9857683319196262,0.09744943286281871,4.241876744431217,-10.205295078668088,-1.1768679613663307
5,0.9942520854084886,0.07703884270548253,0.18430544424558049,-6.604653685769797,-1.5428981757130613
5,0.9946206962969798,0.06382953533394294,1.7259495531229962,-14.64055974246652,-1.453449718312232
5,0.9980725954032258,0.034548415849009896,-0.28211777387837644,-11.15556559307301,-1.5960803566670037
5,0.997508359855469,0.012237284662863876,-0.05492907171350536,-2.064160197965771,-1.5974009050110083
5,0.997398501712042,0.008108964266932334,0.9683912149734408,-3.9448070351036644,-1.3300715067954798
5,0.9993352841419889,0.00021935019672500444,-0.6505523025857052,3.232588563867851,1.7693916930642337
5,0.9980341795368175,0.006684527324460707,-1.977450633143918,-0.599925785676525,-2.8470346788449863
5,0.9940792782705297,0.005484675753107657,-2.410132174473112,3.7053570686510726,2.1474845401103275
5,0.9892590139215834,0.012895389890409802,-2.0746195129873746,-5.88081441163513,-1.909943464272745
5,0.9851097748956087,0.0011337610671395418,1.360708098391672,2.852672795941534,1.1257222400339115
5,0.987831191092392,0.00683910665902261,-7.243431320141713,-3.2548070869169066,-2.719282704864836
5,0.9733443284521086,0.00032949248518879693,-8.31802745782728,4.08392521402616,2.685192850773708
5,0.956708273536454,0.008497342913241116,-4.893079016534407,-0.9331212081905012,-2.9531530064081477
5,0.9469221155033852,0.006631100496860114,0.4108823046454768,-1.457202643297031,-1.2959650370222902
5,0.9477438801126762,0.0037166952102660514,-4.501743290912185,-1.565001133226028,-2.807018837519348
5,0.9387403935308518,0.000586692943813995,-4.955026705871224,1.8489886412103755,2.7844412683614053
5,0.9288303401191094,0.004284670226234746,-12.644242356496527,-0.283948951090979,-3.119139648889928
5,0.9035418554061163,0.003716772324052788,2.2275321486135424,0.3765253186162423,0.16744967840993705
5,0.9079969197033434,0.004469822961285273,-2.276707673073808,-0.6618158477578999,-2.858699000322711
5,0.9034435043571958,0.003146191265769473,-8.526474570205556,3.5584440660707655,2.746227426963503
5,0.8863905552167847,0.010263079397911004,-2.400855042831551,6.380300493042822,1.930699092015533
5,0.8815888451311216,0.023023680383996648,-4.578635613590897,7.541986997082277,2.1164099236953904
5,0.8724315739039398,0.0381076543781612,-6.743473970024227,2.358306456238291,2.805170108373017
5,0.8589446259638913,0.042824267290637784,-4.884379912576953,9.536619648260473,2.044133250504474
5,0.8491758661387374,0.06189750658715873,-1.5700695376336116,1.086502060221553,2.5362500162320303
5,0.8460357270634702,0.06407051070760184,0.2537963710441682,2.7100494440560827,1.4774185872965928
5,0.8465433198055585,0.069490609595714,-1.4282966648410667,-0.42867629764742343,-2.8500155570707943
5,0.8436867264758764,0.06863325700041915,-4.525525692207155,6.540167834271103,2.176104997893111
5,0.8346356750914621,0.08171359266896136,2.402086467968245,9.898333684154533,1.3327227784404807
5,0.8394398480273986,0.10151026003727043,4.042420038315009,-0.35299526323127883,-0.08710181408102108
5,0.8475246881040286,0.10080426951080787,-2.0369656846835893,-1.8149411757242342,-2.4137709379551504
5,0.8434507567346614,0.0971743871593594,0.18330439894376216,-1.0726916799412705,-1.4015484351893843
5,0.8438173655325489,0.09502900379947686,-2.8447142719329466,2.8901100701713838,2.3482788423193313
5,0.838127936988683,0.10080922393981963,-3.192997934129971,2.2134135371673356,2.535439252282318
5,0.8317419411204231,0.1052360510141543,-4.654477802249257,-1.0304348573482793,-2.9237209989140336
5,0.8224329855159246,0.10317518129945774,-6.213653173798017,2.418879476391737,2.7703576850611578
5,0.8100056791683286,0.10801294025224122,-9.13545914042957,-0.3891395223204336,-3.099021786432574
5,0.7917347608874694,0.10723466120760035,-13.448048094581333,4.63670353795681,2.8095700325250683
5,0.7648386646983067,0.11650806828351397,-23.69959557156159,8.862160500338923,2.783754075224021
5,0.7174394735551836,0.13423238928419182,-13.296198821978965,8.04304626321807,2.597568330935063
5,0.6908470759112256,0.15031848181062796,-12.63138299878258,10.874032755062935,2.430819287486168
5,0.6655843099136605,0.17206654732075383,-3.979885675155559,-1.9023103815363067,-2.695714767966271
5,0.6576245385633493,0.1682619265576812,-0.887392316842206,11.069125696647752,1.650793479609538
5,0.6558497539296649,0.19040017795097672,1.948601419514917,3.460654185123424,1.0579715905683342
5,0.6597469567686948,0.19732148632122357,-5.56138631009212,4.231711570993904,2.4911459601225605
5,0.6486241841485105,0.20578490946321137,-1.6844690713098687,5.468408835613975,1.8696095776235653
5,0.6452552460058908,0.21672172713443932,1.238656783623282,2.43624361456575,1.1004283174399527
5,0.6477325595731374,0.22159421436357082,3.202983662825787,-0.3179414878319714,-0.09894004664222665
5,0.6541385268987889,0.22095833138790688,0.15767066901484217,-3.4477785013708324,-1.5250970764718168
5,0.6544538682368186,0.21406277438516522,-1.622031561923809,-3.0735197042387057,-2.0563919955837484
5,0.651209805112971,0.2079157349766878,-5.640798428564297,-0.1836360893493899,-3.1090491655101067
5,0.6399282082558424,0.20754846279798903,-1.0308392746142814,-1.1232469318024907,-2.313322002852893
5,0.6378665297066138,0.20530196893438404,0.2666660773665841,-1.271513583005715,-1.3640691205146935
5,0.638399861861347,0.2027589417683726,-1.0860841282360756,2.530969235731373,1.9761496707761528
5,0.6362276936048749,0.20782088023983536,-1.964270849947436,0.8490562173402577,2.733597191252395
5,0.63229915190498,0.20951899267451587,0.9673301051322802,6.396003615308787,1.4206941128760844
5,0.6342338121152445,0.22231099990513345,-4.079955236626187,3.461156897592743,2.4380677022659842
5,0.6260739016419922,0.22923331370031894,-4.290797132336266,3.459643794795644,2.4630256986729133
5,0.6174923073773196,0.23615260128991022,-3.5998083991874985,4.405651967808996,2.255870692776212
5,0.6102926905789446,0.24496390522552822,-12.043762482707109,3.874143434754132,2.830373584345912
5,0.5862051656135304,0.2527121920950365,-8.242215032556233,-1.8516092286085666,-2.920611876942102
5,0.569720735548418,0.24900897363781935,-11.449429582193526,3.3636996241997035,2.8558450738885544
5,0.5468218763840309,0.25573637288621875,-6.1220905733418425,4.43054541570953,2.515138333878052
5,0.5345776952373472,0.2645974637176378,-8.503940648907527,2.3751936410439933,2.869228485691136
5,0.5175698139395322,0.2693478509997258,-12.480188001900622,3.8020559555603515,2.8458777256648555
5,0.4926094379357309,0.2769519629108465,-1.7449510145617075,4.074361895974709,1.9754384170540413
5,0.4891195359066075,0.2851006867027959,-6.881539400263425,1.051431795291602,2.9899750252956916
5,0.47535645710608065,0.28720355029337913,-9.357587017043285,3.3986055760657217,2.793213716945648
5,0.4566412830719941,0.29400076144551057,-5.768275664862737,-3.828076045758938,-2.555686246494753
5,0.4451047317422686,0.2863446093539927,-0.4673080346031533,-9.754884857290897,-1.618664759796997
5,0.4441701156730623,0.2668348396394109,0.06261171098939644,-10.050436531241075,-1.5645666569859105
5,0.4442953390950411,0.24673396657692875,-11.456809757233177,-10.491617389848551,-2.4001416443724923
5,0.42138171958057474,0.22575073179723165,-1.5106471004963928,-12.235569939682694,-1.6936382401171395
5,0.41836042537958196,0.20127959191786626,-0.19827232665373118,-12.192804075417923,-1.587056315191565
5,0.4179638807262745,0.17689398376703042,0.8554263891323854,-3.9389642718701405,-1.3569466025511097
5,0.41967473350453927,0.16901605522329013,-3.9309620365670925,-5.699833041053856,-2.174550736724813
5,0.4118128094314051,0.15761638914118242,-4.472013172243994,-9.46056873249683,-2.012366599106164
5,0.4028687830869171,0.13869525167618876,-0.347979581222263,-6.609165985906009,-1.6233988135636903
5,0.40217282392447257,0.12547691970437674,0.5604937222213335,-9.625005216746134,-1.5126289353312758
5,0.40329381136891523,0.10622690927088448,-1.8471838315100575,-3.322993866635565,-2.078142261989068
5,0.3995994437058951,0.09958092153761335,1.0539645633862171,-4.272190323357135,-1.3289225933920419
5,0.40170737283266755,0.09103654089089908,4.659725083863863,-5.956992354554276,-0.9069864192379536
5,0.4110268230003953,0.07912255618179052,3.61396814366291,-11.035021319190276,-1.254305037052531
5,0.4182547592877211,0.05705251354340997,0.8340518094698823,-10.969308072501185,-1.4949073055804463
5,0.41992286290666087,0.0351138973984076,1.5362388398013627,-7.339202238220193,-1.3644558882251274
5,0.4229953405862636,0.02043549292196721,7.4370360627155625,-7.636934647765615,-0.7986585625417976
5,0.4378694127116947,0.00516162362643598,10.600702164885345,3.204211767183606,0.29353265976545817
5,0.4590708170414654,0.011570047160803192,9.631709342494077,-1.9578427279317947,-0.20053831974080175
5,0.47833423572645356,0.0076543617049396025,4.31351708156269,-1.0494059178811668,-0.2386469765980651
5,0.48696126988957894,0.005555549869177269,2.737068901129985,-0.9394563217440938,-0.3306349297479643
5,0.4924354076918389,0.0036766372256890815,6.101227734746417,2.4449834441005067,0.3811409595795044
5,0.5046378631613317,0.008566604113890096,-1.984081278505967,0.8953291053271127,2.7176945085085684
5,0.5006697006043198,0.010357262324544321,2.391885416563655,-3.8801149580449326,-1.0183711031582847
5,0.5054534714374471,0.002597032408454456,2.837946022163973,0.7703646918853566,0.26506421084493637
5,0.5111293634817751,0.004137761792225169,-0.47740483476454987,-1.085323387795257,-1.9851970891160398
5,0.510174553812246,0.001967115016634655,-2.3787537106702006,2.2759139419289376,2.3782847977924835
5,0.5054170463909056,0.00651894290049253,-5.511137586105969,-1.3735955711185097,-2.897329474038497
5,0.49439477121869363,0.0037717517582555107,0.7305055841653196,0.1485382829026294,0.20060144681611183
5,0.49585578238702427,0.0040688283240607696,-5.133758554589446,1.6690557737818874,2.8272578258973677
5,0.4855882652778454,0.007406939871624545,-2.357008459439841,-1.1578156740795522,-2.6849916396289757
5,0.4808742483589657,0.00509130852346544,0.5410280492241515,0.353604424422501,0.5788869100222109
5,0.481956304457414,0.0057985173723104425,2.5887500885724277,0.9823255524431707,0.36267453690723783
5,0.48713380463455885,0.007763168477196784,-2.8194129910064922,-0.4532607682159123,-2.982192322973668
5,0.48149497865254587,0.006856646940764959,-3.6418197829232444,-2.830336528266653,-2.4809242746177875
5,0.4742113390866994,0.0011959738842316527,0.8373372886680552,3.2549779348884207,1.3190075269177923
5,0.4758860136640355,0.007705929754008494,-0.42847452890937276,-1.273922324057848,-1.895252900271751
5,0.47502906460621674,0.005158085105892798,-5.080575588672198,2.75629329320211,2.644513506449164
5,0.46486791342887235,0.010670671692297018,-0.06604699344128773,0.7853594145539322,1.6546966979975237
5,0.4647358194419898,0.012241390521404882,-0.2664006230735372,2.633376580054872,1.6716164621999354
5,0.4642030181958427,0.017508143681514626,2.1279162602995116,4.121552408569356,1.0942018142864836
5,0.4684588507164417,0.025751248498653338,1.8821272595284655,4.033034553659324,1.1341601129076824
5,0.47222310523549865,0.03381731760597199,0.18147760417006054,7.81774208778295,1.5475869378048717
5,0.4725860604438388,0.04945280178153789,-0.2042981784187159,10.980494668635345,1.5893997336305792
5,0.47217746408700134,0.07141379111880858,5.7811791514310595,14.059882707494017,1.1806871013677507
5,0.48373982238986346,0.09953355653379661,10.131144481850928,16.758207433517914,1.0270392562612016
5,0.5040021113535653,0.13304997140083244,2.5696411606515035,4.808456028953495,1.0800085531543788
5,0.5091413936748683,0.14266688345873943,-2.093603963545021,11.247358255188495,1.7548319211239525
5,0.5049541857477783,0.16516159996911642,-1.5939938614303872,4.826639741238884,1.8897685880772883
5,0.5017661980249175,0.17481487945159419,-2.606472850425728,5.098034393827208,2.043419358377638
5,0.49655325232406605,0.1850109482392486,-3.7574481554939196,6.667742953204228,2.0839650267461827
5,0.4890383560130782,0.19834643414565706,-4.1887997489156445,9.010982364054204,2.0059347298940398
5,0.4806607565152469,0.21636839887376547,-3.767381747595,4.676221091062346,2.248970862863101
5,0.4731259930200569,0.22572084105589016,-3.032818451822572,0.028796071755404773,3.132098116768067
5,0.4670603561164118,0.22577843319940097,-0.28188702725162607,12.030991535546251,1.5942221151887166
5,0.4664965820619085,0.24984041627049347,-1.6140526763501195,2.8766992305745696,2.0821049238487896
5,0.4632684767092083,0.2555938147316426,3.599980599190727,8.902891374265698,1.1865362704777371
5,0.47046843790758974,0.273399597480174,-0.917761072661949,4.104641183804214,1.790769315680474
5,0.46863291576226584,0.28160887984778243,3.123287746855663,12.247283321013214,1.3210996744199386
5,0.47487949125597717,0.30610344648980886,2.766071802899811,11.96920763352688,1.3436844147490015
5,0.4804116348617768,0.3300418617568626,8.14603592166302,7.969830243854364,0.7744649218960223
5,0.49670370670510283,0.34598152224457135,-0.711414525659898,4.663725413499714,1.7221715158516993
5,0.49528087765378304,0.3553089730715708,3.9751173007317453,-0.4367823275164828,-0.10944007461177546
5,0.5032311122552465,0.3544354084165378,4.535980960317209,5.545292623815451,0.8851831271501354
5,0.512303074175881,0.3655259936641687,2.0732285654975757,6.042212517321066,1.2402601392713763
5,0.5164495313068761,0.37761041869881085,10.267608162024988,5.598311979088555,0.4991814544083766
5,0.5369847476309261,0.38880704265698796,6.293886591650144,-1.2823767557898769,-0.20099831272983748
5,0.5495725208142264,0.3862422891454082,5.494273576139574,2.1449866657564374,0.3722067348278163
5,0.5605610679665055,0.3905322624769211,4.59840205344253,-1.6686176481947868,-0.3480931100495954
5,0.5697578720733906,0.3871950271805315,4.923991021347995,0.7569029626119661,0.1525235223366454
5,0.5796058541160866,0.38870883310575544,10.105218104120183,-1.5527120393780403,-0.15246208153192697
5,0.5998162903243269,0.38560340902699936,6.943699687085414,7.752353665932604,0.8403679772209148
5,0.6137036896984978,0.40110811635886456,8.413986056628408,8.33923759095545,0.7809364567287438
5,0.6305316618117546,0.41778659154077546,-0.4609128534706075,2.789847922409355,1.7345280981207487
5,0.6296098361048134,0.4233662873855942,3.4704150177651827,11.300218181932165,1.2728290228881463
5,0.6365506661403437,0.4459667237494585,3.529898862325409,10.735194132586557,1.2531172648339408
5,0.6436104638649945,0.4674371120146316,11.624092185206324,7.1736375299983335,0.5529237947578527
5,0.6668586482354072,0.4817843870746283,12.156249805086228,1.7283273853933578,0.1412295043522033
5,0.6911711478455796,0.485241041845415,14.992183608727338,9.01422155777562,0.5413464964906434
5,0.7211555150630343,0.5032694849609662,9.216698870836925,0.8384335054840153,0.09071926465658053
5,0.7395889128047082,0.5049463519719343,0.20105981271456574,-2.7541196142178146,-1.4979223063663811
5,0.7399910324301373,0.49943811274349864,5.0946569011012794,0.23821587034464353,0.04672394978880273
5,0.7501803462323399,0.49991454448418793,5.499023234940559,-1.6900746421104895,-0.2981778662594125
5,0.761178392702221,0.49653439519996695,4.4222914013927745,4.178545572230546,0.7570659665341603
5,0.7700229755050065,0.504891486344428,-2.564043924942472,-1.8331511459512284,-2.520906552994667
5,0.7648948876551216,0.5012251840525256,1.3649275594970756,-2.505235173787895,-1.0719309829543509
5,0.7676247427741157,0.4962147137049498,-0.7659483683559731,-4.300992349602434,-1.7470351314253387
5,0.7660928460374038,0.4876127290057449,4.938021624635913,0.39796158652988245,0.08041749865506413
5,0.7759688892866756,0.4884086521788047,8.748240899681292,1.968314872383914,0.22131016320882926
5,0.7934653710860382,0.4923452819235725,4.301880456559104,3.7297512900889007,0.7142838005976292
5,0.8020691319991564,0.4998047845037503,9.195227892486612,-0.33665012009945205,-0.03659505019992701
5,0.8204595877841296,0.4991314842635514,9.802744871568402,-0.7442879986180317,-0.07578109023698919
5,0.8400650775272664,0.49764290826631535,11.015679441950422,-1.7009925796122316,-0.15320554535728154
5,0.8620964364111673,0.4942409231070909,7.514940103748979,1.7965010956473015,0.23465340786772274
5,0.8771263166186652,0.4978339252983855,20.02103287975715,7.261892089042404,0.34795537711098695
5,0.9171683823781795,0.5123577094764703,8.333017281362876,-1.295372972080655,-0.15421634947460347
5,0.9338344169409053,0.509766963532309,9.211867140705765,-3.1161061006890756,-0.326187715024476
5,0.9522581512223168,0.5035347513309308,8.273895282907006,3.3904981364081266,0.3889110835332859
5,0.9688059417881308,0.5103157476037471,2.3982691344395235,-4.170155630711047,-1.0488846214331677
5,0.9736024800570099,0.501975436342325,9.701001950545074,2.235025076394559,0.22643986191986268
5,0.9930044839581,0.5064454864951141,0.6512634474353796,-1.813617850966287,-1.226041000310112
5,0.9943070108529708,0.5028182507931815,-5.9463758051425675,5.810263758851186,2.36777143483381
5,0.9824142592426857,0.5144387783108839,-1.102063492745886,3.5225905817832803,1.8740054622041105
5,0.9802101322571939,0.5214839594744505,-1.8658215324767191,-0.9059596968897243,-2.689567366387363
5,0.9764784891922405,0.519672040080671,-2.9108836812952177,6.093260080883289,2.016463131825952
5,0.97065672182965,0.5318585602424376,0.8208816195945934,3.924534286191217,1.3646024347798484
5,0.9722984850688392,0.53970762881482,1.1107882753027543,0.11069748364472831,0.09932873080516039
5,0.9745200616194447,0.5399290237821095,-3.4245199829849304,-2.0957762760467347,-2.5924026795180724
5,0.9676710216534748,0.535737471230016,4.586779917790107,5.594292067738649,0.8840363522590026
5,0.9768445814890551,0.5469260553654933,-2.3356753480575643,-1.2397755065523541,-2.6536100433882486
5,0.9721732307929399,0.5444465043523886,-6.016721944858361,1.4224164335364664,2.909444402041735
5,0.9601397869032232,0.5472913372194615,-1.8563869116399179,1.1677230814953754,2.580100599546845
5,0.9564270130799434,0.5496267833824523,-3.610297002117513,2.0631110869667735,2.6224289522088933
5,0.9492064190757084,0.5537530055563858,-5.8288149451833355,2.43292532271,2.7461800640599927
5,0.9375487891853417,0.5586188562018058,-12.907892171580448,6.4987999394755525,2.675168976788139
5,0.9117330048421808,0.571616456080757,-17.719618478818532,-0.8592565236136829,-3.093138790328744
5,0.8762937678845437,0.5698979430335296,-7.943580776404335,-1.748574884963383,-2.9249238228603813
5,0.860406606331735,0.5664007932636028,5.7741153839768184,8.365826041684565,0.9666760675768372
5,0.8719548370996887,0.583132445346972,-0.7709322043221167,-0.5514173626732233,-2.5206979914304624
5,0.8704129726910445,0.5820296106216255,-6.640043402340534,6.947707553060122,2.3335556010442176
5,0.8571328858863634,0.5959250257277457,-4.563664272853041,2.075367463116151,2.714788183980757
5,0.8480055573406573,0.600075760653978,-5.499771557933075,4.835477850413771,2.420380767748001
5,0.8370060142247912,0.6097467163548056,-4.137277330278632,4.659980185053258,2.2968476938507925
5,0.8287314595642339,0.6190666767249121,-2.046588529427018,4.11869293290451,2.0319628112118187
5,0.8246382825053798,0.6273040625907211,-2.74934303409613,0.4430667591235893,2.9818127071925304
5,0.8191395964371876,0.6281901961089683,-8.342358564218054,2.491806030342658,2.851335160891746
5,0.8024548793087515,0.6331738081696536,-7.114805435027904,5.021924247588738,2.526957033937286
5,0.7882252684386957,0.6432176566648311,-10.682005757808643,1.0403986500403528,3.044501578196078
5,0.7668612569230784,0.6452984539649118,-7.250527696605224,-5.223177924191247,-2.517315497648789
5,0.7523602015298679,0.6348520981165293,-10.924604110543633,-7.3158141205623695,-2.5515178406332333
5,0.7305109933087807,0.6202204698754046,-4.2604993418799975,-6.0836160765030955,-2.1817393765316915
5,0.7219899946250207,0.6080532377223984,-2.704181767941183,-5.201901482923487,-2.050193495014288
5,0.7165816310891383,0.5976494347565514,-1.8000402422306272,-6.058095606424396,-1.8596177596982968
5,0.712981550604677,0.5855332435437026,-2.9342716875032093,-6.654409534923134,-1.9861000674674938
5,0.7071130072296706,0.5722244244738564,-0.7712356399002251,0.6608853255055669,2.4330963009266924
5,0.7055705359498702,0.5735461951248675,-2.8264775781428053,6.631037358051373,1.9737249914348045
5,0.6999175807935846,0.5868082698409702,-5.294759255995706,-4.329724260987599,-2.45612923122414
5,0.6893280622815932,0.578148821318995,-5.331795292977059,0.7924911645338373,2.9940379778763497
5,0.678664471695639,0.5797338036480627,-3.341936524773159,3.270962600365357,2.3669267270066174
5,0.6719805986460927,0.5862757288487934,-9.730323364244342,4.339832165922985,2.722060852069292
5,0.652519951917604,0.5949553931806394,-9.350422682212422,3.2095042543554553,2.8109465177621655
5,0.6338191065531792,0.6013744016893503,-12.54504758685604,8.305178150476545,2.5568080150855783
5,0.6087290113794671,0.6179847579903034,-9.43730533990017,-0.21850352016467012,-3.1184436210520734
5,0.5898544006996668,0.617547750949974,-6.808391699181737,-4.8718847548431805,-2.520492899168884
5,0.5762376173013033,0.6078039814402877,-10.061359572159034,6.276690033337751,2.5838271092747878
5,0.5561148981569852,0.6203573615069632,-10.564870872434295,-5.5521890012161235,-2.6577278561092026
5,0.5349851564121166,0.6092529835045309,-2.715422810013246,-5.166460913594017,-2.054703098317689
5,0.5295543107920901,0.5989200616773429,-4.4924731100022814,-0.8425345062230138,-2.9562026005357307
5,0.5205693645720856,0.5972349926648969,-1.8967129609080424,-6.082158259365311,-1.8730877022457109
5,0.5167759386502695,0.5850706761461663,-0.6231905251650738,-2.200050592948366,-1.8468272259209464
5,0.5155295575999393,0.5806705749602695,-2.96588283783511,0.5477170979854562,2.9589775356519095
5,0.5095977919242691,0.5817660091562404,-1.7214214138848716,-0.042412199595665,-3.1169597423162214
5,0.5061549490964994,0.5816811847570491,-5.650832419969998,0.5544109298484812,3.043794275925211
5,0.4948532842565594,0.5827900066167461,-2.4470417090557417,-7.979632465476616,-1.8683528304500925
5,0.4899592008384479,0.5668307416857928,-0.9860171057966827,-7.143830379330085,-1.7079533261869557
5,0.48798716662685454,0.5525430809271327,1.1881574784301518,-1.3539667595812155,-0.8505306006951002
5,0.49036348158371484,0.5498351474079702,-2.888056686862095,-3.5365777935924547,-2.2555923806641105
5,0.48458736820999065,0.5427619918207853,-4.878272546285922,6.67163492264633,2.2021538384761588
5,0.4748308231174188,0.556105261666078,-8.857834612259058,-3.3898931686340283,-2.776088459947068
5,0.4571151538929007,0.5493254753288099,-12.519440662275782,-3.0767196458224566,-2.900612918431948
5,0.43207627256834913,0.543172036037165,-13.5580088458937,1.6491990595104422,3.0205471152053947
5,0.40496025487656173,0.5464704341561859,2.130446346462006,-3.5106827814546104,-1.0253576735183747
5,0.40922114756948574,0.5394490685932767,0.7429679218709795,-1.460560499342678,-1.1002234113176144
5,0.4107070834132277,0.5365279475945913,-1.946719112662143,-4.634310767002048,-1.968480920357549
5,0.4068136451879034,0.5272593260605872,3.9409384544407398,-1.910012466698363,-0.45129990251813823
5,0.4146955220967849,0.5234393011271905,1.3566704670072705,-2.760486018843933,-1.1140034425619025
5,0.41740886303079944,0.5179183290895026,0.29501231271744643,-4.692765072358218,-1.5080135979665423
5,0.41799888765623433,0.5085327989447862,0.45875282455673516,-4.753954423438178,-1.4745949954614672
5,0.4189163933053478,0.49902489009790985,1.3783187483127624,-4.340016203864261,-1.2632866992538263
5,0.4216730308019733,0.4903448576901813,-2.5419616900441975,-6.892838632332143,-1.9241053649760007
5,0.41658910742188493,0.47655918042551704,-0.602306188569629,-3.4505806422967242,-1.7436073952183935
5,0.41538449504474567,0.4696580191409236,0.8645726702621592,-9.486619203855657,-1.4799113801244357
5,0.41711364038527,0.4506847807332123,-6.884224470752209,-4.909463326522534,-2.5220976549001923
5,0.40334519144376557,0.4408658540801672,-4.293464770018823,-8.788160455277167,-2.0252428745945634
5,0.3947582619037279,0.4232895331696129,-7.520169541298166,-12.774835149574725,-2.10284371533958
5,0.3797179228211316,0.3977398628704634,-5.371924160965019,-2.9315074469184466,-2.64204983242022
5,0.36897407449920155,0.39187684797662653,-3.0629181909786474,-4.60808661667994,-2.1574245688936937
5,0.36284823811724426,0.38266067474326665,-6.813533129840538,-1.7363690709817081,-2.8920627672746537
5,0.3492211718575632,0.37918793660130323,-10.746566227510412,-5.3081077437975575,-2.6828086147506998
5,0.32772803940254236,0.3685717211137081,4.398527627699239,-7.744910788607368,-1.054295433579966
5,0.33652509465794084,0.3530818995364934,2.964244487085821,-6.991858383932042,-1.1698097829359129
5,0.3424535836321125,0.3390981827686293,4.243063045418133,1.2284741742123462,0.2818195075535517
5,0.35093970972294874,0.341555131117054,-2.5459835829300115,-2.5325569185245254,-2.3588382877792684
5,0.3458477425570887,0.33649001728000494,-0.1410160892773571,-3.0147443188709153,-1.6175377297246036
5,0.345565710378534,0.3304605286422631,-8.13151411463131,0.0017714855874706448,3.1413747992597787
5,0.3293026821492714,0.33046407161343805,-5.689841808084739,-1.098747216785656,-2.9508338588404888
5,0.3179229985331019,0.32826657717986674,-7.348391008527217,-4.338937968402651,-2.608216683434257
5,0.3032262165160475,0.31958870124306143,-9.343187897243782,-6.86565415428328,-2.5078712894241937
5,0.2845398407215599,0.3058573929344949,-7.299294707395543,-6.694711605852471,-2.3993706441369254
5,0.2699412513067688,0.29246796972278993,-7.19506814287707,-10.959109249146948,-2.151753734101005
5,0.2555511150210147,0.27054975122449604,-5.928563089164118,-5.87353442793409,-2.3608570734646133
5,0.24369398884268645,0.25880268236862786,-12.661722915285846,-0.17711312723647787,-3.1276054910139726
5,0.21837054301211475,0.2584484561141549,-6.072100121371562,1.8550544997588125,2.845093452418219
5,0.20622634276937163,0.2621585651136725,-12.880261403827559,-1.4418997739840955,-3.0301103384194947
5,0.1804658199617165,0.25927476556570433,-7.552125284487496,-3.232028814998289,-2.737215151993925
5,0.16536156939274152,0.25281070793570776,-4.91822445999561,-1.4904325132456124,-2.8473466422509777
5,0.1555251204727503,0.24982984290921653,-9.639309922225406,4.577183465505244,2.6982703383376956
5,0.1362465006282995,0.258984209840227,-4.983267844903244,1.88442231130595,2.7800632780103562
5,0.126279964938493,0.2627530544628389,-8.560179632454208,1.9096744243372044,2.922098704717863
5,0.10915960567358458,0.26657240331151333,-3.7823309653298787,-3.2438962849868913,-2.432677128285486
5,0.10159494374292483,0.26008461074153955,-4.178448749090354,-3.044905959255134,-2.5118524895005194
5,0.09323804624474412,0.2539947988230293,-0.49315995439053184,1.76407683190144,1.843394150758598
5,0.09225172633596306,0.25752295248683216,-8.44507196339541,-2.915719906493197,-2.8091494890292426
5,0.07536158240917223,0.25169151267384576,-11.64156987725784,-7.77755977187014,-2.552608676967076
5,0.052078442654656554,0.23613639313010548,-9.043399524980902,-9.47050514022782,-2.33312913047057
5,0.03399164360469475,0.21719538284964984,-8.369441479535714,-2.697785325549429,-2.8297707239889798
5,0.017252760645623318,0.21179981219855099,-2.4883126773261184,-1.4252288728075768,-2.621436491887594
5,0.012276135290971081,0.20894935445293583,-2.394450898216288,-1.0560242239604778,-2.726223330405339
5,0.007487233494538505,0.20683730600501488,-0.6193079391173915,1.8299724789639509,1.8971221164520784
5,0.006248617616303722,0.21049725096294278,0.4870577676678728,0.4632762151047104,0.760378969423174
5,0.007222733151639468,0.2114238033931522,-2.3510836877168177,-7.767948025040827,-1.8646960071219543
5,0.0025205657762058316,0.19588790734307054,4.100326635249266,-5.852291764476283,-0.9596436050333594
5,0.010721219046704365,0.18418332381411798,2.6441149422240473,-5.664539842357666,-1.1340730562879346
5,0.01600944893115246,0.17285424412940265,-6.727929522790565,-4.553099753587836,-2.54664443629792
5,0.00255358988557133,0.16374804462222697,0.7793680150411917,1.0236647605042781,0.9200701781101128
5,0.0041123259156537134,0.16579537414323553,-0.6770964450467397,-2.6010909598375016,-1.8254570593314956
5,0.002758133025560234,0.16059319222356053,3.1173793069904034,-1.9399962135335513,-0.5566671950915667
5,0.008992891639541041,0.15671319979649342,-1.8605585436820287,-2.0276850886978974,-2.313238401847371
5,0.005271774552176984,0.15265782961909763,-1.0522831895066034,3.253363466566961,1.8836208730367763
5,0.003167208173163777,0.15916455655223155,2.598548870122996,1.5386500125139229,0.5346044528078093
5,0.008364305913409769,0.1622418565772594,-0.014746911787140958,-3.3661562437633936,-1.5751772337928205
5,0.008334812089835487,0.1555095440897326,0.46980876851414677,-1.3321174584588618,-1.2317375910420134
5,0.00927442962686378,0.15284530917281489,6.710226266537404,5.110851789961138,0.6509162610061313
5,0.02269488215993859,0.16306701275273716,2.864481582343946,-5.908560361402637,-1.1193809139389954
5,0.02842384532462648,0.1512498920299319,7.3804959819905385,2.1528107801151304,0.28381485226803077
5,0.04318483728860756,0.15555551359016215,10.721739350739396,-4.0225389658311155,-0.35892493680798454
5,0.06462831599008635,0.14751043565849992,7.875364923951543,-1.9554103569529024,-0.2433729107094706
5,0.08037904583798944,0.1435996149445941,1.0951200491444366,4.0898491010922795,1.3091684346986998
5,0.08256928593627831,0.15177931314677867,4.13438451293744,-5.200074258911447,-0.8990732592907346
5,0.09083805496215319,0.14137916462895578,-1.7100044227160507,-5.792872967366177,-1.8578354489606543
5,0.08741804611672109,0.12979341869422342,1.6432898083316507,1.9277897189626525,0.8648980143046148
5,0.09070462573338439,0.13364899813214873,-5.577773485313797,-0.7401061935195519,-3.0096747804713773
5,0.0795490787627568,0.13216878574510962,-0.0774085999911342,2.292283446326898,1.604552708749772
5,0.07939426156277453,0.13675335263776342,-3.9903113948531255,1.6578485231699136,2.747822926683052
5,0.07141363877306828,0.14006904968410325,-2.7516179680349833,-2.997858473525836,-2.3133923121881206
5,0.06591040283699831,0.13407333273705158,-0.0822301194647046,0.047190583242498474,2.62059717664451
5,0.0657459425980689,0.13416771390353657,-3.9200971742710045,6.492708858878718,2.1139826377735
5,0.05790574824952689,0.147153131621294,-1.67312088198783,2.6035992968387185,2.141964876697799
5,0.05455950648555123,0.15236033021497145,-2.0654500275300682,4.017774759681098,2.0456428835391844
5,0.050428606430491095,0.16039587973433364,-2.4819578726101748,8.44453188638046,1.8566594233563098
5,0.045464690685270745,0.17728494350709456,-5.535558106324174,8.615350096038075,2.14189713345126
5,0.034393574472622396,0.1945156436991707,-4.682906105889051,12.28637862663741,1.9349444984253434
5,0.025027762260844293,0.21908840095244553,-1.147343909939466,18.97898343668358,1.6311762344690937
5,0.02273307444096536,0.2570463678258127,2.2090401108059554,10.893712871779343,1.3707279771732037
5,0.02715115466257727,0.2788337935693714,-5.821452279852418,7.384943732505062,2.238354038649842
5,0.015508250102872434,0.2936036810343815,1.9609558602011814,2.79040719062687,0.958227778330402
5,0.019430161823274797,0.29918449541563524,-2.1662389553629104,7.124400231293404,1.865972923319478
5,0.015097683912548976,0.31343329587822205,-4.2524073895742855,-1.3043262153642488,-2.8439762010012375
5,0.006592869133400404,0.31082464344749355,-0.5634995674207735,4.286639685029958,1.7015017333285385
5,0.005465869998558857,0.31939792281755347,2.490256851527462,4.46714575070467,1.0622434118171282
5,0.010446383701613781,0.3283322143189628,1.5054747152454546,-2.495331590229466,-1.0279417930489687
5,0.01345733313210469,0.3233415511385039,-0.4504284817608796,4.36924880628517,1.6735240338451949
5,0.012556476168582931,0.3320800487510742,-1.9365341998896415,0.6549426707713746,2.8154653595190373
5,0.008683407768803648,0.33338993409261697,1.6758536318003348,-0.9224165941271734,-0.5031625138403458
5,0.012035115032404318,0.3315451009043626,4.8151087752413595,-0.12415496486661848,-0.025778745052088534
5,0.021665332582887036,0.3312967909746294,6.212999515838013,-2.267364126899374,-0.3499207836510646
5,0.03409133161456306,0.32676206272083064,9.087834989824785,-2.5403724297254904,-0.27257791349918264
5,0.05226700159421263,0.32168131786137966,10.843326679081867,3.362070931704791,0.300659488349846
5,0.07395365495237637,0.32840545972478924,15.365828237551817,0.18411125038389486,0.011981289758679507
5,0.10468531142748,0.32877368222555703,12.601526609491014,11.063204893419693,0.7204846695922674
5,0.12988836464646203,0.3509000920123964,2.9715244127174882,-1.5081714489613152,-0.46966245530338696
5,0.135831413471897,0.3478837491144738,4.483099244543418,1.852251199879168,0.39180212659848235
5,0.14479761196098384,0.3515882515142321,9.037676788431565,1.5215290468569564,0.1667899575294582
5,0.16287296553784697,0.35463130960794603,2.381697004428765,-1.4275549911852148,-0.5399676449752994
5,0.1676363595467045,0.3517761996255756,0.39132873537105206,2.6927272172823646,1.4264786472173911
5,0.1684190170174466,0.35716165406014033,0.8574514553157109,0.4242747795313584,0.4594862693842292
5,0.17013391992807803,0.35801020361920305,-3.728381050947277,-0.5062962530012483,-3.0066230405850694
5,0.16267715782618347,0.35699761111320055,3.6332542448646588,-2.2995417609930624,-0.5642708924995626
5,0.1699436663159128,0.3523985275912144,-3.0114965179085518,-2.573951280802039,-2.4343714808623576
5,0.16392067328009569,0.34725062502961035,-2.041493125178748,-6.988522719189233,-1.8550089507779193
5,0.1598376870297382,0.3332735795912319,3.3335826665445154,-3.3594067450441467,-0.7892565215636405
5,0.16650485236282722,0.3265547661011436,3.216104243342982,-4.421733730701371,-0.94195597794204
5,0.17293706084951319,0.31771129863974085,3.9624569978048,-5.4821647156638456,-0.9449378641175323
5,0.18086197484512279,0.30674696920841316,4.804882581945308,-9.826837696731344,-1.11602360052001
5,0.1904717400090134,0.28709329381495047,1.9394884515078619,-9.013316180920217,-1.3588477998803525
5,0.19435071691202913,0.26906666145311003,2.1487835134860327,-5.857595816379956,-1.2192012982951996
5,0.1986482839390012,0.2573514698203501,3.283990577316334,-1.5644255890482628,-0.44457323301725354
5,0.20521626509363386,0.2542226186422536,4.597959440091004,-1.4581147783589432,-0.30709023536926877
5,0.21441218397381587,0.2513063890855357,-1.049479039496967,-1.2120118648091398,-2.2844480827812093
5,0.21231322589482193,0.24888236535591743,0.6910883672080759,-2.8152799128606243,-1.3300784777173267
5,0.21369540262923808,0.24325180553019618,-6.2507477713283635,-1.8271902714546289,-2.857200711734586
5,0.20119390708658136,0.23959742498728692,-5.633261823813684,-5.179511437575626,-2.3981341762087154
5,0.189927383438954,0.22923840211213567,1.1071912765827918,-2.093160950109696,-1.0842526909628534
5,0.19214176599211957,0.22505208021191628,-1.3651355441480217,0.5738231607093219,2.743674381155089
5,0.18941149490382353,0.22619972653333492,-1.6918965045367855,4.906787753445718,1.9028377125725857
5,0.18602770189474996,0.23601330204022636,0.35140479038964223,0.16266448357891983,0.4335277724166352
5,0.18673051147552924,0.2363386310073842,0.9833672537503946,1.0778000175083318,0.8311813347675003
5,0.18869724598303003,0.23849423104240086,4.4228417479988815,3.3061312044768143,0.6419074553940954
5,0.1975429294790278,0.2451064934513545,2.4805082100555484,0.5760479063662144,0.2281851164385077
5,0.2025039458991389,0.24625858926408692,0.39746375977807447,2.5664053602007657,1.4171452433870706
5,0.20329887341869504,0.25139139998448845,-0.293486969768636,8.52755969313762,1.6051990382416297
5,0.20271189947915777,0.2684465193707637,3.3674905201431238,1.4833888526788186,0.4149280057369968
5,0.20944688051944402,0.27141329707612133,9.539155848849582,8.241246182269068,0.7125307614961055
5,0.22852519221714318,0.28789578944065947,7.9009001293032926,6.546769146037079,0.6919445740146171
5,0.24432699247574977,0.3009893277327336,10.42167231496742,8.827978959676159,0.7027957821207349
5,0.2651703371056846,0.31864528565208594,7.9586226777024205,5.792610614116872,0.6291677623729978
5,0.28108758246108945,0.3302305068803197,7.108217754568741,1.8652131072931233,0.25661698162546115
5,0.29530401797022693,0.33396093309490593,1.4430238834227949,1.7625071404689108,0.884736359632806
5,0.2981900657370725,0.33748594737584375,4.726666563702408,7.814369805743959,1.0268046952882863
5,0.30764339886447734,0.35311468698733167,3.485531639235817,6.774440105892538,1.0956065264523251
5,0.31461446214294897,0.36666356719911675,3.3060805708788887,9.119225877646741,1.2229943320149261
5,0.32122662328470675,0.38490201895441023,4.965192390437411,4.8622580173423025,0.7749243777436627
5,0.33115700806558157,0.39462653498909483,1.2075097129360945,4.254519198917117,1.2942505876130952
5,0.33357202749145376,0.40313557338692907,3.8751688306468965,10.938766889588946,1.2303313562758784
5,0.34132236515274755,0.42501310716610696,-6.046462678163861,-3.853662452321632,-2.5741676344242674
5,0.32922943979641983,0.4173057822614637,-2.8831538850266623,0.8588892942280324,2.8520642926016992
5,0.3234631320263665,0.41902356084991976,2.2316306353946658,3.358080677475006,0.9842567965925964
5,0.32792639329715584,0.4257397222048698,2.3090006244294026,-4.661903752166629,-1.1109227244127315
5,0.33254439454601464,0.4164159147005365,2.271410306578958,2.409046357818495,0.8147962346380968
5,0.33708721515917256,0.4212340074161735,0.6383735597707829,10.678985191787838,1.5110888946574488
5,0.3383639622787141,0.4425919777997492,3.0337037464020775,1.3844018127517899,0.4281141418098768
5,0.3444313697715183,0.44536078142525276,3.1476882344548263,2.4825898898021834,0.6678142202851272
5,0.35072674624042793,0.45032596120485713,3.7573498454771257,9.02221040264331,1.17618508335109
5,0.3582414459313822,0.46837038201014375,5.056536840885029,7.300437789190428,0.9650306117797095
5,0.36835451961315224,0.4829712575885246,0.1269129341246733,13.412681213784444,1.5613344492854075
5,0.3686083454814016,0.5097966200160935,-2.116689267202293,8.429893923122266,1.8168036443511877
5,0.364374966946997,0.526656407862338,1.4208655825226624,6.898981863504794,1.3676833958956134
5,0.36721669811204233,0.5404543715893476,-0.5073525437318538,3.7716891510357065,1.7045096888292572
5,0.3662019930245786,0.547997749891419,0.6493492405122703,4.219929851543791,1.4181170751481176
5,0.36750069150560316,0.5564376095945066,-1.9477971438501829,-0.5019146033974908,-2.8893959167403267
5,0.3636050972179028,0.5554337803877116,5.73219237875347,0.28230201631657126,0.04920876618514198
5,0.37506948197540974,0.5559983844203448,-0.11260209969596313,3.2976379845358617,1.604929353917117
5,0.3748442777760178,0.5625936603894165,-7.9055472344390365,1.5514335206506802,2.947809118690883
5,0.35903318330713974,0.5656965274307179,2.2541034683777883,1.2546460171440343,0.5079003371674379
5,0.3635413902438953,0.5682058194650059,-0.9169031294182506,7.91129191916734,1.6861795692304058
5,0.3617075839850588,0.5840284033033406,2.954307597477751,5.001990614610929,1.0372977066511317
5,0.3676161991800143,0.5940323845325625,-5.584638707513662,0.9409871571970929,2.9746649842653943
5,0.356446921764987,0.5959143588469566,-9.69917538054807,-0.415908270586407,-3.0987381204574205
5,0.33704857100389085,0.5950825423057838,-5.8790095465770795,4.131721045260994,2.5289953013887305
5,0.3252905519107367,0.6033459843963058,-2.9563373949225147,0.15687719495272034,3.0885776644236596
5,0.31937787712089166,0.6036597387862113,-12.851005742433225,-0.19099507013381478,-3.1267314813942853
5,0.2936758656360252,0.6032777486459436,-8.340687758507825,2.8825401021690955,2.8088431909990432
5,0.27699449011900956,0.6090428288502818,-12.425800461895452,4.61939566651065,2.7856669605733004
5,0.25214288919521866,0.6182816201833031,-7.270385437854299,9.375815784512408,2.2303814187458295
5,0.23760211831951006,0.637033251752328,-7.553553685273981,6.518679107606951,2.4296025296006287
5,0.2224950109489621,0.6500706099675418,-9.195535292317272,11.168234174838421,2.2596228533483043
5,0.20410394036432755,0.6724070783172187,-6.007821160278259,14.86047835655624,1.9549884649526192
5,0.19208829804377103,0.7021280350303312,-9.213729702104045,8.926384068883463,2.3720335090217555
5,0.17366083863956294,0.7199808031680981,-4.353608978296244,6.808358300978312,2.139719683237179
5,0.16495362068297045,0.7335975197700547,-12.544921424534754,0.3533975865095407,3.1134295319698726
5,0.13986377783390094,0.7343043149430738,-4.588815163514781,2.1599321795850446,2.7016626974438216
5,0.13068614750687138,0.7386241793022439,-10.232331344186184,6.360475528832787,2.585437904697125
5,0.11022148481849901,0.7513451303599095,1.0274915941511156,3.2034449187384184,1.260416979096699
5,0.11227646800680124,0.7577520201973863,-0.5629907832111342,2.2442429150232313,1.8165842400820102
5,0.11115048644037898,0.7622405060274328,-4.368165511259341,5.849934886686836,2.2121841876895534
5,0.1024141554178603,0.7739403758008064,-0.5670417732700911,3.9720206901093236,1.7125972177366677
5,0.10128007187132011,0.7818844171810251,1.5580996969140546,10.576022026845378,1.4245247169378528
5,0.10439627126514822,0.8030364612347158,4.206444870932136,7.5862846577383065,1.064519907628724
5,0.11280916100701249,0.8182090305501925,0.14302958155754802,1.6030076495711088,1.4818062210383864
5,0.11309522017012759,0.8214150458493347,-2.0406635369417114,0.2521721028959645,3.0186423778481575
5,0.10901389309624417,0.8219193900551266,1.3220516626877774,1.4878032932220675,0.844319273406861
5,0.11165799642161972,0.8248949966415707,-2.635597797470114,9.13898933848123,1.8515684781079604
5,0.10638680082667949,0.8431729753185332,3.706690526790693,2.2810029343590665,0.5516476660890902
5,0.11380018188026088,0.8477349811872513,1.065128180200006,-4.050434004151504,-1.3136516820809474
5,0.11593043824066089,0.8396341131789483,2.939908203253953,-6.545619086536558,-1.148656682821989
5,0.1218102546471688,0.8265428750058752,3.8026208391141596,-0.8607106844888412,-0.2225958820699441
5,0.12941549632539712,0.8248214536368975,6.686529206316613,-6.173400502218651,-0.7455179575974857
5,0.14278855473803034,0.8124746526324602,5.577121354718092,0.4331702185866315,0.07751352316635032
5,0.15394279744746653,0.8133409930696335,8.094930054487609,-4.519140012983258,-0.5091687968597564
5,0.17013265755644175,0.804302713043667,4.96368526804436,0.6642459341413831,0.13303077043467634
5,0.18006002809253047,0.8056312049119497,14.28696466589667,-6.501366101810735,-0.4270503673765389
5,0.2086339574243238,0.7926284727083283,-2.9654405022087467,2.5930857953607167,2.423082585007207
5,0.20270307641990631,0.7978146442990497,8.77410622557856,-1.5088334563475025,-0.1702987082924641
5,0.22025128887106343,0.7947969773863547,-0.9989707647987539,-7.497477981866063,-1.7032570458675746
5,0.21825334734146593,0.7798020214226226,9.992274518792602,-5.708705439740003,-0.5190581649946506
5,0.23823789637905113,0.7683846105431426,3.856900109025771,-3.192764793616132,-0.6914673238243332
5,0.24595169659710267,0.7619990809559103,-0.6177407766492365,0.38756410406554087,2.5812768596986935
5,0.2447162150438042,0.7627742091640414,1.4558764297709637,-6.201037577292401,-1.3401933478459152
5,0.24762796790334612,0.7503721340094566,6.340157713531302,-4.987503909495705,-0.6665493593578921
5,0.26030828333040873,0.7403971261904652,1.2150727894030822,-9.381859551523652,-1.4420002576132198
5,0.2627384289092149,0.7216334070874179,3.7640253202972094,-2.680391317589681,-0.6188057842148399
5,0.2702664795498093,0.7162726244522385,2.3323341105361273,-4.817446807362291,-1.1199144385265491
5,0.27493114777088157,0.7066377308375139,1.9033454647830461,2.8967822189374104,0.9894774512228817
5,0.27873783870044766,0.7124312952753887,3.374247974151534,5.463623476422652,1.0175474452197535
5,0.28548633464875073,0.723358542228234,9.455453125658819,-7.7061373343028094,-0.683816975920419
5,0.30439724090006837,0.7079462675596284,2.230498510923412,2.2029535463627403,0.7791852598201907
5,0.3088582379219152,0.7123521746523539,6.461504920595995,4.372268487168096,0.5948920129744433
5,0.3217812477631072,0.7210967116266901,3.420271200326702,1.484520499265507,0.4094991766419629
5,0.3286217901637606,0.7240657526252211,10.148642899614035,1.4185272537409754,0.13887532681645579
5,0.34891907596298866,0.726902807132703,-2.500203333740375,0.9503649265629188,2.778345110488188
5,0.3439186692955079,0.7288035369858289,-1.7733046046323475,3.139427167102027,2.08496895703748
5,0.3403720600862432,0.735082391320033,1.3922908335156914,7.697643780422758,1.3918585552654512
5,0.3431566417532746,0.7504776788808785,-3.479529762867833,-5.135703349436748,-2.16627358869373
5,0.3361975822275389,0.740206272182005,5.545625038867796,6.903947030608648,0.8940742117954015
5,0.3472888323052745,0.7540141662432223,1.920356078857599,-2.0541143117194793,-0.8190398200530337
5,0.3511295444629897,0.7499059376197833,4.8657058496278935,4.041582060069159,0.6931384100440484
5,0.3608609561622455,0.7579891017399216,4.506313601527589,0.4808631337555602,0.10630648187692615
5,0.3698735833653007,0.7589508280074327,8.176609939563956,-3.588958047238411,-0.41360993457552003
5,0.3862268032444286,0.7517729119129559,10.535330189152258,5.075628184933289,0.44895924522394165
5,0.4072974636227331,0.7619241682828225,10.320795994697985,5.061271925820232,0.4559345303239985
5,0.4279390556121291,0.772046712134463,13.461695136616019,8.35615371364523,0.5555269180301122
5,0.4548624458853611,0.7887590195617534,10.313688840899477,9.488295167541127,0.7437399057117433
5,0.4754898235671601,0.8077356098968357,9.34325674042849,10.745083714391146,0.8550683344205624
5,0.49417633704801706,0.829225777325618,6.023377719042405,11.757843418280567,1.0973683536531889
5,0.5062230924861019,0.8527414641621791,8.145947079765959,9.167625311178872,0.8443400605814623
5,0.5225149866456338,0.8710767147845369,0.07471527252600474,1.6296406584504486,1.5249807126101382
5,0.5226644171906858,0.8743359961014378,7.482364205347758,2.943728934190537,0.37482311640780397
5,0.5376291456013813,0.8802234539698188,3.042994253237563,-1.2120061439886975,-0.379034763529107
5,0.5437151341078564,0.8777994416818414,0.2722589572998202,-6.790148544968455,-1.5307216226500362
5,0.5442596520224561,0.8642191445919045,11.088342515449655,1.9168767387964802,0.17118127664535782
5,0.5664363370533554,0.8680528980694975,4.402421705478276,-0.7626941149145305,-0.17154155311402022
5,0.5752411804643119,0.8665275098396684,12.756085722750942,1.7859311697571156,0.13910202850847153
5,0.6007533519098138,0.8700993721791827,8.905734327907922,-5.088067185368361,-0.5190679085911877
5,0.6185648205656297,0.8599232378084459,8.130134529301614,-8.11292221168819,-0.784338491474528
5,0.6348250896242329,0.8436973933850695,9.915287664869544,-9.902847236630151,-0.7847704339634124
5,0.654655664953972,0.8238916989118092,6.390059022254535,-9.355085215146108,-0.9715320515343997
5,0.667435782998481,0.805181528481517,3.569364834546729,-5.320793357551312,-0.9799147444653307
5,0.6745745126675745,0.7945399417664144,5.39218485371945,-1.359117887297867,-0.24691022785231134
5,0.6853588823750134,0.7918217059918187,-4.369976671940723,-1.7213128741255246,-2.7663600805129485
5,0.676618929031132,0.7883790802435676,5.385925150502235,-0.8411453590204121,-0.15492325638421678
5,0.6873907793321364,0.7866967895255268,-0.30543112081721224,-0.029838479785104788,-3.044208686155772
5,0.686779917090502,0.7866371125659566,0.8324892245945015,-2.720080006084702,-1.2737954197049164
5,0.688444895539691,0.7811969525537872,-0.11226758927024294,5.1663488532523445,1.5925234547764744
5,0.6882203603611505,0.7915296502602919,8.346124292043566,-0.6226903671930906,-0.07447035381231495
5,0.7049126089452377,0.7902842695259057,2.1530549211661865,4.504832711251905,1.124949206691164
5,0.70921871878757,0.7992939349484095,8.677725075471765,1.3650569992560424,0.1560272713664648
5,0.7265741689385136,0.8020240489469216,12.688657113292424,7.1673949590512205,0.5141851978526365
5,0.7519514831650984,0.816358838865024,9.257632222646805,7.007388427370753,0.6479221847312626
5,0.770466747610392,0.8303736157197655,7.543354635333787,9.343816288824968,0.8916140440510345
5,0.7855534568810596,0.8490612482974155,0.5766306866449855,8.38588338294277,1.5021423261037994
5,0.7867067182543496,0.865833015063301,-3.980760928414817,6.111970719991977,2.1480888403328464
5,0.7787451963975199,0.878056956503285,0.6777800749862006,3.8294084302819553,1.3956171366310226
5,0.7801007565474923,0.8857157733638489,2.0569659086616676,6.787990499873719,1.2765618843990525
5,0.7842146883648157,0.8992917543635963,0.45476963156920736,2.8383292330980137,1.4119222621173697
5,0.7851242276279541,0.9049684128297923,2.75808694211066,2.780894958243074,0.7895158672707573
5,0.7906404015121754,0.9105302027462785,1.4908061813271867,4.3646807161828445,1.2416589373917173
5,0.7936220138748298,0.9192595641786442,4.220902094985323,6.318901714268521,0.9818848106762522
5,0.8020638180648004,0.9318973676071812,3.1775054975129446,7.474984903185155,1.168853511308489
5,0.8084188290598263,0.9468473374135515,8.13374014609658,3.9620361773110013,0.4532835311127471
5,0.8246863093520195,0.9547714097681735,3.2204147379703563,4.829342403712855,0.9826714324547231
5,0.8311271388279602,0.9644300945755993,6.373349116061299,9.932571710475345,1.0003053034930056
5,0.8438738370600828,0.9842952379965499,-1.0626903298396884,7.208076000268293,1.71717238467318
5,0.8417484564004034,0.9987113899970865,5.882742188761614,-8.882482255698653,-0.9858327411574679
5,0.8535139407779266,0.9809464254856892,6.032894738149941,7.359867372349782,0.8841571555867803
5,0.8655797302542265,0.9956661602303888,-1.3048850358262643,-1.185714857660669,-2.404006007127481
5,0.862969960182574,0.9932947305150674,2.592577377357297,3.066319657243022,0.8689197715660759
5,0.8681551149372886,0.9994273698295535,6.642548385723701,-2.1520933310766877,-0.31331458610198776
5,0.881440211708736,0.9951231831674001,4.903390853352008,1.480981187652608,0.29332001561489074
5,0.89124699341544,0.9980851455427053,1.831854068081229,-1.2322451835853343,-0.5921517250228852
5,0.8949107015516025,0.9956206551755347,1.4064014565087768,-3.1598622853014624,-1.1520387723952885
5,0.89772350446462,0.9893009306049317,11.254454671242087,-4.80883764072193,-0.40380281516660543
5,0.9202324138071042,0.9796832553234879,13.640207322528964,-6.990851032820433,-0.4736117417701846
5,0.9475128284521621,0.965701553257847,12.56752923430432,-13.139438890339305,-0.8076417561653645
5,0.9726478869207708,0.9394226754771684,11.789862033651898,-10.366790786890789,-0.7212585449411244
5,0.9962276109880746,0.9186890939033868,-13.379346443766815,0.768797415883482,3.084194263716365
5,0.9694689181005409,0.9202266887351538,9.064786593563301,-10.003981653574522,-0.8346114475699047
5,0.9875984912876675,0.9002187254280047,5.582557182404801,-0.4667180138941962,-0.08340894132831021
5,0.9987636056524771,0.8992852894002163,-9.841947013422224,-3.3261024224182645,-2.815691371523401
5,0.9790797116256327,0.8926330845553798,4.624284368108966,-4.2366923862703905,-0.7416845773177675
5,0.9883282803618506,0.884159699782839,1.7607523556683602,0.6099516569074148,0.3334778115936476
5,0.9918497850731873,0.8853796030966539,3.6583060320695138,1.5497405056755786,0.400703258281538
5,0.9991663971373264,0.888479084108005,-4.211918964113104,-3.093071020844218,-2.5081755574435953
5,0.9907425592091001,0.8822929420663166,-2.0274501741530115,-6.349986895280435,-1.8798497813441277
5,0.9866876588607941,0.8695929682757557,-5.561210239658553,-4.661198650953935,-2.4440110560758614
5,0.975565238381477,0.8602705709738478,-10.075202011981975,-7.084971806106843,-2.5287163046901697
5,0.9554148343575131,0.8461006273616342,-17.19282259330529,-5.934902835106892,-2.8092034803669645
5,0.9210291891709025,0.8342308216914204,-25.502268522586302,-6.31081376884085,-2.8990051760400393
5,0.8700246521257299,0.8216091941537387,-8.652560910456074,-13.149443461106136,-2.1527869598494234
5,0.8527195303048177,0.7953103072315264,-7.117603093098667,-5.888410573852587,-2.450424152040832
5,0.8384843241186204,0.7835334860838212,-0.8726634030348235,-8.370002950743526,-1.6746818127992815
5,0.8367389973125507,0.7667934801823342,-3.8842968767380803,-3.9699030238767308,-2.3452955114877647
5,0.8289704035590746,0.7588536741345807,6.31888620338017,-2.2540359355206485,-0.342643651905907
5,0.8416081759658349,0.7543456022635394,3.847428442315448,-2.391113532279887,-0.5560666434335246
5,0.8493030328504658,0.7495633751989796,1.1564253658125079,-1.894979406048214,-1.0228686772046385
5,0.8516158835820908,0.7457734163868832,3.473731490576615,-0.5877824052544223,-0.16762009177046522
5,0.8585633465632441,0.7445978515763744,-3.334057687183145,-5.7164865349357825,-2.0987977518065724
5,0.8518952311888778,0.7331648785065028,-0.2688152698687163,-1.408969100635482,-1.7593193055321816
5,0.8513576006491403,0.7303469403052318,4.692765298174472,-0.8395612964174348,-0.1770325385898371
5,0.8607431312454893,0.728667817712397,0.8863604403037129,0.018228852893265035,0.020563060690963107
5,0.8625158521260967,0.7287042754181835,-4.517757378063592,-1.1702173684962625,-2.888136983237038
5,0.8534803373699695,0.726363840681191,0.7103036301781551,-6.0829421983141225,-1.454553003580517
5,0.8549009446303258,0.7141979562845627,-1.2018394885980332,-0.8273394552590907,-2.538698289918791
5,0.8524972656531298,0.7125432773740445,1.2985263269901237,-0.9038649599760751,-0.6080833727334323
5,0.85509431830711,0.7107355474540924,0.8398814414878886,0.06304920626720723,0.07492863466148608
5,0.8567740811900858,0.7108616458666268,-0.869419758726786,-4.364546203628194,-1.767423012564585
5,0.8550352416726322,0.7021325534593704,0.9850946639546887,-3.9393235930936243,-1.3257546462144634
5,0.8570054310005416,0.6942539062731832,1.518818907199626,-16.011707392430186,-1.4762225278074608
5,0.8600430688149409,0.6622304914883228,-4.860208864596982,-14.437025900651602,-1.8955279157040448
5,0.8503226510857469,0.6333564396870196,-9.074268641448501,-16.90042444008921,-2.063546140916753
5,0.8321741138028499,0.5995555908068412,-3.4934378829833967,-6.336505377349755,-2.0746518927305564
5,0.8251872380368831,0.5868825800521417,-2.133130685120721,-0.1946943774188692,-3.050573181508623
5,0.8209209766666417,0.5864931912973039,-3.9653181211194988,-1.5913399788652915,-2.7599535312707433
5,0.8129903404244027,0.5833105113395733,-6.47984725151135,-4.870387557066591,-2.4970550807724265
5,0.80003064592138,0.5735697362254402,-4.397712586687419,-5.187568795040176,-2.273977218791551
5,0.7912352207480051,0.5631945986353598,-9.087552925181097,-4.819777558906391,-2.6539442185347095
5,0.7730601148976429,0.553555043517547,-8.09878367458844,-4.265731160640773,-2.656804064607153
5,0.756862547548466,0.5450235811962655,-6.24966079518674,-6.594530256763431,-2.3293507115623453
5,0.7443632259580926,0.5318345206827386,-9.143135792371915,-7.806421773913885,-2.4348958396271225
5,0.7260769543733487,0.5162216771349109,-11.288339658712621,-7.395695281342651,-2.5615969118609057
5,0.7035002750559235,0.5014302865722255,-3.3622244858628747,-19.2007438469749,-1.7441478246962936
5,0.6967758260841977,0.46302879887827575,1.004794743640458,-5.327151816974268,-1.3843689242064712
5,0.6987854155714787,0.4523744952443272,-10.58557368365065,-7.694401028305514,-2.5130558000954855
5,0.6776142682041774,0.4369856931877162,-2.765537307689525,-5.92962076045414,-2.0071992482109957
5,0.6720831935887983,0.4251264516668079,-3.5747288891021523,-0.8695222977205264,-2.9029850084685345
5,0.664933735810594,0.42338740707136685,-7.65645513896096,-1.834069893966478,-2.906477399600631
5,0.6496208255326721,0.4197192672834339,-4.536060105551131,-8.31419864663241,-2.0702396949332296
5,0.6405487053215698,0.4030908699901691,-1.1917166241448562,-3.346868843381423,-1.9128676646455405
5,0.6381652720732801,0.39639713230340623,-6.305537980037856,-2.5078988581315187,-2.7630450817950374
5,0.6255541961132044,0.3913813345871432,-2.0378313989432018,-1.0614756638938905,-2.661377038704915
5,0.621478533315318,0.3892583832593554,-7.991205852391214,-10.003617810212557,-2.2448244135313637
5,0.6054961216105356,0.3692511476389303,-2.2541222109523917,-7.181033180983315,-1.874955610844092
5,0.6009878771886308,0.35488908127696367,-8.102278921550354,-13.975289116207295,-2.0961986565488133
5,0.5847833193455301,0.3269385030445491,-6.339330161874934,-2.990512823486835,-2.700807902733531
5,0.5721046590217802,0.3209574773975754,-7.347346304277635,-6.073764518154056,-2.450805101682673
5,0.5574099664132249,0.3088099483612673,-5.037895678380644,-5.388792072203885,-2.322553508456002
5,0.5473341750564636,0.2980323642168595,0.16020621199869245,-11.123577115478927,-1.556394922051751
5,0.547654587480461,0.27578520998590167,-6.1508084942781815,-16.836496380516596,-1.9210587540299149
5,0.5353529704919047,0.24211221722486848,0.9726859872938309,-16.397357709183712,-1.511546080286343
5,0.5372983424664923,0.20931750180650105,-6.102201750416258,-5.884751182616873,-2.3743331047956615
5,0.5250939389656598,0.1975479994412673,-8.514468759018346,-3.688404199234885,-2.732803380564541
5,0.5080650014476231,0.19017119104279753,-1.8044054774210005,-0.2460875320751399,-3.006047398608169
5,0.5044561904927811,0.18967901597864725,0.23061043510147483,-2.2950720890286687,-1.4706517628472993
5,0.5049174113629841,0.18508887180058992,-2.818926868758842,4.00695254427956,2.1838733929326977
5,0.4992795576254664,0.19310277688914904,1.9430183696196868,1.3321235856426776,0.6009925817770224
5,0.5031655943647058,0.1957670240604344,4.181080397187009,-5.287939159379099,-0.9017627304486382
5,0.5115277551590798,0.1851911457416762,1.2594590652632576,-3.863185312496839,-1.255646035933873
5,0.5140466732896063,0.17746477511668252,4.605275805384001,6.97937989168694,0.9875346022134862
5,0.5232572249003743,0.1914235349000564,1.2240134027430294,-2.943625268376451,-1.1767282505871566
5,0.5257052517058604,0.1855362843633035,7.0904761570776405,-0.7165395719016809,-0.10071470350416568
5,0.5398862040200156,0.18410320521950013,-8.288671175521566,-1.0289141163350861,-3.018089451336658
5,0.5233088616689725,0.18204537698682996,2.734740244831668,0.20905901405542104,0.07629726215774844
5,0.5287783421586358,0.1824634950149408,-2.698966085733112,-5.090152836158865,-2.058336650567838
5,0.5233804099871696,0.17228318934262307,0.9283154827595674,-5.975651197298773,-1.4166785717516712
5,0.5252370409526887,0.16033188694802553,3.3041100036502735,-0.8149220023916104,-0.24181276621553893
5,0.5318452609599893,0.1587020429432423,4.715130512795762,-5.136345853212903,-0.828128707323578
5,0.5412755219855808,0.1484293512368165,1.8279487766786895,-2.6995223728183135,-0.975579433565217
5,0.5449314195389382,0.14303030649117987,5.450147429471641,-4.0454186745385865,-0.6385281599127707
5,0.5558317143978815,0.1349394691421027,6.627617675454222,2.7834842065464356,0.39761321380534115
5,0.5690869497487899,0.14050643755519557,8.299723831332095,-4.113011444651718,-0.4600893337329559
5,0.5856863974114541,0.13228041466589213,12.114907687866772,-4.35477299146908,-0.34507367194301325
5,0.6099162127871877,0.12357086868295397,7.9448139300699046,2.1867463569612555,0.26859116855880444
5,0.6258058406473275,0.12794436139687648,4.641371092614532,-0.14954308129354332,-0.032208449512657215
5,0.6350885828325565,0.1276452752342894,5.027160560984234,-2.415098550732929,-0.44785320268258816
5,0.645142903954525,0.12281507813282354,9.434869433621484,4.419867902446507,0.43809955457781335
5,0.664012642821768,0.13165481393771655,6.6926702284233475,4.156317558515657,0.5557359993220962
5,0.6773979832786147,0.13996744905474787,4.511008348037637,7.153516070522156,1.0081800651869604
5,0.6864199999746899,0.15427448119579218,8.23206558576567,7.7959026511686815,0.7581922622771097
5,0.7028841311462213,0.16986628649812954,8.659844645360625,13.884725195795797,1.0131354203484075
5,0.7202038204369425,0.19763573688972114,2.335041477679878,7.296949578200609,1.2610911927572737
5,0.7248739033923023,0.21222963604612236,8.875141188790014,-7.134099250900458,-0.677071573007637
5,0.7426241857698823,0.19796143754432144,7.000134631004795,3.6542153648726483,0.48110859825550345
5,0.7566244550318919,0.20526986827406674,-0.455546166973686,-3.117728059662164,-1.715884405113723
5,0.7557133626979445,0.1990344121547424,0.8390726308978302,3.135152643138378,1.3092912822704388
5,0.7573915079597402,0.20530471744101916,-0.7563369663956543,4.9835024532454,1.7214150699482096
5,0.7558788340269489,0.21527172234750996,-0.2662724749507017,0.27918954940130136,2.3325179369167004
5,0.7553462890770475,0.21583010144631257,3.794608212271511,5.898265998578858,0.9991151311543585
5,0.7629355055015905,0.22762663344347028,1.5376169748393398,1.3971290222304367,0.7375641135643152
5,0.7660107394512692,0.23042089148793116,-2.3506159775321667,5.518312894107882,1.9734852542204917
5,0.7613095074962049,0.24145751727614692,-2.600717362007954,0.06476876270085363,3.1166936090566737
5,0.7561080727721889,0.24158705480154863,2.627337035054411,1.4156966996503872,0.49422952903022666
5,0.7613627468422978,0.2444184482008494,7.436048589052335,1.5889989607853205,0.21052238298989223
5,0.7762348440204024,0.24759644612242004,1.7857938716639432,-0.31054004800626367,-0.17217298691954594
5,0.7798064317637303,0.24697536602640752,-1.7168125480051533,1.7489775064696567,2.34691405642811
5,0.77637280666772,0.25047332103934683,3.5231079810198462,-3.0043608556967194,-0.7060934323337635
5,0.7834190226297597,0.2444645993279534,5.044524105578541,2.1823800626051546,0.4083101244518498
5,0.7935080708409168,0.2488293594531637,-1.392980990047421,2.700833279220216,2.046972068631733
5,0.790722108860822,0.25423102601160413,2.982469586403802,1.4690411155041938,0.4576768065240933
5,0.7966870480336296,0.2571691082426125,2.3206952072571396,1.8315024481927455,0.6681233953653626
5,0.8013284384481438,0.260832113138998,6.998809828018926,9.471647439829644,0.9344228399441047
5,0.8153260581041817,0.2797754080186573,8.92993986155932,7.444960099659475,0.6949592047097504
5,0.8331859378273003,0.29466532821797625,5.086757113721196,8.75095509619675,1.0442551029420069
5,0.8433594520547427,0.31216723841036975,4.079987340171065,6.4626936182598795,1.0076696650746406
5,0.8515194267350849,0.3250926256468895,-2.937003017271067,4.658406542716903,2.133322138253919
5,0.8456454207005427,0.3344094387323233,1.5998551283640805,8.217242894386384,1.3785070079318211
5,0.8488451309572709,0.3508439245210961,-0.27867295388356306,-2.224727532377707,-1.695408898878019
5,0.8482877850495038,0.34639446945634067,2.7710773576819503,2.0146504834731847,0.6286361212958095
5,0.8538299397648677,0.35042377042328704,-3.418672185628524,3.885524218704167,2.2923657221023914
5,0.8469925953936106,0.3581948188606954,-8.007508836781307,1.1466591958691486,2.999361581611959
5,0.830977577720048,0.36048813725243367,-8.575617492490917,3.434108370781619,2.7606981698981397
5,0.8138263427350662,0.3673563539939969,-8.02186997187765,0.794221228572034,3.0429072721565587
5,0.7977826027913109,0.368944796451141,-7.147287576244332,6.7571186938774614,2.384247937110561
5,0.7834880276388222,0.3824590338388959,-6.32569050523063,3.6488018488765595,2.6183896485612785
5,0.7708366466283609,0.389756637536649,-1.4701972905965532,6.832583231522637,1.7827392164116342
5,0.7678962520471678,0.4034218039996943,-4.494197676575384,4.585095617270079,2.346183259032436
5,0.7589078566940171,0.41259199523423445,-3.8838477911227742,3.4944798852400982,2.408917421427985
5,0.7511401611117715,0.41958095500471465,0.1512495058018648,2.6787276610841237,1.5143930267038992
5,0.7514426601233752,0.4249384103268829,-0.96233658215511,-1.1044081598185485,-2.287560747308604
5,0.749517986959065,0.4227295940072458,-6.806974159597523,2.5548782032519535,2.782530563132231
5,0.73590403863987,0.4278393504137497,-1.5783531133157225,9.045797503569764,1.7435419455353098
5,0.7327473324132385,0.44593094542088924,-5.3803388922438184,-1.0690917556146484,-2.9454441125337354
5,0.7219866546287509,0.44379276190965994,-0.4972584139895653,6.10375906430044,1.6520843778701833
5,0.7209921378007718,0.4560002800382608,-4.090194561919613,6.266871825037601,2.1490457123363838
5,0.7128117486769325,0.468534023688336,-0.5848910659153606,1.7337008725276937,1.896171536612859
5,0.7116419665451018,0.4720014254333914,-1.3203706664896564,-0.7753171206469345,-2.6106406398573436
5,0.7090012252121225,0.47045079119209754,-1.389172794667548,7.920492823345588,1.7444200802637215
5,0.7062228796227874,0.4862917768387887,-1.2070099017107427,6.56722098731985,1.7525608805203188
5,0.7038088598193659,0.4994262188134284,-2.5669771136418995,8.235755534586609,1.8729402638578971
5,0.6986749055920821,0.5158977298826016,0.28041203226003564,4.246768950726176,1.504862536678089
5,0.6992357296566022,0.524391267784054,-2.5992745570831977,6.447107829398446,1.9540316837693317
5,0.6940371805424358,0.5372854834428509,-1.3069196585843712,6.373874672969404,1.7730363809494725
5,0.691423341225267,0.5500332327887897,-10.181183675374738,7.997778501105279,2.475728058916646
5,0.6710609738745176,0.5660287897910002,-2.951398480468881,1.4030610594968906,2.6978273387302427
5,0.6651581769135798,0.568834911909994,-3.3106002099562715,8.645525623660888,1.9364980174832018
5,0.6585369764936673,0.5861259631573158,1.7670933173606351,-3.821810733024178,-1.1377026763469338
5,0.6620711631283885,0.5784823416912674,-7.447116421905986,3.5010697167550675,2.7021300356116735
5,0.6471769302845766,0.5854844811247776,0.8927670930032883,0.5460190607175508,0.5489074864934703
5,0.6489624644705831,0.5865765192462127,1.8741465928024947,4.962575733709229,1.209699128164748
5,0.6527107576561881,0.5965016707136311,-0.6222189942714507,6.9401978432070965,1.660211627373129
5,0.6514663196676452,0.6103820664000453,-5.467231464837297,5.146185119310864,2.3864343735211775
5,0.6405318567379706,0.6206744366386671,-5.15887160694295,4.482250491159467,2.4262603516083554
5,0.6302141135240847,0.629638937620986,-9.799252308222206,6.495224435423219,2.5562518999971933
5,0.6106156089076403,0.6426293864918324,-11.883190904990625,8.999392960872655,2.4934223887665654
5,0.5868492270976591,0.6606281724135777,-7.973606089453966,2.8688413837278937,2.7962210322462537
5,0.5709020149187511,0.6663658551810335,-12.436216669723333,-1.8846793063010958,-2.991189464815008
5,0.5460295815793045,0.6625964965684313,-3.5165991939867802,0.2994342094334024,3.056648746036862
5,0.5389963831913309,0.6631953649872981,3.440149911937529,-1.498033276444155,-0.4106933776627753
5,0.545876683015206,0.6601992984344098,-4.218911823502702,6.320779729538095,2.1593527960246184
5,0.5374388593682006,0.672840857893486,-4.201856353047983,-4.621119354042135,-2.3087107542388736
5,0.5290351466621046,0.6635986191854018,-0.35044923920790616,0.8299806336664051,1.970325084954197
5,0.5283342481836888,0.6652585804527346,3.048971156275171,-9.794416322887301,-1.2690079224463375
5,0.5344321904962391,0.64566974780696,-1.2388044918192898,3.549773411153201,1.9065633182059432
5,0.5319545815126006,0.6527692946292664,-4.6564142439941,6.88589164183434,2.165387294527425
5,0.5226417530246124,0.666541077912935,-3.6978995965482597,3.168270366347037,2.4331780983969304
5,0.5152459538315158,0.6728776186456291,-5.000238706289128,-0.17294674971696233,-3.1070187375389455
5,0.5052454764189376,0.6725317251461952,0.4647536764185167,4.7665105600352415,1.473599602443787
5,0.5061749837717746,0.6820647462662657,-2.8997423602258876,-0.34278120622005526,-3.023927784077236
5,0.5003754990513228,0.6813791838538256,-4.066920088140413,3.346868892733945,2.4530140601830714
5,0.492241658875042,0.6880729216392935,-4.871326354936145,-7.759892005158697,-2.1313757320287907
5,0.4824990061651697,0.6725531376289761,-2.855547202838038,-2.987382429810892,-2.333635111639297
5,0.47678791175949364,0.6665783727693543,-2.3491503161066074,-6.046216375145074,-1.9413778280083014
5,0.47208961112728043,0.6544859400190641,-9.78422742036006,1.118504738145898,3.027769641913873
5,0.4525211562865603,0.6567229494953559,-8.894030207801745,3.9826711935451176,2.720576828800164
5,0.4347330958709568,0.6646882918824462,-9.462365172970111,2.921196495932976,2.8421575831771215
5,0.4158083655250166,0.6705306848743121,-7.312619253840885,3.7085664382195405,2.672244509931329
5,0.40118312701733483,0.6779478177507512,-5.605723164529952,-0.4238295520553881,-3.0661296470245794
5,0.3899716806882749,0.6771001586466404,-0.5267301206777208,2.1749134458296515,1.8084057179502786
5,0.3889182204469195,0.6814499855382997,-1.532328051569054,3.637211454144751,1.9695220689143547
5,0.3858535643437814,0.6887244084465892,-3.9477654703509444,0.6467710063330356,2.979203120469858
5,0.3779580334030795,0.6900179504592553,-2.3008070399870295,-1.5366003695014285,-2.552769346650714
5,0.3733564193231054,0.6869447497202524,-6.656244768586617,0.55112211110242,3.058983331777231
5,0.3600439297859322,0.6880469939424573,0.6395156675832181,5.791053390779011,1.4608103158367547
5,0.36132296112109863,0.6996291007240153,0.4295922363886373,5.549473757698486,1.493539056204917
5,0.3621821455938759,0.7107280482394123,0.5366701847602517,5.512110698920935,1.473740220615804
5,0.3632554859633964,0.7217522696372541,-5.951863296249721,4.147308123511883,2.5330119404495384
5,0.35135175937089697,0.7300468858842779,-1.927724013313148,11.252165507468215,1.740469387625595
5,0.34749631134427067,0.7525512168992143,-2.9209374988901358,13.617712270686532,1.7820901916589453
5,0.3416544363464904,0.7797866414405874,-0.7620595697032939,7.538772792160253,1.6715394783237945
5,0.3401303172070838,0.7948641870249079,1.4893789857458317,6.815447378684058,1.3556486923550086
5,0.3431090751785755,0.808495081782276,5.763214751072609,3.3109777341444047,0.5214598520723948
5,0.3546355046807207,0.8151170372505648,2.1958540071067567,-0.7264496799997411,-0.3194939352161864
5,0.3590272126949342,0.8136641378905654,10.171335201647064,6.809679810377944,0.5899596017764149
5,0.37936988309822833,0.8272834975113212,5.976327232120965,3.1743183690383647,0.4882549352656915
5,0.39132253756247026,0.833632134249398,9.40589734783387,7.6955142289151235,0.685715502398785
5,0.410134332258138,0.8490231627072282,8.435863634691898,4.704630116328656,0.5087310773916263
5,0.4270060595275218,0.8584324229398855,2.753483017087388,2.196119950134412,0.6732629159391161
5,0.4325130255616966,0.8628246628401544,-0.14980166843561737,1.8719518040440364,1.6506504768702521
5,0.43221342222482534,0.8665685664482424,-0.21126393903980745,6.449332897750792,1.603542104568211
5,0.4317908943467457,0.879467232243744,4.5639357875714435,-0.38903215749136466,-0.08503494212952077
5,0.4409187659218886,0.8786891679287613,-3.1291998367211358,4.651660635435317,2.1629683341899804
5,0.43466036624844634,0.8879924891996319,-5.714851776852991,1.8459876592911706,2.8291564028252982
5,0.42323066269474036,0.8916844645182143,-2.2686362340660624,0.8795103010033056,2.771749802316552
5,0.41869339022660823,0.8934434851202209,6.358879482206675,6.487132408111773,0.7953817027197594
5,0.4314111491910216,0.9064177499364444,3.9077261658767846,6.375039874916221,1.0208925560971507
5,0.43922660152277515,0.9191678296862769,-1.4189303726638292,7.655492416439868,1.7540645766570122
5,0.4363887407774475,0.9344788145191566,2.123931813239055,12.153593251052142,1.397785944929423
5,0.4406366044039256,0.9587860010212609,-0.8665256823355838,4.36977615346229,1.766556533619024
5,0.43890355303925443,0.9675255533281855,3.080780180675674,9.231445385736947,1.2486917475518402
5,0.4450651134006058,0.9859884440996594,3.7121042806328997,-0.025514289208605767,-0.006873160210673164
5,0.4524893219618716,0.9859374155212421,2.8847509589550735,1.6680797910962886,0.5242661794362325
5,0.45825882387978173,0.9892735751034347,2.9266324489131965,-6.712689839936781,-1.1596581526957594
5,0.4641120887776081,0.9758481954235612,2.327647882484296,6.398598247027209,1.221903186337506
5,0.4687673845425767,0.9886453919176156,3.469494788062799,-3.775878342309247,-0.8276597725951436
5,0.4757063741187023,0.9810936352329971,0.5683667573090356,6.972080474101583,1.4894557980016068
5,0.4768431076333204,0.9950377961812003,6.542222454843843,-4.324899741987132,-0.5841214562575083
5,0.48992755254300807,0.986387996697226,7.5336704888114,2.881261302389637,0.3652871712606693
5,0.5049948935206309,0.9921505193020053,10.319080836798056,0.24262744381753354,0.02350817396072296
5,0.525633055194227,0.9926357741896403,10.060683242909708,-0.4926287724519307,-0.04892665934781666
5,0.5457544216800464,0.9916505166447365,6.7069798622151895,0.9502358731675598,0.14074194456419845
5,0.5591683814044768,0.9935509883910716,3.5061141427135123,-0.24755123289632586,-0.0704886061929311
5,0.5661806096899038,0.9930558859252789,1.6639596861244277,1.9809325983135562,0.872143515643261
5,0.5695085290621527,0.997017751121906,2.183159321156536,-0.3801963601653413,-0.17242043383128974
5,0.5738748477044657,0.9962573584015754,-0.043177190138632415,-0.719255106941652,-1.630754798257899
5,0.5737884933241885,0.9948188481876921,-3.2613878809638064,-6.66021739977285,-2.0261554325896225
5,0.5672657175622609,0.9814984133881464,4.230567572355237,0.2699860800679521,0.0637315069047986
5,0.5757268527069713,0.9820383855482823,-1.1712643709088644,-0.5305412363900142,-2.716276143811151
5,0.5733843239651536,0.9809773030755022,-1.3211922381576868,-4.335455640844088,-1.866597209943578
5,0.5707419394888382,0.9723063917938141,-4.062086459117653,-6.768325180390888,-2.111334380293745
5,0.5626177665706029,0.9587697414330323,5.06283907040006,-6.760261980048088,-0.9279921149194027
5,0.572743444711403,0.9452492174729361,0.9457229649010856,-18.71503264876051,-1.5203064758923783
5,0.5746348906412052,0.9078191521754151,2.789678286007735,-15.638608273671029,-1.3942690643861915
5,0.5802142472132207,0.876541935628073,1.6002831911474669,-7.789826751665951,-1.3681827564376454
5,0.5834148135955156,0.8609622821247411,6.200709518299485,-8.808686042633074,-0.9574367988471707
5,0.5958162326321146,0.843344910039475,-6.9847294215923394,-8.278068496908986,-2.271658435193338
5,0.5818467737889299,0.826788773045657,0.2117415288965252,-4.554133212420375,-1.524335421744151
5,0.582270256846723,0.8176805066208163,4.857645030750645,4.25317515720558,0.7191488829350283
5,0.5919855469082242,0.8261868569352274,4.857645030750645,4.25317515720558,0.7191488829350283
