droplet id,x,y,vx,vy,theta
0,0.5102916301897165,0.4786232970997399,19.839242928549496,-3.3163383402239344,-0.1656291534700238
0,0.5499701160468154,0.471990620419292,26.560877074405298,0.5214855357988657,0.019631074032201046
0,0.603091870195626,0.47303359149088975,11.11233157439373,4.269869167950191,0.366852026946637
0,0.6253165333444135,0.48157332982679013,27.124254688099647,1.8863447653031662,0.06943278301905463
0,0.6795650427206128,0.48534601935739646,14.948188162990316,-0.9440205207763008,-0.06306908227041022
0,0.7094614190465934,0.48345797831584386,-2.6106533556759515,12.63332587669777,1.7745760846363068
0,0.7042401123352415,0.5087246300692394,2.4620233719411244,-0.7024444654648576,-0.2779275646996031
0,0.7091641590791238,0.5073197411383097,6.881182340174541,-1.7798818665262228,-0.25311184969775846
0,0.7229265237594729,0.5037599774052572,9.81612854738162,10.611861590701821,0.8243315551575093
0,0.7425587808542361,0.5249837005866609,0.7351641589925517,-5.991803657361183,-1.448711542205612
0,0.7440291091722212,0.5130000932719385,9.146686482234323,-3.802995861646008,-0.39403412580762776
0,0.7623224821366898,0.5053941015486465,14.873921144911817,-3.882142743468653,-0.25530761530960583
0,0.7920703244265135,0.4976298160617092,9.903630541378384,-11.57097813775093,-0.8628854513319529
0,0.8118775855092702,0.47448785978620733,8.83496674536649,3.23958691891707,0.3514546826705475
0,0.8295475190000032,0.4809670336240415,13.862599467270975,-3.288376385208791,-0.23290725897634584
0,0.8572727179345452,0.4743902808536239,3.498169045079602,-11.168698582132901,-1.267263047297207
0,0.8642690560247044,0.4520528836893581,12.101348405110068,-15.965150116066612,-0.9222042114578962
0,0.8884717528349245,0.42012258345722486,-4.116536077613808,3.6080091608240714,2.421932234650423
0,0.8802386806796969,0.427338601778873,8.057541813645209,-4.354784091126801,-0.4954898267262799
0,0.8963537643069873,0.4186290335966194,4.970351320674304,-6.822638083181231,-0.9411921110728381
0,0.9062944669483359,0.40498375743025694,6.312207382501322,-2.014453592894455,-0.30891914410395427
0,0.9189188817133386,0.40095485024446803,12.364830959949835,-11.61407869504666,-0.7540995300176789
0,0.9436485436332382,0.3777266928543747,-8.875635003941506,13.52348584357832,2.151596478883307
0,0.9258972736253552,0.40477366454153135,14.042243886104865,-5.747008359706235,-0.38846841614229133
0,0.953981761397565,0.3932796478221189,15.847471942209202,-10.701060527628703,-0.5939237823085378
0,0.9856767052819834,0.3718775267668615,4.3643598861135,-0.253159205845066,-0.05794110691211061
0,0.9944054250542104,0.37137120835517134,-1.1310620759951706,-5.091444559307156,-1.7893960114443002
0,0.99214330090222,0.36118831923655703,-0.02281930730646531,-6.880685488825922,-1.5741127439866347
0,0.9920976622876071,0.3474269482589052,-5.5396664553044035,3.141158167108804,2.6257685181244477
0,0.9810183293769983,0.3537092645931228,6.866131661334151,-1.809401519911491,-0.257667581373045
0,0.9947505926996666,0.3500904615532998,-0.4879543060320457,-2.99731468858902,-1.7321777285075202
0,0.9937746840876025,0.3440958321761218,-2.142738081488016,0.7358106470078118,2.8108119657059865
0,0.9894892079246265,0.3455674534701374,4.104073562036348,-18.576977778475804,-1.3533662190858444
0,0.9976973550486992,0.3084134979131858,-4.088931168823306,-2.2893823162363214,-2.6311823691806864
0,0.9895194927110526,0.30383473328071314,-7.572915614414366,-10.032107361723218,-2.2174056061532745
0,0.9743736614822238,0.2837705185572667,-5.3360616910743675,-5.634338511558007,-2.3290119492898085
0,0.9637015381000751,0.2725018415341507,-7.306882039843754,-0.6805825841220692,-3.048717933919305
0,0.9490877740203876,0.27114067636590655,0.858741059362178,-20.593267752434212,-1.5291203852104187
0,0.9508052561391119,0.22995414086103813,-15.03715796309224,-13.933588434235421,-2.3942686289342503
0,0.9207309402129275,0.2020869639925673,-7.485222991447715,-15.355164108977915,-2.024371948232269
0,0.905760494230032,0.17137663577461146,-2.221993271181222,-6.316402316360894,-1.9090573165315636
0,0.9013165076876696,0.15874383114188967,14.790329819098835,-4.809369460674881,-0.3143855229977084
0,0.9308971673258672,0.1491250922205399,-9.541562822019067,-8.398193441498933,-2.4198422345291464
0,0.9118140416818291,0.13232870533754204,12.162926105770577,2.7632107686813567,0.22339133610404124
0,0.9361398938933703,0.13785512687490475,-1.5300165370631946,-4.708902087038391,-1.8849558805407767
0,0.9330798608192439,0.12843732270082797,-7.192152887219305,5.9291007412699965,2.4521588381379016
0,0.9186955550448053,0.14029552418336796,-8.943879326175463,2.9984414848681915,2.8181174950904864
0,0.9008077963924543,0.14629240715310435,-9.267523618815387,-1.9710300038188049,-2.932033693527205
0,0.8822727491548236,0.14235034714546674,-3.3207628071031947,3.6258216312253095,2.312307749991191
0,0.8756312235406172,0.14960199040791736,-17.532865325919577,4.252612025977917,2.9036371152974563
0,0.840565492888778,0.1581072144598732,-15.162180063826414,7.215445459079289,2.697422946803994
0,0.8102411327611252,0.17253810537803177,0.9718024487652133,3.4255193903505177,1.294364622945252
0,0.8121847376586556,0.1793891441587328,-5.866772829622557,3.2904246576544587,2.630451639452091
0,0.8004511919994105,0.18596999347404172,-2.505585470649496,0.18497199748560011,3.0679024665901404
0,0.7954400210581115,0.18633993746901292,-4.576236638399234,16.942893801889056,1.8345992201407753
0,0.786287547781313,0.22022572507279103,-8.800975428879365,7.645611506064548,2.426328735458272
0,0.7686855969235543,0.23551694808492013,4.622009739922827,12.903554904355213,1.2268381404358832
0,0.7779296164034,0.26132405789363056,-6.56565508351703,12.44627188701447,2.056216639061258
0,0.7647983062363659,0.2862166016676595,0.3805913357333157,12.296950453269755,1.539856145049319
0,0.7655594889078325,0.310810502574199,2.7929948767095314,8.781489250109853,1.262858883897996
0,0.7711454786612516,0.3283734810744187,-2.726648344457905,6.909416232423554,1.9466630124642001
0,0.7656921819723358,0.3421923135392658,-8.712377108484104,7.482071804519236,2.4320196414669017
0,0.7482674277553676,0.3571564571483043,-0.9846526443182402,6.311930019377132,1.7255477122903629
0,0.7462981224667311,0.36978031718705856,-1.6007001559970035,2.8968909420324094,2.0756013028462355
0,0.7430967221547371,0.3755740990711234,-3.60780594862109,11.661112111649219,1.8708433844192196
0,0.7358811102574949,0.3988963232944218,-3.874631531202821,9.294037978410913,1.9657813973666307
0,0.7281318471950893,0.41748439925124364,-7.454403049005409,-9.868537790942655,-2.217725751278925
0,0.7132230410970785,0.39774732366935833,-5.401422735512806,4.950771582006769,2.399698968283813
0,0.7024201956260528,0.40764886683337187,-10.190670268340195,-0.4388185416369095,-3.098558426457177
0,0.6820388550893725,0.40677122975009805,-8.554631803293189,-15.816053304286982,-2.0666128610216394
0,0.6649295914827861,0.3751391231415241,-0.12816018580680266,-9.389076940970742,-1.5844454030440536
0,0.6646732711111725,0.3563609692595826,8.860919758392871,0.5557713354785443,0.06263957512725113
0,0.6823951106279582,0.3574725119305397,-4.719225540715188,5.80138376602099,2.253694178150565
0,0.6729566595465278,0.3690752794625817,-2.9713239207184716,-4.863187284557979,-2.1192523223538897
0,0.6670140117050909,0.3593489048934657,2.8572480680457146,1.356467093846736,0.44324107554032843
0,0.6727285078411823,0.3620618390811592,-3.7458341721954835,-1.5015770669359052,-2.76034006145983
0,0.6652368394967914,0.3590586849472874,-5.6510547447621295,-3.8071653563197803,-2.5487305541948833
0,0.6539347300072671,0.3514443542346478,0.569199864184855,-3.16106457777468,-1.392639580114594
0,0.6550731297356368,0.34512222507909845,3.360161894509772,-16.386449137586357,-1.3685426900429614
0,0.6617934535246563,0.31234932680392574,-0.6642081470734085,-8.589825709395843,-1.6479677500163519
0,0.6604650372305095,0.29516967538513406,5.344026117727552,-25.956267728197258,-1.3677478332770345
0,0.6711530894659646,0.24325713992873954,16.22259784957225,-14.774429165810481,-0.7387125115313166
0,0.7035982851651091,0.21370828159711858,8.233752734831235,-6.641370899679422,-0.6787543048942878
0,0.7200657906347716,0.20042553979775973,-0.9638419596624259,-9.833988852331762,-1.6684955769089795
0,0.7181381067154468,0.1807575620930962,-5.271888506295008,12.367191359478626,1.9737507947311725
0,0.7075943297028567,0.20549194481205346,-0.04329735186192618,-12.983947415087835,-1.5741309976764355
0,0.7075077349991329,0.1795240499818778,7.386344530952882,-1.5026722274394666,-0.20070031186260995
0,0.7222804240610387,0.17651870552699886,11.759683675960863,-4.796065141114816,-0.3872463635958754
0,0.7457997914129604,0.16692657524476923,-4.161313193641769,-0.9086554780031453,-2.92660920905221
0,0.7374771650256768,0.16510926428876294,0.10875331874615757,-12.571247811533196,-1.5621455860331188
0,0.7376946716631692,0.13996676866569654,-9.982988241063472,-1.3104490456899431,-3.01107071409588
0,0.7177286951810422,0.13734587057431666,7.038998335582469,10.373930792847194,0.974627198078104
0,0.7318066918522071,0.15809373216001105,1.8730652408077142,0.7905565243087886,0.39938261534274955
0,0.7355528223338226,0.15967484520862862,-10.332506895198378,2.1343546547154255,2.937890746173996
0,0.7148878085434258,0.16394355451805948,-9.106778672290538,-0.0825411313215424,-3.1325291994165294
0,0.6966742511988447,0.1637784722554164,-2.180141967397353,3.6875580057515873,2.1047317006234243
0,0.69231396726405,0.17115358826691957,-7.899208019341519,3.6169961682862435,2.7121938959445515
0,0.676515551225367,0.17838758060349205,1.3382223406668836,-3.0676279035597718,-1.1594438539119274
0,0.6791919959067008,0.1722523247963725,-26.77439937040643,7.933225534611163,2.853534797418526
0,0.6256431971658879,0.18811877586559483,-5.877882553565638,0.1735026466604811,3.11208333962452
0,0.6138874320587566,0.1884657811589158,-22.221502305625418,-0.6090087770174307,-3.11419322933198
0,0.5694444274475058,0.18724776360488093,-1.455484620202785,-3.0172520222213617,-2.020254909096889
0,0.5665334582071002,0.1812132595604382,-5.565307657059037,-4.590619694349332,-2.4518737761515483
0,0.5554028428929821,0.17203202017173955,-7.009356747107454,-2.1104991073456896,-2.849129372478663
0,0.5413841293987672,0.16781102195704817,-13.672383071210714,-10.944378687963093,-2.4665631317467156
0,0.5140393632563458,0.14592226458112198,-2.999678902941949,3.2931496874426536,2.309592504834475
0,0.5080400054504619,0.1525085639560073,-9.03680654303088,4.893089581924747,2.6453279612074465
0,0.48996639236440015,0.16229474311985678,-16.612260392348198,0.19869327845482843,3.1296325831503173
0,0.45674187157970375,0.16269212967676644,-25.675292802626565,11.322463047930095,2.7262594077646076
0,0.4053912859744506,0.18533705577262663,-14.784864165744843,-8.168108516509287,-2.6368594924668387
0,0.37582155764296094,0.16900083873960806,-14.612737433860795,3.1916648586529512,2.9265531226702874
0,0.34659608277523934,0.17538416845691396,0.34004731239836716,-12.061199512880552,-1.5426103029379992
0,0.3472761774000361,0.15126176943115285,2.639051329294789,-9.996944694084215,-1.3126984958556234
0,0.35255428005862566,0.13126788004298443,-12.295349401940685,2.7218828090150167,2.9237312181364636
0,0.3279635812547443,0.13671164566101446,-7.138899630504625,1.520318286667599,2.931764734576893
0,0.31368578199373504,0.13975228223434966,-1.6913924676102143,-10.46293396531947,-1.7310655011732867
0,0.3103029970585146,0.11882641430371071,-7.671441901565629,-0.22680038094523292,-3.1120370184681914
0,0.29496011325538335,0.11837281354182025,1.1614808041631175,-10.943838374977213,-1.46506110778436
0,0.2972830748637096,0.09648513679186582,-5.221414021818055,-12.01361926967994,-1.9807907402291487
0,0.2868402468200735,0.07245789825250594,-4.781792758139308,-0.8832833799010259,-2.9589335315900214
0,0.27727666130379486,0.07069133149270389,5.9592313949307085,-13.976248730007558,-1.1677550592640096
0,0.2891951240936563,0.04273883403268877,-9.308793402029531,-8.0249066650097,-2.4301283039846577
0,0.2705775372895972,0.02668902070266937,4.777850491972241,-9.628399886413176,-1.1101734624838715
0,0.2801332382735417,0.007432220929843019,5.068916128111722,5.692342590404156,0.8432659683952721
0,0.29027107052976514,0.01881690611065133,-2.159253646409481,-3.8583914292671304,-2.080999393066322
0,0.2859525632369462,0.011100123252117068,-2.753988055044981,-5.439243427953001,-2.039485727561153
0,0.2804445871268562,0.00022163639621106669,2.4899360078415587,17.843035497379258,1.4321450383097039
0,0.28542445914253933,0.03590770739096959,7.56125567649038,10.286922334760002,0.9369413272308695
0,0.3005469704955201,0.05648155206048959,-1.6842898931189454,-2.9953436992052294,-2.083035907791507
0,0.2971783907092822,0.05049086466207913,6.816387368610371,6.809183591926077,0.7848694680470691
0,0.31081116544650295,0.06410923184593129,3.4002122985061223,12.50855895655506,1.3053788237148278
0,0.3176115900435152,0.0891263497590414,11.594497330822767,-8.433048746320525,-0.6288350423811673
0,0.3408005847051607,0.07226025226640036,12.231836075446035,0.40391419684512875,0.03300955620344533
0,0.3652642568560528,0.07306808066009061,18.00966433355436,-1.0028185179649165,-0.05562480267087445
0,0.4012835855231615,0.07106244362416078,9.232815606401129,-9.047813325501533,-0.7752783821696725
0,0.41974921673596377,0.052966816973157714,-6.817089530612081,-10.866459632062702,-2.1310848071277375
0,0.4061150376747396,0.03123389770903231,-7.852825634740213,-6.44360860514282,-2.454448314314494
0,0.3904093864052592,0.01834668049874667,6.1615827560016765,-4.963925769023521,-0.6781614865114577
0,0.40273255191726254,0.008418828960699627,-6.542272972287099,4.881328927719059,2.500578566114476
0,0.38964800597268834,0.018181486816137744,-10.053611389187505,-0.04325451989727752,-3.1372902938368825
0,0.3695407831943133,0.01809497777634319,-5.095142248235901,8.957472133375562,2.087969801247929
0,0.3593504986978415,0.03600992204309431,-4.757865728224952,-10.751814526966907,-1.9874103805062704
0,0.3498347672413916,0.014506292989160497,5.979565720854146,0.30244916878961836,0.050537388699600644
0,0.3617938986830999,0.015111191326739734,5.138838342273494,-0.09870151257429689,-0.01920460840329617
0,0.3720715753676469,0.01491378830159114,7.984283616649185,-6.933562568256493,-0.7150804598210344
0,0.38804014260094527,0.0010466631650781532,-7.577578145267216,4.736806265467966,2.582915532373251
0,0.37288498631041084,0.010520275696014086,2.622628533327259,-1.650275941144829,-0.5616460909295753
0,0.37813024337706536,0.007219723813724428,0.14324255352968218,0.7467419530685676,1.3812751362723128
0,0.3784167284841247,0.008713207719861563,4.578568456101994,0.4502043693257211,0.09801355955925233
0,0.3875738653963287,0.009613616458513006,4.564094380246214,2.5001776755778873,0.5011469829353995
0,0.39670205415682114,0.01461397180966878,1.2163234151700841,1.853579968106471,0.9900733238417443
0,0.3991347009871613,0.018321131745881722,1.5924077138902426,8.756218367284493,1.3909021437127271
0,0.4023195164149418,0.03583356848045071,9.317094458570985,6.911107728327474,0.6382107536090216
0,0.42095370533208376,0.04965578393710566,11.334874992528414,16.18378313987349,0.959812184116858
0,0.4436234553171406,0.08202335021685264,-2.610127526366329,19.421901594268224,1.7043868436295107
0,0.43840320026440793,0.12086715340538909,-4.469478376389863,16.815725716657013,1.8305815549161737
0,0.4294642435116282,0.15449860483870312,-5.200098026787725,21.645206660448558,1.8065705642936492
0,0.41906404745805276,0.19778901815960023,-16.8063086293056,9.002240347335613,2.6498361512708755
0,0.38545143019944156,0.21579349885427146,-4.294316224684208,18.745433472751955,1.7959964555192787
0,0.37686279775007314,0.25328436579977537,-20.651460574365593,-3.883190194555422,-2.955728260012794
0,0.33555987660134196,0.24551798541066452,-7.989830226651895,-9.213572054941624,-2.2851803962521644
0,0.31958021614803817,0.22709084130078128,-4.664211542267011,8.611628469156585,2.067181322765015
0,0.31025179306350414,0.24431409823909445,2.207278587648631,-0.12445236172760332,-0.05632308261297814
0,0.3146663502388014,0.24406519351563924,-2.6325829561768264,-6.59413693977455,-1.9506394756923444
0,0.30940118432644775,0.23087691963609014,-7.050334527440971,-7.906809302650572,-2.298995033126835
0,0.2953005152715658,0.215063301030789,1.7307312163744037,-6.01136064754211,-1.2904677900927148
0,0.2987619777043146,0.20304057973570477,-4.269663332620715,-9.281816166666678,-2.001937548066595
0,0.2902226510390732,0.18447694740237142,0.536833354396582,-4.416440464691668,-1.4498363347406793
0,0.29129631774786635,0.17564406647298808,-7.477139213801498,4.547371093483424,2.595187511721709
0,0.27634203932026336,0.18473880865995493,10.9756603494498,5.277869723171472,0.44822711314678915
0,0.29829336001916296,0.19529454810629787,-0.5154745404648275,5.375751334046802,1.666392885294987
0,0.2972624109382333,0.20604605077439148,-8.586269428143279,10.394669270403654,2.261206685653911
0,0.28008987208194674,0.22683538931519878,5.7632914658301555,-0.5019334920666613,-0.08687226682259744
0,0.29161645501360706,0.22583152233106546,10.73839675309038,3.3606476013683104,0.3033004067856181
0,0.3130932485197878,0.23255281753380208,2.54033335672163,-5.411408316459087,-1.1318939382919193
0,0.3181739152332311,0.2217300009008839,11.405779487835998,-2.4715205447152915,-0.21339111230990804
0,0.34098547420890307,0.21678695981145332,12.50025029941451,12.358608477438901,0.779700384168809
0,0.3659859748077321,0.24150417676633112,12.339951352793005,10.384622649620756,0.6995648941301148
0,0.3906658775133181,0.26227342206557264,7.38385265510158,6.352502208778726,0.7104569594223044
0,0.40543358282352127,0.2749784264831301,7.13621925029223,-4.276358668717367,-0.5398657111724768
0,0.4197060213241057,0.26642570914569536,5.86696435463116,-2.871975280936301,-0.45522561167906206
0,0.43143995003336805,0.26068175858382275,2.402252374132441,2.0524797375432167,0.7070418223738988
0,0.43624445478163293,0.2647867180589092,-6.912513002989479,1.271488702998147,2.9596858549133493
0,0.42241942877565397,0.2673296954649055,6.188842297829733,7.128541276589462,0.8558432352644973
0,0.43479711337131344,0.2815867780180844,-12.351681666154745,-2.1155317372589244,-2.9719637703772053
0,0.41009375003900395,0.27735571454356656,-4.889150687039906,3.7601117341168333,2.4859964176138396
0,0.40031544866492413,0.2848759380118002,-11.33287744072825,-12.117843526343208,-2.3227339789362444
0,0.37764969378346763,0.2606402509591138,2.8036190565888797,-3.6386641931855923,-0.9142989122218689
0,0.3832569318966454,0.2533629225727426,17.14676201917456,-19.818922267752615,-0.857560234379889
0,0.4175504559349945,0.2137250780372374,11.44625417486178,-16.48782163767738,-0.9639568814456594
0,0.4404429642847181,0.18074943476188263,-9.049239133909898,-2.8476472423355212,-2.8367196847324694
0,0.4223444860168983,0.17505414027721158,-5.6775493073612235,-3.9865093240289835,-2.529423060528119
0,0.41098938740217583,0.16708112162915362,1.6109492054861008,-16.333035722398122,-1.4724829656828728
0,0.41421128581314803,0.13441505018435737,6.607395443430863,-4.00761819783818,-0.5452109741389423
0,0.42742607670000976,0.126399813788681,7.334106367278076,-2.8785515856522905,-0.374014124217436
0,0.4420942894345659,0.12064271061737643,7.235531425710401,8.931323488880517,0.8899091182436081
0,0.4565653522859867,0.13850535759513746,3.742400407973162,-4.257712906239594,-0.8497224498866509
0,0.46405015310193304,0.12998993178265827,6.296178152637055,10.738011046246054,1.0404778417717384
0,0.47664250940720715,0.15146595387515038,8.952554925511835,-9.429450464698771,-0.8113359529604076
0,0.4945476192582308,0.13260705294575284,4.2778994582875205,-13.054940535147594,-1.2541384609359625
0,0.5031034181748059,0.10649717187545765,6.411657745760246,-5.6427334631770005,-0.7216965697649609
0,0.5159267336663264,0.09521170494910365,9.51838005358785,-1.2537222460913198,-0.13096204150709678
0,0.534963493773502,0.09270426045692101,11.218376531042018,10.318630340305099,0.7436456904506457
0,0.5574002468355861,0.11334152113753121,10.089233723552027,-9.834298081652182,-0.7726031563567767
0,0.5775787142826901,0.09367292497422684,5.485562656106501,-12.655769222659908,-1.1617956349945038
0,0.5885498395949031,0.06836138652890703,7.457319597440614,5.403034747338095,0.626998556285932
0,0.6034644787897844,0.07916745602358322,5.404275619783183,7.332273016320355,0.9356327624031753
0,0.6142730300293507,0.09383200205622393,21.592118904584233,-5.101069789084437,-0.23199321559937186
0,0.6574572678385192,0.08362986247805505,13.730188162646483,-6.831265528795726,-0.4616746204354394
0,0.6849176441638122,0.0699673314204636,4.926236588643884,1.9592465446050464,0.3785364639879384
0,0.6947701173411,0.0738858245096737,6.448934982363985,2.61266391680285,0.3849218703583891
0,0.7076679873058279,0.0791111523432794,-2.1092659374136735,8.486514833605657,1.8144034573514505
0,0.7034494554310006,0.09608418201049071,5.5290724857723905,1.1941863135054713,0.21271565089179797
0,0.7145076004025454,0.09847255463750165,-8.80429191769716,-1.7215750295388534,-2.948490983826072
0,0.696899016567151,0.09502940457842395,-7.352766180272529,14.421339076035231,2.0422954057796896
0,0.682193484206606,0.12387208273049441,-2.054628515942125,-4.766435971198711,-1.9777901573339964
0,0.6780842271747217,0.11433921078809699,-9.067809550899918,1.6817279913172376,2.958214863718223
0,0.6599486080729219,0.11770266677073146,-12.10172278374888,14.027100815535222,2.282639534292707
0,0.6357451625054241,0.1457568684018019,-9.015800424469145,1.7129080372661754,2.9538407746103355
0,0.6177135616564858,0.14918268447633426,0.34169111520659934,5.179950624966123,1.504927589251376
0,0.618396943886899,0.1595425857262665,-9.236933577441263,11.167324502314807,2.261867986985832
0,0.5999230767320165,0.18187723473089612,-11.199127261145913,15.824806931403867,2.1866676734542922
0,0.5775248222097247,0.21352684859370386,1.0981636774815007,18.901502004146586,1.5127622855368439
0,0.5797211495646877,0.25132985260199703,-3.9645631379557345,6.37296235105167,2.1273011112074176
0,0.5717920232887762,0.26407577730410037,2.308613630899903,2.5121466517561974,0.8275932121085675
0,0.576409250550576,0.26910007060761276,-2.299221179478006,-1.066212471419442,-2.707381623137916
0,0.57181080819162,0.2669676456647739,-4.328653659735837,6.279711033385371,2.174310200057056
0,0.5631535008721483,0.2795270677315446,2.8552296110573305,-3.3541202069337914,-0.8655710073021508
0,0.568863960094263,0.27281882731767704,-1.3696986727897986,-6.206864654226346,-1.7879901967099483
0,0.5661245627486834,0.26040509800922435,0.2939928925732582,-9.9667964440458,-1.5413076468281
0,0.5667125485338299,0.24047150512113274,-8.102349062071912,8.194163559921558,2.350560553132208
0,0.5505078504096861,0.25685983224097586,7.221048280668052,-3.0888365250252012,-0.40420149194743654
0,0.5649499469710222,0.25068215919092546,-12.012236236614571,0.5989537606096995,3.0917719447875096
0,0.540925474497793,0.25188006671214486,0.6663409242040896,-3.449569816967646,-1.3799801040615303
0,0.5422581563462012,0.24498092707820956,10.511583301585691,10.329083608911798,0.776641484507247
0,0.5632813229493726,0.26563909429603316,-6.309243203356241,0.3370784785365899,3.0882172641347188
0,0.5506628365426601,0.26631325125310634,-3.3626007723277507,9.081948324974832,1.925397034958464
0,0.5439376349980046,0.284477147903056,0.08873803166215,6.103341383451339,1.556258096978556
0,0.5441151110613289,0.2966838306699587,-2.172155740277293,9.688121895704255,1.7913569327813967
0,0.5397707995807743,0.3160600744613672,5.6176416736239405,13.223148598153461,1.1690663833671533
0,0.5510060829280222,0.3425063716576741,-1.6303946422995264,6.216447159062749,1.827290532338388
0,0.5477452936434232,0.3549392659757996,-0.8493847883892514,8.672577816373344,1.668424107441694
0,0.5460465240666447,0.3722844216085463,-0.7488406840900352,6.68603840519344,1.682332158249491
0,0.5445488426984646,0.3856564984189332,-4.132747062999986,-2.972045837105447,-2.518132690333797
0,0.5362833485724646,0.3797124067447223,5.48800410648681,-5.7437142364245295,-0.808161017256214
0,0.5472593567854382,0.3682249782718732,-0.8970979667422552,-0.4895765502420102,-2.6420308489982665
0,0.5454651608519537,0.3672458251713892,-2.0478986509179786,-1.308520690549958,-2.573019214771505
0,0.5413693635501178,0.3646287837902893,-5.0327897038882075,-8.122313318638996,-2.1255212500519933
0,0.5313037841423414,0.3483841571530113,-12.165293983767588,1.2175654259067303,3.041839682447439
0,0.5069731961748062,0.35081928800482476,-13.357319368325543,-8.691244767669637,-2.564744588611521
0,0.4802585574381551,0.3334367984694855,-16.69675739311896,9.114509125827174,2.6419142534420588
0,0.4468650426519172,0.35166581672113983,-30.235401111722766,-2.691372022410293,-3.0528127074780533
0,0.38639424042847165,0.34628307267631925,-3.436510003498927,6.095414687721706,2.08416221937292
0,0.3795212204214738,0.35847390205176266,-4.563588505178184,3.6791212113045924,2.463088463092663
0,0.3703940434111174,0.36583214447437185,-10.44588063966778,6.4809470495578445,2.5862857376645976
0,0.34950228213178186,0.37879403857348753,-7.542066344885467,-16.323350668567578,-2.0036187692751843
0,0.3344181494420109,0.3461473372363524,-7.400311342087906,-1.2478822742088558,-2.9745385506848776
0,0.3196175267578351,0.34365157268793467,-13.097390573283018,-1.765108966173018,-3.0076317926155056
0,0.2934227456112691,0.34012135475558863,-0.7325773594794305,3.34725038660455,1.7862584704648286
0,0.2919575908923102,0.34681585552879773,-1.0029655571989204,-3.187327162817527,-1.8756595718228852
0,0.2899516597779124,0.3404412012031627,-2.2661421550874694,-11.74986938764841,-1.7613222864029836
0,0.28541937546773744,0.31694146242786586,-1.8064581965248072,-14.696407665613947,-1.6931011753721688
0,0.2818064590746878,0.28754864709663797,-11.183211388465368,-0.14711176767312484,-3.128438714373281
0,0.2594400362977571,0.2872544235612917,-27.197110733710407,0.32364746075030926,3.129693147506077
0,0.20504581483033626,0.28790171848279233,-1.2451130302867652,-9.815838294699313,-1.6969698305445076
0,0.20255558876976273,0.2682700418933937,1.7312035848828649,0.8089521058983196,0.4371284602490404
0,0.20601799593952846,0.26988794610519035,2.577801681562755,3.159011012199453,0.8863658915140582
0,0.21117359930265397,0.27620596812958925,-3.9992027793192553,0.4897804606409373,3.0197299757292395
0,0.20317519374401546,0.2771855290508711,0.34521152675001665,-14.087509855224528,-1.5462964359642626
0,0.2038656167975155,0.24901050934042207,-5.819402385486893,-8.579015620337762,-2.1668300373005867
0,0.1922268120265417,0.23185247809974655,-5.749022519678251,2.0564271828567016,2.798074400912353
0,0.1807287669871852,0.23596533246545995,-12.215414233749694,6.471981946961747,2.654373896261564
0,0.15629793851968582,0.24890929635938344,-3.169685230041824,-16.120359489242812,-1.7649457654684821
0,0.14995856805960217,0.21666857738089781,-6.538360282743252,-5.359404320792627,-2.4549626099372324
0,0.13688184749411567,0.20594976873931256,0.6842370731075104,3.0388349054969317,1.349325526014281
0,0.1382503216403307,0.21202743855030642,-0.2776007687644161,-10.416527859581997,-1.597440049244148
0,0.13769512010280185,0.19119438283114243,9.992478886629033,-0.6203896625813915,-0.06200607317249744
0,0.15768007787605992,0.18995360350597965,-4.766787313973925,-7.138409623315869,-2.1595596282722096
0,0.14814650324811207,0.1756767842593479,-2.109345228273912,-2.0443285025570357,-2.371846036455838
0,0.14392781279156425,0.17158812725423384,17.578512800234897,-5.529870673320961,-0.30477983612745463
0,0.17908483839203404,0.16052838590759191,7.2059563147848085,-14.46149584364359,-1.1085211126654182
0,0.19349675102160366,0.13160539422030473,-0.6314189536200249,-5.943354320713294,-1.6766388032682469
0,0.1922339131143636,0.11971868557887815,-3.3216966809646586,1.0432579243413453,2.8372746391842862
0,0.1855905197524343,0.12180520142756084,7.1253011000065865,-1.7886141444559966,-0.2459412132580369
0,0.19984112195244746,0.11822797313864884,-2.6715880679015065,11.042933756516652,1.808162921133114
0,0.19449794581664445,0.14031384065168215,8.62244300419296,-8.9826157004958,-0.8058537872581378
0,0.21174283182503037,0.12234860925069055,1.3241092485196808,0.5735729231473238,0.40877572694652464
0,0.21439105032206973,0.1234957550969852,-1.5618630119415693,-8.803159353404574,-1.746389827794037
0,0.2112673242981866,0.10588943639017605,-0.11664083525013413,-6.818473079466827,-1.5879012501610505
0,0.21103404262768632,0.09225249023124239,8.081773605797162,-6.4038705695359655,-0.6700799444928301
0,0.22719758983928065,0.07944474909217046,13.79844339271151,-13.49425459403631,-0.7742531969210592
0,0.25479447662470367,0.05245623990409784,19.61816587433668,-14.117186944265292,-0.6237580492213117
0,0.29403080837337703,0.024221866015567254,4.251131347254272,-1.32191421013024,-0.3014774909079463
0,0.3025330710678856,0.021578037595306774,-5.8090782423452225,-6.716351175943304,-2.2838862974709317
0,0.2909149145831951,0.008145335243420166,3.375336188949168,-3.9136499065408143,-0.8591173608505057
0,0.29766558696109346,0.0003180354303385369,-2.28997982115009,2.289597597322642,2.356277952877137
0,0.2930856273187933,0.0048972306249838215,-7.252025146423202,1.9313439070672327,2.881315927978442
0,0.2785815770259469,0.008759918439118287,-5.420155290959988,4.5933526280816155,2.4385763470588286
0,0.2677412664440269,0.017946623695281518,-1.6481983391656574,5.092833309146333,1.8837894436986284
0,0.2644448697656956,0.028132290313574185,-6.2234473414102265,-0.918628203753491,-2.9950432664041284
0,0.25199797508287514,0.026295033906067203,4.719637084288963,-4.230698689793047,-0.7308244679966737
0,0.26143724925145306,0.01783363652648111,-0.1323040132923392,1.9231845396626892,1.6394823447889664
0,0.2611726412248684,0.021680005605806487,0.6335706577853262,3.175670805362471,1.3738742136207405
0,0.26243978254043904,0.02803134721653143,-0.309681464570416,13.740946381038587,1.5933296400471946
0,0.2618204196112982,0.0555132399786086,17.33323841658413,11.498417297682098,0.5857195032853625
0,0.29648689644446646,0.0785100745739728,6.390173170227331,-1.3815138908663815,-0.21291664594726156
0,0.3092672427849211,0.07574704679224004,12.577057845296752,26.582002206692657,1.1288651609784912
0,0.33442135847551463,0.12891105120562535,7.476257032807548,12.700931291506192,1.038772764838929
0,0.3493738725411297,0.15431291378863773,3.4907338316438885,-0.973017379370486,-0.271842643259824
0,0.3563553402044175,0.15236687902989676,5.783093425444502,2.566055350022134,0.41761649306155796
0,0.3679215270553065,0.15749898972994103,2.241653584046016,-13.939983298006775,-1.4113538395407215
0,0.37240483422339854,0.12961902313392748,-0.053742014142516004,-2.4978399893631624,-1.5923084028534353
0,0.3722973501951135,0.12462334315520116,-1.844251350654108,6.848038281715568,1.8338657717037474
0,0.3686088474938053,0.1383194197186323,8.630677862759645,-3.4645299047818128,-0.38173023434898484
0,0.3858702032193246,0.13139035990906867,4.559419738835863,-10.196531513170784,-1.1503116647991942
0,0.3949890426969963,0.1109972968827271,1.543913883098491,-0.6923535051788984,-0.42155628347507146
0,0.3980768704631933,0.1096125898723693,4.7048694307219305,5.378902449029068,0.8521422192753761
0,0.40748660932463715,0.12037039477042744,9.574235264122127,7.642307156927139,0.6736521508263038
0,0.4266350798528814,0.1356550090842817,15.963199141324047,4.39581893209455,0.2687120734103396
0,0.4585614781355295,0.1444466469484708,5.97376103644573,11.537089226984056,1.0930201584861456
0,0.47050900020842096,0.16752082540243893,22.138311218090596,1.9853211005471798,0.0894388251737396
0,0.5147856226446021,0.1714914676035333,7.185220451410679,9.186852535441743,0.9070533515159446
0,0.5291560635474235,0.18986517267441677,1.2683735882899616,0.9101526202628801,0.6224238498211879
0,0.5316928107240034,0.19168547791494253,3.3773987313861498,1.2028796085884612,0.3421481262808444
0,0.5384476081867757,0.19409123713211945,-3.8448178660653864,-3.138540262414516,-2.4569890008256223
0,0.530757972454645,0.18781415660729042,-6.903543375009257,-6.396173220865012,-2.394324944538975
0,0.5169508857046264,0.1750218101655604,-14.613474480601074,-5.591405110844785,-2.7761583772596627
0,0.4877239367434243,0.16383899994387083,0.9563856858195441,-4.411180775636639,-1.3572913059380063
0,0.4896367081150634,0.15501663839259755,21.295533224591683,-11.016628829974062,-0.47740828023889165
0,0.5322277745642467,0.13298338073264943,8.952332029899146,-25.933981297110858,-1.2384067582678413
0,0.550132438624045,0.08111541813842771,0.74397379220148,-14.092866976424132,-1.5180544803277385
0,0.551620386208448,0.052929684185579445,-10.98561724046454,-10.449878267128211,-2.381182364368789
0,0.5296491517275189,0.03202992765132302,-4.073999975101605,-0.05561093469726164,-3.1279432963332034
0,0.5215011517773157,0.0319187057819285,0.6798019013775081,-14.306134936477797,-1.523313835070919
0,0.5228607555800707,0.0033064359089729056,-5.316019313742759,4.986020774123531,2.3882158897297945
0,0.5122287169525852,0.013278477457219969,-7.466386112059409,5.2715441422074925,2.526826555484717
0,0.4972959447284664,0.023821565741634954,-5.459529378365885,-8.281278523994494,-2.1536548475259467
0,0.4863768859717346,0.007259008693645964,-2.9873654142489046,-3.146265685402758,-2.3302938882973354
0,0.4804021551432368,0.0009664773228404483,-9.555151844917342,7.287214705759265,2.490046026429508
0,0.4612918514534021,0.01554090673435898,-15.482740218371731,0.06025864343312155,3.1377006849635296
0,0.43032637101665866,0.015661424021225223,-6.100878269603621,-4.150388792210624,-2.5442152177076416
0,0.4181246144774514,0.007360646436803975,-3.7089773526381706,1.4563934626121164,2.767423662983336
0,0.4107066597721751,0.010273433362028208,2.2951106005045796,-3.942934287101421,-1.0436561141779361
0,0.41529688097318423,0.0023875647878253657,-7.101480765701024,5.199428551719661,2.5096064818550046
0,0.4010939194417822,0.012786421891264688,11.6589816251364,-4.5641749183905285,-0.3731338521553038
0,0.424411882692055,0.003658072054483631,-11.249116555622912,1.2734562285412758,3.0288675579162154
0,0.40191364958080916,0.006204984511566183,-7.351225590827181,1.5441258870135752,2.934552447732636
0,0.3872111983991548,0.009293236285593334,4.690438564306926,1.7508367131181326,0.3572599654212506
0,0.39659207552776865,0.012794909711829599,11.515835193306096,8.843934054461121,0.6549095126098954
0,0.41962374591438084,0.03048277782075184,7.914503888614449,4.196869241441468,0.4875738092015802
0,0.43545275369160974,0.03887651630363478,3.5758381383245164,11.912286170368786,1.2791737809916577
0,0.4426044299682588,0.06270108864437235,0.5208299104687564,4.489155930517283,1.455293161265246
0,0.4436460897891963,0.07167940050540691,-0.8680907987808906,0.799537905223753,2.397279365607146
0,0.4419099081916345,0.07327847631585442,5.464744293754903,20.75028464004678,1.313285889155009
0,0.4528393967791443,0.11477904559594798,-2.2099673346122892,8.752772352949565,1.818114977932449
0,0.44841946210991973,0.1322845903018471,-1.9023229663211183,7.949768207418287,1.805672596498719
0,0.4446148161772775,0.14818412671668368,-15.514264334115735,10.714457380165562,2.5371899395199997
0,0.413586287509046,0.1696130414770148,-11.746807078836685,8.304811086604676,2.5261944387732433
0,0.39009267335137265,0.18622266365022416,13.14437786724093,3.2244786349969328,0.2405619438634179
0,0.4163814290858545,0.19267162092021803,2.4708701244872953,8.511640844082319,1.2882686157553005
0,0.4213231693348291,0.20969490260838267,10.786737495489279,10.377264814645182,0.7660529755769144
0,0.44289664432580766,0.23044943223767303,16.458653257940657,-3.7613851045307927,-0.22467693990322193
0,0.475813950841689,0.22292666202861144,-0.3888410465134051,3.6771950477212934,1.6761487425832788
0,0.47503626874866217,0.23028105212405403,8.431955814605956,-0.4959164529098198,-0.05874625567509022
0,0.4919001803778741,0.2292892192182344,-1.7820517340702002,10.681024476467252,1.7361163452828274
0,0.4883360769097337,0.2506512681711689,-13.015860018106173,15.037757148352343,2.2842462953704596
0,0.46230435687352134,0.2807267824678736,2.7834734813919626,-3.8572557540290098,-0.9457070810431741
0,0.46787130383630526,0.27301227095981556,18.852726909118044,3.210870996430304,0.16869468578966815
0,0.5055767576545414,0.27943401295267617,9.668679060398476,-7.122964835644507,-0.6349379117401802
0,0.5249141157753383,0.26518808328138715,6.846302128794446,7.403012536073783,0.8244475790150845
0,0.5386067200329272,0.2799941083535347,-0.33968586132987477,9.455561181647532,1.6067053372506164
0,0.5379273483102675,0.2989052307168298,8.95742173285996,1.9172938635011738,0.21086344546875407
0,0.5558421917759874,0.30273981844383213,11.125324857522378,4.60306960091078,0.39230076608444914
0,0.5780928414910321,0.3119459576456537,33.91090252191891,7.282590968291397,0.21154352611731994
0,0.64591464653487,0.3265111395822365,4.638907695849848,0.837228046259908,0.1785574147606549
0,0.6551924619265697,0.3281855956747563,-1.5414798971004062,5.675161988803468,1.836016223628369
0,0.6521095021323688,0.33953591965236324,-0.21509017855680934,17.76402634983121,1.5829039235703004
0,0.6516793217752552,0.37506397235202565,15.946073851422659,9.233112695904378,0.5248509673692585
0,0.6835714694781005,0.3935301977438344,20.314884698781675,8.597029655637577,0.4003354606461068
0,0.7242012388756639,0.41072425705510957,5.057330121845227,-0.8971267273153449,-0.17556503261645975
0,0.7343158991193544,0.4089300036004789,3.8070186710132403,-2.5791016849998902,-0.5954375220071657
0,0.7419299364613808,0.4037718002304791,18.3950666274581,-3.3922586146882536,-0.18236251226331712
0,0.778720069716297,0.3969872830011026,22.154985904941302,-7.4987152780966735,-0.3263630553194493
0,0.8230300415261796,0.38198985244490924,6.524397228759415,9.441731461389768,0.9661246782840284
0,0.8360788359836985,0.4008733153676888,17.464733718468185,4.5591455362518625,0.255350077535079
0,0.8710083034206348,0.4099916064401925,6.847975719042553,19.52195237812865,1.2334238221621476
0,0.88470425485872,0.4490355111964498,2.8701391318643465,9.73380316351391,1.2840589450520856
0,0.8904445331224486,0.4685031175234776,4.77702276539732,11.34105119501716,1.1721358302297034
0,0.8999985786532433,0.49118521991351194,7.051654527905293,7.552739227501992,0.819695253634087
0,0.9141018877090539,0.5062906983685159,2.5183467927915593,0.27499928613961,0.1087673807926344
0,0.919138581294637,0.5068406969407951,0.10718211477128703,16.310485162523868,1.5642250586238382
0,0.9193529455241796,0.5394616672658429,-14.796354668226874,30.34195705578929,2.0245178567788793
0,0.8897602361877258,0.6001455813774215,-6.073842256753392,-14.971863180067379,-1.9561929027408558
0,0.877612551674219,0.5702018550172867,-0.9017865123662205,8.290018908908847,1.6791500718361525
0,0.8758089786494866,0.5867818928351044,12.05094175946414,-17.44179225338227,-0.9661880762370818
0,0.8999108621684149,0.5518983083283399,5.792020550208887,16.298774557923334,1.2293496598548694
0,0.9114949032688326,0.5844958574441865,14.889169075910146,15.261817863226778,0.7977569566638893
0,0.9412732414206529,0.6150194931706401,21.33618943325899,8.301604704943843,0.37106217311662276
0,0.9839456202871709,0.6316227025805278,4.947485188703915,4.245534262763084,0.709189093270429
0,0.9938405906645787,0.6401137711060539,0.6073965076654475,2.3338377215426642,1.3161879963625718
0,0.9950553836799096,0.6447814465491393,0.17237572854039707,3.7416681309189737,1.5247596583776981
0,0.9954001351369904,0.6522647828109772,2.291831962471458,-5.8556945000808325,-1.197738520557059
0,0.9999837990619334,0.6405533938108156,-0.9192349961387181,9.716897678201775,1.665117316126085
0,0.9981453290696559,0.6599871891672191,-1.9245667053567894,9.451148478072712,1.7716828031203806
0,0.9942961956589423,0.6788894861233645,-3.1091163897835616,1.834448045748449,2.6085419916391785
0,0.9880779628793752,0.6825583822148614,3.6270870251155496,-6.130733687274903,-1.0365586755960439
0,0.9953321369296063,0.6702969148403116,1.9444778517508365,3.7141913008771343,1.0885050865858712
0,0.999221092633108,0.6777252974420659,-3.6424046895905393,4.9809501364097,2.202200152935227
0,0.9919362832539269,0.6876871977148853,-3.5186127503241127,-1.6193126889361142,-2.7102778077038323
0,0.9848990577532787,0.6844485723370131,0.22271640441057228,-8.997672196672134,-1.5460487109069394
0,0.9853444905620998,0.6664532279436688,-8.347497609962117,5.648555192183546,2.546692165675232
0,0.9686494953421756,0.6777503383280359,-6.850575218699417,0.4006103884238166,3.083180819236735
0,0.9549483449047768,0.6785515591048835,-12.574598844314998,7.8875545111991014,2.5813691558826335
0,0.9297991472161468,0.6943266681272817,-6.304721892457232,-1.7954257511855198,-2.8641618152815735
0,0.9171897034312323,0.6907358166249107,-14.794255745790407,2.362683564596124,2.9832272195059852
0,0.8876011919396515,0.6954611837541029,-1.096320915211002,6.00189911851523,1.7514668465560854
0,0.8854085501092295,0.7074649819911334,-8.545021430704901,5.620732673901451,2.559768558233641
0,0.8683185072478197,0.7187064473389363,1.741109998737167,11.078007510203713,1.414903437522248
0,0.871800727245294,0.7408624623593437,7.368019103489775,2.5007171363710112,0.32720197510347904
0,0.8865367654522736,0.7458638966320857,8.159207469764452,-4.153814839520709,-0.4708974108314356
0,0.9028551803918025,0.7375562669530443,12.629573535029081,3.5734706986024767,0.2757372151899519
0,0.9281143274618606,0.7447032083502493,0.9343523419610977,10.567357064924787,1.4826069326391003
0,0.9299830321457828,0.7658379224800989,3.053769568561737,14.13001432510147,1.3579505152250537
0,0.9360905712829063,0.7940979511303018,-4.898691163834457,0.08078337243810907,3.1251033408312185
0,0.9262931889552374,0.794259517875178,-7.9645215373247975,-0.5835806076355254,-3.0684508373170396
0,0.9103641458805878,0.793092356659907,-1.1311682826802838,2.8892558466535045,1.943961097790181
0,0.9081018093152272,0.798870868353214,-14.31363433884375,12.251783575924712,2.433653294322929
0,0.8794745406375397,0.8233744355050634,9.045905975697044,-10.606928464249599,-0.8646616395436084
0,0.8975663525889338,0.8021605785765642,-7.603280031683923,7.231310334776753,2.3812637210223144
0,0.882359792525566,0.8166231992461177,-4.406187475082701,-2.430423593912656,-2.637526984649667
0,0.8735474175754006,0.8117623520582924,2.5254876281465277,10.850005132950535,1.3421046576422935
0,0.8785983928316936,0.8334623623241935,15.315603337278716,-5.21570318877268,-0.3282299387963431
0,0.909229599506251,0.8230309559466481,1.3520723495061837,2.3815434651208167,1.0544432281744731
0,0.9119337442052634,0.8277940428768897,2.303266778349966,13.284929243813027,1.3991283795075828
0,0.9165402777619633,0.8543639013645158,0.13966979257989953,7.944403509176523,1.5532172341678645
0,0.9168196173471231,0.8702527083828688,7.1670010884362645,-5.6817618146477455,-0.6703149773524876
0,0.9311536195239957,0.8588891847535733,1.3230054379695377,9.519034914523328,1.432695767874481
0,0.9337996303999347,0.87792725458262,5.615066706155192,5.135192961680746,0.7407894366649497
0,0.9450297638122451,0.8881976405059815,-14.484720545914763,-7.5180571289089055,-2.6628343417192215
0,0.9160603227204156,0.8731615262481637,-4.539001428516542,-4.839736153215146,-2.3241398865084166
0,0.9069823198633825,0.8634820539417334,-5.469939102284216,2.7636784731572273,2.673755073373948
0,0.8960424416588141,0.8690094108880478,-1.928861425180728,-2.832343329938314,-2.168665065425875
0,0.8921847188084526,0.8633447242281712,-1.5882270608179594,9.564123509676891,1.735355562269392
0,0.8890082646868167,0.882472971247525,-0.646692956825734,-2.7337354522380397,-1.8030863029929673
0,0.8877148787731652,0.8770055003430489,-0.6324806240083913,4.269848694385125,1.7178541592267074
0,0.8864499175251485,0.8855451977318192,-10.963239440561601,-2.6483861856553825,-2.904564016804679
0,0.8645234386440253,0.8802484253605084,-7.491191733296931,11.952789347962067,2.130639925196962
0,0.8495410551774314,0.9041540040564325,3.0105730147738097,21.986875961969908,1.434716644710614
0,0.855562201206979,0.9481277559803724,-4.542990444614425,3.032962489652735,2.552934724029001
0,0.8464762203177502,0.9541936809596778,-2.833195482919826,20.507412968104266,1.7080819840226673
0,0.8408098293519105,0.9952085068958864,-6.58362337030377,-15.546579054626585,-1.9713765296211052
0,0.827642582611303,0.9641153487866332,-2.3744795168429977,7.396848772983411,1.881417280300358
0,0.822893623577617,0.9789090463326,-17.123603812599864,-4.532215765384762,-2.882849207046537
0,0.7886464159524172,0.9698446148018305,1.9492003644533962,4.5546087756090365,1.1664193521905004
0,0.792544816681324,0.9789538323530486,-14.51520873235268,5.3828981936435145,2.7864693499126623
0,0.7635143992166187,0.9897196287403356,-8.017432146120107,-3.5242333187992525,-2.7274449754192704
0,0.7474795349243785,0.9826711621027371,3.04205405024488,3.709940190694927,0.883994295910293
0,0.7535636430248682,0.9900910424841269,-7.182318191063297,2.721329440089848,2.779413396845442
0,0.7391990066427416,0.9955337013643066,8.602666929767466,-10.343158638977389,-0.8770077928148932
0,0.7564043405022766,0.9748473840863519,-1.3933106095518344,3.859271887811433,1.9172629032497672
0,0.7536177192831729,0.9825659278619747,4.433562321400408,2.8758170346440126,0.5754235116432824
0,0.7624848439259737,0.9883175619312627,7.823841915399698,4.161472417982703,0.48883784636223804
0,0.7781325277567731,0.9966405067672282,3.422960014826948,0.3135567996436217,0.09134904846357078
0,0.784978447786427,0.9972676203665154,-3.7254739981588125,-10.010723594471305,-1.9270645558080532
0,0.7775274997901094,0.9772461731775728,7.775207774381676,10.31440039249415,0.9248544974073966
0,0.7930779153388727,0.9978749739625611,15.282343554328726,-8.681818922940343,-0.5166293059161801
0,0.8236426024475302,0.9805113361166804,4.4303759438694135,1.9341902843745817,0.4116335772295527
0,0.832503354335269,0.9843797166854296,0.9963927244718285,3.2105598801095425,1.2698726626729024
0,0.8344961397842127,0.9908008364456486,-5.4226288182687705,3.122606480290502,2.6191217946713143
0,0.8236508821476751,0.9970460494062297,17.408658366615924,-9.895099340551216,-0.5168608371062798
0,0.858468198880907,0.9772558507251272,1.1135435341454447,9.180102918723342,1.4500863694656627
0,0.8606952859491979,0.9956160565625739,14.328854817248493,-13.812212418486014,-0.7670412062579507
0,0.8893529955836948,0.9679916317256019,3.249543094269336,6.432158808170662,1.1029953372526822
0,0.8958520817722335,0.9808559493419432,-4.172566413511158,8.013913984797838,2.050839118878732
0,0.8875069489452112,0.9968837773115389,9.065028766473471,-13.503004440472365,-0.9795693071634796
0,0.9056370064781581,0.9698777684305941,12.434396240950385,10.082744975421221,0.6813371429549845
0,0.9305057989600589,0.9900432583814366,-0.5470631046961549,4.359968921409274,1.6956180840242103
0,0.9294116727506666,0.9987631962242551,4.694693212334622,-8.566486224378277,-1.0694666913287294
0,0.9388010591753359,0.9816302237754986,5.056103148855684,8.921253122369798,1.0551856906067962
0,0.9489132654730472,0.9994727300202382,4.571812308326928,-1.058854312746993,-0.22759215635569216
0,0.9580568900897011,0.9973550213947442,-0.8533960863558732,-5.661244621493755,-1.7204133788577405
0,0.9563500979169893,0.9860325321517567,-5.2749907345783775,1.7265835724991074,2.825268346503608
0,0.9458001164478326,0.9894856992967549,7.761017085778865,-2.1022776058332027,-0.26452865421463256
0,0.9613221506193903,0.9852811440850885,3.4732985083143486,-11.657526487812097,-1.2812261718965288
0,0.968268747636019,0.9619660911094643,5.235504690922543,-15.477473064030356,-1.2446128575209463
0,0.9787397570178641,0.9310111449814036,-1.4619403842934253,-18.837992530803426,-1.648247042796795
0,0.9758158762492772,0.8933351599197967,0.9489278536356505,-12.851060702917582,-1.4970896617887348
0,0.9777137319565485,0.8676330385139616,-4.78396741702547,5.287415768606751,2.306248059709348
0,0.9681457971224976,0.8782078700511751,13.355671578658134,-14.380567416733658,-0.822332866441436
0,0.9948571402798139,0.8494467352177077,-6.042802910786738,2.514655996269266,2.7472498119382784
0,0.9827715344582404,0.8544760472102463,-13.679003835171955,7.603100118188599,2.6342900742612008
0,0.9554135267878965,0.8696822474466235,15.5094727455094,-5.131955645466979,-0.3195514679897946
0,0.9864324722789153,0.8594183361556895,-7.364548481364364,2.7947068150089294,2.778899164184177
0,0.9717033753161866,0.8650077497857074,11.913290938366849,8.048044632464613,0.5941286217699235
0,0.9955299571929203,0.8811038390506366,-9.480717168822206,-1.7107142771966566,-2.9630721601415257
0,0.9765685228552758,0.8776824104962433,6.126676383574892,3.3437822601177225,0.4995930915855714
0,0.9888218756224256,0.8843699750164787,-2.848808672837322,-4.376830953959132,-2.147792646706561
0,0.983124258276751,0.8756163131085605,5.157031344793783,6.309414426228066,0.8855622968414035
0,0.9934383209663386,0.8882351419610166,-4.984730452882002,0.13917102717936336,3.11368043561199
0,0.9834688600605745,0.8885134840153753,-4.984730452882002,0.13917102717936336,3.11368043561199
1,0.5074275997583441,0.5290339245221489,16.828379043071717,0.6329950109644211,0.0375970096509265
1,0.5410843578444875,0.5302999145440778,11.182819971467305,14.92636107137929,0.9278078327225896
1,0.5634499977874221,0.5601526366868363,15.534172795829804,-1.5335195974849336,-0.09840027703118619
1,0.5945183433790817,0.5570855974918665,9.151234467141778,2.808142978261874,0.2977379470838244
1,0.6128208123133653,0.5627018834483902,12.1262338841715,6.6430414613175,0.5011710115350718
1,0.6370732800817083,0.5759879663710252,1.5354394013499806,-4.692306775119448,-1.2545534408802796
1,0.6401441588844082,0.5666033528207863,-1.2551147111548588,7.508934076272344,1.7364147686393556
1,0.6376339294620985,0.581621220973331,17.205127938829833,10.37012030659673,0.5424275712231629
1,0.6720441853397582,0.6023614615865245,2.807182022897703,-0.31749354105570227,-0.11262186518541255
1,0.6776585493855536,0.6017264745044131,12.494056355285721,9.42388196987981,0.6462278064179923
1,0.702646662096125,0.6205742384441727,4.996225583019431,12.182437687329406,1.1815988819657834
1,0.7126391132621639,0.6449391138188315,3.187223364941316,8.309474734511657,1.2045378733254775
1,0.7190135599920465,0.6615580632878548,2.5920537429824364,9.857563267995085,1.3136663419289714
1,0.7241976674780114,0.681273189823845,-1.4799205137228655,3.72368601569556,1.9490889313345536
1,0.7212378264505657,0.6887205618552361,0.05567301925085699,6.81979580208375,1.5626330644042095
1,0.7213491724890674,0.7023601534594036,-7.866437803223769,21.064437630208822,1.9282042166702742
1,0.7056162968826198,0.7444890287198213,5.199454257169944,5.333056770895239,0.7980822563320085
1,0.7160152053969597,0.7551551422616117,-1.1237367017739586,18.267160463993903,1.632235672561946
1,0.7137677319934118,0.7916894631895995,-2.7024066636228694,10.045484739524102,1.8335917723945316
1,0.7083629186661661,0.8117804326686477,-8.657396646498505,10.420317392754342,2.2640488396244103
1,0.6910481253731691,0.8326210674541564,-4.183246982401633,7.035518988541378,2.1072281533086805
1,0.6826816314083658,0.8466921054312392,-1.8829168085584547,8.706207713678138,1.783788829948489
1,0.6789157977912489,0.8641045208585955,4.758202165100422,7.575587340206302,1.0099731980442672
1,0.6884322021214497,0.8792556955390081,-0.40666503267522414,18.80408638443298,1.5924193741902375
1,0.6876188720560993,0.916863868307874,-1.6575849268498088,4.649528870610486,1.9132553364163079
1,0.6843037022023997,0.926162926049095,-4.644549945019283,5.721513329706773,2.2526726981426797
1,0.6750146023123611,0.9376059527085085,5.5810826826120925,19.783620121436527,1.2958355781427084
1,0.6861767676775853,0.9771731929513816,1.1922744298722976,7.454967118578903,1.4122091168454445
1,0.6885613165373299,0.9920831271885394,2.2772803175283296,-2.6650695609334307,-0.8637002643257536
1,0.6931158771723865,0.9867529880666726,1.0318260722014805,5.013246182906328,1.3678109769176678
1,0.6951795293167895,0.9967794804324852,2.1867324446955827,-13.514902923182525,-1.4103849637719321
1,0.6995529942061807,0.9697496745861202,8.881517199253953,-0.8925453864388477,-0.10015842820840307
1,0.7173160286046886,0.9679645838132425,3.973844763147716,-7.106505762843107,-1.0609293669672484
1,0.725263718130984,0.9537515722875562,18.01142454018162,-10.489558750859883,-0.5273655663398369
1,0.7612865672113472,0.9327724547858365,11.846507837871389,-1.3720040648891874,-0.11530137777985838
1,0.78497958288709,0.9300284466560581,14.894222164863136,8.459681900251315,0.5165456869200128
1,0.8147680272168163,0.9469478104565607,1.7800260898190312,2.06734978812928,0.8599402245279307
1,0.8183280793964544,0.9510825100328193,5.159622518228046,-5.875078611755346,-0.850144462829193
1,0.8286473244329104,0.9393323528093086,10.932986361296138,-1.1535636483701595,-0.10512326374365799
1,0.8505132971555027,0.9370252255125683,11.66424586166931,-2.949123718516078,-0.24764463928656633
1,0.8738417888788413,0.9311269780755361,2.7618342597564016,-2.9070323499645334,-0.8110058131885822
1,0.8793654573983541,0.9253129133756071,-0.421131091839555,4.92404243146266,1.65611418864557
1,0.878523195214675,0.9351609982385324,14.667482742165339,-9.780949013519058,-0.5881265968968371
1,0.9078581606990057,0.9155991002114943,8.770301144612136,-6.59939994790848,-0.6450808687522219
1,0.92539876298823,0.9024003003156773,12.755390864295945,-10.323371820952554,-0.680406563010465
1,0.9509095447168219,0.8817535566737722,6.267687394240329,6.738795851117252,0.821603383839435
1,0.9634449195053025,0.8952311483760067,16.743598030631855,-2.2556490264261653,-0.13391088440220456
1,0.9969321155665662,0.8907198503231544,-1.908705583220982,4.806760721281833,1.948789586268572
1,0.9931147044001243,0.900333371765718,-7.6044798775702915,10.470670303193874,2.198933095928113
1,0.9779057446449837,0.9212747123721058,-0.5462579493085151,-0.0432262272798134,-3.062625674422947
1,0.9768132287463667,0.9211882599175462,-9.04129803341469,-2.446964018235631,-2.877281606438412
1,0.9587306326795373,0.9162943318810749,-0.6303288185026124,5.347497376355648,1.688128523495174
1,0.9574699750425321,0.9269893266337862,15.312461772879537,9.745730463784795,0.5667959921322516
1,0.9880948985882911,0.9464807875613558,5.6509080640347875,4.79250271961329,0.7033866457386203
1,0.9993967147163607,0.9560657930005824,-4.449270273299888,-1.2978467395433624,-2.857768942996314
1,0.9904981741697609,0.9534700995214956,-6.1434918882621865,13.897479891044451,1.98702607162436
1,0.9782111903932366,0.9812650593035845,8.407199923388065,-2.1840257193246337,-0.25416234811961996
1,0.9950255902400127,0.9768970078649353,-7.263022961419008,-1.5494283191030966,-2.9314122502666917
1,0.9804995443171747,0.9737981512267291,3.561437921871635,12.692507453809453,1.2972371493735058
1,0.987622420160918,0.999183166134348,-0.7140643759468435,-9.651596871804168,-1.6446458465473541
1,0.9861942914090243,0.9798799723907397,-5.970225389949513,8.811550892863561,2.166292564894914
1,0.9742538406291252,0.9975030741764668,-2.9846964384293573,-4.740189297587127,-2.1327379521632204
1,0.9682844477522665,0.9880226955812925,-9.440912008737534,4.375916527278312,2.707564320419693
1,0.9494026237347915,0.9967745286358491,-2.4519284008615028,-0.47757123081415553,-2.9492273703935106
1,0.9444987669330684,0.9958193861742208,-0.2826969784883171,-2.0530405604025637,-1.7076325669798678
1,0.9439333729760918,0.9917133050534157,-9.91138175352213,-2.5497712764258607,-2.8897957214733467
1,0.9241106094690476,0.986613762500564,-9.008395779633915,4.3534772373178265,2.6914193154926953
1,0.9060938179097797,0.9953207169751996,-4.28706545611085,-10.192645272275591,-1.9689374786633038
1,0.897519686997558,0.9749354264306485,-15.940881768561232,-12.620485687499016,-2.4719297625302494
1,0.8656379234604356,0.9496944550556504,2.9070438591409786,3.4621953588735987,0.8723397912819614
1,0.8714520111787175,0.9566188457733976,-6.778287796441962,1.3635193950350954,2.9430820970344014
1,0.8578954355858336,0.9593458845634678,-3.295288945461383,4.940395986849199,2.1590359431430866
1,0.8513048576949108,0.9692266765371662,-0.21337077847960462,1.1119464630466869,1.7603812425356917
1,0.8508781161379516,0.9714505694632596,6.823775092580419,11.059724030961782,1.0179754028441392
1,0.8645256663231125,0.9935700175251831,-1.279027609521366,-0.08538053855577932,-3.074937286933193
1,0.8619676111040697,0.9933992564480716,1.3220586476393459,0.12725444123729002,0.09595913808667593
1,0.8646117283993484,0.9936537653305462,-3.3753673258376526,2.2910701129903455,2.545263231994614
1,0.8578609937476731,0.9982359055565269,-11.537274043101842,-12.736501573553992,-2.3068303825027843
1,0.8347864456614694,0.9727629024094189,-10.447000619096535,-8.169733412183467,-2.477913465632462
1,0.8138924444232764,0.9564234355850519,-17.444999821304265,-3.582882601863402,-2.9390278397271365
1,0.7790024447806678,0.9492576703813251,-9.212067474910102,-10.03300595317419,-2.3135632635227155
1,0.7605783098308476,0.9291916584749768,-1.2071948782945152,-14.8957952924762,-1.651662256018801
1,0.7581639200742586,0.8994000678900244,-5.734026092653665,-16.31364105510169,-1.9087948896802864
1,0.7466958678889513,0.866772785779821,-0.39959393896005224,-25.656950068899675,-1.586369558743785
1,0.7458966800110312,0.8154588856420216,16.804134007674886,-12.733923982813423,-0.648465043617822
1,0.7795049480263809,0.7899910376763948,10.23657040580217,16.642506795343014,1.0193580756564833
1,0.7999780888379853,0.8232760512670808,6.463592720233946,-3.7166600288404683,-0.5218452341565074
1,0.8129052742784532,0.8158427312093999,0.8501687868139318,-14.798255536614402,-1.513408799948828
1,0.814605611852081,0.7862462201361711,12.890763969672204,-10.032266130844237,-0.6613387368212333
1,0.8403871397914254,0.7661816878744826,12.46546923031594,-5.158329662583727,-0.3923541486351
1,0.8653180782520573,0.7558650285493151,9.507923199716716,-3.238939039956479,-0.328327163175173
1,0.8843339246514907,0.7493871504694022,6.893457183403284,9.220483095636666,0.9288174031755334
1,0.8981208390182973,0.7678281166606755,11.891757696786575,-0.4404398639794582,-0.03702048484455236
1,0.9219043544118705,0.7669472369327166,7.258567885227385,-6.644225702226058,-0.7412384922408927
1,0.9364214901823252,0.7536587855282645,9.89997571910467,8.556352152835956,0.712726209276288
1,0.9562214416205346,0.7707714898339364,16.824308460600122,6.338417047322575,0.36029668578971463
1,0.9898700585417348,0.7834483239285815,-9.083273978193528,-8.241138081125587,-2.4047660397271384
1,0.9717035105853478,0.7669660477663304,13.628471446301527,11.501051382107441,0.7009413510202323
1,0.9989604534779508,0.7899681505305453,-5.187445319439377,-16.319897090032786,-1.8785570055241125
1,0.9885855628390721,0.7573283563504797,3.2309491780008748,4.689733125534056,0.9675311711397147
1,0.9950474611950738,0.7667078226015478,-9.856778742968253,6.698270918865101,2.5447170464094904
1,0.9753339037091373,0.780104364439278,5.451618426155269,16.945204833968276,1.2595335487513084
1,0.9862371405614478,0.8139947741072145,2.8164805042243946,-5.81986752863034,-1.12007714334395
1,0.9918701015698966,0.8023550390499539,-9.309885441579791,12.06967987546259,2.2278187752954293
1,0.973250330686737,0.826494398800879,-15.743613368291332,5.750382095724149,2.7913956760460024
1,0.9417631039501544,0.8379951629923273,-16.687930890327053,-5.173895761627856,-2.840952149125284
1,0.9083872421695003,0.8276473714690716,-8.177785608606658,15.634747997606002,2.052714979514408
1,0.892031670952287,0.8589168674642836,-11.180132274058064,-21.031772704038886,-2.059389925928249
1,0.8696714064041708,0.8168533220562059,-1.7420904446864283,-6.6171563863875456,-1.828223707994861
1,0.866187225514798,0.8036190092834308,-10.016656431306558,4.9557745085435645,2.682151152352234
1,0.8461539126521849,0.8135305583005179,-12.863340906920428,1.2105272831280933,3.047762236475662
1,0.820427230838344,0.8159516128667741,-0.24063010054381495,-7.364298252561907,-1.6034599302015868
1,0.8199459706372564,0.8012230163616503,1.456738273535263,2.6372881014409266,1.0661413312162622
1,0.8228594471843269,0.8064975925645321,-7.365592377912122,-4.1428710559233695,-2.6292315202035974
1,0.8081282624285027,0.7982118504526854,-13.547183212934078,-5.751482747675618,-2.740101588644514
1,0.7810338960026345,0.7867088849573342,-9.309725175130012,-5.003836218762047,-2.648408752624646
1,0.7624144456523745,0.7767012125198101,-5.9651710322361495,-8.239971717472704,-2.1974034719333813
1,0.7504841035879022,0.7602212690848646,-15.08688359407806,-15.09376701240217,-2.3559664163083687
1,0.7203103363997461,0.7300337350600603,-4.65449606052487,-2.6192707470186205,-2.6290209571703684
1,0.7110013442786963,0.7247951935660231,-6.9894739554041125,-6.317978434673909,-2.4066118386411026
1,0.6970223963678881,0.7121592366966752,-9.859770318018047,2.0493492699019678,2.936660925012839
1,0.677302855731852,0.7162579352364792,-13.27187095284077,11.750892935132152,2.4169035708060553
1,0.6507591138261705,0.7397597211067435,-0.39208644412347393,-0.4538559875443271,-2.2833052347210687
1,0.6499749409379235,0.7388520091316548,5.160876313842877,6.2594661056520895,0.8812989506929306
1,0.6602966935656093,0.751370941342959,0.15388170752234087,0.937998091972092,1.4081914309689814
1,0.660604456980654,0.7532469375269032,-2.75130976176452,-7.541850870749489,-1.9205996641623528
1,0.6551018374571249,0.7381632357854042,0.5028678982864632,-1.1520580628106014,-1.1592295083504072
1,0.6561075732536978,0.735859119659783,-5.919369004541153,-10.483788980220455,-2.0847956463110644
1,0.6442688352446155,0.7148915416993421,-2.028883427168504,5.921613100124234,1.9008845425481629
1,0.6402110683902785,0.7267347678995906,3.8399835430781293,-8.13185861023208,-1.1296229599562482
1,0.6478910354764348,0.7104710506791264,-5.122770905293006,1.4075324210942042,2.873449602943165
1,0.6376454936658488,0.7132861155213148,0.25377787036895416,1.72131393729813,1.4244181784442393
1,0.6381530494065867,0.7167287433959111,-5.502880528552967,-13.62969911648204,-1.9545243061106017
1,0.6271472883494807,0.689469345162947,4.4953674215845725,-1.0426865517044193,-0.22791668624761185
1,0.6361380231926499,0.6873839720595382,4.019969424268687,-13.346219177108043,-1.2782329193312398
1,0.6441779620411873,0.6606915337053221,-9.048084997814454,-12.223899695181395,-2.2079934683845797
1,0.6260817920455584,0.6362437343149593,-7.209706225317913,-10.069511793486695,-2.1921758116522
1,0.6116623795949225,0.6161047107279859,-4.419949263998135,-16.996298995260283,-1.825214619617972
1,0.6028224810669263,0.5821121127374653,-1.3519278548351776,-4.205867799015938,-1.8818036101665065
1,0.6001186253572559,0.5737003771394334,5.167439177807098,-3.004005958789191,-0.5265811119460924
1,0.6104535037128701,0.5676923652218551,8.218659880526058,-6.762604813400852,-0.6885107401514635
1,0.6268908234739222,0.5541671555950534,5.60239028523668,-17.327075883744435,-1.258074223896434
1,0.6380956040443956,0.5195130038275645,-6.5073782039568036,-16.095342662684335,-1.9550057595227452
1,0.625080847636482,0.4873223185021958,-1.252015180109478,-4.524878576984387,-1.8407384828804503
1,0.622576817276263,0.47827256134822704,1.6005750132292995,1.6592786023747197,0.8034042617213244
1,0.6257779673027216,0.4815911185529765,-0.7044565048634488,-10.359226860901238,-1.6386946000349447
1,0.6243690542929947,0.460872664831174,-5.606844681623313,-0.916799571087118,-2.979512652844305
1,0.6131553649297481,0.45903906568899977,1.1768260756952476,-4.695625121645314,-1.325232514676845
1,0.6155090170811386,0.44964781544570914,-7.470944212153385,4.756259581076089,2.574670787787859
1,0.6005671286568318,0.4591603346078613,-11.423975678965025,0.5940991113976835,3.0896348746420395
1,0.5777191772989018,0.4603485328306567,-1.7910575779030435,0.3934785729824697,2.9253374526789298
1,0.5741370621430957,0.4611354899766216,6.317319854997227,-6.022433947196176,-0.7615054830799853
1,0.5867717018530901,0.4490906220822293,-5.097915637796935,-11.23761512643273,-1.9966793457035543
1,0.5765758705774963,0.4266153918293638,-15.057226266638745,-12.421504704139357,-2.451820546684333
1,0.5464614180442188,0.4017723824210851,-5.050273177861109,-21.557401411556263,-1.800917291666046
1,0.5363608716884966,0.35865757959797256,-11.452038229989247,-10.560794592755219,-2.3966598467924976
1,0.5134567952285181,0.33753599041246213,-2.2297883853239497,10.125610363125176,1.7875495398501968
1,0.5089972184578702,0.3577872111387125,1.080874880417415,-1.489942242287906,-0.9431948720181371
1,0.511158968218705,0.35480732665413667,-4.712943642749212,0.6569735575225333,3.003087471614043
1,0.5017330809332066,0.35612127376918173,-1.2980628764959756,-10.832025678637697,-1.6900632362109285
1,0.4991369551802146,0.33445722241190634,-9.179939152631128,3.646120473390829,2.7635166388927552
1,0.48077707687495236,0.341749463358688,-9.384917740984571,8.419757412635231,2.410349738613282
1,0.4620072413929832,0.35858897818395846,-6.358316148774523,2.4467464958257135,2.774248903145482
1,0.44929060909543417,0.3634824711756099,-15.360501653649328,10.489367737554932,2.542449782816269
1,0.4185696057881355,0.38446120665071976,-1.284080339095356,2.250044641363108,2.0893862867719966
1,0.4160014451099448,0.38896129593344597,-27.206407990660153,9.11060968787894,2.8184597424971454
1,0.3615886291286245,0.40718251530920385,-8.457221968136974,5.7355597105380465,2.5456582646398163
1,0.34467418519235055,0.41865363473027994,-8.142900701931632,10.793714918833686,2.217114706488083
1,0.3283883837884873,0.4402410645679473,2.7944322531396337,5.324774056218145,1.0875074745109576
1,0.33397724829476655,0.4508906126803836,0.7888832022248105,2.8272351992432165,1.2986874080268438
1,0.33555501469921617,0.45654508307887004,1.2220292016447976,-7.571428178876488,-1.410776219649938
1,0.33799907310250576,0.44140222672111706,9.03348988250549,-12.105349529628024,-0.9297062906008988
1,0.35606605286751675,0.417191527661861,10.324845877058426,-8.79989439043638,-0.7058294029943872
1,0.3767157446216336,0.39959173888098826,-3.195430794720122,5.749244355792799,2.0780817081418905
1,0.37032488303219335,0.41109022759257385,14.187865535067594,-1.629121007960671,-0.11432426214151281
1,0.39870061410232854,0.4078319855766525,3.2923005242973256,-0.8205010358058595,-0.24424266614988407
1,0.4052852151509232,0.4061909835050408,9.730507820715967,6.567398259118784,0.5937006308239322
1,0.42474623079235513,0.41932578002327836,7.541763103996319,8.853216642363215,0.8652193707912281
1,0.43982975700034777,0.4370322133080048,6.364478068403318,-2.9327732529613457,-0.4318016440837879
1,0.4525587131371544,0.4311666668020821,0.21826332832047823,0.36284519533991144,1.0292504448201438
1,0.45299523979379536,0.4318923571927619,-0.46419907465627963,-2.1912119242307457,-1.7795557152463455
1,0.4520668416444828,0.42750993334430043,4.229055366446382,9.161309718792031,1.1383202923588305
1,0.46052495237737556,0.4458325527818845,-7.946586254886173,10.94484708657592,2.19879720616966
1,0.4446317798676032,0.46772224695503634,14.074828099061687,-4.2190191986260785,-0.2912332539500794
1,0.4727814360657266,0.4592842085577842,0.04325016173217788,-10.175598286405407,-1.5665459721652164
1,0.47286793638919095,0.43893301198497336,8.606090756802576,-6.826574513611405,-0.6705967532637646
1,0.4900801179027961,0.42527986295775055,16.101132365810372,-0.5114335519239566,-0.03175314892985108
1,0.5222823826344168,0.42425699585390264,-1.367152238228253,6.563367017848432,1.7761601907966271
1,0.5195480781579603,0.4373837298895995,0.14314732275971798,-3.8075521540285315,-1.5332183945340958
1,0.5198343728034798,0.42976862558154244,8.688552347220824,-7.197650156382601,-0.6918233722169322
1,0.5372114774979214,0.41537332526877724,5.9147254816237504,3.593213715356119,0.5459181848508593
1,0.5490409284611689,0.4225597526994895,10.921370560232624,-5.1574565859448525,-0.4411901648523445
1,0.5708836695816342,0.41224483952759977,15.240170995435676,-11.704877177817234,-0.6549395078127741
1,0.6013640115725055,0.3888350851719653,2.124957372609315,7.248976092979448,1.285645882075305
1,0.6056139263177241,0.4033330373579242,9.22968401977714,-5.16024486334496,-0.5097970193952637
1,0.6240732943572784,0.3930125476312343,-0.19071889014449228,-2.744408092936357,-1.640178413280285
1,0.6236918565769894,0.38752373144536156,2.6840390639195633,3.4689058210910506,0.9122725115070295
1,0.6290599347048286,0.39446154308754366,11.78847549564871,-2.132590404033352,-0.17896908945095516
1,0.652636885696126,0.39019636227947696,11.962271391115554,1.7706572577682322,0.14695310813350462
1,0.6765614284783571,0.3937376767950134,19.455637403660074,14.185447690062636,0.6300018756771181
1,0.7154727032856772,0.4221085721751387,4.682237870119232,1.2558953903637204,0.262057127919421
1,0.7248371790259157,0.42462036295586614,6.230471117504243,16.128043384610184,1.202144576283843
1,0.7372981212609242,0.4568764497250865,-6.581546182479303,0.20562184073405487,3.110360634016274
1,0.7241350288959656,0.4572876934065546,4.0236005922829605,10.224538200867993,1.1958851937014308
1,0.7321822300805315,0.4777367698082906,-10.884333810891599,-8.7293682667188,-2.4656259772413556
1,0.7104135624587483,0.460278033274853,-5.537083917914076,5.604386055000465,2.3501538762830716
1,0.6993393946229202,0.47148680538485394,-2.417194789110566,13.663800286863841,1.745889800553465
1,0.694505005044699,0.4988144059585816,-0.9927666528255497,11.652869451381276,1.6557861368405384
1,0.6925194717390479,0.5221201448613442,-1.8519116183101647,12.560445289010735,1.717181637650423
1,0.6888156485024276,0.5472410354393656,13.133985324599806,14.716397725734465,0.8421554741626329
1,0.7150836191516272,0.5766738308908346,0.8071787213506654,-9.149033898305403,-1.482798603277196
1,0.7166979765943285,0.5583757630942238,-0.2816940563767356,1.6540860176771366,1.7394799275292008
1,0.7161345884815751,0.561683935129578,-5.604622647364221,1.7654729342197473,2.8364291019830263
1,0.7049253431868466,0.5652148809980175,-4.44685867163902,7.712124363153771,2.0938368657067965
1,0.6960316258435686,0.5806391297243251,-12.138545196189732,0.6635307624214826,3.086983880886593
1,0.6717545354511891,0.581966191249168,-4.795630429499098,-7.731846409699261,-2.1259681990457286
1,0.6621632745921909,0.5665024984297695,-8.676479675500614,-0.6757269209777261,-3.06386923063663
1,0.6448103152411897,0.5651510445878141,-8.014224419223725,-2.732779380113348,-2.8129659943550602
1,0.6287818664027423,0.5596854858275874,-16.795156994528547,-1.9996917073790144,-3.0230869454587785
1,0.5951915524136852,0.5556861024128293,-13.136223972218087,2.9160292440846836,2.923150897661868
1,0.568919104469249,0.5615181609009987,-6.263438312957836,13.596011336067415,2.0024978513209883
1,0.5563922278433333,0.5887101835731335,-17.545741876275333,4.446384697114502,2.8934008299590133
1,0.5213007440907826,0.5976029529673625,-10.164503276966997,1.5966373659583866,2.9857860648237002
1,0.5009717375368486,0.6007962276992793,2.8354955541163296,-3.7548263714277663,-0.924000841288778
1,0.5066427286450813,0.5932865749564238,-8.19445339156294,6.961923379964318,2.437336825017418
1,0.49025382186195543,0.6072104217163524,-10.38731312003599,8.011937380062728,2.484586087294396
1,0.46947919562188345,0.6232342964764779,-2.3397286004298024,13.497950739349228,1.74243042283694
1,0.46479973842102384,0.6502301979551763,-1.375324489578722,-11.2446088387802,-1.6925015180034941
1,0.4620490894418664,0.6277409802776159,7.049126156348395,6.396084796710999,0.7368657485567969
1,0.4761473417545632,0.6405331498710379,-6.239025209940074,-0.5735186807490078,-3.049925866974744
1,0.46366929133468304,0.6393861125095399,-2.192608396352352,-8.362091006869187,-1.82723159969123
1,0.45928407454197834,0.6226619304958015,-8.559851451313577,8.79514122404773,2.3426378518856894
1,0.4421643716393512,0.640252212943897,-7.7769669282389815,8.300341456676351,2.3236523660114945
1,0.4266104377828732,0.6568528958572497,-1.0593128315443123,-3.3600974990966037,-1.8761959634308287
1,0.4244918121197846,0.6501327008590565,-2.310756104960648,-11.506229106788778,-1.7689865039063266
1,0.4198702999098633,0.6271202426454789,-15.20150322236749,-5.281521205241113,-2.807205504173863
1,0.3894672934651283,0.6165572002349967,-4.41621878009793,-3.1361433844976916,-2.524092216916265
1,0.38063485590493246,0.6102849134660013,-3.8505442928708775,-5.302081481050879,-2.198911961478933
1,0.3729337673191907,0.5996807505038996,-2.090243317472651,-11.089721382723406,-1.7570954085986024
1,0.3687532806842454,0.5775013077384528,-2.234399190176289,-8.948711312227298,-1.8154827266551716
1,0.3642844823038928,0.5596038851139982,-4.9143692734728015,2.911610982645918,2.606729126081028
1,0.3544557437569472,0.56542710707929,-21.246633260114443,-13.76907497543589,-2.566583040744977
1,0.3119624772367183,0.5378889571284182,5.517079938415603,9.515037767285571,1.0453416699963787
1,0.32299663711354953,0.5569190326629894,7.215968108071818,-7.375195141217095,-0.796310296337594
1,0.33742857332969317,0.5421686423805552,5.927202934697284,-26.95933912939158,-1.3543822999782935
1,0.34928297919908774,0.488249964121772,9.361753153991764,12.23793272016377,0.9177778119653182
1,0.36800648550707127,0.5127258295620996,2.5087229634038475,5.620394177721977,1.1509729808435984
1,0.37302393143387896,0.5239666179175435,-0.5810031199505739,-4.319746680335356,-1.7044933330153673
1,0.3718619251939778,0.5153271245568728,13.490729100531118,-4.197404120923509,-0.30163853729721996
1,0.39884338339504005,0.5069323163150258,-11.139652414540818,-6.097870884611167,-2.640746057838924
1,0.3765640785659584,0.49473657454580344,-5.7830696474500956,1.4485506014548233,2.896161086391981
1,0.3649979392710582,0.4976336757487131,1.135479811997686,-9.473891119517852,-1.4515117400972664
1,0.3672688988950536,0.4786858935096774,4.622631224024231,4.294675796366415,0.7486373246081183
1,0.37651416134310206,0.4872752451024102,9.369409103743648,11.963349461326683,0.9063983910436573
1,0.39525297955058936,0.5112019440250636,18.10344827821947,-6.2599423530974025,-0.3329169315122346
1,0.4314598761070283,0.4986820593188688,10.281374569169971,22.300080595547943,1.1387941783814446
1,0.45202262524536824,0.5432822205099647,17.33421717012143,15.394422788943096,0.7261983989602103
1,0.4866910595856111,0.5740710660878509,14.198564842434868,10.313971351167183,0.6282314094535494
1,0.5150881892704808,0.5946990087901852,-7.337502451696509,3.2596541754676966,2.72353426822156
1,0.5004131843670878,0.6012183171411206,0.5668494799516699,1.798887172246355,1.265534351088705
1,0.5015468833269912,0.6048160914856133,-2.7695493182551543,0.0738129770047613,3.1149473408336132
1,0.49600778469048085,0.6049637174396229,-0.2631960663261046,-3.2281577516996007,-1.6521477399146314
1,0.49548139255782864,0.5985074019362236,14.04972580003161,-9.174495143621785,-0.5784825008614968
1,0.5235808441578919,0.5801584116489801,9.755863111800988,-15.344565262280673,-1.0044782029225718
1,0.5430925703814938,0.5494692811244187,2.890751057708918,8.277926850896067,1.234823720208417
1,0.5488740724969117,0.5660251348262109,1.9987671231314064,-5.488800473350152,-1.2215684619728588
1,0.5528716067431745,0.5550475338795106,-3.0955751746858384,2.2630775196094133,2.51031820196279
1,0.5466804563938028,0.5595736889187294,7.404910652928753,-8.669387243114668,-0.8639010008139523
1,0.5614902776996603,0.5422349144325,-0.29058959515965155,-5.895368027108827,-1.6200476365657703
1,0.560909098509341,0.5304441783782824,-3.9825906337632166,-2.4987460589169785,-2.5812569799821588
1,0.5529439172418146,0.5254466862604484,6.790540857284144,-5.142025186918475,-0.6481145134929132
1,0.5665249989563829,0.5151626358866115,-1.4707175752192714,8.46874806442649,1.7427455035133115
1,0.5635835638059443,0.5321001320154645,-2.1452650954193464,8.129569029306449,1.8287992167430707
1,0.5592930336151056,0.5483592700740774,12.829077128945098,-1.9120557488007672,-0.14795171000912352
1,0.5849511878729958,0.5445351585764758,7.820367816587459,-4.175903393434099,-0.4904589982441879
1,0.6005919235061707,0.5361833517896076,3.3430117051694297,-3.42627522883987,-0.7976977343497783
1,0.6072779469165096,0.5293308013319279,14.508999894891906,-3.5263868473653925,-0.23842520162183123
1,0.6362959467062934,0.5222780276371971,11.179473702239095,-11.796719367841101,-0.8122562785840326
1,0.6586548941107716,0.4986845889015149,1.5179445143624348,-6.973181473266532,-1.3564569288445367
1,0.6616907831394965,0.48473822595498184,9.330761208826809,-6.347281900464713,-0.5973499044859062
1,0.6803523055571501,0.4720436621540524,15.540222526432945,-10.606071060460714,-0.5988784472997434
1,0.711432750610016,0.450831520033131,11.643874797024944,-16.637067836480863,-0.9601539797562767
1,0.7347205002040659,0.41755738436016926,15.060582929884658,1.5839024040748828,0.10478354633833906
1,0.7648416660638352,0.420725189168319,6.914057669797413,-10.126314829101728,-0.9717203032196127
1,0.77866978140343,0.40047255951011557,12.304062790975511,-8.197065393956981,-0.587685016443873
1,0.803277906985381,0.3840784287222016,5.119295297540682,-13.300410555875747,-1.2033767214809161
1,0.8135164975804624,0.3574776076104501,-2.1313736290838325,-0.7004361061574704,-2.8240798733996124
1,0.8092537503222947,0.35607673539813517,5.768718914429982,-7.646824094561827,-0.9244889258582584
1,0.8207911881511547,0.3407830872090115,16.317075054097575,-0.643497477454652,-0.039416634394411225
1,0.8534253382593499,0.3394960922541022,13.35223450934131,16.975575565958746,0.9043071026378189
1,0.8801298072780325,0.3734472433860197,-0.7192030722594223,7.562716534959046,1.6656097005451487
1,0.8786914011335136,0.3885726764559378,-6.16118867959381,6.848298984509005,2.3034274264367025
1,0.866369023774326,0.4022692744249558,-7.454881051562389,-1.37498822133722,-2.9592011176892274
1,0.8514592616712012,0.39951929798228136,-1.3713187212188171,-5.922117346355699,-1.798344745931125
1,0.8487166242287636,0.38767506328956997,5.350584449203277,-0.509332005431129,-0.09490587161545248
1,0.8594177931271701,0.3866563992787077,0.7155372978754904,-8.93019766934705,-1.490841557580305
1,0.8608488677229211,0.3687960039400136,-5.284282626209502,-10.62948060572383,-2.0321489922411375
1,0.8502803024705021,0.34753704272856595,-16.136760552665773,-4.13610234901407,-2.8906788507806125
1,0.8180067813651706,0.3392648380305378,-13.5820641811506,-7.662508952581942,-2.627940195631799
1,0.7908426530028694,0.3239398201253739,-11.768134339405101,-18.204100541734796,-2.1446755155680113
1,0.7673063843240592,0.28753161904190433,-9.338567065373393,-9.57671469106655,-2.3436049318271364
1,0.7486292501933124,0.2683781896597712,-15.383648210945012,-7.8642785855891075,-2.6690171197985824
1,0.7178619537714224,0.252649632488593,2.281589534947892,12.760245110971068,1.3938615889933201
1,0.7224251328413182,0.27817012271053515,-12.620312789141497,-11.0704280867919,-2.4215229328144727
1,0.6971845072630352,0.25602926653695135,11.4999115754863,5.217303898613052,0.42591173087867656
1,0.7201843304140078,0.26646387433417745,-6.904177085628627,4.5663453927829725,2.55725286427342
1,0.7063759762427505,0.2755965651197434,1.9854700137102443,2.3151348252204995,0.8619039994270401
1,0.710346916270171,0.2802268347701844,-1.796522280287982,0.05019396313629687,3.113660404123982
1,0.706753871709595,0.280327222696457,5.595488109157498,-0.7993346774604615,-0.1418934174985219
1,0.71794484792791,0.27872855334153607,-7.3971433550333865,1.1350980940543487,2.989329491037047
1,0.7031505612178433,0.28099874952964476,-8.158906282980716,1.2156287865797977,2.993686629568192
1,0.6868327486518818,0.28343000710280436,1.3088925152924813,-13.762033091440529,-1.4759726065302836
1,0.6894505336824668,0.2559059409199233,5.066279611311453,-2.5920146661214116,-0.4729010709325973
1,0.6995830929050897,0.2507219115876805,-0.04081514470821723,12.510842723297388,1.574058696949449
1,0.6995014626156733,0.27574359703427526,-5.288874614720829,3.1215288553062823,2.608405283351061
1,0.6889237133862316,0.2819866547448878,-9.862053256331215,0.09068660581132426,3.1323974031171478
1,0.6691996068735692,0.28216802795651047,-1.1073264320952125,-1.1423860133654706,-2.3406117238072164
1,0.6669849540093787,0.27988325592977953,-8.943197971633953,2.738077733595828,2.84449122067022
1,0.6490985580661108,0.2853594113969712,1.5248354664670893,-7.734543794020776,-1.3761463614446656
1,0.652148228999045,0.26989032380892963,-2.6507358437192763,-4.3768357239878375,-2.1153440531280707
1,0.6468467573116065,0.26113665236095396,-1.265516502018893,-9.476770195060393,-1.7035497295487383
1,0.6443157243075687,0.24218311197083317,-4.1464128903417325,-5.553530892894981,-2.212134845996866
1,0.6360228985268852,0.2310760501850432,2.834990468520149,-13.409385187578934,-1.3624460511905274
1,0.6416928794639255,0.20425727980988534,-7.839136046624395,-7.076704733503691,-2.4072655854692626
1,0.6260146073706767,0.19010387034287796,1.0232380922332585,-1.1628986059681183,-0.8491960866945972
1,0.6280610835551432,0.18777807313094172,-2.102553379201233,-1.525564775924526,-2.5139062338801508
1,0.6238559767967408,0.18472694357909267,5.644710401940922,-11.145550341684643,-1.10199872627156
1,0.6351453976006226,0.16243584289572338,-9.187507659638161,-10.969822074888016,-2.2680036772278545
1,0.6167703822813463,0.14049619874594735,-11.20548924060455,-27.523170198929172,-1.9574335103235478
1,0.5943594038001372,0.085449858348089,-4.366942269909912,-10.746155122498463,-1.9567841661356769
1,0.5856255192603174,0.06395754810309208,2.093730139630545,-1.7656467044120105,-0.7005926240676577
1,0.5898129795395785,0.06042625469426806,2.420530880273941,-23.39350124636942,-1.4676929997765917
1,0.5946540413001263,0.013639252201529211,-11.82850717137318,-2.662224771754715,-2.920212980287314
1,0.57099702695738,0.00831480265801978,-7.588795447754981,2.1907870022597806,2.8605467494677073
1,0.55581943606187,0.012696376662539342,-4.863259354325577,-3.6567721868383702,-2.496865162402947
1,0.5460929173532189,0.005382832288862601,-8.88578648474969,5.741923719866837,2.567899103243273
1,0.5283213443837195,0.016866679728596276,7.185869237193165,-0.9463024357918657,-0.13093591647067923
1,0.5426930828581058,0.014974074857012545,4.33218848752831,2.0166948710968833,0.43568029993929075
1,0.5513574598331624,0.01900746459920631,-0.7250888236363107,6.503383139206307,1.6818318463280193
1,0.5499072821858898,0.03201423087761893,10.247156186770024,-7.677023403242875,-0.642979785717041
1,0.5704015945594298,0.016660184071133177,3.421589625135668,1.3270983749462846,0.3699974100322134
1,0.5772447738097012,0.019314380821025746,10.07800017923316,-6.21213008409399,-0.5523947803446939
1,0.5974007741681675,0.006890120652837765,16.42146187852167,0.3619534673015737,0.02203792034123638
1,0.6302436979252108,0.0076140275874409125,6.365860192525885,4.551780506287686,0.6207420976316619
1,0.6429754183102626,0.016717588600016285,16.010126448313898,-5.021148509057389,-0.3039078928308014
1,0.6749956712068904,0.006675291581901506,13.976133433020454,5.031645833942045,0.3455706429832353
1,0.7029479380729313,0.016738583249785596,0.767851171846079,-6.446796312688772,-1.4522489481751941
1,0.7044836404166235,0.0038449906244080526,7.2059972693757075,-1.0487036149895321,-0.14451748445521015
1,0.7188956349553749,0.0017475833944289882,-6.295024588111375,9.956176543330916,2.1346087909605402
1,0.7063055857791521,0.02165993648109082,-0.7131630386625343,-1.90729504540086,-1.928613958478596
1,0.7048792597018271,0.0178453463902891,0.9067054372535188,-5.63963355744229,-1.411386649965402
1,0.7066926705763341,0.006566079275404521,-0.23024154933304342,5.953793698108254,1.6094484686399595
1,0.706232187477668,0.01847366667162103,5.844100280031738,6.143617925020096,0.8103783419996868
1,0.7179203880377315,0.03076090252166122,12.340494785156086,2.1916488795354176,0.17576548256877333
1,0.7426013776080437,0.035144200280732056,15.091245745861903,-1.0663881733002263,-0.07054543986846767
1,0.7727838690997675,0.033011423934131603,17.53023049536412,1.4390471341403226,0.0819058092603093
1,0.8078443300904957,0.03588951820241225,-1.7300943268226399,-3.627833283091554,-2.0157894017299594
1,0.8043841414368504,0.02863385163622914,26.60967147708132,11.442536732930636,0.40611004684403335
1,0.8576034843910131,0.05151892510209041,24.672017855007276,-6.730211206805236,-0.26630784705170524
1,0.9069475201010276,0.03805850268847994,9.146971166296591,-8.811273517654097,-0.7667071075050282
1,0.9252414624336208,0.020435955653171745,3.948087592604621,-5.7553868307739,-0.9695409951932696
1,0.9331376376188301,0.008925181991623943,5.21553900217192,1.8119695739246822,0.33437231024095665
1,0.9435687156231739,0.012549121139473308,7.257594948831159,-4.657309886114767,-0.5705291298035978
1,0.9580839055208362,0.003234501367243775,6.97259156311486,-1.019122018854634,-0.14513347571664734
1,0.9720290886470659,0.0011962573295345074,-7.6577964047758735,4.047035098355005,2.6554171115316128
1,0.9567134958375142,0.00929032752624452,-19.09305049536847,-3.1131612332362955,-2.9799629379687973
1,0.9185273948467773,0.0030640050597719286,-4.630553790571423,11.35669555127125,1.9579553517525887
1,0.9092662872656344,0.025777396162314427,5.238482005403777,5.755095816226696,0.8323559460659556
1,0.919743251276442,0.03728758779476782,-4.048582882301643,2.432266648701161,2.6006072580185204
1,0.9116460855118387,0.04215212109217014,-0.2902085252727282,-15.679799984930634,-1.5893026466596298
1,0.9110656684612932,0.01079252112230887,4.1045879491712896,0.9137688421437954,0.21904924315231844
1,0.9192748443596358,0.012620058806596461,3.6782421021692158,6.541374076288982,1.0585556189145553
1,0.9266313285639742,0.025702806959174426,-3.2737740137634974,3.0710947911274014,2.3881274320154144
1,0.9200837805364472,0.03184499654142923,7.93946231463255,2.2138980389124656,0.27193953291939765
1,0.9359627051657123,0.03627279261925416,13.020932817056185,13.160184676746047,0.7907169030051884
1,0.9620045707998247,0.06259316197274625,8.374270748425227,-3.899463646657542,-0.435790456834034
1,0.9787531122966752,0.05479423467943117,6.7492996660602484,-1.3287011986666888,-0.1943793731044834
1,0.9922517116287957,0.05213683228209779,-1.6650860857256866,13.13761065192019,1.6968660798196031
1,0.9889215394573443,0.07841205358593817,-1.5082834407539325,6.004105974597149,1.8169122321834965
1,0.9859049725758364,0.09042026553513247,3.27643599717653,7.212583260202021,1.1443999263756923
1,0.9924578445701895,0.10484543205553651,3.5493673051015806,10.52400917975864,1.245512535187318
1,0.9995565791803926,0.1258934504150538,-5.63711381468901,18.802189706789775,1.8620802309530504
1,0.9882823515510146,0.16349782982863334,2.1190001548409,10.384614696002062,1.3695077813279408
1,0.9925203518606964,0.18426705922063746,3.345049134456546,-4.3054076842558855,-0.9102745460452872
1,0.9992104501296095,0.1756562438521257,-1.9742456599803893,-4.026871592196779,-2.0266279442375277
1,0.9952619588096487,0.16760250066773213,-0.3334138483730431,7.969078972261956,1.6126103822955684
1,0.9945951311129027,0.18354065861225605,-7.317728410712876,1.3246724115681674,2.9625096243806315
1,0.9799596742914769,0.18619000343539238,-1.9256937106744698,6.256997182345416,1.8693629724000314
1,0.976108286870128,0.19870399780008322,6.61984451386316,-7.926208999067888,-0.8749667302647818
1,0.9893479758978543,0.18285157980194744,-2.0144340214199863,5.808200601323088,1.9046405880571196
1,0.9853191078550143,0.19446798100459362,3.2226084276561484,5.3023992092943315,1.024687404028587
1,0.9917643247103266,0.20507277942318228,-2.8674230713168214,14.713291514919762,1.7632703372225893
1,0.986029478567693,0.2344993624530218,-1.9886310395065276,-4.838215328900511,-1.9607713691055844
1,0.9820522164886799,0.22482293179522078,5.91900189329747,10.53754754395883,1.0590103573290819
1,0.9938902202752748,0.24589802688313844,0.048892191650551364,6.139233766331631,1.5628326036477296
1,0.993988004658576,0.2581764944158017,-5.786745720916253,-12.880650371497659,-1.9930337118445134
1,0.9824145132167434,0.23241519367280639,-17.106246341238307,2.5486446643775,2.9936914836693442
1,0.9482020205342668,0.2375124830015614,-7.505046342750787,-12.974470515100283,-2.0952174213865367
1,0.9331919278487653,0.21156354197136082,-11.318612338397926,-4.41909219877859,-2.769365979758261
1,0.9105547031719694,0.20272535757380364,-20.22859004527311,-8.837510951420144,-2.7297008752712055
1,0.8700975230814232,0.18505033567096335,-18.264449879062504,-12.240000733174966,-2.551179377747535
1,0.8335686233232982,0.16057033420461342,1.4561911497045221,-1.4806800077705877,-0.7937363877229453
1,0.8364810056227072,0.15760897418907224,2.3181018319401447,3.280980275465611,0.9557031061460339
1,0.8411172092865875,0.16417093474000347,-9.018777021781165,-4.888673907735938,-2.644869644912363
1,0.8230796552430252,0.1543935869245316,-4.2235954000399145,-3.0341086724624264,-2.518643234814834
1,0.8146324644429453,0.14832536957960674,7.184104737866792,-8.366542408098324,-0.8612899689085034
1,0.8290006739186789,0.1315922847634101,-4.424209059359696,-13.816784228793177,-1.8806855900843311
1,0.8201522557999595,0.10395871630582373,-9.09416641308286,9.724358901299828,2.322719121525572
1,0.8019639229737938,0.12340743410842339,9.507135292271762,9.357016049954439,0.7774404201213443
1,0.8209781935583373,0.14212146620833227,3.227737907926409,-6.511407566478542,-1.110590540950894
1,0.8274336693741902,0.1290986510753752,-4.514366664344293,-16.016877170566975,-1.8455202778025541
1,0.8184049360455016,0.09706489673424123,12.601812962429848,4.808233095155531,0.3645015207692577
1,0.8436085619703613,0.1066813629245523,8.363658012752017,-7.1497583359170225,-0.7073089005518668
1,0.8603358779958653,0.09238184625271825,17.195847841522394,-12.148209257247403,-0.6150495764433543
1,0.8947275736789101,0.06808542773822344,-4.431323563588829,5.646677833105761,2.236179277716572
1,0.8858649265517324,0.07937878340443497,-2.494383861182392,-9.40951619793882,-1.829927660415595
1,0.8808761588293677,0.06055975100855732,0.5998946943808203,-2.4132267672098973,-1.3271488102112519
1,0.8820759482181293,0.05573329747413753,5.734616483669686,-5.098428249964617,-0.7267389043109092
1,0.8935451811854687,0.045536440974208295,0.7278328091032682,-2.7989714152067933,-1.3163947226680661
1,0.8950008468036752,0.03993849814379471,-15.733979185423353,0.1756407347362557,3.1304299694818716
1,0.8635328884328285,0.04028977961326722,-2.306839502797642,-11.577255012406102,-1.7674765641135344
1,0.8589192094272332,0.017135269588455015,-12.670933075223545,-2.6650029399980704,-2.9342900426744865
1,0.8335773432767861,0.011805263708458875,-6.836090175305065,-1.6527587741855878,-2.904375125495265
1,0.819905162926176,0.008499746160087699,6.27729934270832,5.7803724176110505,0.7442089618113088
1,0.8324597616115926,0.0200604909953098,-0.29557148950876133,-9.570849530564168,-1.6016689862653453
1,0.8318686186325751,0.000918791934181463,-6.5032827758845775,9.245907323959837,2.1837796569504073
1,0.818862053080806,0.01941060658210114,-3.7147634923583306,4.282673700996055,2.2853019674405934
1,0.8114325260960893,0.02797595398409325,-10.118480686199804,-6.653279808336426,-2.55993694701527
1,0.7911955647236897,0.014669394367420397,-6.66462593179562,-6.281749615606825,-2.3857598885741957
1,0.7778663128600984,0.0021058951362067473,-1.8798456526194496,11.859912579852061,1.7279927613441755
1,0.7741066215548595,0.02582572029591087,-11.802776614627696,5.207133300194327,2.726098715795325
1,0.7505010683256041,0.03623998689629952,-7.750648917844438,3.878939839016663,2.6775719449410498
1,0.7349997704899153,0.04399786657433285,1.9772517655146649,5.526506636013885,1.2272109261531852
1,0.7389542740209446,0.05505087984636062,-5.352066679841894,23.850442789537226,1.7915406976464001
1,0.7282501406612608,0.10275176542543507,-16.58715018608625,10.153710748413937,2.592292162254431
1,0.6950758402890883,0.12305918692226295,-1.0988249137880435,11.394175908694306,1.6669364411648062
1,0.6928781904615122,0.14584753873965156,15.415411295480963,3.034533069883674,0.1943654713880852
1,0.7237090130524741,0.1519166048794189,6.738745421633774,3.248227259842515,0.4491624936527999
1,0.7371865038957417,0.15841305939910394,12.715646345184739,4.591803401997413,0.3465418018477739
1,0.7626177965861112,0.16759666620309877,12.397053408503556,9.542427673826792,0.6560114099599065
1,0.7874119034031183,0.18668152155075235,17.148627627248224,15.191348381084962,0.7249499211003323
1,0.8217091586576147,0.21706421831292227,11.294887585006297,11.964097525278438,0.814162331905273
1,0.8442989338276273,0.24099241336347915,-0.6470266272818881,-0.8424217598580197,-2.2257531384970797
1,0.8430048805730636,0.2393075698437631,2.826476704389125,5.192099074013592,1.072277863068534
1,0.8486578339818418,0.2496917679917903,8.461684276612703,1.04062499686193,0.1223664019396573
1,0.8655812025350672,0.25177301798551416,-8.031402012802168,6.082171357482957,2.4934366347380026
1,0.8495183985094629,0.2639373607004801,0.23603752832501712,-1.606405148523421,-1.4249050372912049
1,0.8499904735661129,0.26072455040343323,6.362270481007514,19.241289773987063,1.2514562473035344
1,0.8627150145281279,0.29920712995140736,18.427958831823908,11.757344069048436,0.5679048745538088
1,0.8995709321917758,0.32272181808950423,6.188049963201824,5.203856253900491,0.6992180331460934
1,0.9119470321181794,0.3331295305973052,20.568319714521888,0.9820236156364293,0.0477082456169587
1,0.9530836715472232,0.33509357782857807,5.811120931420666,13.927229136458607,1.1755092119934074
1,0.9647059134100645,0.3629480361014953,17.560669670034446,-2.0958169911590163,-0.11878535652978581
1,0.9998272527501334,0.35875640211917725,-1.4703101351515868,11.46271267768642,1.6983686756112455
1,0.9968866324798302,0.3816818274745501,-10.952203038587237,8.112191659201823,2.504076360889527
1,0.9749822264026557,0.39790621079295374,11.034412044838627,2.1992417640485926,0.19672966562009905
1,0.997051050492333,0.4023046943210509,-0.4003668086053902,-7.241925273489991,-1.6260246877871387
1,0.9962503168751222,0.38782084377407094,-10.32306895201318,-10.586802318273941,-2.343582294789345
1,0.9756041789710959,0.36664723913752306,-3.043836131061406,5.803993214016395,2.0538028659299696
1,0.969516506708973,0.37825522556555585,-8.41825756527409,-6.79774704077582,-2.4622949505906377
1,0.9526799915784249,0.3646597314840042,-14.7057448119996,-0.8725406743945452,-3.0823288126220634
1,0.9232685019544257,0.3629146501352151,-13.946147465227376,-4.667107759024735,-2.8186556647616845
1,0.8953762070239709,0.35358043461716565,-4.1161255053266395,-5.77743081270507,-2.1898286336185633
1,0.8871439560133176,0.3420255729917555,3.928725624085805,-10.41189993433661,-1.2099841955412638
1,0.8950014072614892,0.3212017731230823,13.398459600497569,-3.99900699055869,-0.29005039300901625
1,0.9217983264624844,0.3132037591419649,7.5941364909056785,5.162962133312076,0.5970820443906358
1,0.9369865994442957,0.32352968340858906,-1.2959423980876683,-3.439758462719933,-1.931103770932505
1,0.9343947146481204,0.3166501664831492,-0.680059360451013,-9.045095622859462,-1.6458405599789694
1,0.9330345959272184,0.2985599752374303,-7.956286247637223,-10.530805610196786,-2.2178240283396304
1,0.9171220234319439,0.2774983640170367,12.831621737334931,5.173783687612509,0.3832668975427104
1,0.9427852669066138,0.2878459313922617,22.678844054358272,-15.458046019023064,-0.5982743291164722
1,0.9881429550153303,0.2569298393542156,-11.390376887050524,3.0896767009525314,2.8767130960847123
1,0.9653622012412293,0.26310919275612066,15.160354113773256,11.540249217842607,0.6506384963444043
1,0.9956829094687758,0.2861896911918059,-13.987119697183358,-9.521876454963662,-2.5438962485435805
1,0.9677086700744091,0.26714593828187855,3.947005924165803,2.9622714203960676,0.6438280778624687
1,0.9756026819227407,0.2730704811226707,11.633968021305618,-2.1244445665685174,-0.180617016905635
1,0.9988706179653519,0.26882159198953365,-6.251850322112618,0.0396604795162292,3.1352489400559644
1,0.9863669173211267,0.2689009129485661,3.9980066348274113,-11.449232034651411,-1.2348394551101762
1,0.9943629305907815,0.24600244887926329,-6.207860927367581,-0.19044590407928108,-3.1109240877337743
1,0.9819472087360464,0.24562155707110472,-1.014700870818508,-14.73570556482108,-1.6395478101217402
1,0.9799178069944093,0.21615014594146256,5.232979647331049,-7.470918008839325,-0.9597706462285661
1,0.9903837662890714,0.2012083099237839,-2.0708807042666977,-3.7297016553339555,-2.0776539039547486
1,0.986242004880538,0.193748906613116,6.0337911460304205,0.2708721913766421,0.04486241535963048
1,0.9983095871725989,0.19429065099586929,-4.226202781948518,-6.093917190282724,-2.177154431271797
1,0.9898571816087018,0.18210281661530384,4.561207279384583,-17.835927456281222,-1.3204306911045005
1,0.998979596167471,0.1464309617027414,-8.110874008784629,1.9112110782821405,2.910178394074134
1,0.9827578481499017,0.15025338385930567,-2.5656888411965117,-0.8129260965730883,-2.834754114989677
1,0.9776264704675087,0.1486275316661595,-2.5336003310424404,-2.1778137145107705,-2.4315673207246022
1,0.9725592698054238,0.14427190423713795,-1.1710844950050259,10.69922450488002,1.6798174183651784
1,0.9702171008154138,0.165670353246898,1.3312186521165503,4.544976054319153,1.2858669343645797
1,0.9728795381196469,0.1747603053555363,-18.83571368484033,1.4956244637988474,3.0623552510580088
1,0.9352081107499662,0.177751554283134,-15.093029298979376,-6.281534114718337,-2.747209662404535
1,0.9050220521520075,0.16518848605369732,-14.178765339433353,-10.803518237119405,-2.4904869537172645
1,0.8766645214731408,0.1435814495794585,-18.836288225442367,3.7237912983807964,2.946416907443238
1,0.838991945022256,0.1510290321762201,-4.856421979112735,-12.056261437206103,-1.9537255733404488
1,0.8292791010640306,0.1269165093018079,-1.355987701779915,-3.642116579761517,-1.9272044545146418
1,0.8265671256604707,0.11963227614228486,3.0036999998847014,-2.1971543964312557,-0.6315442849472734
1,0.8325745256602402,0.11523796734942235,0.3529274433175522,0.6556233663363581,1.076973827191247
1,0.8332803805468753,0.11654921408209507,9.786784333577714,5.061639509812518,0.47730585614307064
1,0.8528539492140307,0.1266724931017201,9.786784333577714,5.061639509812518,0.47730585614307064
2,0.45549169402440737,0.5338804553056592,3.3887584524743275,-1.3031489161313692,-0.3671173502310695
2,0.462269210929356,0.5312741574733965,-15.30344395495542,13.53778311672521,2.417338211484033
2,0.4316623230194452,0.5583497237068469,-10.327267712649608,14.064482781521948,2.204160458339888
2,0.41100778759414597,0.5864786892698908,-5.457766995501656,6.303133083519152,2.2844385295765273
2,0.40009225360314266,0.5990849554369291,-11.685154797743929,14.189351502659653,2.2597125890585645
2,0.3767219440076548,0.6274636584422484,1.9540699752925994,7.695263048165312,1.3221208300014826
2,0.38063008395824,0.642854184538579,3.78783228575405,14.320135251513266,1.3122076307728343
2,0.3882057485297481,0.6714944550416055,-9.746454111164093,7.304999103749654,2.4984095359143046
2,0.3687128403074199,0.6861044532491049,3.778846695492888,13.703435912897799,1.30172455482868
2,0.3762705336984057,0.7135113250749004,2.2832098100926124,14.151051097461286,1.4108293296104988
2,0.3808369533185909,0.741813427269823,9.834719276051452,16.937546300534677,1.0447292467023908
2,0.4005063918706938,0.7756885198708924,-1.0033374063294076,10.707281219809127,1.6642295755909415
2,0.398499717058035,0.7971030823105106,15.475620912946686,11.651262238889293,0.6453408039933655
2,0.42945095888392837,0.8204056067882892,-0.4260691922232662,1.4257475166740141,1.8611877917470852
2,0.42859882049948184,0.8232571018216372,0.7156358544288255,9.586666306176438,1.4962854417502256
2,0.4300300922083395,0.8424304344339901,-0.8409373985253377,7.91031656750707,1.6767074776816702
2,0.4283482174112888,0.8582510675690043,2.2797974192437507,7.192016479003193,1.2638261549585987
2,0.4329078122497763,0.8726351005270107,14.416850670113085,17.647428238196373,0.885812467592742
2,0.4617415135900025,0.9079299570034034,12.352805573065533,-6.993860795441509,-0.5151774479579867
2,0.48644712473613355,0.8939422354125204,0.8970101498629035,2.8389513938057997,1.2647575743591477
2,0.48824114503585936,0.899620138200132,3.731879887265366,11.430777395205427,1.255229588535232
2,0.4957049048103901,0.9224816929905428,10.16690699978906,-1.5244068299599678,-0.14882941989170898
2,0.5160387188099682,0.9194328793306229,24.742993591220284,3.0720261796037818,0.12352528876744129
2,0.5655247059924088,0.9255769316898305,9.160889394841053,2.62450804504899,0.2790171702640039
2,0.5838464847820909,0.9308259477799284,9.720012602946582,-4.877484008536547,-0.4650850666673102
2,0.603286509987984,0.9210709797628553,0.5621993481564336,-4.849011260782354,-1.455370654584412
2,0.6044109086842969,0.9113729572412906,-11.42046078972081,-2.4161404200471748,-2.9331044948433225
2,0.5815699871048553,0.9065406764011963,-6.420343885129687,-2.41693972782292,-2.781551183285006
2,0.5687292993345959,0.9017067969455504,0.34387380951766966,7.145896049724986,1.5227115607147144
2,0.5694170469536313,0.9159985890450004,0.2212869953518437,5.974846610537876,1.5337768159397858
2,0.569859620944335,0.9279482822660762,-6.098021839667567,-2.132804363490337,-2.8051374674311553
2,0.5576635772649998,0.9236826735390955,-0.4434109901356176,7.659180603509729,1.6286245244233788
2,0.5567767552847286,0.939001034746115,4.1825459422757945,13.533131230223926,1.2710487131126638
2,0.5651418471692802,0.9660672972065628,-5.549024064603835,14.096874664473512,1.9458036702202235
2,0.5540437990400725,0.9942610465355098,-2.8162416528815237,-4.3314148834956985,-2.1473049427682835
2,0.5484113157343095,0.9855982167685184,-8.97175177516213,3.883096961932675,2.733122402397407
2,0.5304678121839852,0.9933644106923838,-9.503714179534828,-4.818596275789289,-2.6723428940951197
2,0.5114603838249155,0.9837272181408052,-1.64660634195829,0.26484372123297684,2.98211636030175
2,0.508167171140999,0.9842569055832712,-14.66559635556547,4.76218791586408,2.827615539016487
2,0.478835978429868,0.9937812814149993,-7.690942309423604,2.575145962597447,2.818497136855755
2,0.4634540938110208,0.9989315733401942,-12.890375796217018,-2.770678558509654,-2.92987227242769
2,0.4376733422185868,0.9933902162231749,-7.197562107288391,-0.04794898526089275,-3.1349309151791225
2,0.42327821800401,0.9932943182526531,-6.541983412366642,-1.8073017463822727,-2.872053504156955
2,0.4101942511792767,0.9896797147598886,3.692606785053565,2.552526515694098,0.6048315224608114
2,0.41757946474938384,0.9947847677912768,2.796338528545772,-3.493882125777892,-0.8958402671352917
2,0.4231721418064754,0.987797003539721,-2.2014464999633443,-8.23703416405569,-1.8319544764299993
2,0.4187692488065487,0.9713229352116096,-18.681991116870467,-12.868698730002126,-2.538403362936483
2,0.38140526657280777,0.9455855377516054,-22.10155020092916,-12.887602158615952,-2.61368596027036
2,0.33720216617094945,0.9198103334343735,2.870106261570554,4.34694605847874,0.9872435691037167
2,0.34294237869409055,0.9285042255513309,-18.044345752071976,-1.3471700401661013,-3.0670720597174146
2,0.3068536871899466,0.9258098854709987,-3.0999479064761912,0.5854336082102285,2.9549382414537924
2,0.3006537913769942,0.9269807526874192,-3.1945868945690847,0.3022176472342042,3.0472703269665726
2,0.29426461758785605,0.9275851879818876,-17.789520385300488,1.4240322009072548,3.0617140420303146
2,0.25868557681725507,0.9304332523837021,1.9402016959468027,-0.0939995029881624,-0.048410461731568245
2,0.2625659802091487,0.9302452533777258,-0.7281635537670916,-4.399131098326237,-1.734833408194128
2,0.2611096531016145,0.9214469911810733,1.4350030648965506,-11.76836820187871,-1.4494580400260682
2,0.2639796592314076,0.8979102547773159,10.843625058328392,-14.789128886769864,-0.9381238347896262
2,0.2856669093480644,0.8683319970037762,7.397921483223796,-12.69908951785148,-1.0433026012240463
2,0.30046275231451197,0.8429338179680732,6.531104605816962,-6.991801439647005,-0.8194528795090357
2,0.3135249615261459,0.8289502150887792,-4.69487812850261,-6.116647381327334,-2.2254398209357187
2,0.3041352052691407,0.8167169203261245,1.0549457140728025,-0.45495509759246877,-0.40716032051533424
2,0.3062450966972863,0.8158070101309396,-5.403053382738887,-8.014313190359667,-2.1639793347294516
2,0.2954389899318085,0.7997783837502203,-7.409278464065472,-9.312523713376486,-2.2428640044090096
2,0.28062043300367756,0.7811533363234673,-10.500218877437545,-8.140536074943084,-2.482112056255026
2,0.25961999524880247,0.7648722641735811,-5.486073646468776,-18.05866587173355,-1.8657281473400222
2,0.24864784795586492,0.728754932430114,1.2089331127637937,-7.579279410597328,-1.4126237268027289
2,0.2510657141813925,0.7135963736089194,-6.762833643949223,-8.507582564287574,-2.2424310227195416
2,0.23754004689349406,0.6965812084803442,1.065438383461792,-2.7837003533008886,-1.205255691506288
2,0.23967092366041765,0.6910138077737424,1.7839595919834221,-13.016013839297402,-1.4345861766762278
2,0.2432388428443845,0.6649817800951476,1.22850302424303,-1.0953816081881174,-0.7281766948787372
2,0.24569584889287055,0.6627910168787714,7.331316682067296,-0.10745606231060689,-0.014656080617026201
2,0.26035848225700514,0.6625761047541502,-0.7051897073772351,4.307315377039322,1.7330757176627236
2,0.25894810284225067,0.6711907355082288,-3.3159828824987914,-1.9011994073381278,-2.6210036748400203
2,0.2523161370772531,0.6673883366935526,5.09118555747945,-5.235870941687814,-0.799407568556874
2,0.262498508192212,0.656916594810177,7.168589275367871,0.4358445683686485,0.06072446057155697
2,0.27683568674294773,0.6577882839469142,8.340771313043838,6.909900571917926,0.6918485668143823
2,0.2935172293690354,0.6716080850907501,3.185926312403414,7.7724989406180445,1.1817870214031974
2,0.29988908199384223,0.6871530829719862,-0.2544792021993425,-6.337380322625097,-1.6109300324395406
2,0.29938012358944355,0.674478322326736,14.152664296070787,-1.0805401524974223,-0.07620105290670996
2,0.3276854521815851,0.6723172420217411,0.3579464338976657,5.153507708847371,1.5014508428541742
2,0.32840134504938046,0.6826242574394359,9.260103902601985,0.7338389311945526,0.07908210277937955
2,0.3469215528545844,0.684091935301825,9.28985430705051,-5.2838684184465246,-0.5171460079193685
2,0.36550126146868545,0.673524198464932,10.503703460914753,17.0237656399847,1.017968810789707
2,0.38650866839051495,0.7075717297449013,13.268854954044395,21.539449703139756,1.018676472060233
2,0.41304637829860374,0.7506506291511809,7.4129405823495915,-1.3290815425119895,-0.17740715133924193
2,0.42787225946330293,0.7479924660661569,14.166965902470102,7.6821882536990955,0.4968818862351192
2,0.45620619126824313,0.7633568425735551,4.949938635706613,-13.657456684501911,-1.2230868993438522
2,0.46610606853965636,0.7360419292045512,5.700507427660789,-0.13688971215514156,-0.024008986983891326
2,0.47750708339497794,0.735768149780241,13.441381287001064,-1.4270822742170064,-0.10577455415286406
2,0.5043898459689801,0.732913985231807,4.174296062213811,-13.694220204927387,-1.2749218070089248
2,0.5127384380934077,0.7055255448219522,11.15346599492062,-3.980967625048848,-0.3428320484675456
2,0.5350453700832489,0.6975636095718545,7.305838990176117,-0.6762593608766743,-0.09230121319581991
2,0.5496570480636012,0.6962110908501011,6.700385214671256,8.763460062987116,0.9180277703740892
2,0.5630578184929437,0.7137380109760754,13.957998213757872,-10.087823984652132,-0.6258167862929753
2,0.5909738149204594,0.6935623630067711,1.822566416071425,-6.6748965058091025,-1.3042458799647096
2,0.5946189477526023,0.6802125699951529,2.365104157398379,-5.489959718677939,-1.1640187681546572
2,0.599349156067399,0.669232650557797,-0.8633091304912077,-8.106888986002202,-1.6768873027529139
2,0.5976225378064166,0.6530188725857926,-7.277438330187569,2.2091207352558095,2.8468753332518353
2,0.5830676611460415,0.6574371140563042,-3.8155125702997172,-4.184924892627673,-2.3100532478595452
2,0.575436636005442,0.6490672642710489,-7.779743829877061,18.263623813185525,1.9734877295916395
2,0.5598771483456879,0.6855945118974199,-1.3538385475410641,-0.8030101440804072,-2.6062356283119903
2,0.5571694712506058,0.6839884916092591,-7.0993738312414285,-13.056752217441181,-2.068814510573201
2,0.5429707235881229,0.6578749871743768,-4.125314165884963,9.787727787493372,1.969680224196772
2,0.534720095256353,0.6774504427493635,-17.36023124368072,2.97969218131533,2.9716099964190046
2,0.49999963276899156,0.6834098271119942,-14.116438677625824,9.949774030579395,2.52762842681796
2,0.4717667554137399,0.703309375173153,4.2916692743252,0.41419604289338885,0.09621365182323825
2,0.4803500939623903,0.7041377672589397,1.051785351491974,1.7900605685041149,1.039566893490745
2,0.48245366466537426,0.707717888395948,-7.055050412764468,13.303099309572296,2.0584135442065223
2,0.4683435638398453,0.7343240870150926,1.2927778531763856,-2.647993919797087,-1.1166249000415152
2,0.4709291195461981,0.7290280991754984,2.439394803829625,9.141816819611014,1.310032892014366
2,0.47580790915385734,0.7473117328147204,3.2374713957663834,-3.77039540825419,-0.8612986141287488
2,0.4822828519453901,0.739770941998212,-1.6598615018736107,7.15972128957354,1.7986051656813513
2,0.4789631289416429,0.7540903845773591,2.649943308754038,20.791171070057068,1.4440246186255141
2,0.48426301555915097,0.7956727267174732,5.207404870190807,20.94081847514129,1.327067501682233
2,0.4946778252995326,0.8375543636677558,3.3487188522743625,-5.095339320615954,-0.9893677580403116
2,0.5013752630040813,0.8273636850265239,16.755049547465706,6.310012771891138,0.36017586593259265
2,0.5348853620990127,0.8399837105703062,9.12824553075886,-12.10380198586064,-0.9246359061576549
2,0.5531418531605304,0.8157761065985849,2.8496405397162583,3.5389875305235075,0.8928844952696403
2,0.558841134239963,0.8228540816596319,4.017076303679312,0.1250662478669562,0.031123596571729605
2,0.5668752868473216,0.8231042141553658,-6.376680156558567,-6.563245820005781,-2.3417776582859458
2,0.5541219265342044,0.8099777225153543,13.89519884803403,2.082940994528215,0.14879571431859256
2,0.5819123242302725,0.8141436045044107,6.715995583952417,-8.428174372737518,-0.8979787189378148
2,0.5953443153981773,0.7972872557589357,17.669127555174523,-7.1506885522216175,-0.38455116484478374
2,0.6306825705085264,0.7829858786544924,11.427845682903726,0.5543655678399984,0.048472069616616445
2,0.6535382618743338,0.7840946097901724,-10.954752860970418,4.219000436336217,2.7739708789680124
2,0.631628756152393,0.7925326106628449,-5.889339713239017,9.302229548925734,2.1352067033216064
2,0.619850076725915,0.8111370697606963,0.9047227231965826,2.8088390873861613,1.2591910124620642
2,0.6216595221723081,0.8167547479354687,-3.55031913053494,17.158337954051582,1.7748320885669706
2,0.6145588839112383,0.8510714238435718,10.791455701247287,14.966792490100966,0.946097487702272
2,0.6361417953137328,0.8810050088237737,6.597342046629151,-4.8585651439476685,-0.6347678996393468
2,0.6493364794069911,0.8712878785358784,-1.268230930257186,4.818641323341255,1.82815253624617
2,0.6468000175464768,0.8809251611825609,-1.0941365112178691,-5.570360046565914,-1.7647483257276775
2,0.644611744524041,0.8697844410894291,4.220555052198926,0.369642988945762,0.08735869815336306
2,0.6530528546284389,0.8705237270673206,1.9938267998640402,-1.1088718637919937,-0.5075545844742836
2,0.657040508228167,0.8683059833397366,-5.583713609730034,2.7200613118124606,2.6882842696504654
2,0.6458730810087069,0.8737461059633616,7.644317144852752,13.918705084264237,1.0685584572575055
2,0.6611617152984124,0.90158351613189,14.373538766996429,15.519634274472061,0.8237191017393501
2,0.6899087928324052,0.9326227846808341,-0.6205977103732052,8.396578955153666,1.6445729607661919
2,0.6886675974116588,0.9494159425911415,-1.1538824218507715,6.283359999450733,1.752413732728839
2,0.6863598325679573,0.961982662590043,15.262130435643451,5.339826653834701,0.3365628007761639
2,0.7168840934392442,0.9726623158977123,-0.5613382124411981,12.798882271902956,1.6146266155092992
2,0.7157614170143618,0.9982600804415183,-0.24846345482043564,-8.79499263692851,-1.599039373451034
2,0.7152644901047209,0.9806700951676612,-6.145665280199275,1.7304358055219016,2.867128558700706
2,0.7029731595443224,0.984130966778705,-1.0849914092193047,6.8389733532385755,1.7281333391334461
2,0.7008031767258838,0.9978089134851822,-5.798549333695391,-2.730278624386129,-2.7015313157776637
2,0.689206078058493,0.9923483562364099,2.404966664812491,-0.9986278603892895,-0.3935711599629348
2,0.694016011388118,0.9903511005156314,-0.5564869114513815,4.205410804786425,1.702358393057206
2,0.6929030375652152,0.9987619221252042,-7.6092322925370715,-3.3690173068205986,-2.724780897442956
2,0.6776845729801411,0.992023887511563,-11.060844768045197,-2.843844504439197,-2.8899342895203737
2,0.6555628834440507,0.9863361985026846,-16.6086162379781,-8.910631624390652,-2.649168075199043
2,0.6223456509680945,0.9685149352539033,-9.168540793715152,9.551438039574144,2.335743406036475
2,0.6040085693806642,0.9876178113330516,-17.38080420693239,-3.741850580280426,-2.929542773856843
2,0.5692469609667994,0.9801341101724907,-8.014543303775378,5.128604504115453,2.5723417108405107
2,0.5532178743592486,0.9903913191807217,-9.65588590868366,-1.6755515630691997,-2.9697771115327156
2,0.5339061025418813,0.9870402160545833,0.5688562281744303,2.1851988187940874,1.3161262945447132
2,0.5350438149982302,0.9914106136921714,-11.811205216428421,2.670433937587924,2.919237870906155
2,0.5114214045653733,0.9967514815673473,1.0806879709767125,-5.836157532138064,-1.3876990845016324
2,0.5135827805073268,0.9850791665030711,-2.9256038228514525,5.3514483495699094,2.07109767235361
2,0.5077315728616238,0.995782063202211,-10.855794279849922,0.13350805858580728,3.1292949511112775
2,0.486019984301924,0.9960490793193826,-4.8937830791114525,0.4861768112214282,3.0425717624594055
2,0.4762324181437011,0.9970214329418254,-9.97453387674485,0.9492554048414759,3.0467105157218937
2,0.4562833503902114,0.9989199437515084,2.8246470489630138,-3.342431213502417,-0.8691611077512625
2,0.4619326444881374,0.9922350813245036,-20.507044688071353,-9.491244881974447,-2.7081218990451403
2,0.4209185551119947,0.9732525915605547,-6.014773540256035,-9.289225494054309,-2.1454120724997057
2,0.40888900803148265,0.954674140572446,-14.804629976701843,-5.668732314963287,-2.7759116811605975
2,0.37927974807807896,0.9433366759425195,-4.75135906701063,-2.4776483986356235,-2.66092402651629
2,0.3697770299440577,0.9383813791452482,-2.6837636115974726,-6.181804941140123,-1.9803823894051387
2,0.36440950272086275,0.926017769262968,-0.6357691935852949,-10.1849439185282,-1.6331378921865924
2,0.36313796433369216,0.9056478814259116,-6.2903213657205805,2.239489206648515,2.7995636352692492
2,0.350557321602251,0.9101268598392086,7.811807650756925,-6.65163240230665,-0.7053552077725682
2,0.36618093690376485,0.8968235950345953,4.71853147790327,-13.708072040497509,-1.2392839627049783
2,0.3756179998595714,0.8694074509536003,3.0751498099964856,-8.51359617193148,-1.2241747907832912
2,0.38176829947956437,0.8523802586097373,2.2627814466264495,-6.198471482283252,-1.2207731604015513
2,0.38629386237281726,0.8399833156451708,-8.449999850565243,-5.370680633339841,-2.575418892893597
2,0.3693938626716868,0.8292419543784911,4.9792799060725255,2.8836746810712577,0.5249362009327804
2,0.37935242248383183,0.8350093037406336,-2.472368087410276,-9.830157971150665,-1.8171942309120124
2,0.3744076863090113,0.8153489877983323,-4.7841274568093395,3.094930258456141,2.567388258443561
2,0.3648394313953926,0.8215388483152446,-11.499197787001231,0.27089475915204053,3.1180393007022085
2,0.34184103582139014,0.8220806378335487,-11.250403047723484,-21.117880161011072,-2.0602939463269996
2,0.31934022972594317,0.7798448775115265,-11.298362389651455,-1.1795509524335501,-3.0375693219927578
2,0.29674350494664026,0.7774857756066594,-13.688285706483782,3.897050365214927,2.8642312906649514
2,0.2693669335336727,0.7852798763370893,-9.744053531936068,-12.598495711821977,-2.2291247324136703
2,0.24987882646980056,0.7600828849134453,-0.07477384058121594,-3.998799439538292,-1.589493220329079
2,0.24972927878863813,0.7520852860343687,-10.608940927959248,4.245507065037901,2.7609294006111056
2,0.22851139693271963,0.7605763001644446,-8.887649040526357,7.747415375942479,2.424631434071496
2,0.21073609885166691,0.7760711309163295,0.02046614858265683,11.871825066891828,1.5690724024452045
2,0.21077703114883223,0.7998147810501132,-4.697252137459612,8.777515151090542,2.062163837669721
2,0.201382526873913,0.8173698113522943,0.29620396132065685,4.339057429488091,1.5026374836490912
2,0.20197493479655432,0.8260479262112704,-8.917871459295942,7.788041645861332,2.4237221940771025
2,0.18413919187796243,0.8416240095029931,-16.67811600106542,9.788173240894649,2.6108706971400872
2,0.1507829598758316,0.8612003559847824,-12.516850079397637,10.74525481572869,2.4322057554686376
2,0.12574925971703632,0.8826908656162398,-5.823229845917037,-4.9636259711624,-2.4357163784182707
2,0.11410280002520225,0.872763613673915,-12.244614333010002,-7.764099691279003,-2.576488511930775
2,0.08961357135918224,0.857235414291357,-12.359772741410708,7.386373870644891,2.6029293736341055
2,0.06489402587636083,0.8720081620326467,-15.386284390047098,-2.0308319393606,-3.0103614605745235
2,0.03412145709626663,0.8679464981539255,-9.21404297791668,1.464608281426083,2.983957523043738
2,0.015693371140433267,0.8708757147167777,3.803757135575373,5.942808474601324,1.0014401963743764
2,0.023300885411584014,0.8827613316659804,-9.892725472240999,9.514669757077042,2.3756720090119208
2,0.003515434467102014,0.9017906711801345,5.95219850400569,5.322058664372631,0.7295643384783037
2,0.015419831475113395,0.9124347885088797,-4.486201330860034,17.025926626153932,1.8284328048966811
2,0.006447428813393326,0.9464866417611876,-2.730952509307978,-0.09215081714480933,-3.107862346495232
2,0.00098552379477737,0.946302340126898,0.4084558274641964,0.2551450716649639,0.5583531184695055
2,0.0018024354497057629,0.9468126302702279,6.212676265588291,7.251970213230929,0.8624322929602034
2,0.014227787980882346,0.9613165706966897,-0.14141125509931593,-0.7876668178689594,-1.7484357382291478
2,0.013944965470683714,0.9597412370609518,-3.1374050155831057,12.94142398677095,1.80863883063923
2,0.007670155439517503,0.9856240850344937,-2.6797529330086136,3.5031676065582773,2.223797856476381
2,0.0023106495735002756,0.9926304202476103,-0.4068817662795164,-4.732475957335169,-1.6565619264100062
2,0.0014968860409412428,0.9831654683329399,4.891790781377632,-2.671227842423629,-0.4998158361208083
2,0.011280467603696507,0.9778230126480927,5.789629057647121,5.764249398466814,0.7832015314650526
2,0.02285972571899075,0.9893515114450263,7.705842153553933,-2.214134646177701,-0.27979459476579027
2,0.038271410026098615,0.9849232421526709,-0.8049023420318608,0.782671952587799,2.3701963146968015
2,0.03666160534203489,0.9864885860578465,-1.9767565313694757,-1.885317904127326,-2.3798661073653946
2,0.03270809227929594,0.9827179502495919,-0.9163812679139279,1.779320364671877,2.0463856940218004
2,0.030875329743468086,0.9862765909789356,-1.891333330027561,-2.310643291041359,-2.2567350083901387
2,0.027092663083412964,0.9816553043968529,-12.719707811305467,5.57546726463215,2.728483279799249
2,0.0016532474608020285,0.9928062389261172,6.718889515909156,0.94753705489109,0.14010192197799107
2,0.01509102649262034,0.9947013130358994,-0.13345329108742626,-8.231567658938621,-1.5870072851588506
2,0.014824119910445488,0.9782381777180221,4.659437183637591,10.797732307002372,1.1634161881357952
2,0.02414299427772067,0.9998336423320269,-3.037926662660598,-4.112700893204535,-2.2070063828858055
2,0.018067140952399474,0.9916082405456178,9.191389270329351,-7.918687483159658,-0.7111517212832528
2,0.036449919493058175,0.9757708655792985,-1.049514472883331,1.7249421157098932,2.117394670360085
2,0.03435089054729151,0.9792207498107183,5.865891945503631,-5.116063970869777,-0.7172257887673348
2,0.046082674438298776,0.9689886218689787,12.124631448590037,-8.181527169907332,-0.5936023876281802
2,0.07033193733547885,0.952625567529164,6.436399992817969,-24.695838294539417,-1.3158411448400735
2,0.08320473732111479,0.9032338909400852,4.406576307834239,-17.418526811950386,-1.3230129126239671
2,0.09201788993678327,0.8683968373161844,12.265607088315033,-14.731253766436192,-0.8764763524731478
2,0.11654910411341333,0.8389343297833121,2.7616615413959544,-14.517399439377797,-1.3828112967701742
2,0.12207242719620524,0.8098995309045565,5.1564203597576,-14.124284159593547,-1.2207554576841357
2,0.13238526791572044,0.7816509625853694,-10.905627969603037,-8.32035486187299,-2.4898603789949747
2,0.11057401197651437,0.7650102528616234,5.084425449679589,-5.21472586135302,-0.7980490563060634
2,0.12074286287587355,0.7545808011389173,-0.7074353711079908,-23.102719558990735,-1.601408064142359
2,0.11932799213365756,0.7083753620209359,-2.136044717507932,-7.296810370585771,-1.855576361633507
2,0.1150559026986417,0.6937817412797643,3.2820043651459603,13.006036126279819,1.3236121017368045
2,0.12161991142893362,0.719793813532324,-1.3045780903582076,-2.0307224212955943,-2.1418249164236056
2,0.1190107552482172,0.7157323686897328,4.281061983408558,0.8007865813917103,0.1849163431414719
2,0.12757287921503432,0.7173339418525162,-3.2454800534222614,-10.779219716770594,-1.8632498259720085
2,0.1210819191081898,0.695775502418975,-2.428934171831064,-11.119685013263714,-1.7858538874140693
2,0.11622405076452767,0.6735361323924476,4.377683777826401,-7.377105301142938,-1.0352329243079736
2,0.12497941832018047,0.6587819217901617,1.530215118169656,-1.134289445757497,-0.6378849252389834
2,0.1280398485565198,0.6565133428986467,-5.868127649733746,-12.522796248866763,-2.0090063214054488
2,0.11630359325705229,0.6314677504009132,-5.071663029723672,-24.856669617746572,-1.7720699197550471
2,0.10616026719760495,0.58175441116542,0.7763989502075838,-18.662451992263186,-1.5292181086956045
2,0.10771306509802012,0.5444295071808937,-9.141305257999123,-3.007434335933812,-2.823752594231136
2,0.08943045458202187,0.538414638509026,-8.554505631775253,-2.0241351932606677,-2.9092495650184262
2,0.07232144331847136,0.5343663681225047,-16.40809398761017,-3.1037092068084693,-2.9546442622900586
2,0.03950525534325102,0.5281589497088878,-8.269896374245672,-0.10596989689748426,-3.128779421996771
2,0.022965462594759678,0.5279470099150928,-10.749505359052161,5.796054271592632,2.647084679183288
2,0.001466451876655353,0.5395391184582781,17.90069571656786,-0.43320358401749415,-0.024195654226522516
2,0.03726784330979108,0.5386727112902431,-17.01180590220264,-2.8013372054905283,-2.9783871266572026
2,0.0032442315053857976,0.533070036879262,0.9175141023407734,-10.180378189042715,-1.4809134258193506
2,0.005079259710067344,0.5127092805011766,11.351248307746747,2.298117101298902,0.19975502904722142
2,0.02778175632556084,0.5173055147037744,5.7439367836793105,3.357001263632864,0.5289016772730623
2,0.03926962989291946,0.5240195172310401,-8.789813654761806,0.6769006938810995,3.064734674098793
2,0.02169000258339585,0.5253733186188023,-5.653364410699594,-0.13022063373113735,-3.118562542481173
2,0.01038327376199666,0.52511287735134,7.787163773279342,-0.46150051562116046,-0.059195024356043215
2,0.025957601308555345,0.5241898763200977,0.31218746693210603,-0.4827816956333719,-0.9967845651854106
2,0.026581976242419557,0.523224312928831,0.6457643961360459,-3.777679932025768,-1.4014907115312887
2,0.02787350503469165,0.5156689530647794,-11.040363654778174,0.752306450723661,3.0735563711717275
2,0.005792777725135303,0.5171735659662268,-0.370894969615009,-3.045280827186303,-1.691992773520255
2,0.005050987785905285,0.5110830043118542,11.720923396639316,2.175942576686185,0.18355631890758967
2,0.028492834579183918,0.5154348894652265,2.5378423716683023,2.6813064018357813,0.8128792564633659
2,0.03356851932252052,0.5207975022688981,11.69973081991814,4.715468724649341,0.38312499401799044
2,0.0569679809623568,0.5302284397181968,-1.2162616135566497,12.959198546581785,1.6643753589288193
2,0.0545354577352435,0.5561468368113603,-3.802387508550064,24.51159404378994,1.7246957469560795
2,0.04693068271814337,0.6051700248989402,-6.51555795449699,8.246002913594674,2.2395006605030625
2,0.03389956680914939,0.6216620307261296,-0.48224376938748104,18.297242596826468,1.5971463164644966
2,0.03293507927037443,0.6582565159197825,-12.071020058219712,-0.18855975181381046,-3.1259730608592644
2,0.008793039153935006,0.6578793964161549,1.2044719834955822,9.577261547482008,1.4456894383734675
2,0.01120198312092617,0.6770339195111189,-4.158472954699044,1.1709297954399789,2.8671223195853863
2,0.0028850372115280815,0.6793757791019989,4.259598185828362,-5.351046333440023,-0.8984802625736884
2,0.011404233583184806,0.6686736864351188,1.5390794120280198,-4.3107378188609875,-1.2278690467557947
2,0.014482392407240845,0.6600522107973968,0.13791636783121694,4.518196774933647,1.5402811536154892
2,0.01475822514290328,0.6690886043472641,-6.254567634461178,-8.403395026630456,-2.210633372235201
2,0.0022490898739809233,0.6522818142940032,0.09661332202970124,-7.675917867238757,-1.5582104416514821
2,0.002442316518040326,0.6369299785595257,0.40675164343106746,6.581273192041992,1.5090704396932522
2,0.0032558198049024607,0.6500925249436097,10.529346181939191,-8.346887452586271,-0.6702898683885113
2,0.024314512168780843,0.6333987500384372,-3.2257316527964686,-0.8600373352071755,-2.881035925744899
2,0.017863048863187906,0.6316786753680228,0.945524432064278,-0.37645058206559057,-0.37890143069985793
2,0.019754097727316462,0.6309257742038916,-3.756192420016992,-0.05223041514612614,-3.1276884007211505
2,0.012241712887282478,0.6308213133735994,-1.3445567771305156,-2.1471875093804216,-2.130254069809703
2,0.009552599333021447,0.6265269383548385,0.7516607518982732,10.264992160008202,1.4977011330972068
2,0.011055920836817994,0.6470569226748549,2.2451986171779046,-1.6436329486471113,-0.6319240234240359
2,0.015546318071173803,0.6437696567775607,-0.4035758470766343,-3.7964087237881694,-1.6767032180243764
2,0.014739166377020534,0.6361768393299844,-1.579905722716414,1.5850191849061113,2.3545788254010467
2,0.011579354931587706,0.6393468776997966,6.573566057910837,-1.6833714407724076,-0.2506945844230107
2,0.02472648704740938,0.6359801348182518,3.0236704610579843,-5.179803320869147,-1.042416774325241
2,0.03077382796952535,0.6256205281765135,8.463747126158859,14.19151265134877,1.0330317813334389
2,0.04770132222184307,0.654003553479211,7.271022279819791,14.006834038264692,1.0919815312674397
2,0.06224336678148265,0.6820172215557404,13.747735212150655,22.25588211095575,1.0174546772254656
2,0.08973883720578396,0.7265289857776519,1.206865219180897,13.901527038601092,1.48419815324885
2,0.09215256764414576,0.7543320398548541,10.253166008398498,16.056260675861854,1.0024929741699986
2,0.11265889966094275,0.7864445612065778,8.118160267759633,15.804628466879022,1.0962827942279714
2,0.12889522019646202,0.8180538181403358,6.332651459371369,7.361809969544441,0.860408603320632
2,0.14156052311520476,0.8327774380794247,-5.813556063617289,10.073215195538,2.094229987348843
2,0.12993341098797018,0.8529238684705007,-3.0552619789532205,9.916715055562852,1.8696604709839735
2,0.12382288703006374,0.8727572985816264,9.185638367105419,1.6699973001725876,0.17984098391709688
2,0.14219416376427457,0.8760972931819716,0.8099334679226577,-4.160250591615566,-1.3785176672715056
2,0.1438140307001199,0.8677767919987405,6.104665307545942,-4.774199357528541,-0.6637042465885353
2,0.15602336131521177,0.8582283932836834,-2.3184377973825554,-1.6568490772252975,-2.521108415402306
2,0.15138648572044666,0.8549146951292328,-11.874290473661924,-7.380169354004373,-2.585496059503373
2,0.1276379047731228,0.840154356421224,2.507697023007738,0.33767441332338555,0.13385007190594975
2,0.1326532988191383,0.8408297052478708,-4.752252348939743,0.23358533970785356,3.092479626169593
2,0.1231487941212588,0.8412968759272865,-12.665604493637343,-4.826454892847276,-2.777512850473881
2,0.09781758513398411,0.831643966141592,-7.74561516266406,3.7248786761783226,2.693340171467609
2,0.082326354808656,0.8390937234939486,-23.625144646238944,-12.559742428778831,-2.6529654660313953
2,0.035076065516178104,0.813974238636391,-13.902935169145053,11.775734686159444,2.438844977118833
2,0.007270195177887994,0.8375257080087098,14.867854590002189,3.247888113323827,0.2150717205148043
2,0.037005904357892375,0.8440214842353575,-11.50910599146468,3.2601996535412403,2.865553039527712
2,0.013987692374963015,0.85054188354244,-5.45610230133329,-5.7297984258492525,-2.331731415476776
2,0.0030754877722964334,0.8390822866907415,2.168309426795745,-4.50386449531659,-1.122112263261988
2,0.007412106625887923,0.8300745577001083,14.429808215587052,-11.791134629482725,-0.6851035181465036
2,0.03627172305706203,0.8064922884411428,-11.375360874640322,-9.982067446784093,-2.4213391267649413
2,0.013521001307781385,0.7865281535475747,-6.183619750660782,-9.769558554351743,-2.135090448311527
2,0.0011537618064598205,0.7669890364388712,21.718681422012395,2.4289126156562535,0.11137240160757791
2,0.044591124650484606,0.7718468616701837,-8.343146445478215,6.692479310490662,2.465540331248606
2,0.027904831759528174,0.785231820291165,-11.233900719033414,5.762721070755094,2.667618241083765
2,0.005437030321461348,0.7967572624326752,10.495341500226296,9.464781286378344,0.7338130130348623
2,0.02642771332191394,0.8156868250054319,-11.69808590218766,3.4242289788085634,2.856830801739905
2,0.003031541517538619,0.822535282963049,5.0021926631769755,-10.97063161098405,-1.1429953583924386
2,0.01303592684389257,0.8005940197410809,-1.9044518385195086,-1.302211487627991,-2.5418409647594755
2,0.009227023166853553,0.7979895967658249,-3.5359469812468043,-12.435788805579383,-1.847821595669565
2,0.0021551292043599443,0.7731180191546662,7.088955195104386,-0.14661651224223693,-0.02067943835969509
2,0.016333039594568718,0.7728247861301817,-6.7281589208179176,-15.724986840659206,-1.9750904742442468
2,0.002876721752932883,0.7413748124488633,-0.8693304208794912,-2.052476619277377,-1.971439801676169
2,0.0011380609111739009,0.7372698592103085,2.17075197180107,4.707538562736701,1.1387315164640026
2,0.005479564854776041,0.7466849363357819,-0.3730599774433071,6.804206251642908,1.6255693331999876
2,0.004733444899889427,0.7602933488390677,6.245853175365348,-9.132490835229934,-0.9709470078961961
2,0.017225151250620123,0.7420283671686079,-7.143242444917677,-0.6419655222382192,-3.0519631136605327
2,0.0029386663607847696,0.7407444361241314,7.798413182703592,-2.2140722509078614,-0.27663369060930587
2,0.018535492726191954,0.7363162916223157,5.717568558260746,2.068182692467946,0.34708108807775717
2,0.029970629842713446,0.7404526570072516,10.327222776899594,-1.4909537337454148,-0.14338053297592684
2,0.050625075396512634,0.7374707495397608,24.728301693040002,-2.0521776949696258,-0.08279929027524287
2,0.10008167878259264,0.7333663941498215,27.811085166028953,20.996532343797668,0.6466742679883141
2,0.15570384911465054,0.7753594588374169,14.989499846093477,-14.392652940940998,-0.7650877103858428
2,0.1856828488068375,0.7465741529555349,18.13175233373619,-11.284124675899342,-0.5566846138895843
2,0.22194635347430988,0.7240059036037362,1.742400302092592,2.2292707544109835,0.9073753921247516
2,0.22543115407849507,0.7284644451125581,-5.300795118548002,-9.426740103492426,-2.0830450611137445
2,0.21482956384139906,0.7096109649055733,-3.4794920446956508,-5.561979028411989,-2.129816385856194
2,0.20787057975200776,0.6984870068487493,-3.0711076290776127,-12.644829252968226,-1.8090575535140976
2,0.20172836449385254,0.6731973483428129,6.2229063599263945,-9.6521033951521,-0.9981416756403831
2,0.21417417721370532,0.6538931415525087,-4.239438233697948,-10.243155649759084,-1.963210742755673
2,0.20569530074630943,0.6334068302529905,-0.8374841053091081,-18.2474072435867,-1.6166602019864749
2,0.2040203325356912,0.5969120157658171,0.41350074462694064,2.412374923882854,1.4010378825299374
2,0.2048473340249451,0.6017367656135828,2.044070932479283,-5.557235716535713,-1.2183339157635946
2,0.20893547588990366,0.5906222941805114,-15.382838050570363,-4.132740840231907,-2.8791309449000715
2,0.17816979978876293,0.5823568125000476,0.8975961542141836,7.407356176108548,1.450207942271666
2,0.1799649920971913,0.5971715248522647,2.7764349868176774,-1.8554844135801885,-0.5891307557459491
2,0.18551786207082666,0.5934605560251043,-15.608536833083233,-5.568266685949785,-2.7989216530084717
2,0.1543007884046602,0.5823240226532047,-14.4093688996344,8.031216388976969,2.633115779554256
2,0.1254820506053914,0.5983864554311586,-3.749693285441745,-5.284842938317547,-2.187881951705073
2,0.1179826640345079,0.5878167695545236,2.0470731865972756,0.7707085671828096,0.3600788912318122
2,0.12207681040770245,0.5893581866888892,0.6007886410526742,-8.243678479457673,-1.4980462356896327
2,0.1232783876898078,0.5728708297299738,2.592658399599164,-5.786445769758508,-1.1495592505573757
2,0.12846370448900613,0.5612979381904568,4.1824971463391565,5.961463208559281,0.9590047001622238
2,0.13682869878168444,0.5732208646075754,5.772066900721545,-0.7693713591873652,-0.13251109398649777
2,0.14837283258312753,0.5716821218892006,3.5603389694812138,4.8728764977507,0.9397984467359095
2,0.15549351052208996,0.581427874884702,1.661327813406832,2.3947318219368907,0.9642822229834421
2,0.15881616614890362,0.5862173385285758,4.618636226798853,-6.181347049640462,-0.92909650961657
2,0.16805343860250133,0.5738546444292949,13.076201963309567,3.1645105393010575,0.23744022751723975
2,0.19420584252912046,0.580183665507897,9.296123444107296,0.13365889876920667,0.014376927170170094
2,0.21279808941733505,0.5804509833054354,-3.4540700428383335,-4.274337509186044,-2.250453687748931
2,0.20588994933165838,0.5719023082870633,3.133836776089083,-2.7789453291571786,-0.7254490242804725
2,0.21215762288383655,0.566344417628749,0.8177715897535603,-3.8290601343894948,-1.3603875821091087
2,0.21379316606334367,0.55868629735997,-2.8193485194339813,-7.851809007231869,-1.9155283021817875
2,0.2081544690244757,0.5429826793455063,17.13155141338725,-16.622634837585913,-0.7703221661582338
2,0.2424175718512502,0.5097374096703344,10.937028240897108,-2.5756274007736613,-0.23128203685567125
2,0.2642916283330444,0.5045861548687871,6.526516737568599,1.0888325573664703,0.16530964485057045
2,0.2773446618081816,0.50676381998352,5.635169160358943,-0.6679157743090802,-0.11797589793501384
2,0.2886150001288995,0.5054279884349019,4.420156420582883,-4.5442043477493534,-0.7992351801582515
2,0.2974553129700653,0.4963395797394032,-1.7476951430177856,-7.113152737231787,-1.8117229947181972
2,0.2939599226840297,0.4821132742649396,6.547829680892569,-11.3921273094299,-1.0491364548078033
2,0.30705558204581485,0.4593290196460798,8.136419860958032,-10.177989161050421,-0.8964132333685205
2,0.3233284217677309,0.43897304132397896,6.095133064996677,-18.96343081054383,-1.25981025356589
2,0.33551868789772427,0.4010461797028913,2.4154713793309854,-4.426707824069675,-1.0712923213570509
2,0.34034963065638624,0.39219276405475195,-14.392000529888342,-10.046256376054968,-2.5321803318211384
2,0.31156562959660955,0.372100251302642,-1.9067038105531342,-0.3076048155445932,-2.9816427557899066
2,0.3077522219755033,0.37148504167155283,-4.9810785501759876,-2.423654908902062,-2.688744783157194
2,0.2977900648751513,0.3666377318537487,-0.8515667712334085,-9.522223378592292,-1.659988461916058
2,0.2960869313326845,0.3475932850965641,-6.829612366599402,6.674152340616024,2.367706328704044
2,0.2824277065994857,0.36094158977779617,-5.683185078389608,2.611392384337302,2.7108711955511424
2,0.27106133644270647,0.36616437454647077,-9.912665590240287,1.2128950005807493,3.0198397473880667
2,0.2512360052622259,0.36859016454763227,-6.016226083042031,-9.693154062664993,-2.126274096927086
2,0.23920355309614183,0.3492038564223023,-4.873781826888996,9.353961547694217,2.0511333805317027
2,0.22945598944236384,0.3679117795176907,1.1635153923903045,6.24249645596453,1.3865245354521414
2,0.23178302022714445,0.3803967724296198,-5.6881813520819335,-1.5424467244964102,-2.8767934897061616
2,0.22040665752298058,0.37731187898062696,2.541106523292119,-1.1375268474156652,-0.4208981144852521
2,0.22548887056956482,0.3750368252857956,7.059559194516438,4.168145266771561,0.5333498383142777
2,0.2396079889585977,0.38337311581933875,-1.445073896365029,-4.844276790548163,-1.8606977126180642
2,0.23671784116586764,0.3736845622382424,0.48076343245566366,-8.597873234205021,-1.5149379423009748
2,0.23767936803077896,0.3564888157698324,-2.1484697889796873,12.237645232687749,1.7445875835309517
2,0.2333824284528196,0.3809641062352079,11.264695111241174,17.808931493644348,1.0068000276440694
2,0.25591181867530194,0.4165819692224966,-1.6765301345450512,10.371146410884297,1.7310632125774021
2,0.25255875840621184,0.43732426204426517,3.3651292395063814,11.68081081858574,1.2903012818776585
2,0.2592890168852246,0.46068588368143665,-1.6636759103887955,7.255897115501564,1.7961865192650233
2,0.255961665064447,0.4751976779124398,-5.638114438524952,16.253814213381762,1.9046884624724318
2,0.2446854361873971,0.5077053063392033,12.115297098741248,4.155374026076353,0.3304124123109267
2,0.2689160303848796,0.516016054391356,5.495913317251411,-7.2092365447197215,-0.9194421836362285
2,0.2799078570193824,0.5015975813019166,1.7756668579546608,4.829341038463997,1.2184558939772663
2,0.28345919073529174,0.5112562633788446,-0.32348470768842064,10.26379113486181,1.6023029756166334
2,0.2828122213199149,0.5317838456485682,13.706799020168718,14.782078151730104,0.8231240782603867
2,0.31022581936025234,0.5613480019520284,18.308026155068603,13.994678893838874,0.652654406626076
2,0.34684187167038955,0.5893373597397061,6.171145406861755,4.0662180901954725,0.5826120819041924
2,0.35918416248411306,0.5974697959200971,12.848169715185875,-9.80437127494005,-0.6518292295022147
2,0.3848805019144848,0.577861053370217,14.633276597036087,3.312887333445591,0.22264096010647644
2,0.414147055108557,0.5844868280371082,8.802442850093184,-12.46719473657948,-0.956022560147023
2,0.43175194080874335,0.5595524385639492,11.54352057966823,2.6955487683007484,0.22940121946136552
2,0.4548389819680798,0.5649435361005507,-1.4056296688476355,-2.9264207555398936,-2.018579471570962
2,0.45202772263038454,0.5590906945894709,3.9608916092054303,-13.696888099092142,-1.289293739758544
2,0.4599495058487954,0.5316969183912866,1.8929102563399747,-10.491167704140047,-1.392287942257301
2,0.46373532636147535,0.5107145829830065,10.391009476739239,-7.199532677685111,-0.6059190878652577
2,0.48451734531495383,0.4963155176276363,2.2712220668583694,-16.065798923841772,-1.430356970197641
2,0.48905978944867057,0.46418391977995277,-3.4359921547843784,0.9288566177114987,2.8775719493765495
2,0.4821878051391018,0.46604163301537577,3.544435276235214,-3.5905738707821264,-0.7918645813803937
2,0.48927667569157224,0.4588604852738115,-1.3249703453563633,3.519637850234625,1.9308382896257927
2,0.4866267350008595,0.46589976097428076,4.00535865488838,5.108575627968376,0.905859376359874
2,0.49463745231063627,0.4761169122302175,4.971850358088836,6.086628317153036,0.8858662898758634
2,0.5045811530268139,0.4882901688645236,-2.8633666618674,0.4736837307358355,2.9776484854790506
2,0.49885441970307914,0.48923753632599526,1.2011364025355797,-6.622598062700019,-1.3913773163776448
2,0.5012566925081503,0.4759923402005952,5.763642795935941,-0.6924389879083004,-0.11956607133549182
2,0.5127839781000222,0.4746074622247786,2.0419681661589806,-1.8361943078626097,-0.7323882447797713
2,0.5168679144323401,0.4709350736090534,9.86222696400396,6.674038441943031,0.594935369548066
2,0.5365923683603481,0.48428315049293946,11.799542502235138,4.009271882816301,0.3275430629203012
2,0.5601914533648183,0.49230169425857206,22.13759717686875,0.959938192430676,0.04333520063337955
2,0.6044666477185558,0.4942215706434334,13.487996872473317,-1.525371826031796,-0.11261259417738023
2,0.6314426414635025,0.4911708269913698,11.880336223639986,1.6875156483169007,0.1410988604329057
2,0.6552033139107825,0.4945458582880036,17.22439781320323,-15.265732648345075,-0.7251861075102825
2,0.6896521095371889,0.4640143929913135,14.423745588046543,0.5422265179509944,0.037574935381803676
2,0.718499600713282,0.46509884602721546,6.341971128473567,6.233974068971665,0.7768107846267138
2,0.7311835429702291,0.4775667941651588,9.98589084878021,8.187579753716589,0.6867667062109042
2,0.7511553246677896,0.49394195367259197,-2.069237261767831,3.494791524253804,2.105380651633251
2,0.7470168501442539,0.5009315367210996,0.22213198155046632,14.838770383698686,1.555827742109576
2,0.7474611141073548,0.530609077488497,15.455320830923712,6.139347213687085,0.37811785080496013
2,0.7783717557692023,0.5428877719158711,-1.4595787446208819,5.153054395005518,1.8468119080011187
2,0.7754525982799605,0.5531938807058822,0.12019506229626886,5.371985995382633,1.5484256409279467
2,0.775692988404553,0.5639378526966474,17.27848870937154,3.5963777776437666,0.2052119290782392
2,0.8102499658232961,0.571130608251935,11.780105506671134,1.8638564140666114,0.1569198849514766
2,0.8338101768366384,0.5748583210800682,20.820125161254587,-3.0222987881117214,-0.144155448084499
2,0.8754504271591476,0.5688137235038447,13.021050599818118,-3.6333359270126486,-0.2721141387980664
2,0.9014925283587838,0.5615470516498194,11.888180073831633,1.9483468976865814,0.16244527730482294
2,0.9252688885064471,0.5654437454451926,15.81818539896479,9.066377770572121,0.5204516385819538
2,0.9569052593043766,0.5835765009863368,6.188966253001748,-12.605550354902405,-1.1143975514473186
2,0.9692831918103801,0.558365400276532,13.200249133363206,-2.967438226855579,-0.22112567376505657
2,0.9956836900771066,0.5524305238228209,0.8986252111485293,6.168536344722641,1.426135109259944
2,0.9974809404994036,0.5647675965122662,-9.507121111894001,5.729024575309771,2.599261004573225
2,0.9784666982756156,0.5762256456628857,2.8039684939404896,0.5475214471429846,0.19284011663040726
2,0.9840746352634966,0.5773206885571717,1.9295728274081325,8.250003605142497,1.3410388922415368
2,0.9879337809183129,0.5938206957674567,-0.9496873239936421,4.570906855134004,1.7756496593248523
2,0.9860344062703256,0.6029625094777247,1.9463152195977051,2.703614717599445,0.9468432810669593
2,0.989927036709521,0.6083697389129236,-0.20627974390435844,7.143827197036933,1.5996635482804145
2,0.9895144772217123,0.6226573933069974,-5.1099752412685495,-0.44035061369984696,-3.0556303156463303
2,0.9792945267391752,0.6217766920795977,-3.293981676381119,17.272752191787642,1.7592375863359984
2,0.9727065633864129,0.656322196463173,-12.032516238939083,7.232478242218232,2.600381039123012
2,0.9486415309085348,0.6707871529476095,5.63094238306655,7.212901869669219,0.9079496185789918
2,0.9599034156746679,0.6852129566869479,7.225958658535092,8.990714738753013,0.8937951637326252
2,0.974355332991738,0.703194386164454,-3.616203993549838,9.358924549761504,1.9395160180182467
2,0.9671229250046384,0.721912235263977,-0.6934583046151466,13.475418855103282,1.622211955247683
2,0.9657360083954081,0.7488630729741835,9.061367833395561,8.84155980447826,0.7731210102147535
2,0.9838587440621992,0.76654619258314,0.1207362827422842,-3.1662473024833826,-1.5326824959841334
2,0.9841002166276838,0.7602136979781733,5.377760989969116,2.9151943293882487,0.4967448054728612
2,0.994855738607622,0.7660440866369498,-7.8652488757005035,-4.156714461858002,-2.6554127664040093
2,0.979125240856221,0.7577306577132338,4.148937831113808,9.447916343808371,1.1570119780983328
2,0.9874231165184486,0.7766264904008505,-6.463843087024412,7.926071404678825,2.254927280383379
2,0.9744954303443998,0.7924786332102082,11.236072601717106,0.9332729804051865,0.0828702008727899
2,0.996967575547834,0.7943451791710185,-20.085180481505205,10.473123205169744,2.660944180932036
2,0.9567972145848236,0.815291425581358,12.810192363584328,-10.196333480913422,-0.6722694554127675
2,0.9824175993119922,0.7948987586195312,-2.8208993315861908,3.864506399600287,2.201341952385931
2,0.9767758006488199,0.8026277714187318,9.416684971618293,-4.804554135571459,-0.471787877521016
2,0.9956091705920564,0.7930186631475888,-13.44801013016028,4.06325127965007,2.848168978911943
2,0.9687131503317359,0.801145165706889,6.350152666095454,-10.774825558012513,-1.038243878513792
2,0.9814134556639268,0.779595514590864,6.22838026057132,-7.639586429162015,-0.8868092188290015
2,0.9938702161850694,0.7643163417325399,-5.906490358937089,-8.116068364091234,-2.1999064449691903
2,0.9820572354671953,0.7480842050043575,5.572008362341729,2.3229105422464813,0.39498078522650537
2,0.9932012521918787,0.7527300260888504,-8.105629281198512,-5.885095826331732,-2.513596264311834
2,0.9769899936294817,0.740959834436187,-13.666980176582188,-10.806861098805353,-2.472531122265488
2,0.9496560332763173,0.7193461122385763,-17.010986986461308,-10.238526569079143,-2.5997939438955893
2,0.9156340593033947,0.698869059100418,-10.821048766858354,10.55206653709717,2.368778899458438
2,0.893991961769678,0.7199731921746123,-22.36096617630978,-5.737507104985551,-2.8904252298693374
2,0.8492700294170584,0.7084981779646412,-6.660324123837991,13.188135373184029,2.0384550078919204
2,0.8359493811693824,0.7348744487110093,6.315625883175913,-12.047366155674698,-1.087950855233905
2,0.8485806329357343,0.7107797163996599,2.255875440390853,7.0351258240261005,1.2604958351870184
2,0.853092383816516,0.7248499680477121,-4.45815137952038,11.510845425489135,1.9403067859378895
2,0.8441760810574752,0.7478716588986903,-10.265593874416833,12.116371632438616,2.2736916105631866
2,0.8236448933086415,0.7721044021635676,-10.424557059794504,-7.751380844997935,-2.5022198972002796
2,0.8027957791890525,0.7566016404735717,-17.908479169301106,-2.206950811652064,-3.0189759150772053
2,0.7669788208504503,0.7521877388502676,-17.860860955516088,1.2336660586695913,3.072631263439582
2,0.7312570989394181,0.7546550709676068,-19.626268094765585,0.4705469810624141,3.1176218787989236
2,0.692004562749887,0.7555961649297316,-11.60541167891166,-17.077307229627912,-2.167686339819026
2,0.6687937393920637,0.7214415504704758,-8.269176911593457,-1.4817184104902181,-2.964288553450163
2,0.6522553855688767,0.7184781136494953,1.9312242253920475,-15.887152477323419,-1.4498309491842691
2,0.6561178340196608,0.6867038086948485,1.3973877150917913,-23.831482418642967,-1.5122271834827095
2,0.6589126094498444,0.6390408438575625,-2.017314414358762,3.6266951598334374,2.0784180136653507
2,0.6548779806211269,0.6462942341772294,-11.132597047165794,8.338700012743672,2.498709708073229
2,0.6326127865267953,0.6629716342027168,4.486646874861999,-1.8585780613683545,-0.39272725184221025
2,0.6415860802765193,0.65925447807998,-8.499490041083913,-1.1548119919637112,-3.0065511812875205
2,0.6245871001943515,0.6569448540960526,-9.10891844340761,0.31300064539518946,3.107244169407025
2,0.6063692633075363,0.657570855386843,-4.917654886984312,5.058165079965593,2.342110344463784
2,0.5965339535335676,0.6676871855467742,-13.243829512436022,5.352648633158041,2.7575037616793723
2,0.5700462945086956,0.6783924828130903,-12.183673737769295,-4.736737512139044,-2.7707981746769743
2,0.545678947033157,0.6689190077888122,-1.7942052528702734,7.918327774298128,1.7936226001748807
2,0.5420905365274165,0.6847556633374084,-1.7942052528702734,7.918327774298128,1.7936226001748807
3,0.5379331345007168,0.4571289916730103,3.830258729682068,-3.9306962678201383,-0.7983388300622906
3,0.5455936519600809,0.44926759913737,0.26712243064003216,-10.537222407983215,-1.5454513904275202
3,0.546127896821361,0.4281931543214036,0.44782083821282015,-12.071434165587341,-1.5337157639723753
3,0.5470235384977866,0.4040502859902289,11.099486683137815,-17.34434055591319,-1.0015195915273316
3,0.5692225118640623,0.3693616048784025,8.815409361493387,-10.676704835887673,-0.8805991732699922
3,0.586853330587049,0.3480081952066272,2.9866392819037912,-4.539420123706339,-0.9888637385495479
3,0.5928266091508566,0.3389293549592145,6.720890882642272,-6.065162839300697,-0.7341584233341993
3,0.6062683909161412,0.3267990292806131,-6.101180771799719,1.1397415932145327,2.956914518271657
3,0.5940660293725417,0.3290785124670422,6.2517434697177405,1.595825611116708,0.24992392846796008
3,0.6065695163119772,0.3322701636892756,-0.36978276391613774,-11.713784411706895,-1.602354018887315
3,0.6058299507841449,0.3088425948658618,3.500466591211837,-5.718954486190642,-1.0215406544190042
3,0.6128308839665686,0.2974046858934805,-6.368155318150048,-12.62660122700518,-2.0379133936820235
3,0.6000945733302685,0.27215148343947015,10.67470266470294,-9.58941830008131,-0.7318923394038945
3,0.6214439786596744,0.25297264683930754,-0.8188437276498428,-18.06803259928011,-1.6160853644345559
3,0.6198062912043747,0.21683658164074732,-2.0455310743029975,-13.868259803260354,-1.7172377659196332
3,0.6157152290557687,0.1891000620342266,12.844464531106325,-10.282223481540148,-0.6750566413037309
3,0.6414041581179813,0.1685356150711463,-6.500881551839699,-6.623212283900295,-2.3468736798587067
3,0.628402395014302,0.15528919050334572,-2.24369125439261,-11.61368678253187,-1.7616388949840132
3,0.6239150125055167,0.13206181693828198,1.1563108282181545,-7.4652339436385295,-1.4171247342440987
3,0.626227634161953,0.11713134905100492,4.640386563065979,-5.481833539120122,-0.8683361676043884
3,0.635508407288085,0.10616768197276467,4.568782499993707,-17.620340375183016,-1.3170931899177583
3,0.6446459722880724,0.07092700122239864,-6.619186700514534,3.519724222379443,2.652872170311508
3,0.6314075988870433,0.07796644966715753,9.338675595541968,-6.460317501268631,-0.6051884709366847
3,0.6500849500781273,0.06504581466462027,11.785102639363275,2.70760522941698,0.22582915419115063
3,0.6736551553568538,0.07046102512345423,24.76282356128312,-4.1884974376339565,-0.16755864890192285
3,0.7231808024794201,0.06208403024818632,13.775943383668942,1.056422074225717,0.07653621041480797
3,0.750732689246758,0.06419687439663775,3.3074667117868883,6.713757754439962,1.1130539037603537
3,0.7573476226703317,0.07762438990551768,9.427650833622181,-2.207660587995236,-0.23002400535946682
3,0.7762029243375761,0.0732090687295272,1.35713098916318,-5.928187811870583,-1.3457458669347193
3,0.7789171863159025,0.06135269310578604,7.943968615215069,-0.20999081576887624,-0.026427839238992168
3,0.7948051235463326,0.06093271147424829,4.168986786128426,-16.10624079168849,-1.317512364817476
3,0.8031430971185894,0.028720229890871307,13.191303609434101,-0.9120294523009744,-0.06902884035865688
3,0.8295257043374576,0.02689617098626936,8.554253161475621,3.304361094580056,0.3686255875718872
3,0.8466342106604089,0.03350489317542947,10.873374998930984,-10.850147952285663,-0.7843289520247659
3,0.8683809606582709,0.011804597270858141,7.1656125671049065,1.6659810896005287,0.22843832673853176
3,0.8827121857924807,0.015136559450059199,6.910500548232834,-2.913227210304024,-0.398957829145685
3,0.8965331868889463,0.00931010502945115,16.047076290146233,14.71553479025216,0.7421407537963336
3,0.9286273394692388,0.03874117460995547,11.338089446576161,-3.7817495252772324,-0.3219399693026116
3,0.9513035183623911,0.031177675559401007,14.005475375577447,-4.726877221672204,-0.3254977322185239
3,0.979314469113546,0.0217239211160566,6.054387364865021,-9.798397241516659,-1.0173220524031272
3,0.9914232438432761,0.0021271266330232796,2.0139270993639324,14.06758297402238,1.4286016544064846
3,0.9954510980420039,0.03026229258106804,-0.29461160855936974,4.57143977256357,1.6351534584835143
3,0.9948618748248852,0.03940517212619518,-0.07949882194868696,13.184546632425937,1.576825950773125
3,0.9947028771809878,0.06577426539104705,0.68939581325278,-0.3775313905037131,-0.5010190910710765
3,0.9960816688074934,0.06501920261003963,-8.356650862944736,13.72058808462251,2.117850413891864
3,0.9793683670816039,0.09246037877928465,4.218220493993896,-1.3009875406265956,-0.29916441297941765
3,0.9878048080695917,0.08985840369803146,-5.609824576647659,9.614078816781786,2.098995862441043
3,0.9765851589162964,0.10908656133159503,6.3793121006712195,5.532093286083859,0.7143910560720924
3,0.9893437831176388,0.12015074790376275,-1.8713653491616022,-0.791533199648163,-2.74144187517182
3,0.9856010524193156,0.11856768150446642,2.6521508741213506,4.16944817992898,1.0042607743399825
3,0.9909053541675583,0.12690657786432438,-1.2549844535014731,-4.838887268499286,-1.8245591336485496
3,0.9883953852605554,0.11722880332732581,-2.339380927471324,6.2131194336091164,1.9309013577819087
3,0.9837166234056127,0.12965504219454405,-5.617049826592446,0.9317460399599076,2.9772112438050016
3,0.9724825237524278,0.13151853427446386,6.352205756853246,13.62503224649518,1.1345394411588392
3,0.9851869352661343,0.15876859876745422,1.829271779373809,15.066956786238885,1.4499781361395176
3,0.9888454788248819,0.188902512339932,-13.133510760196144,16.508208035375947,2.242833014159632
3,0.9625784573044897,0.2219189284106839,-0.9550353317702154,3.7821837449794753,1.8181349783384662
3,0.9606683866409492,0.22948329590064284,-0.608883242803393,16.180882906086673,1.60840837164618
3,0.9594506201553424,0.2618450617128162,-0.5137010001856068,3.8143915410218665,1.7046652966188198
3,0.9584232181549712,0.2694738447948599,-11.674504946586284,-1.8061309972561834,-2.9881022108598367
3,0.9350742082617987,0.26586158280034755,-30.584609008264152,7.956381343287244,2.8870903664781147
3,0.8739049902452704,0.28177434548692204,-16.311805823597147,1.954400381318805,3.022346022785806
3,0.8412813785980761,0.28568314624955965,0.5843709930410945,7.80442532388087,1.4960589147684795
3,0.8424501205841582,0.3012919968973214,-9.045246004824314,-3.9311139433340636,-2.731614248094067
3,0.8243596285745096,0.29342976901065326,8.452239638676861,12.565839836739256,0.9786722996114657
3,0.8412641078518633,0.3185614486841318,-4.4004214194597875,0.6732516159515256,2.9897728756044444
3,0.8324632650129438,0.3199079519160348,4.390738821563322,-7.5710329029769765,-1.045258024206457
3,0.8412447426560704,0.3047658861100809,4.200408066955374,13.0310817848521,1.258974328326052
3,0.8496455587899812,0.3308280496797851,1.9875757200996103,-3.750517395905567,-1.083479067547451
3,0.8536207102301804,0.32332701488797394,7.334177968660982,0.6306541294915369,0.08577738895112876
3,0.8682890661675023,0.324588323146957,-4.503677149317708,4.072667097170385,2.406407929717377
3,0.8592817118688669,0.3327336573412978,-9.400694966103352,9.818509678690024,2.334458475680891
3,0.8404803219366602,0.35237067669867783,-4.447972902483444,13.27544518262319,1.8940934546475694
3,0.8315843761316933,0.3789215670639242,-12.19539149915616,5.141424605518114,2.7426159718842045
3,0.807193593133381,0.38920441627496044,0.47323714556363194,8.453734380772849,1.5148750356297795
3,0.8081400674245083,0.40611188503650614,0.1479588884687466,19.16920938045011,1.5630779098610017
3,0.8084359852014458,0.44445030379740635,0.2007108471273611,8.63493596015885,1.5475564657580567
3,0.8088374068957005,0.46172017571772406,-1.9375029431455415,3.954925880167964,2.026328229431869
3,0.8049624010094094,0.46963002747806,-1.834423223775361,11.127389585159102,1.7341833088641538
3,0.8012935545618587,0.4918848066483782,2.163593659151253,13.1673577491766,1.4079366803353457
3,0.8056207418801612,0.5182195221467314,24.64131835869776,15.77799480021297,0.5695305548543766
3,0.8549033785975567,0.5497755117471573,-5.1141191244677975,6.30944464580524,2.2519370539779193
3,0.8446751403486211,0.5623944010387678,5.873071043245581,7.59492093862063,0.9125559184200943
3,0.8564212824351123,0.5775842429160091,17.058065815245328,11.51926901051753,0.5939540104545993
3,0.8905374140656029,0.6006227809370441,9.726189303518096,2.5533406726835906,0.25672910489892437
3,0.9099897926726391,0.6057294622824113,-9.425885271329982,1.654896093292224,2.967794655848866
3,0.8911380221299792,0.6090392544689958,-8.110173408906517,6.153701641461118,2.4925066069085435
3,0.8749176753121661,0.621346657751918,-1.207531131066808,3.9411367958281374,1.8681065923057678
3,0.8725026130500325,0.6292289313435743,-4.454931108543391,10.523332038895216,1.971258787861552
3,0.8635927508329457,0.6502755954213647,1.3195415228212104,6.166136513560794,1.3599779932755989
3,0.8662318338785882,0.6626078684484863,9.64396243090293,11.58173845872379,0.8764396461578652
3,0.885519758740394,0.6857713453659339,4.4394318545073475,3.311748869258613,0.6409264510885926
3,0.8943986224494087,0.6923948431044511,16.23422350903253,3.83348999756411,0.2318885501302763
3,0.9268670694674738,0.7000618230995793,-1.0029906060790017,7.72817118736846,1.699858613976224
3,0.9248610882553158,0.7155181654743162,7.839183795339599,-3.0954386546526713,-0.3760739646833379
3,0.940539455845995,0.7093272881650109,15.933187259946246,0.5230618972329459,0.03281666797478718
3,0.9724058303658875,0.7103734119594768,4.15280019471298,10.023255565705213,1.1780093829683582
3,0.9807114307553134,0.7304199230908872,3.6097320643797004,-1.1830695574704952,-0.31671213108160734
3,0.9879308948840728,0.7280537839759462,-8.47774777364041,4.314914296840444,2.6707952891428293
3,0.970975399336792,0.7366836125696271,5.790513394677454,-4.074180377551972,-0.6131351175701989
3,0.9825564261261469,0.7285352518145232,2.4985242366963867,-3.2922260826709904,-0.9216131271907954
3,0.9875534745995397,0.7219507996491812,-5.649638507759902,-7.572205695021649,-2.211798103223162
3,0.9762541975840199,0.7068063882591379,11.427247671138618,-11.633215673679475,-0.7943295765582833
3,0.9991086929262971,0.6835399569117789,-6.619850896028234,-19.967376803493085,-1.8909260031168955
3,0.9858689911342406,0.6436052033047928,6.878309715213082,-3.724830016446856,-0.4963192139540196
3,0.9996256105646668,0.636155543271899,-0.8261226228359342,-4.64530038714861,-1.7467967687674817
3,0.9979733653189949,0.6268649424976018,-1.877851148320675,2.719787365203008,2.175077615322001
3,0.9942176630223536,0.6323045172280078,-1.0465511540627137,-7.820447796710317,-1.7038283599286814
3,0.9921245607142282,0.6166636216345872,-11.725613370138221,5.507751025560614,2.702461415562955
3,0.9686733339739517,0.6276791236857084,-2.8357844202995808,-5.2883325984625635,-2.063009336555893
3,0.9630017651333526,0.6171024584887833,-8.83278528659287,-17.780126583573974,-2.031863446599537
3,0.9453361945601668,0.5815422053216354,1.586956322846944,-10.460757199025672,-1.4202386477228859
3,0.9485101072058607,0.560620690923584,7.084836802588534,-6.845939999594097,-0.7682509940746697
3,0.9626797808110378,0.5469288109243958,6.271248919644312,-4.614120132158283,-0.6343235987896759
3,0.9752222786503264,0.5377005706600793,7.499251411325347,-1.6835872375333683,-0.22083915649988997
3,0.9902207814729771,0.5343333961850125,-1.8717546686944364,3.187517180656574,2.1017612942528783
3,0.9864772721355882,0.5407084305463257,-4.982929640348854,-8.619145561765295,-2.0949747479547365
3,0.9765114128548905,0.5234701394227951,5.030966285095695,-14.438418558011923,-1.2355092374820755
3,0.9865733454250819,0.49459330230677123,-5.837450745175554,-2.719196746064245,-2.7056616166789462
3,0.9748984439347308,0.48915490881464274,7.248149278038185,-1.4691860172475757,-0.19998852628643785
3,0.9893947424908072,0.4862165367801476,-6.948805953274073,-2.941797563416365,-2.7411178912200183
3,0.975497130584259,0.48033294165331486,-7.43871821618719,0.22688145134699966,3.1111020325578473
3,0.9606196941518846,0.48078670455600886,-22.210419389476932,-7.692245828220201,-2.8081865821875827
3,0.9161988553729308,0.46540221289956846,-6.733039125801976,10.670820107174016,2.1336819717781736
3,0.9027327771213268,0.4867438531139165,-10.47441143324923,4.3480185296172476,2.748129829834755
3,0.8817839542548284,0.495439890173151,1.8988843135525069,2.4918746622606123,0.9196401002383898
3,0.8855817228819334,0.5004236394976722,-19.483937168222,-2.9970570106152006,-2.9889669794414573
3,0.8466138485454894,0.4944295254764418,-12.040309451450403,3.3456049488361783,2.870562952431424
3,0.8225332296425886,0.5011207353741142,-7.061952797231485,10.8721741724222,2.146850743324563
3,0.8084093240481256,0.5228650837189586,-1.0272041348051708,11.590446169984835,1.6591904545533422
3,0.8063549157785153,0.5460459760589282,-13.965685191505928,29.06334106841435,2.018743554259974
3,0.7784235453955034,0.6041726581957569,-14.389639811972554,1.1871574328016221,3.059278226265139
3,0.7496442657715583,0.6065469730613602,1.2234595110865443,1.8951208577933087,0.9975318385250047
3,0.7520911847937314,0.6103372147769468,-7.604303879357954,6.917591226862918,2.4034473773638174
3,0.7368825770350155,0.6241723972306726,11.575221879788266,-5.508736219089094,-0.44418860694773205
3,0.760033020794592,0.6131549247924944,3.464963568635182,-2.3990781507417513,-0.6055948441439339
3,0.7669629479318624,0.608356768491011,9.60400889151608,5.441765629757178,0.5155091202935328
3,0.7861709657148945,0.6192402997505253,-4.255569335948228,3.2605929015993573,2.4878075086866285
3,0.7776598270429981,0.625761485553724,-4.976096832993104,6.617755935473812,2.2155322265625617
3,0.7677076333770119,0.6389969974246716,-7.124226060420513,4.818208503626464,2.54694134420959
3,0.7534591812561708,0.6486334144319246,7.507361749156782,2.8923859000648533,0.36774682422279203
3,0.7684739047544844,0.6544181862320543,-7.444435947069505,-0.752861084374945,-3.0408046131624715
3,0.7535850328603454,0.6529124640633044,1.8423560159683272,10.435282692419667,1.39604647821075
3,0.757269744892282,0.6737830294481437,4.873066029054018,2.8824640258680034,0.5341529691912507
3,0.7670158769503901,0.6795479574998797,10.450468361827559,8.67941764945085,0.6930810102230828
3,0.7879168136740452,0.6969067927987814,4.723972638111196,14.224836366007077,1.2501622307266211
3,0.7973647589502676,0.7253564655307956,-0.6561334163822097,18.185774696302005,1.6068601704738588
3,0.7960524921175032,0.7617280149233996,3.2673752118612676,0.22600922637872056,0.06906148858228274
3,0.8025872425412257,0.762180033376157,3.7618139973747966,6.325449779964631,1.0342749392330812
3,0.8101108705359753,0.7748309329360863,2.730931915278012,5.138027601263084,1.0822567624471218
3,0.8155727343665313,0.7851069881386125,1.9312020470320657,7.371975415081111,1.314588255422748
3,0.8194351384605955,0.7998509389687747,0.9152880808654951,18.06909069393464,1.5201846802232237
3,0.8212657146223264,0.835989120356644,14.48063293350421,15.392941648031677,0.8159276621430008
3,0.8502269804893349,0.8667750036527073,12.162880872141235,11.428445659342422,0.75427663726163
3,0.8745527422336173,0.8896318949713922,-4.2080479424403405,21.252401607886718,1.7662713514105972
3,0.8661366463487367,0.9321366981871656,-4.938959399046816,-5.141762628379564,-2.336079276701384
3,0.856258727550643,0.9218531729304065,-6.978710893538242,1.4522597808726556,2.936422269521648
3,0.8423013057635665,0.9247576924921518,-0.4044817528841005,-5.635056644005487,-1.6424529661725864
3,0.8414923422577983,0.9134875792041408,0.15011773985695864,6.159983675351032,1.5464313218502237
3,0.8417925777375123,0.9258075465548429,5.098396400252336,-1.5218111365765674,-0.2900692405328051
3,0.8519893705380169,0.9227639242816897,-4.1788301803621914,-7.965619906614263,-2.0539362001819885
3,0.8436317101772925,0.9068326844684612,-2.348247322298158,4.997096152019709,2.0100936370230817
3,0.8389352155326962,0.9168268767725006,-5.268422005957507,-8.884658517601062,-2.106037839362813
3,0.8283983715207812,0.8990575597372985,-6.889742288268996,-4.050906758405081,-2.610071638020165
3,0.8146188869442432,0.8909557462204883,3.778329704394401,-16.60305905275289,-1.347038700753707
3,0.822175546353032,0.8577496281149826,1.7971024946176195,-8.893249234454615,-1.371406464349672
3,0.8257697513422673,0.8399631296460733,6.248707110960094,-9.757982978958301,-1.0012215987553736
3,0.8382671655641875,0.8204471636881567,22.548259675652826,-6.427877519242064,-0.2777057485077933
3,0.8833636849154931,0.8075914086496726,20.267456487418624,14.029432690112364,0.6054818440319056
3,0.9238985978903304,0.8356502740298973,13.443184427493037,-3.6806091816077857,-0.267240916334022
3,0.9507849667453164,0.8282890556666818,13.481129556239758,5.67583142697492,0.3984951222077821
3,0.9777472258577959,0.8396407185206316,-9.56435971919628,-2.432998021635324,-2.892494314396897
3,0.9586185064194034,0.834774722477361,-0.90240638302308,-5.510332373925508,-1.7331216415352162
3,0.9568136936533572,0.8237540577295099,-4.562953074363551,6.969357211436211,2.150480037723496
3,0.9476877875046301,0.8376927721523824,3.4710556796656022,6.432908594571185,1.075989880496925
3,0.9546298988639613,0.8505585893415247,2.6999050190440466,14.372649294983386,1.3851100935722414
3,0.9600297089020494,0.8793038879314915,7.626581835528778,4.3144299026905975,0.5148242041161825
3,0.975282872573107,0.8879327477368727,7.459527955853528,2.6026064559643847,0.3356917974999286
3,0.990201928484814,0.8931379606488015,0.7533293993580159,-1.429176981971314,-1.0856989046178087
3,0.9917085872835301,0.8902796066848588,-6.980730568003968,-4.476780967044736,-2.5713538560611124
3,0.9777471261475221,0.8813260447507694,4.143002862423916,3.538402047161049,0.7068504368284054
3,0.98603313187237,0.8884028488450915,3.309134141538439,0.06904774498550648,0.02086277676859892
3,0.9926514001554468,0.8885409443350625,-2.6964194719571455,12.072657394155584,1.7905390464181254
3,0.9872585612115325,0.9126862591233736,6.2859541147683995,-0.6912061085982968,-0.10952041257354708
3,0.9998304694410693,0.911303846906177,-10.629202754844135,8.335774663324358,2.476539768778628
3,0.9785720639313811,0.9279753962328258,10.64231857693476,11.480314640289645,0.8232596420362074
3,0.9998567010852506,0.9509360255134051,-7.659135677761997,-2.039300522013676,-2.8813725217483315
3,0.9845384297297266,0.9468574244693777,-3.9127428696840716,12.765974944044633,1.8682036672251292
3,0.9767129439903585,0.972389374357467,9.008030088065277,13.4222155657156,0.9797111868765885
3,0.994729004166489,0.9992338054888982,-0.8737611221280583,-14.295431975582307,-1.6318420840917065
3,0.9929814819222329,0.9706429415377336,-14.390228293669372,14.344438397393743,2.3577880307755277
3,0.9642010253348942,0.999331818332521,-3.166917678186554,-8.99082521650707,-1.9094642479389692
3,0.957867189978521,0.9813501678995069,-1.8223528169380998,8.925923675966063,1.7721925654631399
3,0.9542224843446449,0.999202015251439,2.2080992046380477,-1.211453277562946,-0.5017990676437414
3,0.958638682753921,0.9967791086963131,1.5306600682845617,-1.3422263121622424,-0.7199015839006037
3,0.9617000028904901,0.9940946560719887,0.5370899476326851,-5.7700662263249765,-1.4779816562014563
3,0.9627741827857554,0.9825545236193387,9.974499198937114,6.334799962171567,0.5658289709402848
3,0.9827231811836297,0.9952241235436818,-4.545680599842283,1.7025765003430005,2.783218138091571
3,0.9736318199839451,0.9986292765443678,8.708457062942154,-2.9672848592271484,-0.32839809684438687
3,0.9910487341098294,0.9926947068259135,-2.5689415270152005,-0.6672099222628791,-2.8874852683687426
3,0.985910851055799,0.9913602869813878,6.909224902228394,3.9819475482602007,0.5228282335905463
3,0.9997293008602558,0.9993241820779082,-0.3658464157729191,-11.041693911227446,-1.6039173886999647
3,0.99899760802871,0.9772407942554533,-5.615079717281146,7.853574501722249,2.1914995794140046
3,0.9877674485941477,0.9929479432588978,-6.834486648564286,-1.2206831254590322,-2.96484989716774
3,0.9740984752970191,0.9905065770079797,-3.38491605940322,3.098603985445092,2.4003257918210563
3,0.9673286431782127,0.9967037849788699,-13.115110689528253,-2.3890776209066766,-2.9614061492823436
3,0.9410984217991561,0.9919256297370566,-12.407731735653348,2.472737310295847,2.9448798440765827
3,0.9162829583278495,0.9968711043576483,-24.547140860252224,-0.25994562191195003,-3.131003399744743
3,0.867188676607345,0.9963512131138244,-10.318123738406182,-2.3336935944178183,-2.9191608526325363
3,0.8465524291305326,0.9916838259249887,-5.581432471783665,-1.090048970147084,-2.94872120899105
3,0.8353895641869653,0.9895037279846945,-16.192597727374245,-13.27525183742606,-2.4548739132380644
3,0.8030043687322168,0.9629532243098424,-17.990068311116048,18.002499860545583,2.355849098085955
3,0.7670242321099847,0.9989582240309336,2.3201122369944094,-20.16801584533101,-1.4562606202425303
3,0.7716644565839735,0.9586221923402716,-8.324473150329691,20.214002167387502,1.9614482273338825
3,0.7550155102833142,0.9990501966750466,-2.837446942573818,-8.420703305995369,-1.8958080428290773
3,0.7493406163981665,0.9822087900630558,-0.5211890878233927,8.089511735369426,1.6351351589498482
3,0.7482982382225197,0.9983878135337947,-5.4160641621533445,0.047152378991777155,3.132886850569002
3,0.737466109898213,0.9984821182917782,-1.7021633089212007,-6.585478551697221,-1.8237328189088307
3,0.7340617832803706,0.9853111611883838,-8.00301471030962,4.000796350518643,2.678016120794988
3,0.7180557538597514,0.9933127538894211,-1.0708380316554744,-0.12311135146814145,-3.027127905445937
3,0.7159140777964405,0.9930665311864848,-8.920109248311714,-14.4179332702703,-2.1248391269541123
3,0.698073859299817,0.9642306646459442,-15.589862411921839,-0.010378339172167905,-3.1409269429270035
3,0.6668941344759733,0.9642099079675999,-37.27833172866895,-4.786256850969117,-3.0138987936552857
3,0.5923374710186354,0.9546373942656616,-9.337912260099445,8.71756108203492,2.3905390479708584
3,0.5736616464984365,0.9720725164297315,15.884057231553783,-0.9441799054435984,-0.05937212413928467
3,0.6054297609615441,0.9701841566188443,-3.131593718350978,1.837592740849936,2.610941862655355
3,0.5991665735248421,0.9738593421005441,2.9542603397519906,-0.4964633911916372,-0.1664943012967213
3,0.6050750942043461,0.9728664153181609,6.369028210225225,13.527174766480965,1.1307541049367322
3,0.6178131506247966,0.9999207648511228,-0.9880853493465791,-9.979197045877353,-1.6694891560400036
3,0.6158369799261034,0.9799623707593681,-2.224025265928964,6.707335096975575,1.8909690049849637
3,0.6113889293942455,0.9933770409533192,3.782699456226446,-4.073118583420632,-0.8223500034914921
3,0.6189543283066984,0.985230803786478,-8.44412091584401,-1.2877063608253692,-2.9902611747125825
3,0.6020660864750104,0.9826553910648272,5.964655768275318,3.83024934896814,0.5708423764339519
3,0.613995398011561,0.9903158897627635,-13.627711158014199,3.7600111805699,2.872381343061182
3,0.5867399756955326,0.9978359121239033,-2.193193811390326,-5.7571653964254565,-1.934773454922621
3,0.582353588072752,0.9863215813310524,-15.543875522915695,-5.78132583036417,-2.785510991800505
3,0.5512658370269206,0.9747589296703241,-9.224819747121748,-8.923658470619932,-2.3727872663901652
3,0.5328161975326771,0.9569116127290842,-1.4405725038589834,-10.789653763764173,-1.7035256090440691
3,0.5299350525249591,0.9353323052015559,-13.697767733796884,-5.264644739056967,-2.774655896260692
3,0.5025395170573653,0.9248030157234419,-11.118050478697572,-6.865797384634053,-2.588378660208518
3,0.4803034160999702,0.9110714209541738,-9.32803092398199,-5.382798757410045,-2.618214403365691
3,0.4616473542520062,0.9003058234393537,-13.168582875163843,-11.56240905156658,-2.421049198391435
3,0.4353101885016785,0.8771810053362206,-11.35817522452437,3.3257547545332278,2.856747810596861
3,0.4125938380526298,0.883832514845287,-19.695877529300216,-11.096057233673017,-2.628542906799584
3,0.37320208299402935,0.861640400377941,-12.648004743644359,-1.3104710267727304,-3.0383501555178385
3,0.34790607350674063,0.8590194583243955,-17.23013108879862,6.664892830836544,2.7725030802474357
3,0.3134458113291434,0.8723492439860686,-12.149183488506159,1.4246647990529548,3.0248615159185777
3,0.2891474443521311,0.8751985735841745,-18.511413707116702,-7.485415351927371,-2.7573268108525637
3,0.25212461693789767,0.8602277428803198,-4.418245014163519,-4.180398427990728,-2.383848381715595
3,0.24328812690957063,0.8518669460243383,5.970677230101362,-5.1470485097459,-0.7114507634011505
3,0.25522948136977336,0.8415728490048465,-1.159762496573069,-6.0641565621952775,-1.7597632589572938
3,0.2529099563766272,0.829444535880456,7.626850285008091,11.07121908040659,0.9675658322844759
3,0.2681636569466434,0.8515869740412692,8.71598237989024,6.28080050650226,0.624422896550273
3,0.2855956217064239,0.8641485750542737,0.4166809758021084,6.0292307350354735,1.5017959014942366
3,0.2864289836580281,0.8762070365243446,-13.62655487873421,11.555536287985502,2.4382515435389696
3,0.2591758739005597,0.8993181091003156,-11.823127546821757,2.2699485539014463,2.9519086009887183
3,0.23552961880691617,0.9038580062081185,-0.29503817529821785,3.4089173651185023,1.6571301256197832
3,0.23493954245631973,0.9106758409383555,-2.3303913012711894,5.476060486162337,1.9731410491485506
3,0.23027875985377735,0.9216279619106802,5.944470933378478,1.8041857478022783,0.29467068200670193
3,0.2421677017205343,0.9252363334062847,0.7708174443276095,-6.58552107778948,-1.4542791968576185
3,0.24370933660918953,0.9120652912507058,6.361612194407118,5.487587469821531,0.7117691632459292
3,0.25643256099800377,0.9230404661903489,0.8517255254069933,12.899282759056774,1.5048631287873766
3,0.25813601204881775,0.9488390317084624,6.965842999889615,7.679312490488865,0.834076776233346
3,0.272067698048597,0.9641976566894401,1.4395967284192845,11.391067785469055,1.4450833491887973
3,0.27494689150543555,0.9869797922603782,7.156101549047055,-3.2125967083157514,-0.4219646920940127
3,0.28925909460352967,0.9805545988437467,12.163605909428442,-5.313881864844494,-0.4118792784404269
3,0.31358630642238655,0.9699268351140578,21.31414328445577,11.042427702047663,0.47800663441142394
3,0.3562145929912981,0.9920116905181531,4.6800544727085835,-13.760068102798394,-1.2429515541494012
3,0.36557470193671526,0.9644915543125563,-1.5938557771274509,14.943936259616763,1.677050332789421
3,0.36238699038246036,0.9943794268317898,2.975048474439912,-5.6572504823784175,-1.0866578352667609
3,0.3683370873313402,0.983064925867033,10.406257440032013,6.581194263508228,0.5639219926488278
3,0.3891496022114042,0.9962273143940494,6.108581642727262,-2.199469927763209,-0.3456107276583222
3,0.40136676549685874,0.991828374538523,3.360287379126664,-0.31107857110868053,-0.09231188191558348
3,0.40808734025511206,0.9912062173963057,-2.693509693681234,0.33209338657874676,3.018917836339872
3,0.4027003208677496,0.9918704041694631,-11.772059603028461,2.3764214123835337,2.9424000128144177
3,0.37915620166169267,0.9966232469942302,1.304396347188569,-1.2044400595279114,-0.7455775322781196
3,0.3817649943560698,0.9942143668751744,-11.016557475315325,2.5431996841366877,2.9147147609539807
3,0.35973187940543916,0.9993007662434478,-19.711629990013275,-0.08336828690475029,-3.1373632829156852
3,0.3203086194254126,0.9991340296696383,-3.091118203472659,-10.361695800825244,-1.8607126416146649
3,0.3141263830184673,0.9784106380679878,-3.220852295481885,-2.056705131983194,-2.573302206298205
3,0.3076846784275035,0.9742972278040214,-2.0761670686159914,11.30721519679806,1.7523879747168527
3,0.30353234429027154,0.9969116581976175,-7.1858308975803755,-3.032852300759059,-2.742214785222727
3,0.2891606824951108,0.9908459535960994,10.607381120299186,-1.9772695538637919,-0.18428999082363268
3,0.31037544473570916,0.9868914144883718,0.12664277386795209,2.0204995592607577,1.508199273462155
3,0.31062873028344506,0.9909324136068933,6.019441613919624,-5.602214994867238,-0.7495127882073507
3,0.3226676135112843,0.9797279836171588,-0.6225794446475252,-0.3647888351536177,-2.6115819556638526
3,0.32142245462198926,0.9789984059468516,6.344314966211656,2.454647594369197,0.3691669206362404
3,0.3341110845544126,0.98390770113559,-5.337859588310262,0.021143147877045187,3.1376316956525905
3,0.32343536537779205,0.9839499874313441,9.932510302886554,7.579145226679517,0.651810041361784
3,0.34330038598356516,0.9991082778847031,-12.615351936828278,-2.203663687593449,-2.968656417439997
3,0.3180696821099086,0.9947009505095162,-7.983038398363313,1.918544289695845,2.905737958010961
3,0.302103605313182,0.9985380390889079,-7.810124983379629,-12.93154077676345,-2.1141220303708774
3,0.2864833553464227,0.972674957535381,-18.531642825139443,-2.889346182228858,-2.986923729985218
3,0.24942006969614383,0.9668962651709233,-0.9221708166732845,2.369721225950472,1.9419121335950338
3,0.24757572806279726,0.9716357076228243,-12.752650620768648,8.312111138178812,2.5639567575154794
3,0.22207042682125996,0.9882599298991819,-17.07905234993401,-2.3320427203974425,-3.0058878386109953
3,0.18791232212139194,0.983595844458387,-16.77057518776648,1.9611492559459265,3.0251814785444324
3,0.154371171745859,0.9875181429702788,3.0937699723233014,-0.22925915286309273,-0.07396829320810594
3,0.1605587116905056,0.9870596246645527,-1.475379015689268,2.4814333835246893,2.1072115797702877
3,0.15760795365912705,0.992022491431602,3.8506752591236233,-16.202855512105764,-1.3374706467323796
3,0.1653093041773743,0.9596167804073905,3.8010757324942746,-5.040258137044062,-0.9246489235997165
3,0.17291145564236285,0.9495362641333024,-1.875765730181264,-14.049923421872833,-1.7035186704819312
3,0.16915992418200032,0.9214364172895567,-11.128074276588782,-3.2194606125079406,-2.8599720336590044
3,0.14690377562882276,0.9149974960645408,3.5325658269014375,-6.673509670449717,-1.0839519547018566
3,0.15396890728262563,0.9016504767236414,12.809528534054134,-5.655128085923777,-0.4157446695598889
3,0.1795879643507339,0.8903402205517938,7.5204892241092365,-18.386412684243457,-1.1825346862514177
3,0.19462894279895238,0.8535673951833069,21.48726235891811,-3.7073919793832455,-0.17085685640638737
3,0.2376034675167886,0.8461526112245404,15.488567476295387,-21.801539709054186,-0.9531015710722127
3,0.26858060246937937,0.8025495318064321,0.6598356554470275,-25.92665076307732,-1.5453517270773365
3,0.2699002737802734,0.7506962302802774,13.518168177729828,-0.6094598936288165,-0.04505399374939915
3,0.2969366101357331,0.7494773104930198,0.7878559140466757,-15.531952805614479,-1.5201149189394836
3,0.29851232196382643,0.7184134048817908,12.91975896041364,-1.996882107213216,-0.15334690916597704
3,0.3243518398846537,0.7144196406673644,0.1251570337099106,-2.25331418078778,-1.5153098057266148
3,0.32460215395207354,0.7099130123057888,2.8059278591460455,-4.541026007771564,-1.0173144842892188
3,0.3302140096703656,0.7008309602902457,5.497198876316972,3.986720158641932,0.6274573383520395
3,0.34120840742299957,0.7088044006075296,13.313383323809546,7.766998983574635,0.5281225713228146
3,0.36783517407061866,0.7243383985746789,0.3558713282044712,4.545690098671229,1.492668046424768
3,0.3685469167270276,0.7334297787720213,11.012153649602979,4.937198602609105,0.4214733400819913
3,0.39057122402623357,0.7433041759772395,4.483411962481975,18.25998878089241,1.3300272202907857
3,0.3995380479511975,0.7798241535390243,-1.105185904827749,1.2777258510923706,2.2839134416243687
3,0.397327676141542,0.7823796052412091,4.002788181676459,-6.988620782504229,-1.0506486320863442
3,0.40533325250489494,0.7684023636762006,9.318736680476391,-11.615094455503405,-0.894657325759274
3,0.4239707258658477,0.7451721747651938,-7.867691768827956,-7.8584452886350515,-2.35678245906821
3,0.4082353423281918,0.7294552841879237,-12.056310086205391,5.3119081515244355,2.7265902992121465
3,0.384122722155781,0.7400791004909726,-1.203393119605739,0.9331439872403702,2.482015625353273
3,0.38171593591656955,0.7419453884654533,0.9989694038829988,4.372285929333197,1.3461743283065835
3,0.38371387472433555,0.7506899603241197,-21.941541302557347,6.82045408602272,2.840214769978839
3,0.33983079211922085,0.7643308684961652,-4.997346661003404,6.301000740467743,2.241318006180304
3,0.32983609879721404,0.7769328699771006,-10.058074173447118,-8.352060096774638,-2.4485977158831993
3,0.3097199504503198,0.7602287497835514,-18.426405872728395,-3.7681642139403837,-2.93987580301071
3,0.272867138704863,0.7526924213556706,-9.267021739230385,-1.014919840254147,-3.0325078800684038
3,0.25433309522640224,0.7506625816751623,-4.958017153390684,-7.871748207515738,-2.1328753685452955
3,0.24441706091962087,0.7349190852601308,-14.11457756269706,-11.48900811241288,-2.45838422770084
3,0.21618790579422675,0.7119410690353051,2.585021007753346,-14.503974959294064,-1.394419868036766
3,0.22135794780973345,0.682933119116717,-9.811263844729426,-4.257329080869454,-2.73218882587869
3,0.2017354201202746,0.674418460954978,4.804256599883871,-4.4455891631144935,-0.7466420748066824
3,0.21134393332004234,0.665527282628749,9.316908194964155,-11.15251072045348,-0.8748342974598627
3,0.22997774970997065,0.6432222611878421,-5.809883056852705,-20.342805308229796,-1.84898931600335
3,0.21835798359626524,0.6025366505713825,7.002171410086549,-1.1460900351986103,-0.16223780137172478
3,0.23236232641643834,0.6002444705009853,4.092224923349569,-4.674698242342401,-0.8517405401265054
3,0.24054677626313747,0.5908950740163005,1.0380011503636626,5.713764467849269,1.3910893950145724
3,0.2426227785638648,0.602322602951999,4.998589691637176,-0.007958187014989182,-0.0015920851243976285
3,0.25261995794713915,0.602306686577969,8.186095224701234,-4.0053625451896835,-0.45504177664093026
3,0.2689921483965416,0.5942959614875897,12.766678092592548,19.927022213648726,1.0010068021630714
3,0.2945255045817267,0.6341500059148871,16.655828041455322,-11.804740581387806,-0.6165712405796213
3,0.32783716066463736,0.6105405247521115,16.435826595636666,-6.505515577532594,-0.37689178301789356
3,0.3607088138559107,0.5975294935970463,-6.041262398445907,3.305256265758172,2.6409682598812583
3,0.3486262890590189,0.6041400061285627,5.182979391958164,15.328587036340158,1.2447394366301143
3,0.3589922478429352,0.634797180201243,5.319980557170173,6.0096567191145756,0.8461967703112331
3,0.36963220895727555,0.6468164936394721,9.537821783977328,-0.6477377634603321,-0.06780842746790025
3,0.3887078525252302,0.6455210181125515,-0.07564531708353917,7.699619526464585,1.5806205633245383
3,0.38855656189106313,0.6609202571654806,18.5993559951442,7.566741251022912,0.38637880311890405
3,0.42575527388135154,0.6760537396675265,8.37528621387934,-2.943556740549913,-0.33797262583105564
3,0.4425058463091102,0.6701666261864266,-2.488580810941748,2.3217293660677263,2.3908668028190463
3,0.4375286846872267,0.6748100849185621,4.583168534361831,-4.378026312266359,-0.7625098765690889
3,0.4466950217559504,0.6660540322940294,8.107107351853632,-13.201038123735797,-1.0200543946836724
3,0.46290923645965765,0.6396519560465578,12.871686430837803,-6.789754650899315,-0.4854011651519785
3,0.48865260932133325,0.6260724467447591,6.518834270645312,-2.049364822921562,-0.30459301979318026
3,0.5016902778626239,0.621973717098916,15.254757439665978,-0.4327086569810845,-0.028357885209443604
3,0.5321997927419558,0.6211082997849539,9.684131859020727,19.128818810802084,1.1021542647548999
3,0.5515680564599973,0.659365937406558,11.570867392965589,13.75044156354499,0.8712631957068077
3,0.5747097912459285,0.686866820533648,2.5388130753423166,11.067022864516163,1.3452946035676068
3,0.5797874173966131,0.7090008662626803,8.987302275808128,10.67350225590663,0.8709533508565829
3,0.5977620219482294,0.7303478707744936,-5.334183103798351,-3.0975825834649307,-2.615482075817316
3,0.5870936557406327,0.7241527056075637,-7.607262500439693,11.196930059354848,2.1675667544079844
3,0.5718791307397533,0.7465465657262734,-6.162961293964986,8.339555947872723,2.207222469138866
3,0.5595532081518233,0.7632256776220189,-2.674255354797206,0.15247819406588592,3.0846372538141043
3,0.5542046974422289,0.7635306340101506,4.973296378854519,5.538169610587063,0.8390852908802043
3,0.5641512901999379,0.7746069732313248,-4.731753612163658,-0.44656787144253807,-3.0474945472473136
3,0.5546877829756106,0.7737138374884397,-0.7561080576734547,0.38996732267171375,2.665419784831109
3,0.5531755668602637,0.7744937721337831,6.2327539195078385,6.068517772764959,0.7720478047229927
3,0.5656410746992794,0.786630807679313,-7.254645124928127,9.944685083393134,2.201047653711913
3,0.5511317844494231,0.8065201778460993,2.5794082373596927,5.223020245340826,1.1120777802781172
3,0.5562906009241425,0.816966218336781,-3.6305769493845674,1.9416466902534846,2.65049112627236
3,0.5490294470253734,0.8208495117172879,1.836925626541197,4.655393840230892,1.1949710177963047
3,0.5527032982784558,0.8301602993977497,-2.7692387321289758,9.237385912375995,1.8620567554975833
3,0.5471648208141978,0.8486350712225017,1.1284316815626805,4.094215773384701,1.301857446151864
3,0.5494216841773232,0.8568235027692711,-4.37984817735193,9.369012112854458,2.008093123240095
3,0.5406619878226193,0.87556152699498,-10.521833140816339,-5.919338862418577,-2.629144880246673
3,0.5196183215409866,0.8637228492701429,3.020140717174047,-9.074472469468242,-1.2495103446181284
3,0.5256586029753347,0.8455739043312064,8.991481836308212,9.05357415515462,0.788839109982239
3,0.5436415666479512,0.8636810526415156,2.556295004579434,-1.512807871521693,-0.5343660944351192
3,0.54875415665711,0.8606554368984722,-2.448905332202711,1.781215597437824,2.512744679047838
3,0.5438563459927046,0.8642178680933479,-3.049221445830641,14.898262078311964,1.7726778349518297
3,0.5377579031010433,0.8940143922499718,-10.845124093347701,7.23977749403093,2.5529714317995245
3,0.5160676549143479,0.9084939472380337,-11.65394363673658,6.837275153004585,2.6110159422138133
3,0.49275976764087476,0.9221684975440428,-11.164443658630729,6.599864836432989,2.607705656949888
3,0.4704308803236133,0.9353682272169088,-10.505601086604088,12.381159656527085,2.2744277057854836
3,0.4494196781504051,0.960130546529963,-0.3983212616972265,6.947772461242674,1.6280644251985785
3,0.44862303562701067,0.9740260914524483,4.353063776116716,7.649710438743795,1.0534455166019734
3,0.4573291631792441,0.9893255123299359,4.772782216675458,-1.0933543393384926,-0.22519550823261816
3,0.466874727612595,0.987138803651259,-1.075903554562524,-0.00945407916130847,-3.132805773199082
3,0.46472292050346997,0.9871198954929363,8.031377388894478,-0.5961638779796163,-0.07409345887395095
3,0.48078567528125893,0.9859275677369771,-9.231380155895641,0.28993946277461324,3.1101949453429447
3,0.46232291496946765,0.9865074466625263,6.655545655520012,-1.1720310735676143,-0.17431124769022793
3,0.47563400628050767,0.9841633845153911,0.5780644161302861,0.859978786946658,0.9789834027984196
3,0.47679013511276824,0.9858833420892844,0.22452294576102982,-11.737092610319078,-1.5516693102061212
3,0.4772391810042903,0.9624091568686463,6.092516236883144,12.728245929321035,1.1243651000863204
3,0.4894242134780566,0.9878656487272883,8.64558898948195,5.987340289510867,0.6056957524405877
3,0.5067153914570205,0.9998403293063101,2.6108967110483605,-4.271258660791921,-1.0221304921783854
3,0.5119371848791172,0.9912978119847262,-0.41577464123571106,1.0517824876878912,1.9472485557901544
3,0.5111056355966458,0.993401376960102,13.414035304313565,1.5224762321650598,0.11301511969881377
3,0.5379337062052729,0.9964463294244321,9.17113273996628,-12.17053546602842,-0.9250257378626943
3,0.5562759716852055,0.9721052584923753,17.80688079101861,4.441950313356646,0.24446221267040316
3,0.5918897332672427,0.9809891591190886,13.224095579268734,-9.027826968158514,-0.599007051207309
3,0.6183379244257802,0.9629335051827715,19.713458166368326,-11.886451032935618,-0.5425940328146762
3,0.6577648407585168,0.9391606031169003,-5.449121057019668,-3.63644337197383,-2.5531206222797085
3,0.6468665986444775,0.9318877163729526,3.6027252742168447,-20.05726290115134,-1.393069569281036
3,0.6540720491929112,0.89177319057065,17.920945441830817,-23.292174171469835,-0.9149958287287788
3,0.6899139400765728,0.8451888422277103,4.23483169104244,-14.984031302558042,-1.295356988364026
3,0.6983836034586577,0.8152207796225942,9.00213437343661,-2.061709024158198,-0.2251416704162659
3,0.7163878722055309,0.8110973615742778,-3.6018992192137222,-2.053966156099263,-2.623338987044325
3,0.7091840737671035,0.8069894292620793,-10.92073714689995,-0.9278871901886587,-3.056830613675094
3,0.6873425994733036,0.805133654881702,-1.051743520160242,-1.1192675768203486,-2.325101928858417
3,0.6852391124329831,0.8028951197280613,11.480433179441862,0.20701547171370072,0.018030072171839506
3,0.7081999787918668,0.8033091506714887,-0.4013272897837594,-3.834802853096786,-1.675070701859149
3,0.7073973242122993,0.7956395449652951,-9.841427509718725,-1.0074645593606268,-3.0395782600471053
3,0.6877144691928618,0.7936246158465738,3.17135676774577,-5.066042851913366,-1.0114762562136743
3,0.6940571827283534,0.7834925301427471,14.723430680130045,2.834803258918439,0.19020928298024956
3,0.7235040440886135,0.789162136660584,9.480040545494338,-9.102484963547653,-0.7650831829891739
3,0.7424641251796021,0.7709571667334887,16.076023296195952,-18.603478735243982,-0.8581499215321574
3,0.774616171771994,0.7337502092630007,-5.2972346815466915,-13.741751219384367,-1.9387272197295775
3,0.7640217024089007,0.706266706824232,1.5782881445385866,-1.2906513586204427,-0.6854731576708525
3,0.7671782786979778,0.7036854041069911,-7.6962830025014135,7.058027016903057,2.3994264881999623
3,0.751785712692975,0.7178014581407972,4.819026797852732,-6.010994606636011,-0.8950184005006476
3,0.7614237662886805,0.7057794689275252,-0.08906106260314628,-10.648436567444296,-1.5791599006811694
3,0.7612456441634742,0.6844825957926366,3.601715553936291,8.315124108468352,1.162040878690788
3,0.7684490752713468,0.7011128440095733,11.117249132925776,-5.3421013815985186,-0.44794549980004983
3,0.7906835735371983,0.6904286412463763,1.8976966590999456,1.7138010758402378,0.7345226239057175
3,0.7944789668553982,0.6938562433980567,0.04108505009597918,-5.376693816521061,-1.563155153263983
3,0.7945611369555902,0.6831028557650146,2.3508158862991513,-0.28041379265097977,-0.11872264052348352
3,0.7992627687281885,0.6825420281797127,7.756200742865538,-13.397631042078805,-1.0460185834814089
3,0.8147751702139195,0.655746766095555,25.13520809777936,-0.2831938617171015,-0.01126634315243122
3,0.8650455864094783,0.6551803783721208,1.3903573056792684,-2.394877116625671,-1.0447975192010392
3,0.8678263010208368,0.6503906241388695,9.304309545129174,-20.825054057810988,-1.1506197011050072
3,0.8864349201110951,0.6087405160232475,7.71684515998422,-3.776818687092953,-0.4551520579851895
3,0.9018686104310636,0.6011868786490616,11.25782320254387,-7.749060191776513,-0.6028484899117494
3,0.9243842568361513,0.5856887582655086,16.757568453026504,6.754384594072516,0.3831455796937164
3,0.9578993937422043,0.5991975274536536,10.75162437851751,-11.325238668647597,-0.8113749183238378
3,0.9794026424992394,0.5765470501163584,2.956199709964469,-3.0383614321915497,-0.7991033498173535
3,0.9853150419191683,0.5704703272519753,-4.278961749523691,-3.563497069768995,-2.447172287930961
3,0.9767571184201209,0.5633433331124373,9.42406808037588,5.118508164085656,0.49755459524576584
3,0.9956052545808727,0.5735803494406087,0.7936728769972756,-3.501897593991554,-1.347920695944065
3,0.9971926003348672,0.5665765542526255,-3.610232490549148,-2.925390558814356,-2.460599497159618
3,0.9899721353537689,0.5607257731349968,-1.8969912750751439,-3.022663849985008,-2.1312553932705502
3,0.9861781528036186,0.5546804454350268,1.770529974315982,-0.16017247599997564,-0.09022024894469854
3,0.9897192127522506,0.5543601004830269,-2.243130791567516,0.739508001355027,2.8231366535767073
3,0.9852329511691156,0.5558391164857369,-3.9971408007043463,-6.576239117375648,-2.1169427904865334
3,0.9772386695677069,0.5426866382509856,-2.1604999604612485,-15.942076315139387,-1.7054975463380757
3,0.9729176696467844,0.5108024856207068,-1.783164449626451,-17.602012689675234,-1.6717564721328932
3,0.9693513407475315,0.4755984602413564,6.411013091496664,-32.10226358963733,-1.373683521988048
3,0.9821733669305248,0.4113939330620817,2.2257018254893124,2.0433852573120412,0.7427178787908999
3,0.9866247705815034,0.4154807035767058,3.7467792050866477,-4.406939811753829,-0.8661862984281431
3,0.9941183289916767,0.40666682395319814,2.4977579611538125,-3.521788371187301,-0.9539025561969035
3,0.9991138449139844,0.39962324721082354,-1.4690831572733987,6.013806389105147,1.8103890485333107
3,0.9961756785994376,0.41165085998903383,-5.248393728414236,2.775028714652017,2.6552193103794415
3,0.9856788911426091,0.41720091741833787,6.662214169388947,2.2049895331639755,0.31962157630129195
3,0.999003319481387,0.4216108964846658,-6.010714782502813,6.598229910809023,2.3096330601822195
3,0.9869818899163814,0.43480735630628387,-8.787567590259837,2.60067278030246,2.8538564057664417
3,0.9694067547358617,0.4400087018668888,-4.566080090745439,-12.857441146521348,-1.9120351471251458
3,0.9602745945543708,0.4142938195738461,-1.7038571441082007,10.83420627558576,1.7267851389370283
3,0.9568668802661544,0.4359622321250176,-10.908465238109677,-3.23942108437783,-2.852923534910016
3,0.935049949789935,0.42948338995626195,-7.129792719565375,12.264708528341577,2.097371692260739
3,0.9207903643508043,0.4540128070129451,-19.38823054504246,-1.3785695709246093,-3.070608693516964
3,0.8820139032607194,0.4512556678710959,-13.292935380354642,16.578367141537512,2.2466485750450507
3,0.8554280325000101,0.4844124021541709,-2.713006099235804,-1.7137577811617843,-2.5782025536828153
3,0.8500020203015385,0.48098488659184735,5.676810986449454,15.963008540342715,1.229121073573416
3,0.8613556422744374,0.5129109036725328,9.75960325166969,0.8596408571620584,0.08785480240882707
3,0.8808748487777768,0.5146301853868569,-5.187040478682514,2.3244090294385344,2.720304448549096
3,0.8705007678204117,0.519279003445734,-7.149675045506898,-3.5187364788328845,-2.684242050969227
3,0.856201417729398,0.5122415304880682,-1.9350933430949957,5.670427471849148,1.8996643522059442
3,0.852331231043208,0.5235823854317665,-0.2780597872804602,10.325579134561835,1.5977190396187801
3,0.851775111468647,0.5442335437008902,-6.322908427860763,16.535327514324184,1.936028237311158
3,0.8391292946129255,0.5773041987295385,-3.8171475604311667,0.34955186567248164,3.050273244387981
3,0.8314949994920632,0.5780033024608835,7.929856435537174,19.076885784622966,1.1768472595714201
3,0.8473547123631375,0.6161570740301294,-10.086279574941903,3.289416794408473,2.8263409802471045
3,0.8271821532132537,0.6227359076189464,-3.1714582250371715,-9.76654127552301,-1.8847811550326417
3,0.8208392367631794,0.6032028250679004,0.9946408996759359,2.3311353549357317,1.1675064443840941
3,0.8228285185625313,0.6078650957777718,-1.4672765773756091,7.573529618333518,1.7621630494151992
3,0.81989396540778,0.6230121550144389,-6.203140871912482,-3.084449397064648,-2.6801555291490793
3,0.8074876836639551,0.6168432562203096,-24.782998026085522,-0.9318462539298356,-3.1040101349526887
3,0.757921687611784,0.6149795637124499,-0.6547305171202833,-8.589730218497959,-1.6468717024735475
3,0.7566122265775435,0.597800103275454,-10.565248631630942,-3.863466918330838,-2.7910206442157595
3,0.7354817293142816,0.5900731694387923,-14.529262428242651,-9.553796341818465,-2.5599243368710796
3,0.7064232044577963,0.5709655767551554,-11.597990974980876,-4.649772382339323,-2.7603004190831486
3,0.6832272225078345,0.5616660319904767,-12.678902827113648,1.119957743706046,3.053488938663931
3,0.6578694168536072,0.5639059474778888,-4.4366431542474105,0.004130064510721176,3.1406617553466547
3,0.6489961305451124,0.5639142076069102,1.790446185876815,-2.3816989549491074,-0.9261750863624573
3,0.652577022916866,0.559150809697012,-0.8595400347025661,10.691776889719783,1.6510164307796311
3,0.6508579428474609,0.5805343634764516,5.886654445625417,13.26015217465426,1.152996936256785
3,0.6626312517387117,0.6070546678257601,-21.50995944574019,10.948444706403437,2.6707755973105565
3,0.6196113328472314,0.628951557238567,-12.589151537538202,1.7982088664207918,2.9997143871300946
3,0.594433029772155,0.6325479749714086,-8.727866073984568,-1.979549683010784,-2.918558016608445
3,0.5769772976241858,0.628588875605387,-3.8077043303599845,-14.93994138836019,-1.8203508194060494
3,0.5693618889634658,0.5987089928286666,-1.5895780543035976,9.914861607712766,1.7297662842200334
3,0.5661827328548587,0.6185387160440922,-0.6692196197419786,8.182207255908901,1.652404296666375
3,0.5648442936153747,0.63490313055591,-6.159582118284823,8.367333299450442,2.2053720024133927
3,0.552525129378805,0.6516377971548108,-11.69047407020296,7.870955485153042,2.5490259584903674
3,0.5291441812383991,0.6673797081251169,-13.48385450427636,8.32344145379066,2.588557210045057
3,0.5021764722298464,0.6840265910326983,-13.48385450427636,8.32344145379066,2.588557210045057
4,0.4735870678815524,0.5260474636435435,-3.3539056969583703,-8.774886106745926,-1.935878677124298
4,0.4668792564876357,0.5084976914300516,-8.355717854044403,7.217263120027628,2.4291691599857175
4,0.45016782077954687,0.5229322176701069,-20.07401030100381,9.886181007824291,2.6839738133324915
4,0.41001980017753925,0.5427045796857555,-12.300610423894243,21.575329829609522,2.0889583400920184
4,0.38541857932975077,0.5858552393449745,-16.223434623813176,5.6192556794575905,2.8081583877117513
4,0.3529717100821244,0.5970937507038897,-7.667384894043533,2.3496817417919535,2.8442275948924816
4,0.33763694029403735,0.6017931141874736,0.6542892379186316,1.7270402710001242,1.2086545779551026
4,0.3389455187698746,0.6052471947294739,-1.0718749161436891,-0.2555550992429656,-2.9075433198802396
4,0.33680176893758723,0.6047360845309879,-15.291949429109886,-11.403607124319482,-2.500832401583138
4,0.30621787007936746,0.581928870282349,-17.839085866854344,-8.210269088301303,-2.710255466013736
4,0.2705396983456588,0.5655083321057464,-12.955977927484735,6.892768131555149,2.6526626621638396
4,0.2446277424906893,0.5792938683688567,-8.567434019770795,-5.9129019513165515,-2.5375011562281404
4,0.22749287445114771,0.5674680644662236,7.212131001875593,-1.3287467626962313,-0.1821946370935459
4,0.2419171364548989,0.5648105709408311,2.1287723267866405,-13.033398860167688,-1.408893842489629
4,0.24617468110847218,0.5387437732204957,-10.09569812769022,-1.322283075916697,-3.0113590690394214
4,0.22598328485309174,0.5360992070686623,-9.530942271112758,-6.20197935175526,-2.564711109515852
4,0.20692140031086623,0.5236952483651518,-15.700679996359185,9.348114865108558,2.6045656632052765
4,0.17552004031814786,0.5423914780953689,-13.903912880648363,-1.1558463541859187,-3.058652350672642
4,0.14771221455685113,0.5400797853869971,-12.931830688870077,-2.715792498201086,-2.9345924566769592
4,0.12184855317911097,0.5346482003905949,-8.962076434923409,-1.8443125778402347,-2.938635300226165
4,0.10392440030926416,0.5309595752349144,-7.104626401372278,6.535387639932721,2.3979032915374714
4,0.0897151475065196,0.5440303505147799,-10.864094922104155,0.36330393822570084,3.108164318725933
4,0.06798695766231129,0.5447569583912313,-7.68842638288179,5.028337238666136,2.562400928198595
4,0.05261010489654771,0.5548136328685636,2.871264353199721,-1.7302782107532222,-0.5423429487269419
4,0.05835263360294715,0.5513530764470571,-1.3446119462474682,16.273821538031584,1.6532333028277502
4,0.055663409710452215,0.5839007195231203,-16.33729302830917,11.86421904761631,2.513495267082714
4,0.022988823653833874,0.6076291576183529,-4.905736753796401,8.186230146630946,2.1106766078060755
4,0.013177350146241072,0.6240016179116148,-4.657568614286123,6.720168158221629,2.1768583047463235
4,0.0038622129176688275,0.637441954228058,-1.7477184027094175,14.695864632071565,1.6891662309061561
4,0.00036677611224999237,0.6668336834922012,9.672769558640754,8.129347627511885,0.6989156328737947
4,0.019712315229531503,0.683092378747225,5.0425627971626605,8.381290378154493,1.0291680274185668
4,0.029797440823856824,0.6998549595035339,-1.284353834883973,1.7698724996562665,2.1985474141827432
4,0.02722873315408888,0.7033947045028465,0.43060585807190577,8.48899123642627,1.5201145564647618
4,0.02808994487023269,0.720372686975699,-2.034039083120203,3.5136885981187915,2.0955491072412653
4,0.024021866703992284,0.7274000641719366,6.385965082679052,8.356779943938463,0.9182906051769325
4,0.03679379686935039,0.7441136240598135,3.0734280586506673,4.373620677756429,0.9582475985723161
4,0.04294065298665172,0.7528608654153264,10.679771549207027,10.289238247625788,0.7667760080993599
4,0.06430019608506578,0.773439341910578,-1.0743531197016134,17.158977493680062,1.633326422781595
4,0.06215148984566255,0.8077572968979381,2.415151640789436,1.9596955268469385,0.681663967624762
4,0.06698179312724142,0.811676687951632,-2.1531453008138413,9.12039669989173,1.802631731827512
4,0.06267550252561374,0.8299174813514154,1.0774933369904898,14.402113434001661,1.496120500643976
4,0.06483048919959472,0.8587217082194187,9.31816702452104,9.796461474923634,0.8104153728264627
4,0.0834668232486368,0.878314631169266,7.554276283405089,16.604685209204717,1.1438348708064283
4,0.09857537581544698,0.9115240015876754,3.081988447866994,2.4290494827470255,0.6674695047343089
4,0.10473935271118097,0.9163821005531695,-2.593260401927623,13.542287023221244,1.7599993737108792
4,0.09955283190732572,0.943466674599612,2.3516803320204267,15.637791621173069,1.4215304327082223
4,0.10425619257136658,0.9747422578419581,-1.2743943653132639,-0.33510108366002767,-2.884464049951001
4,0.10170740384074005,0.9740720556746381,3.020506470207962,-5.197741211837747,-1.044375573314663
4,0.10774841678115597,0.9636765732509626,0.056721133028909965,4.0446155155137165,1.55677338324792
4,0.10786185904721379,0.97176580428199,7.560598310791519,1.1554457538085483,0.15165128548687767
4,0.12298305566879683,0.9740766957896071,0.9058366851668748,1.4875027920389083,1.0238112003329696
4,0.12479472903913058,0.9770517013736849,2.9950362430557624,-4.821183852733557,-1.0149167781245918
4,0.1307848015252421,0.9674093336682178,11.701155179263484,-8.718282846207126,-0.6403441040879444
4,0.15418711188376907,0.9499727679758035,17.59401230000611,-3.3769570784653036,-0.18963162110045195
4,0.1893751364837813,0.9432188538188729,10.955460373280532,-2.6135965786766024,-0.23418831350876668
4,0.21128605723034236,0.9379916606615197,-6.678519555835218,-20.44557163422628,-1.8865187023064138
4,0.19792901811867192,0.8971005173930672,0.4049703408661315,-11.645855613896472,-1.5360365598439605
4,0.19873895880040418,0.8738088061652742,-10.09933444813263,-10.193850595596077,-2.3515369924247427
4,0.17854028990413892,0.8534211049740821,-5.633747696673227,-9.248416075432807,-2.1179225362513776
4,0.16727279451079247,0.8349242728232165,-5.650076189563022,5.893863743043625,2.335079400961333
4,0.15597264213166642,0.8467120003093037,3.1308725563444217,-1.8069432175173983,-0.5234390061126641
4,0.16223438724435527,0.8430981138742689,0.7188171757293721,-12.489641574065512,-1.513306679414946
4,0.163672021595814,0.8181188307261379,-1.7705594868782508,-15.017500666464734,-1.6881542997809866
4,0.1601309026220575,0.7880838293932084,2.471377508857911,-9.498760415758312,-1.316260656827649
4,0.16507365763977333,0.7690863085616918,3.0425195949994737,-9.481790278539071,-1.260295066850938
4,0.17115869682977228,0.7501227280046137,-7.125917319995429,-3.353562222757178,-2.701728314697435
4,0.15690686218978142,0.7434156035590993,1.852474192398465,1.731470833196247,0.7516483675880117
4,0.16061181057457835,0.7468785452254918,-6.412255088735081,0.8273371753014236,3.0132771844589246
4,0.1477873003971082,0.7485332195760946,-3.0704937281637728,-9.468559405435728,-1.8843796712340395
4,0.14164631294078064,0.7295961007652232,3.718611908070546,-2.2003931458652315,-0.5343122278119401
4,0.14908353675692174,0.7251953144734927,-4.911212623129852,-23.886548268456654,-1.7735762125880044
4,0.13926111151066203,0.6774222179365794,-2.459813570130878,-21.68378552618244,-1.6837536687690506
4,0.13434148437040028,0.6340546468842145,7.233174115711782,3.5628198322126825,0.45768320866032686
4,0.14880783260182384,0.6411802865486399,-5.246983657442958,-5.078104493039248,-2.372549227755054
4,0.13831386528693793,0.6310240775625614,-2.331872466356771,0.5138638084322689,2.92469392620038
4,0.13365012035422438,0.6320518051794259,-7.792340447374444,-9.687329112784914,-2.2482052244765054
4,0.1180654394594755,0.6126771469538561,-3.197077972914415,-7.883152135859772,-1.9560851601676041
4,0.11167128351364666,0.5969108426821366,2.89600196209247,-3.8021285693942697,-0.9198623839351592
4,0.1174632874378316,0.589306585543348,0.008929462656903642,-1.7512101918204515,-1.5656973470659024
4,0.11748114636314541,0.5858041651597071,14.880317262265006,-14.24949655508817,-0.7637460468125201
4,0.14724178088767542,0.5573051720495308,7.858558532787802,-22.71170541409562,-1.2376772872452244
4,0.16295889795325103,0.5118817612213395,6.3557126587939905,-8.299339167620822,-0.9172536879783609
4,0.175670323270839,0.4952830828860979,-3.3496116713948862,-23.9853749215298,-1.7095511908269971
4,0.16897109992804923,0.4473123330430383,6.3254068456771035,-15.304778214397352,-1.1788805073779731
4,0.18162191361940344,0.4167027766142436,-4.847404733807098,-16.102807611133084,-1.8631964725382102
4,0.17192710415178925,0.3844971613919774,-6.480125046520333,2.883480910130465,2.722927010125502
4,0.15896685405874858,0.39026412321223836,-6.801127860573727,-5.577625488235399,-2.4547134076932724
4,0.14536459833760113,0.37910887223576756,-6.840840058379996,-14.449720982596364,-2.0129577407142185
4,0.13168291822084113,0.35020943027057483,1.3833357365937715,-16.439115504596952,-1.4868450717772317
4,0.13444958969402868,0.3173311992613809,-12.370132000311424,4.451873591601596,2.796135401751612
4,0.10970932569340583,0.3262349464445841,-1.7632043627496332,-9.071721606113552,-1.762765582568189
4,0.10618291696790656,0.308091503232357,-0.3941321621543925,15.676265122168159,1.5959329996234966
4,0.10539465264359778,0.33944403347669333,-6.856523522897777,-10.089417016850815,-2.16768284856117
4,0.09168160559780222,0.3192651994429917,-8.682370682651555,-15.335901013224323,-2.0859517096766265
4,0.07431686423249911,0.28859339741654305,-17.212400312229725,-9.891952311573803,-2.619984478848218
4,0.039892063608039666,0.26880949279339544,-16.300482039889104,-8.835999046688054,-2.6448582681602546
4,0.007291099528261454,0.25113749470001934,3.9016698698718377,1.5059775800302655,0.36836451635348577
4,0.01509443926800513,0.25414944986007987,4.219544150141747,-0.7235588978455054,-0.16982626939411455
4,0.023533527568288623,0.25270233206438886,4.971754709508523,-3.02680068999675,-0.5468644503570336
4,0.03347703698730567,0.24664873068439536,-5.58106498565431,-9.225604746299382,-2.1148503944863855
4,0.02231490701599705,0.2281975211917966,10.751604827727022,3.131349929129029,0.28340535266994527
4,0.04381811667145109,0.23446022105005465,-4.375636088021273,-4.946584987015279,-2.2950248819823456
4,0.03506684449540855,0.2245670510760241,1.1519243934682288,-5.24184471938971,-1.354479212402822
4,0.037370693282345005,0.21408336163724467,6.597402466841377,-11.125350107590068,-1.0355351388195166
4,0.05056549821602776,0.19183266142206454,0.845712138974046,-1.04320762958518,-0.8895743832322609
4,0.05225692249397585,0.18974624616289418,6.407459007319875,-15.324513325358321,-1.1747689753236508
4,0.0650718405086156,0.15909721951217753,1.0399952897105282,-12.915684206857764,-1.4904477925175763
4,0.06715183108803666,0.133265851098462,20.184333572117076,-13.961797511724521,-0.6051435980721931
4,0.1075204982322708,0.10534225607501296,3.740074064629145,-8.963314698590455,-1.175495820097634
4,0.1150006463615291,0.08741562667783205,3.3506459708456737,-1.5431777077656998,-0.431601875177222
4,0.12170193830322044,0.08432927126230065,5.31133532717961,2.4168387494335337,0.427032401066991
4,0.13232460895757966,0.08916294876116772,9.407406736780366,4.785620914827766,0.4705895346626271
4,0.1511394224311404,0.09873419059082325,17.114573769999712,-1.058069422256759,-0.06174413233369941
4,0.18536856997113982,0.09661805174630973,8.672881545801841,-5.025726357420976,-0.5251915760642665
4,0.2027143330627435,0.08656659903146778,4.46832271291589,12.469886096282245,1.2267207542231635
4,0.21165097848857528,0.11150637122403227,6.3632922103459,10.286967345764431,1.0168283766182966
4,0.22437756290926708,0.13208030591556114,2.4970494516873414,1.7913372692311968,0.6222964478552465
4,0.22937166181264176,0.13566298045402353,-3.2517035166241826,3.296826399755634,2.3493040629375557
4,0.2228682547793934,0.1422566332535348,-3.03270019512028,0.20676928121106386,3.0735180766814607
4,0.21680285438915284,0.14267017181595693,-4.3702457413415665,12.38698994888976,1.9099717028417893
4,0.2080623629064697,0.16744415171373644,7.201506862280507,8.802974950234951,0.8851299108551226
4,0.22246537663103072,0.18505010161420635,-4.951306990661666,9.247178522553732,2.0623921651385473
4,0.2125627626497074,0.2035444586593138,-9.183617731489596,7.82931828055318,2.4356310806857615
4,0.1941955271867282,0.21920309522042017,-5.436118859445518,6.267319676679636,2.285291612230644
4,0.18332328946783716,0.23173773457377944,5.2090825981848665,2.638212442411969,0.4688053710802394
4,0.1937414546642069,0.23701415945860338,1.7885923462963165,2.4973651021528154,0.9492858567386081
4,0.19731863935679952,0.242008889662909,-0.19273572108721715,7.521869301496564,1.5964141020138911
4,0.1969331679146251,0.25705262826590214,-1.6184968918250275,1.2889928484772495,2.4690424027801616
4,0.19369617413097504,0.25963061396285664,2.8020587555989547,3.3708038311838773,0.8772751225900448
4,0.19930029164217294,0.2663722216252244,-8.68584572049498,-10.962747950408982,-2.2408278716111028
4,0.18192860020118298,0.24444672572440643,3.4909479489803608,3.2879996204007584,0.7554690739821543
4,0.1889104960991437,0.25102272496520794,5.096831310311606,5.481416433954222,0.8217383798685465
4,0.19910415871976692,0.2619855578331164,-6.8635759299195405,7.260272076432705,2.3281148988008034
4,0.18537700685992783,0.2765061019859818,-7.087626253087023,10.191063389969724,2.17847868277175
4,0.1712017543537538,0.29688822876592125,-9.491447482582322,13.313776828673962,2.1901304315824763
4,0.15221885938858914,0.32351578242326917,6.419589586058566,1.263021902799838,0.1942637644915102
4,0.16505803856070628,0.32604182622886885,6.681960586704366,-0.5352773597659399,-0.07993712862686946
4,0.178421959734115,0.32497127150933697,-5.480595848939965,5.93016927935791,2.3168157965111904
4,0.16746076803623508,0.3368316100680528,-3.549668130780295,7.54261154566832,2.010661038453593
4,0.1603614317746745,0.35191683315938943,-15.010490933872939,7.678032364508786,2.6687786479753846
4,0.1303404499069286,0.367272897888407,-13.94857156946034,16.40357039556714,2.2754863132354597
4,0.10244330676800793,0.4000800386795413,-18.408878445641744,9.12322996253001,2.6814804027740737
4,0.06562554987672445,0.4183264986046013,-3.424899479485835,10.446833846475267,1.887595579140797
4,0.05877575091775278,0.43922016629755184,-12.72005581000581,3.1221435200686765,2.9009004750352285
4,0.03333563929774116,0.4454644533376892,-2.498683995987669,-6.085892440307827,-1.9603813107431214
4,0.02833827130576582,0.43329266845707354,-1.2653629434113898,-9.40865115308051,-1.704483465487357
4,0.02580754541894304,0.4144753661509125,-8.434486614857617,-8.630709582851754,-2.344696566663914
4,0.008938572189227806,0.397213946985209,-3.6758877320303833,-0.654668174089823,-2.965342654481785
4,0.0015867967251670394,0.39590461063702936,5.169572607357723,15.218675723277702,1.2433392199585747
4,0.011925941939882485,0.42634196208358477,0.5731431283088539,6.5942505283790585,1.48409861989142
4,0.013072228196500193,0.4395304631403429,-6.255886551072987,-2.8413281988871053,-2.715264150469629
4,0.0005604550943542185,0.4338478067425687,-0.016694657548083514,-1.8683362624889455,-1.5797316633181326
4,0.0005270657792580515,0.4301111342175908,0.7123079609318025,7.418631111129809,1.47507367453002
4,0.0019516817011216564,0.4449483964398504,-0.9204208106978092,-0.38262792473847673,-2.747617153572424
4,0.00011084007972603791,0.44418314059037345,6.975147851969467,5.091276363718894,0.6305233632561985
4,0.014061135783664972,0.45436569331781124,13.694262783785609,-5.871774533091151,-0.4050648054687657
4,0.04144966135123619,0.44262214425162894,7.575242047978999,0.5286147912208494,0.0696689628906655
4,0.05660014544719419,0.44367937383407063,3.9617551261776836,0.11120677173612203,0.028062708145017403
4,0.06452365569954956,0.4439017873775429,12.428953244194087,7.86622351067498,0.5642565506350921
4,0.08938156218793773,0.45963423439889284,10.516225377827752,1.667716466605601,0.15727535848695406
4,0.11041401294359324,0.46296966733210404,2.5288586869380985,2.4251401710513876,0.7644648994735399
4,0.11547173031746943,0.4678199476742068,6.134863428958956,5.7887107165885405,0.7563753626922634
4,0.12774145717538735,0.4793973691073839,14.140977087384806,3.0335969488795023,0.2113223620417668
4,0.15602341135015696,0.4854645630051429,6.237137325215095,-6.987097971805828,-0.842048561945937
4,0.16849768600058715,0.47149036706153125,9.231997696980507,-7.193330465563891,-0.6619123921607932
4,0.18696168139454816,0.45710370613040346,-2.2908079245360646,-2.571385463632503,-2.298552455312583
4,0.18238006554547603,0.45196093520313846,11.706200527947768,-6.155499288681809,-0.4840993054918078
4,0.20579246660137157,0.43964993662577484,-1.1783497837252466,-2.885781936905779,-1.9584625864759986
4,0.20343576703392108,0.4338783727519633,10.423526526223387,-1.69808038982322,-0.16148980567100626
4,0.22428282008636785,0.43048221197231684,10.184400501019903,0.8778545293920414,0.08598346953724514
4,0.24465162108840766,0.4322379210311009,7.067478649961462,-1.9021029000890477,-0.26290504161017864
4,0.2587865783883306,0.42843371523092283,-4.785613668028085,1.0588342635251269,2.9238469345823375
4,0.2492153510522744,0.4305513837579731,3.5122256386053015,2.258051091273222,0.5713761097168288
4,0.256239802329485,0.4350674859405195,0.7178541903877234,-3.7376636985189946,-1.3810472955443565
4,0.25767551071026046,0.42759215854348154,-7.925335052345675,-0.5022566142458273,-3.0783037405328355
4,0.2418248406055691,0.4265876453149899,9.435800314402345,4.341728294162267,0.43124896113746897
4,0.2606964412343738,0.4352711019033144,-11.600526439928954,-5.923241489296349,-2.669500181044395
4,0.2374953883545159,0.4234246189247217,-18.646265275386778,0.23054994528848294,3.1292288802414294
4,0.20020285780374233,0.4238857188152987,3.8694960821929887,-1.3758621718449326,-0.34162497574684614
4,0.2079418499681283,0.4211339944716088,-2.6626405393361114,-1.3959032442822372,-2.6587296734139394
4,0.2026165688894561,0.41834218798304434,-11.636164893425935,-8.273719091166281,-2.5234990595345286
4,0.17934423910260422,0.4017947498007118,-5.724737298929264,1.1870196779737163,2.937140649045932
4,0.1678947645047457,0.4041687891566592,-8.29729074744255,0.6461246580364288,3.0638777255138434
4,0.1513001830098606,0.40546103847273207,-0.5030057300739882,-10.704159282735631,-1.6177533982319061
4,0.1502941715497126,0.3840527199072608,-11.380463705197394,-6.210494975335351,-2.6420448676745396
4,0.12753324413931783,0.3716317299565901,0.025599339183848824,1.9836117430203082,1.5578916249410806
4,0.12758444281768552,0.3755989534426307,-4.677268009145564,-3.58579570711251,-2.487524709808063
4,0.1182299067993944,0.3684273620284057,-4.549227111046266,-1.8293929656703622,-2.7592490980671127
4,0.10913145257730186,0.364768576097065,-26.731675266166107,-16.906730648890978,-2.5776464117394764
4,0.05566810204496965,0.330955114799283,-24.177721744149927,-4.847634360060887,-2.943716325029031
4,0.00731265855666979,0.32125984607916125,5.011993137588379,0.3138155686714661,0.06253129843426437
4,0.017336644831846548,0.3218874772165042,0.667711000614005,-4.694882464474165,-1.4295227222425306
4,0.01867206683307456,0.31249771228755585,-4.338335129780709,5.098721489503549,2.2757936586393717
4,0.00999539657351314,0.32269515526656295,-2.3841894693027745,-0.5888790590086179,-2.899445729029873
4,0.0052270176349075905,0.3215173971485457,5.265276878304058,-8.511294958559374,-1.0167963725980815
4,0.015757571391515707,0.30449480723142697,-3.8571832779142188,-4.576006289036538,-2.271162639937929
4,0.00804320483568727,0.2953427946533539,1.043224578186068,-12.420988126206234,-1.4870041288863631
4,0.010129653992059406,0.2705008184009414,5.9076380463692555,5.385986242426643,0.7392410324700953
4,0.021944930084797917,0.2812727908857947,5.127497241887701,8.316156167464284,1.018281592598272
4,0.03219992456857332,0.2979051032207233,5.187275114347633,-5.7772646016464035,-0.8391551903507082
4,0.042574474797268586,0.28635057401743047,0.287933426079575,-13.198534240632387,-1.5489842258269775
4,0.043150341649427736,0.2599535055361657,15.47290735192697,-13.111420146879729,-0.7029705967308384
4,0.07409615635328168,0.23373066524240624,-1.882767055696767,-20.32762439725229,-1.6631539325628737
4,0.07033062224188814,0.19307541644790166,12.63087307487002,-11.719672791380503,-0.7479954974318668
4,0.09559236839162819,0.16963607086514065,-4.186203545669738,-4.154089575188716,-2.360044931814639
4,0.08721996130028871,0.16132789171476322,-1.0617820611631135,-1.8549651273024603,-2.0906744513416027
4,0.08509639717796248,0.1576179614601583,-3.327959630398197,-16.401697682138007,-1.7709820174442312
4,0.07844047791716609,0.12481456609588229,-18.914070975965927,-21.86217353077179,-2.284020560290835
4,0.04061233596523423,0.0810902190343387,-5.18880920356783,-21.11813777973319,-1.811727549837193
4,0.030234717558098572,0.038853943474872324,-2.8868664413762497,-4.852753487125557,-2.107451816351576
4,0.024460984675346072,0.02914843650062121,-5.852171970337749,0.6520230687399077,3.030634697692654
4,0.012756640734670574,0.030452482638101026,0.006125711570702588,-3.8414134744649933,-1.5692016777369255
4,0.01276889215781198,0.02276965568917104,5.212811429300693,-2.2850195040348424,-0.41312102472337375
4,0.023194515016413366,0.018199616681101354,-9.348775835017761,10.048260209408634,2.3201487046313085
4,0.004496963346377843,0.03829613709991862,0.6893077746963557,1.1436811431022875,1.0283867457506977
4,0.005875578895770554,0.0405834993861232,-0.798570280841026,-9.978893060405257,-1.6506520858530098
4,0.004278438334088502,0.020625713265312682,13.376646645807883,1.7360898311858541,0.12906369973722537
4,0.03103173162570427,0.02409789292768439,0.9434247009145069,-3.6337530974105134,-1.3167765768777016
4,0.032918581027533284,0.016830386732863363,0.7241856715567464,-0.6284155520676973,-0.7147117280872699
4,0.034366952370646776,0.015573555628727968,4.886993882836914,10.375432634101129,1.130603662647112
4,0.044140940136320604,0.03632442089693023,5.390339722290163,-8.699836722807344,-1.0160961559139803
4,0.05492161958090093,0.01892474745131554,1.3177274617005157,-5.242331500889302,-1.3245353797495245
4,0.05755707450430196,0.008440084449536936,7.387458926739733,2.717819444120464,0.35252834703857877
4,0.07233199235778143,0.013875723337777864,12.83918181276237,0.009681304286669745,0.0007540435670266366
4,0.09801035598330617,0.013895085946351204,13.786233174544158,-1.1250508921904991,-0.08142639971235635
4,0.12558282233239448,0.011644984161970205,10.037223786486916,-2.0899656124431396,-0.20528818822387745
4,0.14565726990536831,0.007465052937083926,2.2818243517068737,0.7463921671447037,0.3161330413852428
4,0.15022091860878206,0.008957837271373333,-8.912679014593763,7.9219455106562355,2.4149776304769466
4,0.13239556057959453,0.024801728292685805,-0.23707116288577967,-2.2045757095468193,-1.6779206235634065
4,0.13192141825382298,0.020392576873592166,23.171275115756075,2.7101963275132523,0.11643458728403835
4,0.17826396848533513,0.02581296952861867,0.25192233804204045,-6.616594893292223,-1.5327403910010735
4,0.1787678131614192,0.012579779742034225,-1.0242393947745703,-3.108023539711048,-1.8891351919051307
4,0.17671933437187007,0.006363732662612129,6.320330219174899,4.861626193852289,0.6556790972424619
4,0.18935999481021987,0.016086985050316707,-7.786676761822611,-6.773932331796552,-2.425636367467528
4,0.17378664128657464,0.0025391203867236017,6.317708827839219,5.82210836652136,0.7445964444832862
4,0.18642205894225308,0.014183337119766323,4.487042351881465,6.34651437021524,0.9553818533916174
4,0.195396143646016,0.026876365860196802,-5.597533888518524,-2.8352354388551904,-2.672746558779681
4,0.18420107586897896,0.02120589498248642,3.253776923505411,-5.241739253563219,-1.0152635361627178
4,0.19070862971598979,0.010722416475359983,6.742956430674754,-4.085584273595514,-0.544749371616735
4,0.2041945425773393,0.0025512479281689544,12.151912334167152,3.8200864974485826,0.30457933845892776
4,0.2284983672456736,0.01019142092306612,-13.23121165974027,-5.047243572854438,-2.777166158432573
4,0.20203594392619306,9.693377735724498e-05,9.405125554498017,7.85884008260939,0.6960693047628724
4,0.2208461950351891,0.015814613942576026,-0.09744948170822831,5.386463984329416,1.5888859032229616
4,0.22065129607177264,0.026587541911234858,-0.9865655922954158,8.912352396262039,1.68104390522619
4,0.2186781648871818,0.044412246703758936,-7.206192149539839,15.635586847960885,2.002664454298414
4,0.20426578058810213,0.0756834203996807,-3.776908209204108,10.10884008039014,1.9283603509742333
4,0.19671196416969391,0.09590110056046099,-4.236375090006058,10.838373053510306,1.9434057373918106
4,0.1882392139896818,0.1175778466674816,-11.31955473990584,21.983886878645684,2.0462946065711574
4,0.16560010450987012,0.16154562042477297,-10.876525795025946,-3.2632308186972545,-2.8501128250514767
4,0.14384705291981822,0.15501915878737846,-4.816065375914752,-7.777189823785211,-2.125253892528298
4,0.13421492216798872,0.13946477913980804,-5.811780484991286,0.2949249968269563,3.0908900800798986
4,0.12259136119800615,0.14005462913346195,3.7169397702927625,12.307022287369406,1.2774893711692388
4,0.13002524073859167,0.16466867370820076,-10.626626963604876,-1.2037528319916446,-3.028796430501347
4,0.10877198681138192,0.16226116804421747,-1.3697920299259105,1.5060874846914152,2.3088373082327487
4,0.1060324027515301,0.1652733430136003,-6.402318487786711,-0.0941713648897613,-3.1268847669815734
4,0.09322776577595668,0.16508500028382078,-15.380560027419197,4.952605474786459,2.830072702469783
4,0.062466645721118284,0.1749902112333937,-11.73144813397214,-4.406008098199882,-2.782320250105728
4,0.039003749453174,0.16617819503699394,-13.122643586272753,-7.876482620351038,-2.6010108728373207
4,0.012758462280628494,0.15042522979629186,6.054073431719314,-13.375172765441208,-1.1457531638382101
4,0.024866609144067124,0.12367488426540944,-9.66199779182627,-12.787094294677289,-2.2178752644014432
4,0.005542613560414585,0.09810069567605487,0.2763727547764562,0.7526780559556148,1.2188939283920073
4,0.006095359069967497,0.0996060517879661,11.910528412495912,14.279386789590946,0.8756019671754999
4,0.029916415894959324,0.128164825367148,-11.146301089358248,5.0399605211449705,2.716940270965297
4,0.007623813716242826,0.13824474640943793,5.602711992455779,0.17297958888115583,0.030864455998368623
4,0.018829237701154383,0.13859070558720024,0.03976161233508815,-1.6980494119585854,-1.5473845537359256
4,0.01890876092582456,0.13519460676328307,8.822944102094485,-1.2327040978040993,-0.1388171276193828
4,0.03655464913001353,0.13272919856767487,-16.42270713299353,-5.098499186006307,-2.840572615157482
4,0.003709234864026467,0.12253220019566226,5.23483457430333,3.1960513369083885,0.548130058304604
4,0.014178904012633128,0.12892430286947903,0.6472393990694519,-2.6786310775543387,-1.3337100667880089
4,0.015473382810772032,0.12356704071437036,-4.904030134761166,0.9829327447628405,2.9437801406890873
4,0.005665322541249698,0.12553290620389604,4.319141322426833,-7.753708497930674,-1.0625626680092115
4,0.014303605186103364,0.11002548920803469,-5.773521601664226,1.1080654529150162,2.951976389616727
4,0.002756561982774913,0.11224162011386472,-0.7221218428609373,-5.099149075699666,-1.7114769942980892
4,0.0013123182970530382,0.10204332196246539,0.17430625313593132,-10.088793587173344,-1.553520830855909
4,0.0016609308033249009,0.0818657347881187,2.063066074765943,-5.082373376491978,-1.1851920310257598
4,0.0057870629528567865,0.07170098803513475,-0.08095828480702422,4.836003590601365,1.5875355044327009
4,0.005625146383242738,0.08137299521633748,0.8718927166113496,1.1786570422919265,0.933897883017593
4,0.007368931816465437,0.08373030930092133,1.525627269340077,-7.177146396859325,-1.3613464573791298
4,0.010420186355145591,0.06937601650720268,-4.633970434631069,-1.1368190528203286,-2.9010207906817276
4,0.0011522454858834547,0.06710237840156202,14.780146395511142,-0.4957338209101089,-0.033527952860605545
4,0.03071253827690574,0.0661109107597418,24.831567435706354,-12.02889568677077,-0.4511057055612497
4,0.08037567314831845,0.042053119386200266,27.127555847409777,-11.769381232931803,-0.40934556003462513
4,0.134630784843138,0.01851435692033666,-2.3334738399162918,-2.9026567087305906,-2.2479166807637507
4,0.12996383716330542,0.012709043502875479,-8.55072250640635,4.960478296015054,2.615916170080017
4,0.11286239215049272,0.022630000094905588,-7.262068705550586,6.707438044515204,2.395876600686264
4,0.09833825473939155,0.036044876183935995,2.343358624276294,-11.925790818697772,-1.3767731907875849
4,0.10302497198794414,0.012193294546540454,-7.031331107407099,-5.716933214534186,-2.45893552197306
4,0.08896230977312994,0.0007594281174720819,6.743220962818909,3.480574828139644,0.4764911579613949
4,0.10244875169876776,0.00772057777375137,-8.968689007241599,11.4796745057328,2.2340097757813506
4,0.08451137368428456,0.030679926785216974,-0.8895138201837696,-8.504928932055707,-1.6750054961883356
4,0.08273234604391702,0.01367006892110556,-6.742440306098898,-5.169702800300474,-2.487463359844814
4,0.06924746543171922,0.0033306633205046118,6.538681051300184,-1.0520644939176065,-0.15953128935888625
4,0.08232482753431959,0.0012265343326693986,-5.9512169007988405,2.2449690742256982,2.7808695966284085
4,0.07042239373272191,0.005716472481120795,-2.0771071580221805,-1.865901096635787,-2.4097080511354876
4,0.06626817941667755,0.0019846702878492215,-3.6437201324739967,5.04714034665839,2.196094254430835
4,0.05898073915172956,0.012078950981166,-6.043003638876915,-4.335684859172513,-2.519236622130975
4,0.04689473187397573,0.0034075812628209727,-1.6130525472164634,-0.7747019978186114,-2.6938526305431343
4,0.0436686267795428,0.0018581772671837499,-4.2339115216327645,16.839265993241707,1.8171212494802678
4,0.03520080373627727,0.03553670925366716,-0.6900755021159444,5.538660267490676,1.6947500656229053
4,0.03382065273204538,0.046614029788648516,2.396806351535486,-0.4641250711821185,-0.19127577475782548
4,0.038614265435116354,0.04568577964628428,13.895561782179753,6.752542316349072,0.4523442192359076
4,0.06640538899947586,0.05919086427898242,14.206623885716612,8.6652489271118,0.5476994008549989
4,0.09481863677090908,0.07652136213320603,12.672737746822662,16.343777135031363,0.9112450801267724
4,0.12016411226455441,0.10920891640326875,2.4222769649566227,7.431425321227196,1.2557049531449591
4,0.12500866619446765,0.12407176704572315,9.594338518892616,5.287790868741288,0.5037154023193794
4,0.1441973432322529,0.13464734878320572,-11.284303212210181,1.3745206407961978,3.020381581019323
4,0.12162873680783252,0.13739639006479812,5.8841092556550025,13.578098883954393,1.1618719794950838
4,0.13339695531914253,0.1645525878327069,3.5235120140857665,8.844933976403249,1.1917002372881322
4,0.14044397934731406,0.1822424557855134,-0.8181488472279314,-2.093402566944638,-1.943366124855295
4,0.1388076816528582,0.17805565065162413,-4.382018919643599,17.10279866677493,1.8216171852641905
4,0.130043643813571,0.21226124798517398,-0.394196881297354,7.608470211532866,1.6225603112224765
4,0.1292552500509763,0.22747818840823972,9.399394821886453,1.3671713937709744,0.14444019191504467
4,0.1480540396947492,0.23021253119578167,9.809608060175876,12.82717032238062,0.9179204039733991
4,0.16767325581510095,0.2558668718405429,11.551427466162195,3.5891411716383046,0.3012530655211539
4,0.19077611074742534,0.2630451541838195,10.085034318292857,20.065134992252652,1.105059046267629
4,0.21094617938401106,0.3031754241683248,10.467127570668117,13.743574455115231,0.9199114807884392
4,0.2318804345253473,0.3306625730785553,7.234030259846189,6.16685388058344,0.7059310916726003
4,0.24634849504503967,0.34299628083972217,14.521778105981584,3.9926551718822143,0.26831282933321693
4,0.27539205125700283,0.3509815911834866,7.014530996550361,7.622776796639696,0.8269287556132541
4,0.28942111325010356,0.366227144776766,-4.8597058388375745,-6.384703805698555,-2.221394191055381
4,0.2797017015724284,0.3534577371653689,-5.223790679462964,10.566280880804552,2.0299403262907343
4,0.2692541202135025,0.374590298926978,-15.810806113965251,2.0387856573801932,3.013351444540021
4,0.23763250798557198,0.37866787024173837,4.464489408450858,-6.3301029910314,-0.9565361151649022
4,0.2465614868024737,0.36600766425967557,-5.354876046163414,-8.426956345655128,-2.1368721607449177
4,0.23585173471014687,0.3491537515683653,1.5250613126883417,0.4983509524371377,0.3158359197097583
4,0.23890185733552355,0.3501504534732396,-5.670850714342396,2.6434250207578445,2.705395937836359
4,0.22756015590683876,0.3554373035147553,-9.376536100532823,-3.0719327856507936,-2.8249936499199864
4,0.2088070837057731,0.3492934379434537,-2.856719927359086,6.811457303121437,1.9679135210707372
4,0.20309364385105494,0.36291635254969656,-9.225690435105156,0.33763501572706134,3.105011716815024
4,0.18464226298084463,0.3635916225811507,-4.051895893456919,1.9042431086289946,2.702261676267035
4,0.1765384711939308,0.3674001087984087,-4.476583489537292,-12.29049792357792,-1.920092645413377
4,0.1675853042148562,0.34281911295125284,-3.8204260331103357,-0.3731975648104957,-3.044216796809847
4,0.15994445214863554,0.34207271782163184,-9.501418600458223,10.062420881350564,2.327526876671386
4,0.1409416149477191,0.362197559584333,-7.036476672452927,13.131004563769393,2.0627244304144376
4,0.12686866160281324,0.38845956871187176,-6.599671624449986,17.288345240068615,1.935463849714332
4,0.11366931835391327,0.423036259192009,-6.071835403985724,15.248469834199557,1.9497440576762843
4,0.10152564754594182,0.4535331988604081,-12.823646515746093,0.7141865703619854,3.0859571881009376
4,0.07587835451444963,0.4549615720011321,-3.0368402981666085,-2.9419165156739644,-2.372069999217134
4,0.06980467391811641,0.44907773896978415,-18.27512227418205,10.654508717908767,2.613762354352159
4,0.033254429369752314,0.4703867564056017,0.3805575136326504,-2.2730536022339543,-1.404913533790863
4,0.034015544397017615,0.46584064920113377,-6.548375021700386,1.8504910123339213,2.8661858830318248
4,0.02091879435361684,0.4695416312258016,-9.99723037362633,3.756295707179752,2.782178951745368
4,0.0009243336063641796,0.4770542226401611,12.738485327100967,-5.027946636946556,-0.37593359336223287
4,0.026401304260566118,0.466998329366268,0.24651904753289142,-11.89031393758924,-1.5500665347914886
4,0.0268943423556319,0.4432177014910895,4.023540030522944,8.080570296785467,1.1088079070392125
4,0.03494142241667779,0.45937884208466045,-1.0069192247404504,-5.611490287272535,-1.7483456485389026
4,0.03292758396719689,0.4481558615101154,6.0509352622558765,-0.9894653698397093,-0.16208814781700445
4,0.04502945449170864,0.44617693077043596,12.124451316723988,5.291836320917842,0.4115370724599363
4,0.06927835712515662,0.45676060341227165,4.853696742772619,-14.27924289373375,-1.2431360296951868
4,0.07898575061070186,0.42820211762480415,9.232975906211713,-6.482671589661093,-0.6121484218093438
4,0.09745170242312529,0.41523677444548196,1.8750178551250816,3.183963945982915,1.038582889808377
4,0.10120173813337545,0.4216047023374478,10.619112627403608,-14.773441471727184,-0.9475656850768063
4,0.12243996338818267,0.3920578193939934,9.031126060807539,-7.755698290943608,-0.7095659504350111
4,0.14050221550979775,0.3765464228121062,1.5228726644304218,6.760528833398505,1.349234998113181
4,0.1435479608386586,0.3900674804789032,-0.604653305476266,-5.027028526997546,-1.6905017226963346
4,0.14233865422770606,0.3800134234249081,-2.7754959871377634,7.115163270095009,1.9427234350100533
4,0.13678766225343053,0.39424374996509814,-0.9988126262148594,-3.6663358917261024,-1.836769819200642
4,0.1347900370010008,0.38691107818164594,-1.2392744381592435,-7.601806519594828,-1.7323983918035013
4,0.13231148812468232,0.3717074651424563,-7.868710220895567,-19.613822305753565,-1.9523211555803717
4,0.11657406768289119,0.33247982053094915,-13.372904797677359,-13.930133961981172,-2.3357882701709456
4,0.08982825808753647,0.3046195526069868,2.4281492495872095,-2.243031666613798,-0.7457891721045845
4,0.09468455658671089,0.3001334892737592,-2.492626136416487,0.08096934943746525,3.1091205202192063
4,0.08969930431387792,0.30029542797263414,-4.630827130480957,3.4564687294229013,2.5003968441229327
4,0.080437650052916,0.30720836543147995,8.009559600731311,-1.5768226374986427,-0.1943818138622975
4,0.09645676925437863,0.30405472015648266,0.5651852659252706,-1.3010334304760507,-1.1609802440090276
4,0.09758713978622917,0.30145265329553056,4.198313465417207,-6.708407941937333,-1.0116013952612768
4,0.10598376671706358,0.2880358374116559,2.72155928616697,-5.283115624085427,-1.0951079488381883
4,0.11142688528939752,0.27746960616348504,15.420855665661517,8.561095821530973,0.5067988459312069
4,0.14226859662072056,0.294591797806547,27.582377887323567,-15.164711551322402,-0.5026874251791157
4,0.1974333523953677,0.2642623747039022,27.724184609779655,5.280345472688685,0.18820578666935112
4,0.252881721614927,0.27482306564927955,4.258682614579151,-11.535724774341228,-1.217143677306159
4,0.2613990868440853,0.2517516161005971,10.157121072864483,-2.275883448060914,-0.22042695355581568
4,0.28171332898981427,0.24719984920447527,-3.216260883951244,3.322254989449838,2.3399851814799955
4,0.2752808072219118,0.25384435918337495,7.1270066124381195,2.188167826682519,0.2978890459480358
4,0.289534820446788,0.25822069483674,-0.9481453862590916,-1.1202856956006313,-2.2731631824951513
4,0.28763852967426984,0.2559801234455387,10.037784098269164,-0.1993053628200625,-0.019852905340991798
4,0.30771409787080817,0.2555815127198986,1.7713151500321767,-1.3647256104048489,-0.65646677629545
4,0.3112567281708725,0.2528520614990889,-1.717996910959585,1.2943191922694108,2.4959264012895894
4,0.30782073434895335,0.2554406998836277,1.6238668294546732,-4.983852701674077,-1.2558178761442758
4,0.3110684680078627,0.24547299448027957,-3.375515293142145,-7.524274359718155,-1.992499321907282
4,0.3043174374215784,0.23042444576084326,-5.089667345874932,-13.9953756736437,-1.9195950865090423
4,0.29413810272982854,0.20243369441355585,-17.61552928845675,-11.867355042482819,-2.5487454775687004
4,0.25890704415291504,0.17869898432859022,-2.6197148504159826,-16.335879715761088,-1.7298081442475124
4,0.2536676144520831,0.14602722489706804,4.481156400236941,-4.1329957968081334,-0.745002869576785
4,0.26262992725255696,0.13776123330345177,7.012016678618782,9.506131690534353,0.9352585404191146
4,0.2766539606097945,0.15677349668452048,0.31453256933039464,-20.189473777021245,-1.5552185494762814
4,0.2772830257484553,0.11639454913047799,-3.9913174030485887,5.0371551486937465,2.240870748789467
4,0.26930039094235814,0.12646885942786548,-1.027609410937047,-10.530580642507093,-1.6680716954321324
4,0.26724517212048404,0.1054076981428513,-11.599199639852966,-14.03617651704779,-2.2614162650132084
4,0.2440467728407781,0.07733534510875571,6.718836148098942,-5.431205718653173,-0.6798148151038107
4,0.257484445136976,0.06647293367144937,7.268943421466278,-9.12035116185527,-0.8978857529347325
4,0.27202233197990855,0.048232231347738824,13.962730610191736,-6.800797053660809,-0.45324846141957276
4,0.299947793200292,0.034630637240417206,4.698010349253185,3.4129926815853473,0.6282751136920055
4,0.3093438138987984,0.0414566226035879,8.35588126306802,-5.014991509890779,-0.5405482084078429
4,0.32605557642493443,0.03142663958380634,-9.01293434269737,1.335025880556267,2.9945385798854915
4,0.3080297077395397,0.03409669134491888,4.098730428102409,-6.823184791860507,-1.0298576137575899
4,0.3162271685957445,0.020450321761197862,2.9791183276342834,-2.22160039509617,-0.6407589247297745
4,0.3221854052510131,0.016007120971005522,0.595451243692896,-0.7658868529372151,-0.9099472407623724
4,0.32337630773839887,0.014475347265131092,9.775886783574828,-6.208804986026673,-0.5658394439090471
4,0.3429280813055485,0.002057737293077744,2.943761085779484,-0.5128941704236859,-0.1724993318363962
4,0.3488156034771075,0.0010319489522303722,-1.3541881911701414,2.795712908035141,2.0218702564930853
4,0.3461072270947672,0.006623374768300654,-6.270458764494113,-1.2621119735570125,-2.9429675425000856
4,0.333566309565779,0.0040991508211866284,-0.0025441202921305806,4.330108413285891,1.5713838686660369
4,0.3335612213251947,0.01275936764775841,6.8008920805871504,-1.8253938535989396,-0.2622246704504595
4,0.347163005486369,0.00910857994056053,-1.1748306450842516,0.7459279919433351,2.575888896192733
4,0.3448133441962005,0.010600435924447201,4.816548829837758,9.980259003258679,1.1211591989538414
4,0.35444644185587604,0.03056095393096456,5.404667571813432,11.84379709234974,1.1426917191273618
4,0.3652557769995029,0.05424854811566404,9.081459524734825,19.71256151272993,1.1390849109590864
4,0.38341869604897255,0.0936736711411239,-6.270143929115651,16.52380875146063,1.9334724186443404
4,0.37087840819074125,0.12672128864404517,4.144832224910217,2.236360363313983,0.49478780816232154
4,0.3791680726405617,0.13119400937067313,10.391248751420779,0.9019346019638053,0.08658052618201746
4,0.39995057014340324,0.13299787857460074,-4.0549197890386575,3.9108908575101324,2.374273408428653
4,0.3918407305653259,0.140819660289621,-5.108492141354226,3.956705486219056,2.4825732202445017
4,0.38162374628261747,0.14873307126205912,-8.99591434396571,1.2761207167364812,3.0006772603080796
4,0.36363191759468605,0.15128531269553208,-1.1841730074396428,-2.0226438152898956,-2.100454554563624
4,0.36126357157980676,0.1472400250649523,-18.90440772333554,4.538133014612394,2.9059938975017707
4,0.3234547561331357,0.15631629109417708,-18.761962844688508,11.39000435818495,2.5959838409924396
4,0.28593083044375867,0.17909629981054698,-8.618261113124277,-0.33242354680028396,-3.1030397680780624
4,0.2686943082175101,0.1784314527169464,-1.0016410420179422,-13.85635048640986,-1.6429583153666993
4,0.26669102613347423,0.1507187517441267,-10.376274812539277,5.7899443710346805,2.6326294107045993
4,0.24593847650839568,0.16229864048619605,1.782158906520656,-9.559876403129108,-1.3864912192078367
4,0.249502794321437,0.14317888767993783,-8.949500025608708,-14.63024034938646,-2.119783433773488
4,0.23160379427021957,0.11391840698116491,-1.065326064423694,1.6146449496694109,2.154022812003327
4,0.22947314214137218,0.11714769688050373,-7.292530471397024,-7.981021936498793,-2.311147622023009
4,0.21488808119857813,0.10118565300750615,-5.201085737867469,-11.50629188181903,-1.9953296591441292
4,0.2044859097228432,0.07817306924386809,-9.825133343682,-23.94236608894561,-1.960206859129319
4,0.1848356430354792,0.03028833706597687,-11.584944963466251,-14.085469394652046,-2.259092028315102
4,0.1616657531085467,0.002117398276672776,1.4554968184728594,10.216727663228314,1.429286402924732
4,0.1645767467454924,0.022550853603129407,2.037331083669089,0.02460509075685735,0.01207653227567379
4,0.1686514089128306,0.02260006378464312,1.4455211977333209,-11.025529886661834,-1.44043313755697
4,0.17154245130829723,0.0005490040113194511,-6.21930962126678,2.9401436177195004,2.6999863157960218
4,0.15910383206576367,0.006429291246758452,7.474651393818379,-2.559766732066269,-0.329941657161312
4,0.17405313485340043,0.0013097577826259139,-3.1395575723928286,2.9766294860233105,2.382827024776645
4,0.16777401970861477,0.007263016754672534,-6.221840886452625,14.879359480063387,1.966852786447432
4,0.15533033793570952,0.03702173571479931,-4.602243120210944,-10.409668523478675,-1.9870715613447971
4,0.14612585169528763,0.01620239866784196,6.931672505518488,-4.496116205644235,-0.5754141106110089
4,0.1599891967063246,0.007210166256553489,-0.6234091812624271,3.87772830740134,1.7301989607282535
4,0.15874237834379976,0.014965622871356169,-5.993838907883977,-6.053901240457833,-2.351209170601378
4,0.1467547005280318,0.0028578203904405033,-10.193287392509035,5.9180365079718635,2.6155736678054002
4,0.12636812574301373,0.014693893406384231,-18.70114019190109,5.223252609188709,2.8692319801066875
4,0.08896584535921155,0.02514039862476165,-4.268244536918951,9.930611810513406,1.976731326417745
4,0.08042935628537365,0.045001622245788464,-0.7751325845557419,2.3175635214951265,1.8935606504428772
4,0.07887909111626216,0.04963674928877872,2.3902763091440544,13.000170334717543,1.3889622237889951
4,0.08365964373455027,0.0756370899582138,1.5480561396184132,11.4787160291253,1.4367419729125868
4,0.0867557560137871,0.0985945220164644,10.163164417373277,-2.1226236096585778,-0.20589491773999802
4,0.10708208484853365,0.09434927479714725,10.940039244933336,10.432627915367782,0.7616614895741759
4,0.12896216333840033,0.11521453062788281,-14.145665218715415,-16.978645662628,-2.265423148886911
4,0.1006708329009695,0.08125723930262681,-0.5088741347972006,3.621506297872591,1.7103968390181747
4,0.0996530846313751,0.08850025189837199,-6.473299172555458,16.300968591649678,1.9488099856424748
4,0.08670648628626418,0.12110218908167135,4.575462206937032,-4.1047028320048975,-0.7312173229827225
4,0.09585741070013824,0.11289278341766155,13.437420142874634,-1.6257001110552838,-0.12039791085227929
4,0.12273225098588751,0.10964138319555099,6.192931008693759,2.856119321093746,0.4321206648210964
4,0.13511811300327503,0.11535362183773848,-6.57920862099156,-11.611226487169501,-2.086313625908909
4,0.12195969576129191,0.09213116886339948,8.013546108354607,-3.1432124648966413,-0.37379661783758494
4,0.13798678797800112,0.0858447439336062,6.219780122635271,-1.3654415726614064,-0.21610398979089743
4,0.15042634822327167,0.08311386078828338,-3.5898696605264346,2.8503890633929245,2.4705154091513037
4,0.1432466089022188,0.08881463891506923,-2.402194359190632,-3.9995097174442065,-2.1116732076908287
4,0.13844222018383753,0.08081561948018082,-4.266836553092859,-0.260873034674744,-3.080528981372631
4,0.12990854707765181,0.08029387341083133,7.434806388005755,-0.5417191812020217,-0.07273404857447348
4,0.14477815985366332,0.07921043504842729,-2.704096330350472,3.918306101698028,2.1748597181733254
4,0.13936996719296238,0.08704704725182334,2.794001200974366,-7.107990094706293,-1.196270584133539
4,0.1449579695949111,0.07283106706241076,8.215975082253497,-0.3389106501520134,-0.04122683126340562
4,0.1613899197594181,0.07215324576210673,9.377380509376378,12.998213055420504,0.9458281005071757
4,0.18014468077817086,0.09814967187294774,1.4523174876054923,9.024854964518298,1.4112400721038765
4,0.18304931575338185,0.11619938180198433,11.082958270075382,11.026609435573029,0.7828495512649407
4,0.2052152322935326,0.1382526006731304,14.915112357686555,16.73649388601482,0.8428794508990078
4,0.23504545700890572,0.17172558844516003,1.510231872313056,17.406072861625695,1.4842484200718704
4,0.23806592075353183,0.20653773416841142,-13.967934059507607,5.8178937071208665,2.7469283524909045
4,0.21013005263451662,0.21817352158265316,2.412204648492608,16.468945084080406,1.4253605802069942
4,0.21495446193150183,0.251111411750814,-4.584866118803099,-4.324499704622286,-2.3854100748373233
4,0.20578472969389563,0.2424624123415694,9.649373997065599,7.435127924881379,0.6565110847487781
4,0.22508347768802683,0.25733266819133216,10.414674705393839,2.2470128625405317,0.21249720575018802
4,0.2459128270988145,0.2618266939164132,-1.242630704150982,5.168168360980607,1.8067566260978702
4,0.24342756569051255,0.27216303063837444,8.224393221137355,0.4425074272115803,0.053752435070458696
4,0.25987635213278726,0.2730480454927976,-8.205162836057017,-8.646541236891903,-2.330008562080493
4,0.24346602646067322,0.2557549630190138,-5.310291633477404,1.102300820344071,2.9369210876977454
4,0.23284544319371842,0.25795956465970193,-6.118936633879482,-2.134673673524795,-2.8059306615561916
4,0.22060756992595945,0.25369021731265234,-10.663189272993215,-0.6827743533878439,-3.07764897710939
4,0.19928119137997302,0.25232466860587666,10.083355341749922,7.095418695287958,0.6131890551204183
4,0.21944790206347287,0.2665155059964526,-1.1644959580398988,-11.902094963861007,-1.6683254940110452
4,0.21711891014739307,0.24271131606873056,-10.52324654062077,0.5198533629959395,3.0922323069932975
4,0.19607241706615153,0.24375102279472244,-4.803667979218829,-4.61864244979833,-2.3758289263255077
4,0.18646508110771387,0.23451373789512578,5.643381793265761,0.8846170921589097,0.15548772800997976
4,0.1977518446942454,0.2362829720794436,-29.34500690249979,9.001394387034678,2.843960568896884
4,0.1390618308892458,0.25428576085351295,-15.977333902748233,5.459921498738862,2.812304948464047
4,0.10710716308374935,0.2652056038509907,0.19059821167755064,10.571634059065776,1.552769069781487
4,0.10748835950710445,0.28634887196912223,-15.678752001636237,12.412703526180318,2.4719396642012543
4,0.07613085550383197,0.31117427902148287,-6.271741271121046,14.775057240682898,1.9722278793174202
4,0.06358737296158988,0.34072439350284867,-15.402397371717734,9.353264855128995,2.5958517732565523
4,0.03278257821815441,0.35943092321310666,-13.452347213325028,-5.9787938137007,-2.7233700105836647
4,0.005877883791504352,0.34747333558570526,13.705976204422745,-6.966750438844593,-0.4702656990570702
4,0.033289836200349844,0.33353983470801607,-16.420814929393096,1.822086762279157,3.031082709696669
4,0.0004482063415636498,0.3371840082325744,1.5030197459196843,-4.995964213422299,-1.2785628512257277
4,0.0034542458334030184,0.3271920798057298,8.894012290051165,1.264819669453049,0.14126303766114728
4,0.02124227041350535,0.3297217191446359,-8.735617172501655,0.44897902827154,3.0902414661731714
4,0.0037710360685020393,0.33061967720117896,27.74372248853791,9.534434597383152,0.331016453437136
4,0.059258481045577856,0.34968854639594527,-0.014186153713086763,14.106594031829122,1.5718019663489147
4,0.05923010873815168,0.3779017344596035,-7.792643274255464,20.91659296258927,1.927424316423536
4,0.043644822189640754,0.41973492038478205,-5.825860408076401,4.623441259407223,2.4707623033828057
4,0.03199310137348795,0.4289818029035965,-5.825860408076401,4.623441259407223,2.4707623033828057
5,0.44355113428259807,0.4801547855122333,-17.45700910145262,-0.317369139278989,-3.1234146152214946
5,0.40863711607969283,0.4795200472336753,-15.278190472230474,2.7920522395624148,2.960839649817952
5,0.3780807351352319,0.48510415171280014,-8.735628929175427,-1.3148222393987996,-2.99220142156245
5,0.36060947727688103,0.48247450723400254,-3.092310173644169,-2.187999890001485,-2.525809806898306
5,0.3544248569295927,0.47809850745399957,-25.99932192783752,-8.797732047848116,-2.8153041840440927
5,0.30242621307391765,0.46050304335830333,0.3898804440854442,1.0242759888502984,1.2070901636862936
5,0.30320597396208854,0.46255159533600393,-5.95889686128237,-4.80131042198273,-2.4633626312222625
5,0.2912881802395238,0.45294897449203847,-1.6036862218715142,-4.36828636157166,-1.9226408586406074
5,0.28808080779578077,0.44421240176889515,1.6081657747058775,-6.6460132963560845,-1.3333852171520364
5,0.2912971393451925,0.430920375176183,-6.048898554145282,-11.998115461039987,-2.037761654282778
5,0.27919934223690196,0.406924144254103,6.273131274148275,-11.553014533550815,-1.073353679291704
5,0.2917456047851985,0.3838181151870014,1.5235463357893275,-18.85675006120652,-1.490175645190169
5,0.29479269745677716,0.34610461506458834,-1.4635038050933857,-15.488354552286282,-1.6650071978164611
5,0.2918656898465904,0.3151279059600158,-6.192881323673433,-2.9258019099121513,-2.700230226783229
5,0.2794799271992435,0.3092763021401915,6.804526620472428,5.663916858143325,0.6941723500655047
5,0.2930889804401884,0.3206041358564781,-6.63772438891369,0.40805238875540883,3.080195177927493
5,0.279813531662361,0.32142024063398894,12.441506650203076,-4.154599255139363,-0.32228796004786914
5,0.30469654496276716,0.3131110421237102,-2.443656325746557,2.4023565470459305,2.3647167083409513
5,0.29980923231127404,0.3179157552178021,3.407312596466483,7.438652849419413,1.1412640345641833
5,0.306623857504207,0.3327930609166409,10.658220953292524,-2.6428442431186414,-0.24306055207614943
5,0.32794029941079206,0.3275073724304036,8.987565702429507,-5.944453478214095,-0.584353581984908
5,0.34591543081565107,0.31561846547397543,28.718128231092184,-7.694431727445161,-0.2617809491030034
5,0.40335168727783544,0.3002296020190851,13.490018622682037,5.9951295725555465,0.4181974479553944
5,0.4303317245231995,0.3122198611641962,1.903626433769512,4.022182686483022,1.1287507044105358
5,0.43413897739073853,0.32026422653716224,8.168149117806832,4.576861052956349,0.510739696330894
5,0.4504752756263522,0.32941794864307494,-3.6954318628840688,3.6496330265675114,2.3624297302451684
5,0.44308441190058406,0.33671721469620997,11.326352380436944,5.828181825381251,0.47523420414695994
5,0.46573711666145795,0.34837357834697247,6.212525077639724,-8.887589307174675,-0.960734248713943
5,0.4781621668167374,0.3305983997326231,-2.835653064575366,0.9593536031002603,2.815362270357634
5,0.47249086068758667,0.33251710693882364,0.7469840814380846,-15.70276184633318,-1.5232619251622324
5,0.47398482885046284,0.3011115832461573,6.29360913039323,-8.536773228638328,-0.9355149133093533
5,0.4865720471112493,0.2840380367888806,3.817312553520108,-8.267637281311051,-1.1382409899307173
5,0.4942066722182895,0.2675027622262585,1.9764335870363914,-10.38594523513818,-1.3827459445042678
5,0.4981595393923623,0.24673087175598216,11.863742197018661,-16.50057895393227,-0.9474391284693431
5,0.5218870237863996,0.21372971384811762,-9.93907977413888,-6.327596120782222,-2.574668159972104
5,0.5020088642381219,0.20107452160655317,-5.72585194886735,7.356346077280362,2.2321993196050642
5,0.49055716034038716,0.2157872137611139,-2.652792535517867,-5.851865384026822,-1.9964112672435448
5,0.4852515752693514,0.20408348299306026,3.2059115986129982,-14.348579173038111,-1.3509761667375675
5,0.4916633984665774,0.17538632464698403,4.3153569904415825,-7.995709164165046,-1.0758883158668215
5,0.5002941124474606,0.15939490631865394,9.77982274993211,-6.715262829132692,-0.601706283224813
5,0.5198537579473248,0.14596438066038855,-4.101599605713657,-2.015363480678087,-2.684880609806499
5,0.5116505587358975,0.14193365369903238,-5.615425068647539,-15.897180461617102,-1.9103493288023388
5,0.5004197085986024,0.11013929277579818,-6.876140485328835,-14.433698575905373,-2.0153821663956744
5,0.48666742762794474,0.08127189562398743,-3.703751176004022,-5.1917247214757,-2.1904558586660774
5,0.4792599252759367,0.07088844618103603,-6.880504064669196,-1.4732377860298962,-2.9306599527069968
5,0.4654989171465983,0.06794197060897623,6.145780534995926,-4.417884758071505,-0.62326423603499
5,0.47779047821659015,0.059106201092833224,0.28926405734688854,-0.05095508098266685,-0.1743653574702212
5,0.47836900633128393,0.05900429093086789,-8.446717379610641,-8.104828488223761,-2.376847562835782
5,0.46147557157206265,0.04279463395442037,7.646369520068891,-15.173681354467364,-1.1040151141971066
5,0.47676831061220043,0.012447271245485638,-1.0416749588889607,-4.718409531677342,-1.788079285456239
5,0.4746849606944225,0.003010452182130955,-1.0508513345841297,3.477631603679614,1.8642468119503928
5,0.47258325802525425,0.009965715389490183,7.075852081072031,-1.4665274502131362,-0.20436463359602916
5,0.4867349621873983,0.0070326604890639105,3.9856441168539813,-2.793150471657481,-0.6112645388100671
5,0.4947062504211063,0.0014463595457489486,7.657822187208396,1.4122730368735803,0.18237310787993102
5,0.5100218947955231,0.004270905619496109,2.518025885718256,3.5254763042227055,0.9505790482327929
5,0.5150579465669596,0.01132185822794152,-3.974729154404444,0.3219346117706492,3.0607737179894112
5,0.5071084882581507,0.011965727451482819,7.461948885166159,12.085404803061389,1.0176556978206193
5,0.522032386028483,0.0361365370576056,19.804499670527388,-4.797935740603335,-0.23768545323848528
5,0.5616413853695378,0.026540665576398927,8.670161442011548,6.2632422052319825,0.625595619610045
5,0.5789817082535609,0.03906714998686289,10.613126756528091,-8.547751913126628,-0.6780215121368041
5,0.6002079617666171,0.021971646160609634,0.5288985306667326,-9.35529525886688,-1.514321772955185
5,0.6012657588279505,0.003261055642875873,-6.888333229058796,4.044668429739437,2.610655449284922
5,0.5874890923698329,0.011350392502354747,12.969269409640328,-0.6041047837986036,-0.046546064400049936
5,0.6134276311891136,0.01014218293475754,-5.404749484438531,5.421564806810244,2.3546413015080323
5,0.6026181322202365,0.02098531254837803,-1.7488610617495404,-7.40881295443847,-1.8026044788594653
5,0.5991204100967374,0.00616768663950109,7.17703163519523,0.7471434899867274,0.10372838718008809
5,0.6134744733671279,0.0076619736194745445,15.535547499799184,-1.4070471232732273,-0.0903230921238925
5,0.6445455683667263,0.00484787937292809,8.794794547041572,0.2924594187004338,0.033241446091580376
5,0.6621351574608094,0.005432798210328957,-3.571725822077265,-1.6725947901695013,-2.70363529067711
5,0.6549917058166549,0.0020876086299899546,4.009178941142055,-0.15247004351252694,-0.03801192306451103
5,0.663010063698939,0.0017826685429649007,5.9563955729941,6.779805428625692,0.8499594484270565
5,0.6749228548449272,0.015342279400216284,7.4856818324492975,4.316474796794068,0.5230590149428997
5,0.6898942185098258,0.023975228993804422,13.279065464408879,0.38044559986569887,0.02864219316833622
5,0.7164523494386436,0.02473612019353582,10.960167350462346,-3.4366455993951117,-0.30384823750008344
5,0.7383726841395682,0.017862828994745596,9.101385562647224,-7.128211021863769,-0.6644131616778525
5,0.7565754552648627,0.003606406951018057,-4.156891186783085,4.924400378196503,2.271879437071933
5,0.7482616728912965,0.013455207707411064,3.304370846684279,-2.3969163238524214,-0.6275555993634283
5,0.7548704145846651,0.008661375059706222,3.281183958358247,-0.09704485321759565,-0.02956755020001845
5,0.7614327825013816,0.00846728535327103,7.998388148983959,-4.196392502817,-0.48317632795071686
5,0.7774295587993495,7.450034763702932e-05,-2.616307929166284,3.157118746238347,2.2627946190484596
5,0.7721969429410169,0.006388737840113724,-1.5155183303902087,-0.5948899059773838,-2.7675404737679847
5,0.7691659062802365,0.005198958028158956,2.1777959086161647,1.925476785562476,0.7239833291563166
5,0.7735214980974688,0.009049911599283908,12.371963839794885,-3.6495111260326167,-0.2868471242501781
5,0.7982654257770586,0.0017508893472186742,-1.0488888716909672,9.631545469881683,1.6792702673204831
5,0.7961676480336767,0.021013980286982044,18.640988486346433,12.09602135002576,0.5755971634325159
5,0.8334496250063695,0.045206022987033564,2.988154573336732,12.656858277653637,1.3389518941890572
5,0.839425934153043,0.07051973954234084,1.5511426765764114,5.912406626383357,1.3142247242181002
5,0.8425282195061958,0.08234455279510755,-3.5220176125297376,2.3533764964415034,2.5525362647400147
5,0.8354841842811364,0.08705130578799056,4.930628698461392,8.723555517785892,1.0563516680644076
5,0.8453454416780591,0.10449841682356234,-9.353114275820584,7.423778468292848,2.4706911135160885
5,0.826639213126418,0.11934597376014804,-4.065387121935992,6.549665300755867,2.126298617647108
5,0.818508438882546,0.13244530436165977,-2.6243983704457574,13.00989895621303,1.7698482534988893
5,0.8132596421416545,0.15846510227408583,6.317097211187727,2.165309561992859,0.33021911418323957
5,0.8258938365640299,0.16279572139807155,8.781110894663103,12.408459185543355,0.9549403481293126
5,0.8434560583533561,0.18761263976915826,-4.689499335172653,10.154102915693699,2.0034468510931807
5,0.8340770596830108,0.20792084560054566,7.66293184425304,5.5848043422529745,0.6297995606658535
5,0.8494029233715169,0.2190904542850516,2.8330597087936615,7.340535582932281,1.2024627555885365
5,0.8550690427891042,0.23377152545091617,11.396139408234696,9.473644958643417,0.693538853765633
5,0.8778613216055736,0.252718815368203,9.193256788112391,-3.1517074207006863,-0.33027143120510316
5,0.8962478351817984,0.24641540052680164,2.1853209735952506,5.910693838665368,1.2166598490691638
5,0.9006184771289889,0.2582367882041324,-1.036394315736655,-4.132559178734174,-1.8165160587019162
5,0.8985456884975156,0.24997166984666402,3.607974707611372,1.7709620089738642,0.4562980873143529
5,0.9057616379127383,0.25351359386461175,1.8324396960895384,12.694010139368105,1.427432000292274
5,0.9094265173049174,0.27890161414334796,-0.5743829302286008,-4.691678977587238,-1.6926160059639435
5,0.9082777514444602,0.2695182561881735,-0.02436536545186163,9.394252375363148,1.5733899670169447
5,0.9082290207135565,0.2883067609388998,16.549209296509048,-9.047366735022544,-0.5003020914347674
5,0.9413274393065746,0.2702120274688547,6.449068761661625,5.649722667876805,0.7194257823982824
5,0.9542255768298978,0.2815114728046083,13.986126236852526,10.898318165267733,0.6619433308648592
5,0.9821978293036029,0.3033081091351438,7.591013426551885,-4.024623742195144,-0.4875011768916156
5,0.9973798561567067,0.2952588616507535,-14.6933210250203,1.2397548807246972,3.0574166284788884
5,0.9679932141066661,0.2977383714122029,5.7877165110924444,19.84899933348663,1.2870753454631982
5,0.9795686471288509,0.33743637007917615,-3.049610486044463,10.723689195344415,1.84786263544333
5,0.973469426156762,0.358883748469865,-8.543692312809048,10.609706360742239,2.248743237602971
5,0.9563820415311439,0.38010316119134946,-7.558073748571759,24.646969675624824,1.8683458027660054
5,0.9412658940340004,0.4293971005425991,4.531131608561889,5.838962651172008,0.9108514799796205
5,0.9503281572511242,0.4410750258449431,14.353315238437858,15.02156610966629,0.8081432979716235
5,0.9790347877279999,0.4711181580642757,8.74517587394441,10.485855996261535,0.8756663133281963
5,0.9965251394758887,0.4920898700567988,-3.8166386712718547,-2.4263960330032917,-2.5753062936125373
5,0.988891862133345,0.4872370779907922,3.4269595433010225,-4.154170432562526,-0.8810293790280814
5,0.9957457812199471,0.47892873712566714,-1.6347257583111396,8.207121680726875,1.7674069646855137
5,0.9924763297033248,0.4953429804871209,1.5270726109139487,0.4512671530585155,0.2873336148307112
5,0.9955304749251527,0.4962455147932379,0.7881739133433485,1.634684954855803,1.121525175959123
5,0.9971068227518394,0.4995148847029495,-4.534652658857663,-6.875527937135694,-2.153845494061566
5,0.988037517434124,0.48576382882867813,-8.947005486301506,-4.91430283358818,-2.6393116963212204
5,0.970143506461521,0.4759352231615018,-6.529689413520001,14.158559164653832,2.002911176436383
5,0.957084127634481,0.5042523414908094,-15.067871658690946,-1.7127052774394413,-3.0284123757184522
5,0.9269483843170991,0.5008269309359306,-13.592720351105703,0.7447691718147631,3.086855618446581
5,0.8997629436148877,0.5023164692795601,-7.189416571568962,4.745539298203538,2.5581688436734717
5,0.8853841104717498,0.5118075478759672,-19.226177480477002,13.523249554397765,2.52860389176274
5,0.8469317555107958,0.5388540469847627,-1.7283439906011222,17.85163709836163,1.6673126243872907
5,0.8434750675295936,0.574557321181486,-6.072117308782876,14.53698246082652,1.9664687526366058
5,0.8313308329120278,0.603631286103139,-18.758668966432968,20.33591134864765,2.315872085757022
5,0.7938134949791619,0.6443031088004343,-4.4414361474826025,7.070732385475231,2.131653101680602
5,0.7849306226841967,0.6584445735713848,12.918367397944497,-3.9615034919975867,-0.2975525848087604
5,0.8107673574800857,0.6505215665873896,5.219052861865192,-1.6663724888740794,-0.3090554763046501
5,0.821205463203816,0.6471888216096414,-4.1703438355534805,7.863605504354498,2.058416266983701
5,0.8128647755327091,0.6629160326183504,2.1393651888005905,-2.02942312706772,-0.7590316090992537
5,0.8171435059103103,0.658857186364215,11.290004973723121,-4.346488647197777,-0.3674962476727779
5,0.8397235158577565,0.6501642090698194,9.999421847576073,0.9750177330790644,0.09720013812102957
5,0.8597223595529087,0.6521142445359775,17.943315001700487,15.112924801553406,0.6999830164798867
5,0.8956089895563096,0.6823400941390844,1.7881824838799076,-8.055232766765064,-1.3523485247780338
5,0.8991853545240694,0.6662296286055542,-4.469348524288264,12.965871783297333,1.9027426253287318
5,0.8902466574754929,0.6921613721721489,-16.7905466305881,0.7008963070293528,3.0998733672054466
5,0.8566655642143167,0.6935631647862076,-0.3908855947024614,9.850708227676586,1.6104564831220445
5,0.8558837930249118,0.7132645812415608,-7.8590426324968705,0.282135860902033,3.1057085434687317
5,0.8401657077599181,0.7138288529633648,-11.177583485272036,7.259529667730691,2.5655885637444915
5,0.817810540789374,0.7283479122988262,-7.479513567438034,15.50872748532578,2.020165850633071
5,0.8028515136544979,0.7593653672694778,-8.662227368444796,3.994472081443712,2.709516028590066
5,0.7855270589176083,0.7673543114323652,4.079808547893415,10.834748760287505,1.2106687466321389
5,0.7936866760133952,0.7890238089529402,-0.8724192657776353,18.944329483113698,1.6168155495286543
5,0.7919418374818399,0.8269124679191676,-9.997685551024205,8.587941609951132,2.431900820018415
5,0.7719464663797915,0.8440883511390699,-5.164224420440178,10.679972161428353,2.021191767724439
5,0.7616180175389111,0.8654482954619266,5.786476780454408,3.4748976319014524,0.5408020951844954
5,0.7731909710998199,0.8723980907257295,-1.9786639532969885,6.9109107777328145,1.8496467993838446
5,0.769233643193226,0.8862199122811951,-8.980450642900205,3.5217258159221942,2.767867718891606
5,0.7512727419074255,0.8932633639130395,1.5521193496834673,12.441163577911418,1.446680830051701
5,0.7543769806067925,0.9181456910688623,10.950976801840707,-5.941673413510595,-0.4971210414490303
5,0.7762789342104739,0.9062623442418412,0.09738309506651666,-17.781864570983686,-1.5653198414067606
5,0.7764737004006069,0.8706986150998738,-0.2418310141776847,-1.3361156588657108,-1.749853422426664
5,0.7759900383722516,0.8680263837821424,3.875815148661921,-8.250490523394104,-1.1316256076792095
5,0.7837416686695754,0.8515254027353542,-2.869238649785111,4.056813533649173,2.186380919554973
5,0.7780031913700052,0.8596390298026525,-5.365053542684461,0.926973235557571,2.970501958336289
5,0.7672730842846363,0.8614929762737676,-14.669614285658161,-5.049864578633933,-2.8100586344159297
5,0.7379338557133199,0.8513932471164998,-8.496839611438157,-17.34480894397,-2.0263135633482645
5,0.7209401764904436,0.8167036292285598,-10.928979225576619,1.0828075649088054,3.042838209412484
5,0.6990822180392904,0.8188692443583774,-14.929157557990457,-2.0644557285659504,-3.004180639031999
5,0.6692239029233095,0.8147403329012455,-13.442374818060099,3.5559488675109274,2.882983529934465
5,0.6423391532871893,0.8218522306362673,-13.01724556144096,-1.3992446974276374,-3.034512197854076
5,0.6163046621643073,0.8190537412414121,-18.181216646566465,4.4593654209250655,2.9010676551702894
5,0.5799422288711744,0.8279724720832622,-11.768633690296348,-1.4537995230237133,-3.018683613658676
5,0.5564049614905817,0.8250648730372148,-25.617917885730478,-3.817571184560775,-2.9936616964246334
5,0.5051691257191208,0.8174297306680932,-4.961765883872066,-10.352774203032599,-2.0177221852504195
5,0.49524559395137663,0.796724182262028,-5.93078775786135,8.914081704109956,2.1578715577718097
5,0.48338401843565393,0.8145523456702479,-1.666344247545276,2.9949461483005924,2.078528718095597
5,0.4800513299405634,0.8205422379668491,7.654771634131197,7.303042610785071,0.7618877620500073
5,0.49536087320882577,0.8351483231884193,-6.146869019638512,0.37777870399807734,3.0802111384619844
5,0.48306713516954874,0.8359038805964154,-5.46157852559051,9.942628561789679,2.0731091098485668
5,0.4721439781183677,0.8557891377199948,-2.9165930757467096,11.369211822918668,1.8219154243070241
5,0.4663107919668743,0.8785275613658321,-5.025793603942036,-3.6143990520178804,-2.5181165663164737
5,0.45625920475899023,0.8712987632617963,-5.275380935401225,12.563603228381181,1.9683341635849994
5,0.4457084428881878,0.8964259697185587,9.372903383113028,10.849711114534976,0.8582962952306613
5,0.46445424965441384,0.9181253919476287,-7.77433767185276,0.770297829126243,3.0428328792189387
5,0.4489055743107083,0.9196659876058811,-4.138445268261321,2.7779872954685203,2.5504143685380867
5,0.4406286837741857,0.9252219621968182,-15.994538989062557,2.3468844685174406,2.995901921235594
5,0.40863960579606057,0.9299157311338531,-15.172281104938595,17.159688691421703,2.294802927124893
5,0.3782950435861834,0.9642351085166965,-16.473874034413942,15.836519623962152,2.3759179193935633
5,0.3453472955173555,0.9959081477646208,-6.591004375997467,-14.337057948949017,-2.001702336839868
5,0.33216528676536056,0.9672340318667227,-12.86790834269305,12.334169629731829,2.3773696860228486
5,0.30642947007997445,0.9919023711261864,-9.67520852669984,-8.677536211322002,-2.4105019697695287
5,0.28707905302657477,0.9745472987035424,-8.692430167367371,8.463385033750049,2.369544571410076
5,0.26969419269184003,0.9914740687710425,-3.655974610052959,-3.8485985212885487,-2.330532587386564
5,0.2623822434717341,0.9837768717284654,-2.1725522790661254,7.2672276844030215,1.861291379855313
5,0.25803713891360186,0.9983113270972714,-4.934998073034935,-4.2113962098695445,-2.4351433993591356
5,0.248167142767532,0.9898885346775324,-9.634835435211805,1.2559605965842824,3.011967378953053
5,0.22889747189710838,0.9924004558707009,-3.2161318331474784,-3.5539076773682954,-2.306343084152599
5,0.22246520823081342,0.9852926405159643,-7.48309599959511,0.15653981645924464,3.12067657981358
5,0.2074990162316232,0.9856057201488828,2.215990459416575,-2.810745891160149,-0.9031690381870471
5,0.21193099715045635,0.9799842283665625,-6.732285146735601,8.771645606657108,2.2254070648248603
5,0.19846642685698515,0.9975275195798767,-5.382352623644768,-7.096829446932351,-2.2196622769733545
5,0.18770172160969562,0.983333860686012,-3.4737086897113216,8.025571663491105,1.97928037058184
5,0.18075430423027297,0.9993850040129942,2.635943811654745,-4.217125277216793,-1.0121560003341763
5,0.18602619185358246,0.9909507534585607,-11.959892366652305,0.44168923778542535,3.1046785591017207
5,0.16210640712027785,0.9918341319341315,1.686126974652702,3.3034088058986333,1.0988472560863713
5,0.16547866106958325,0.9984409495459288,-5.58123153582768,-5.038769271078047,-2.4072294414293904
5,0.1543161979979279,0.9883634110037727,-10.525324876921427,-4.392095326529066,-2.7462719425683235
5,0.13326554824408504,0.9795792203507145,3.205935951968178,0.3067063356234634,0.0953779937453644
5,0.1396774201480214,0.9801926330219615,-10.61616168970051,-6.0832223965121,-2.621251255854491
5,0.11844509676862038,0.9680261882289373,-0.14999411389197276,-0.07298682995554584,-2.688724044922367
5,0.11814510854083643,0.9678802145690262,-2.307811808208951,-0.09148810357362258,-3.1019706088822
5,0.11352948492441853,0.9676972383618789,-4.465994209489947,2.516137318392231,2.628520425815391
5,0.10459749650543863,0.9727295129986634,-13.104569890111787,5.196870723038149,2.7640472301432735
5,0.07838835672521506,0.9831232544447397,-8.213266631112282,-4.605333858179961,-2.630557222200674
5,0.0619618234629905,0.9739125867283798,-23.306915460136533,2.814900939121734,3.021399451532589
5,0.015347992542717431,0.9795423886066232,-4.9518086427636145,-7.184523944031406,-2.1742592846041964
5,0.005444375257190203,0.9651733407185604,0.6708523594886511,1.9017692106632067,1.2316721931682069
5,0.006786079976167505,0.9689768791398868,0.2924508251114844,-4.83046756610489,-1.5103271727086964
5,0.007370981626390474,0.9593159440076771,-0.23792232941701255,-23.894596101263488,-1.580753158286685
5,0.006895136967556449,0.9115267518051501,7.034252376023507,-28.08872237126936,-1.325413212061806
5,0.020963641719603462,0.8553493070626114,4.847465710799895,-19.82458174261087,-1.3309838760006951
5,0.030658573141203252,0.8157001435773896,-7.64590279237758,-12.026102014613793,-2.13710692296361
5,0.015366767556448092,0.791647939548162,-6.260518200560292,-6.905475998440491,-2.3072469796652126
5,0.002845731155327509,0.7778369875512811,0.019460463940433385,-9.691534720770333,-1.568788343710042
5,0.0028846520832083757,0.7584539181097404,5.36732310421756,3.9698626611578414,0.6368347566244615
5,0.013619298291643496,0.7663936434320561,6.99570134209714,0.7598605827867089,0.10819405590192416
5,0.027610700975837777,0.7679133645976295,3.165016580182969,-12.790926565234006,-1.3282263341573863
5,0.033940734136203715,0.7423315114671615,10.18893326971599,-9.577511906763592,-0.7544757357475106
5,0.054318600675635695,0.7231764876536343,1.0681045828547577,-19.59399886474067,-1.5163384031664493
5,0.05645480984134521,0.683988489924153,9.027153144115257,-6.356140644662833,-0.6134813892532683
5,0.07450911612957573,0.6712762086348273,6.6367476708246995,-11.40784817778906,-1.043888845643921
5,0.08778261147122512,0.6484605122792492,1.8356812085421406,12.865954700672754,1.429075406086047
5,0.0914539738883094,0.6741924216805947,15.645463575244232,3.1145882702714456,0.19650398737381428
5,0.12274490103879787,0.6804215982211376,0.7508302549990575,-9.707291725545907,-1.4936029827397317
5,0.12424656154879599,0.6610070147700458,12.44738619674396,-7.791836708165578,-0.5593049879579169
5,0.1491413339422839,0.6454233413537146,0.016782459532196925,-5.100266542181375,-1.5675058323033875
5,0.1491748988613483,0.6352228082693518,6.914564128783038,-7.675155128318956,-0.8374829963591963
5,0.16300402711891437,0.6198724980127139,17.4014837781845,0.6104640325605981,0.0350667675845836
5,0.19780699467528337,0.6210934260778351,7.242844070053364,0.7184400047824946,0.09886965724723483
5,0.2122926828153901,0.6225303060874001,15.976639557415073,-16.402613883289675,-0.7985531842228294
5,0.24424596193022025,0.5897250783208208,9.313902567821359,-5.681142248162129,-0.5477135399983325
5,0.26287376706586296,0.5783627938244965,-12.658329209943835,-9.892821703865184,-2.478217885142143
5,0.2375571086459753,0.5585771504167661,2.8079229455521824,-8.278890102381252,-1.2438050583613465
5,0.24317295453707966,0.5420193702120036,11.105864674048393,3.2619779675647775,0.2856823808729984
5,0.26538468388517644,0.5485433261471332,0.8158758230916718,-7.726953895801969,-1.465597833232721
5,0.2670164355313598,0.5330894183555293,9.480792424406998,1.2809978822970192,0.13430173145684718
5,0.2859780203801738,0.5356514141201233,-0.41658153065382564,-9.296205089503461,-1.6155783657273781
5,0.28514485731886613,0.5170590039411164,-6.530741604445472,-1.4096157728163417,-2.9290107457544083
5,0.2720833741099752,0.5142397723954837,-2.9688170836720817,-17.997470894848878,-1.73428153270472
5,0.266145739942631,0.47824483060578593,-4.378636237677758,-9.117773712427002,-2.018503908539133
5,0.2573884674672755,0.4600092831809319,-1.890685698540312,6.546741950046397,1.8519445988835228
5,0.2536070960701949,0.4731027670810247,0.6638805815816773,4.240004415728277,1.4154819109480843
5,0.25493485723335824,0.4815827759124813,-4.541972955267911,19.571331073262172,1.7988324479021407
5,0.2458509113228224,0.5207254380590056,1.8171544655119913,0.8216193220159651,0.42463719854194343
5,0.2494852202538464,0.5223686767030375,-10.273577803701667,-6.118648038419328,-2.6044359173055476
5,0.22893806464644306,0.5101313806261989,-11.286810974289796,0.5895255583275305,3.089408707431506
5,0.20636444269786347,0.511310431742854,-4.917237111266362,3.79719855253996,2.484020508953345
5,0.19652996847533075,0.5189048288479339,-22.123022495385683,3.8375134068935335,2.9698392494907706
5,0.15228392348455938,0.5265798556617209,-13.936639926277257,-4.776855263808277,-2.8113865562483142
5,0.12441064363200487,0.5170261451341044,2.516107400528954,-1.9747883222189788,-0.6654398983466141
5,0.12944285843306277,0.5130765684896664,14.847599680756037,-3.495237596270684,-0.23119818023273125
5,0.15913805779457485,0.5060860932971251,-0.7312361637105691,-2.2840213475888715,-1.8806380045115096
5,0.1576755854671537,0.5015180506019473,-1.1406936302286312,-4.270427467603616,-1.831816889942853
5,0.15539419820669645,0.4929771956667401,-16.294881893497354,-2.561078043283399,-2.985697277454966
5,0.12280443441970174,0.4878550395801733,16.221898696728214,-16.521872422188054,-0.7945591526031874
5,0.15524823181315817,0.4548112947357972,1.8694285094925933,-10.024716760959063,-1.386432053822663
5,0.15898708883214335,0.43476186121387905,-12.217149625742746,-3.4710986641283967,-2.864770446312337
5,0.13455278958065786,0.42781966388562226,-4.00487953228941,1.473520538880807,2.7890335541066724
5,0.12654303051607904,0.4307667049633839,-8.605659719035152,0.9884624460009261,3.0272319241393904
5,0.10933171107800874,0.4327436298553857,-14.786965647342935,-12.796846840531451,-2.428217763559807
5,0.07975777978332287,0.4071499361743228,-14.806266029922018,1.247933410589902,3.057507246116278
5,0.05014524772347883,0.40964580299550263,-8.441776721298869,-16.567728830456513,-2.042039884458839
5,0.03326169428088109,0.3765103453345896,-4.806611263859883,-7.2769630634491325,-2.1545344905110295
5,0.023648471753161326,0.36195641920769134,-7.1465246147439085,-9.737542550671469,-2.203923046270699
5,0.009355422523673508,0.3424813341063484,2.5025166545100865,9.054186422807364,1.301135218428021
5,0.01436045583269368,0.36058970695196313,2.0217274653312214,15.950156566709673,1.4447158439591739
5,0.018403910763356124,0.3924900200853825,4.114937465863569,-5.133772518772423,-0.8951154712853863
5,0.026633785695083262,0.38222247504783763,-8.549639417212873,-8.342439155620635,-2.3684599949975764
5,0.009534506860657516,0.36553759673659636,-2.661182660816256,-5.213208089331483,-2.042784251128136
5,0.004212141539025003,0.3551111805579334,3.9525651060980382,3.733874930702735,0.7569544112458845
5,0.012117271751221079,0.36257893041933886,-5.917475766704975,2.0575078706967784,2.8069680664198917
5,0.00028232021781112934,0.3666939461607324,6.112728049841957,-4.156724971212277,-0.5971844771961521
5,0.012507776317495044,0.35838049621830786,-2.0136563863798136,1.8836542526504407,2.3895390092556883
5,0.008480463544735417,0.36214780472360875,1.0583704743616336,-5.44250328147855,-1.3787295521486473
5,0.010597204493458684,0.35126279816065165,7.463690181118492,1.6350353139361062,0.21565855383354304
5,0.02552458485569567,0.35453286878852386,8.106304053835316,1.0838524629759594,0.1329165776091058
5,0.0417371929633663,0.3567005737144758,29.389644422687507,-11.20025045082415,-0.36410361131008606
5,0.10051648180874131,0.3343000728128275,4.635617031428334,-7.567910236485509,-1.0212101764680317
5,0.10978771587159798,0.31916425233985646,-1.660970408130534,-25.494923189239543,-1.6358534529092321
5,0.10646577505533691,0.26817440596137737,-4.705145149369559,10.073727438043356,2.007755395607588
5,0.0970554847565978,0.2883218608374641,4.539517391459594,-5.807463009060237,-0.9073328117727846
5,0.10613451953951698,0.2767069348193436,-13.02914635225131,1.123416281804679,3.0555820581002777
5,0.08007622683501436,0.27895376738295297,-3.166138905699202,2.3752607828972927,2.497958832839799
5,0.07374394902361596,0.28370428894874755,4.408051839193246,-2.670240394471446,-0.5446471725882003
5,0.08256005270200245,0.27836380815980466,9.27649520057249,-6.284883551209819,-0.5954694408292334
5,0.10111304310314743,0.265794041057385,0.9241213727559927,-9.238883821640718,-1.4711027055756074
5,0.10296128584865942,0.2473162734141036,-6.299302919024259,-7.142015224961246,-2.293580784367945
5,0.0903626800106109,0.2330322429641811,-16.91842399019848,-1.012130214179563,-3.0818397266093314
5,0.05652583203021394,0.23100798253582197,-11.860828869910314,-6.277939148129255,-2.654780563249499
5,0.03280417429039331,0.21845210423956346,-14.57470878653015,-4.691666869330799,-2.83016291399851
5,0.0036547567173330106,0.20906877050090186,14.235887504951865,6.245508999258742,0.413430473786442
5,0.03212653172723674,0.22155978849941935,-15.411178077047147,-1.2743323644035103,-3.0590915090635558
5,0.0013041755731424496,0.21901112377061233,8.669431589077847,10.649184806429485,0.8875207014013822
5,0.018643038751298146,0.2403094933834713,-0.268912887706611,-1.6109339072203355,-1.736201022608307
5,0.018105212975884924,0.23708762556903062,-3.7268479235828473,-4.842029486280944,-2.22677861852943
5,0.010651517128719229,0.22740356659646874,-0.7598317291255784,-5.311005598231971,-1.712899421205391
5,0.009131853670468072,0.2167815554000048,16.374585413563967,-8.554051005888477,-0.48140504933893996
5,0.04188102449759601,0.19967345338822784,-8.780683626005622,-18.499543135752237,-2.0139535623674147
5,0.024319657245584762,0.16267436711672337,-6.825917411964004,0.3386474089568242,3.0920212985882145
5,0.010667822421656755,0.16335166193463702,-2.8913658848408486,5.767489782473767,2.035500473751873
5,0.004885090651975058,0.17488664149958455,8.379302592147821,1.0700044680625187,0.12700875349913793
5,0.021643695836270703,0.1770266504357096,-4.188576770935839,5.35010304247957,2.235020930267172
5,0.013266542294399025,0.18772685652066873,5.539877205715778,8.152894214711242,0.9739628613574277
5,0.02434629670583058,0.2040326449500912,-5.044498163121919,2.6954377283235216,2.6508579968071952
5,0.014257300379586745,0.20942352040673826,-1.033777965207058,10.459017376457089,1.669317155623362
5,0.012189744449172629,0.23034155515965243,-1.229390801558738,1.6911116497366208,2.1993958867299197
5,0.009730962846055152,0.23372377845912568,-1.920761554558237,-6.940486920926969,-1.8407863338867092
5,0.005889439736938678,0.21984280461727174,1.8158610755355484,-5.5142935055144395,-1.252679462919214
5,0.009521161888009775,0.20881421760624286,9.63386012524257,-2.9229727752009547,-0.29457880050994056
5,0.028788882138494915,0.20296827205584095,-0.38522578718061357,-3.2579662268945735,-1.6884910460810612
5,0.028018430564133688,0.1964523396020518,0.8181810897005676,-5.366959635753121,-1.419513324765255
5,0.029654792743534823,0.18571842033054556,4.049626929868797,5.75010731482152,0.957210469277331
5,0.03775404660327242,0.1972186349601886,-1.3557452676457513,4.287127296163234,1.87708145281389
5,0.035042556067980915,0.20579288955251507,-4.386112693213533,-1.5379429791401582,-2.8043485180735703
5,0.02627033068155385,0.20271700359423475,0.7376559731551956,1.1520368800268659,1.0012661773976486
5,0.02774564262786424,0.20502107735428848,4.507465755667031,-5.81682893028293,-0.9115481981167324
5,0.0367605741391983,0.19338741949372262,4.181163558825418,0.1443739345553391,0.034515893679733
5,0.04512290125684914,0.1936761673628333,14.213316619226156,-1.7956692336760642,-0.12567130851733663
5,0.07354953449530145,0.19008482889548117,31.142457767446597,-5.048473400352874,-0.16071096253464479
5,0.13583445003019465,0.17998788209477543,20.163189359999556,-12.234902308966817,-0.5454001179637701
5,0.17616082875019376,0.1555180774768418,12.703274382733095,-8.983427641608712,-0.6155246396111128
5,0.20156737751565995,0.13755122219362437,12.62353079645441,4.118693454503012,0.31538114823031654
5,0.22681443910856877,0.1457886091026304,26.935833489012058,-2.8556353451547194,-0.10562169310128607
5,0.2806861060865929,0.14007733841232095,18.31279424190643,6.567400384471525,0.34433657110434024
5,0.31731169457040576,0.153212139181264,6.667583599661714,0.2212950190036561,0.033177509231020794
5,0.3306468617697292,0.1536547292192713,-0.9812562268767533,13.761388996243642,1.641980874137821
5,0.3286843493159757,0.1811775072117586,-1.2053267469599727,5.4268192143000356,1.789354102314522
5,0.32627369582205573,0.19203114564035867,7.989777531443587,19.03533454017023,1.1733944513929713
5,0.3422532508849429,0.23010181472069913,-1.5463880196882607,14.71517565890168,1.6754999998172815
5,0.3391604748455664,0.2595321660385025,7.658139879029746,-2.3587409981508656,-0.2987840333013006
5,0.3544767546036259,0.25481468404220076,11.607151515714841,12.490363604900855,0.8220333483504464
5,0.37769105763505556,0.27979541125200247,4.92323816314627,5.588029560158803,0.8485596341187138
5,0.3875375339613481,0.2909714703723201,-0.20126342348586457,-1.7319650619633808,-1.6864827034907277
5,0.3871350071143764,0.2875075402483933,-6.859764299236293,-2.7777818545700326,-2.7568363136763767
5,0.3734154785159038,0.28195197653925325,6.688947000473427,2.3259608220297654,0.3346528894712227
5,0.38679337251685064,0.2866038981833128,-4.973499577221347,-2.8655577316590852,-2.6188830826779474
5,0.37684637336240795,0.2808727827199946,0.6226023031092043,8.18544055658485,1.494880342691507
5,0.37809157796862636,0.2972436638331643,6.318249428656802,1.9959648684802767,0.30598367116369746
5,0.39072807682593996,0.30123559357012486,11.36079300924714,14.26621183694185,0.8982894550916534
5,0.41344966284443424,0.32976801724400856,-3.7311436915166696,11.17691709856483,1.8929900678547413
5,0.4059873754614009,0.3521218514411382,-7.503280941323964,7.603645794414554,2.3495509565169588
5,0.390980813578753,0.36732914302996733,3.0745862142517733,3.0280026089406773,0.7777648946490329
5,0.3971299860072565,0.3733851482478487,-1.254043247611497,6.854292387379834,1.7517523306676783
5,0.3946218995120335,0.38709373302260836,-11.433650379163302,12.463752812595068,2.3131159540602653
5,0.3717545987537069,0.4120212386477985,0.9996792300692448,2.8017977931163727,1.228077195453189
5,0.3737539572138454,0.41762483423403124,-0.5643815194609492,4.083572858213258,1.7081340649218468
5,0.3726251941749235,0.42579197995045776,3.0393050440780667,3.8445896466175187,0.9018498509564046
5,0.37870380426307965,0.4334811592436928,0.0037060795206045327,-0.6280116395572799,-1.5648951041640282
5,0.37871121642212086,0.43222513596457823,-6.788474025657409,3.214648483113758,2.6993320695758825
5,0.36513426837080604,0.43865443293080575,-11.742679755534752,4.768325017494967,2.755866319176866
5,0.34164890885973653,0.4481910829657957,-1.9641608003407862,8.20653661053805,1.805718119469066
5,0.33772058725905496,0.4646041561868718,8.06866532898079,17.51542814179724,1.1391126020993994
5,0.35385791791701654,0.49963501247046627,1.691895551759387,0.22421742268463607,0.13175663301471566
5,0.3572417090205353,0.5000834473158355,-5.227076273896514,15.620414047864683,1.8937144125697765
5,0.3467875564727423,0.5313242754115649,-3.537865434724979,2.9744548108380786,2.4424941829502282
5,0.33971182560329233,0.5372731850332411,-5.246943655530606,4.656163986687611,2.4157798600943057
5,0.3292179382922311,0.5465855130066163,-6.180045921957728,8.772122120612014,2.184542588275835
5,0.31685784644831566,0.5641297572478403,-2.857001409172194,15.88481078948184,1.7487511759285967
5,0.3111438436299713,0.595899378826804,0.3622786223773933,10.87034567794276,1.5374814172048186
5,0.31186840087472606,0.6176400701826895,1.103658540775182,1.64728698623956,0.9804995264909723
5,0.3140757179562764,0.6209346441551686,7.090746831031836,27.603645469267136,1.3193555628130536
5,0.3282572116183401,0.6761419350937029,-1.2741532396814692,1.7394321217895081,2.2030102264283404
5,0.32570890513897716,0.6796207993372819,9.53277115099302,13.440304154280657,0.9538775945480867
5,0.3447744474409632,0.7065014076458432,-2.9818028890135904,-1.134728667268159,-2.7779640821374203
5,0.338810841662936,0.7042319503113069,4.235335236320386,14.307682013715128,1.282996489592497
5,0.3472815121355768,0.7328473143387372,-0.0775016748507662,14.727387470010122,1.5760586966212684
5,0.34712650878587525,0.7623020892787574,7.956273214239556,12.859203105607286,1.0167241955182051
5,0.36303905521435437,0.788020495489972,-10.73114305640055,9.250701420982054,2.4301487087656306
5,0.34157676910155327,0.8065218983319361,-2.3924417621047356,-0.7992021999913002,-2.819194594730059
5,0.3367918855773438,0.8049234939319535,-2.2346811509704465,11.654711839044873,1.7602376653567486
5,0.3323225232754029,0.8282329176100433,-7.004966471716056,12.172608691565278,2.0929834652486097
5,0.3183125903319708,0.8525781349931738,11.847712300127016,6.471053308432728,0.49991019747682125
5,0.3420080149322248,0.8655202416100393,4.4375539396952215,-6.985642553222148,-1.0048678558628377
5,0.35088312281161527,0.851548956503595,0.27451864476443766,5.671115929007042,1.5224276224476374
5,0.35143216010114414,0.862891188361609,-2.2897840836838546,-3.711578681340477,-2.1235714077929004
5,0.34685259193377643,0.8554680309989281,-3.9564772671970005,3.812916666107058,2.3746700968150134
5,0.33893963739938243,0.8630938643311422,6.34899850825471,-2.394195437810942,-0.36060885293661094
5,0.35163763441589185,0.8583054734555203,5.9075287841351685,18.978077922078672,1.2690217329312583
5,0.3634526919841622,0.8962616292996777,16.224887517133414,8.222644808609235,0.4690665131033452
5,0.395902467018429,0.9127069189168961,0.6185801410212022,-13.203466850474966,-1.5239807314704064
5,0.3971396273004714,0.8862999852159462,7.228185696077055,2.540382519864326,0.3379705082222612
5,0.41159599869262553,0.8913807502556749,2.4913701361979346,-2.8426585728172915,-0.8511611907663956
5,0.4165787389650214,0.8856954331100403,13.947486293181377,-6.957446453722871,-0.46271242638991034
5,0.44447371155138415,0.8717805402025945,4.497523981307289,-18.80151593272744,-1.3359977822817661
5,0.45346875951399873,0.8341775083371397,7.43278064642075,-7.022967857620133,-0.7570562858535073
5,0.46833432080684023,0.8201315726218994,-0.6453263173972212,-9.232594675409377,-1.6405793607839019
5,0.4670436681720458,0.8016663832710806,-10.3398217325395,-11.116888771814049,-2.3199947390290387
5,0.4463640247069668,0.7794326057274525,6.2921136161674385,-4.493543076328876,-0.6201627873082357
5,0.45894825193930167,0.7704455195747948,11.200913206210943,-6.986394107351301,-0.5576886537084076
5,0.48135007835172355,0.7564727313600922,12.109389991999702,3.2765440972684634,0.2642512194136878
5,0.505568858335723,0.7630258195546291,-1.5797549647626474,-7.6728072476131,-1.773848965226417
5,0.5024093484061977,0.7476802050594029,5.9256953135828345,-9.947786209543729,-1.0335594984999275
5,0.5142607390333633,0.7277846326403155,1.4828138097927046,-13.521994079821686,-1.4615733366631873
5,0.5172263666529487,0.7007406444806721,13.431808758882946,-1.7740176874034286,-0.13131582020451668
5,0.5440899841707146,0.6971926091058652,20.467492043000025,1.6748725573555445,0.08164893994402002
5,0.5850249682567147,0.7005423542205763,8.331592240454766,3.073891205360113,0.3534507836001261
5,0.6016881527376242,0.7066901366312965,17.11051072616071,-8.895593606205898,-0.47943316977610234
5,0.6359091741899456,0.6888989494188847,14.852205907628369,-14.464038566616377,-0.7721582458572138
5,0.6656135860052024,0.659970872285652,7.4092478245048055,-13.87064994231324,-1.080189932413567
5,0.680432081654212,0.6322295724010255,-8.196527050151058,-0.6694294748533225,-3.060101193578076
5,0.6640390275539099,0.6308907134513189,19.314460797194844,8.919391011931898,0.43262221234352954
5,0.7026679491482996,0.6487294954751827,-2.9857545144384434,-7.8251996158693045,-1.9353025938100876
5,0.6966964401194227,0.633079096243444,2.8364377494543014,-10.311549660830421,-1.3023614517844617
5,0.7023693156183313,0.6124559969217832,5.092827179473735,3.3988673573397965,0.5884985088263063
5,0.7125549699772787,0.6192537316364628,-4.773756339276236,-11.825704190288889,-1.9544678923784216
5,0.7030074572987263,0.595602323255885,13.832847042716645,-0.41195177573893904,-0.029771893954336204
5,0.7306731513841596,0.5947784197044071,12.854704135619121,-13.015018014789048,-0.7915950535742189
5,0.7563825596553978,0.568748383674829,27.940198029885455,0.6387708624142618,0.02285809166033211
5,0.8122629557151687,0.5700259253996576,-7.262589612761716,-3.0134041546475143,-2.748289510105106
5,0.7977377764896453,0.5639991170903625,-4.8452880567685375,-13.756590437203842,-1.9094437383244758
5,0.7880472003761082,0.5364859362159549,-5.66596595591734,3.553699478562933,2.5814121665404524
5,0.7767152684642735,0.5435933351730807,6.4869814918027675,-3.0934415378005564,-0.4449723135053164
5,0.7896892314478791,0.5374064520974796,5.73108567279057,-9.24306178928469,-1.0157703280202481
5,0.8011514027934602,0.5189203285189102,-5.469761532817696,-12.771858820165932,-1.9754306219271152
5,0.7902118797278248,0.49337661087857837,14.766803949201213,2.7637984659876214,0.18502231904711938
5,0.8197454876262272,0.4989042078105536,-3.4099097468933692,-10.404442035653133,-1.887500810026681
5,0.8129256681324405,0.47809532373924735,-9.141540141787086,-6.1053811571644685,-2.552755866593885
5,0.7946425878488663,0.4658845614249184,5.19444659631435,-7.345971832390358,-0.9553111639794487
5,0.805031481041495,0.4511926177601377,3.7343685922079928,-5.242112910140401,-0.9518108578519788
5,0.812500218225911,0.4407083919398569,2.7955442833904054,-4.353765236860402,-0.9999961336469593
5,0.8180913067926918,0.4320008614661361,-7.831132784918037,4.3627902211079705,2.633308288353413
5,0.8024290412228557,0.44072644190835203,-18.092004534848716,-9.334221574976931,-2.6652818150532687
5,0.7662450321531583,0.42205799875839817,-8.336328658847869,-16.17568449941681,-2.04665765479873
5,0.7495723748354626,0.38970662975956455,16.157779531498107,-1.4789512685663142,-0.09127749566729951
5,0.7818879338984588,0.3867487272224319,3.6448787688724837,-15.263303388388438,-1.3363861801407517
5,0.7891776914362038,0.35622212044565504,-10.867765261331375,-3.291266668787679,-2.847526273191379
5,0.767442160913541,0.3496395871080797,-5.4486892051366915,-12.42092333768488,-1.9841885657820946
5,0.7565447825032676,0.3247977404327099,-1.6393246760373903,-4.584093127775968,-1.9142358840694622
5,0.7532661331511928,0.315629554177158,4.904450963932605,-4.1122754480542865,-0.697766946163381
5,0.763075035079058,0.3074050032810494,10.69616582661259,-7.80780910240933,-0.6305538517373883
5,0.7844673667322832,0.29178938507623076,9.823713842399274,-19.336906244086293,-1.1007459747903259
5,0.8041147944170818,0.25311557258805817,-3.017626415270591,-4.349371577345592,-2.177354117030746
5,0.7980795415865406,0.24441682943336698,1.7937888605319974,5.732355262909092,1.2675256529498808
5,0.8016671193076046,0.25588153995918517,-7.0748243326391735,-5.774209613234965,-2.4570736520939795
5,0.7875174706423262,0.24433312073271524,-0.3877953124495903,-13.09551910127385,-1.6004005000987327
5,0.7867418800174271,0.21814208253016754,-9.117751392832218,-9.486824032055877,-2.336359356747998
5,0.7685063772317626,0.19916843446605578,5.411655034153473,-4.0279501871512275,-0.6398496979492965
5,0.7793296873000696,0.19111253409175333,6.827280080002717,-1.7441187325982903,-0.25011384060889535
5,0.792984247460075,0.18762429662655675,7.538214622208661,-4.6114657798714545,-0.5490108656098727
5,0.8080606767044923,0.17840136506681384,5.140471553247316,-9.00522983791692,-1.0521002024239337
5,0.818341619810987,0.16039090539098,9.092609773114324,0.9813819817420522,0.10751562254927803
5,0.8365268393572156,0.1623536693544641,11.630889424653567,14.232798469906438,0.8856616836754089
5,0.8597886182065227,0.19081926629427698,13.427843722003452,-8.376536012458496,-0.5577491756004359
5,0.8866443056505297,0.17406619426936,11.632653694228722,-2.966931488204136,-0.24972779735730088
5,0.9099096130389871,0.16813233129295171,11.426634806296853,-1.690220030069342,-0.1468544325018213
5,0.9327628826515808,0.16475189123281303,-4.562076899949085,-2.2892517081595507,-2.6765058155160726
5,0.9236387288516826,0.16017338781649393,2.3692136698109656,-9.502990777942783,-1.3264648982741636
5,0.9283771561913046,0.14116740626060836,-0.5470177785998898,-0.6041797218356848,-2.3065809060817677
5,0.9272831206341048,0.139959046816937,8.097577846243652,-13.610746210944386,-1.034105694837052
5,0.9434782763265921,0.11273755439504822,13.937743316866424,-18.313303854731476,-0.9202466968711102
5,0.9713537629603249,0.07611094668558527,13.217711629880668,5.033723788260739,0.3638735786381855
5,0.9977891862200863,0.08617839426210674,0.2817148411377035,-9.98390253106858,-1.5425869057371477
5,0.9983526159023617,0.06621058919996958,-10.430601870592415,-8.699465415028547,-2.4464416441025927
5,0.9774914121611769,0.04881165836991249,9.932348953221926,-4.796126861257862,-0.44985757255415365
5,0.9973561100676207,0.03921940464739677,-9.485023279384386,-14.623894138736365,-2.14618507631838
5,0.9783860635088519,0.009971616369924037,6.654905984831316,2.414119188383324,0.3479948448743162
5,0.9916958754785146,0.014799854746690684,-1.6901923246420703,-5.717997458907874,-1.8582038759841992
5,0.9883154908292304,0.003363859828874936,0.9956435309178557,2.1158444967467283,1.130972315905165
5,0.9903067778910661,0.007595548822368393,2.3176643545936293,-3.088136615391524,-0.9269716024935531
5,0.9949421066002534,0.0014192755915853443,-4.017414633224303,16.795172176914104,1.8055852727847566
5,0.9869072773338048,0.03500961994541355,-2.6885013888187093,-16.483463147353106,-1.732475608626041
5,0.9815302745561674,0.0020426936507073404,-0.6195537035211807,6.546316768054381,1.6651568377488541
5,0.980291167149125,0.015135327186816103,9.848507589853284,-2.9351355518252515,-0.2896470622936989
5,0.9999881823288316,0.0092650560831656,-7.253822915120611,10.929733724015305,2.1567269410104206
5,0.9854805364985904,0.03112452353119621,1.4126526410131457,-8.469724597262013,-1.4055291134770467
5,0.9883058417806166,0.014185074336672182,-4.009018562540822,-4.1474827513892425,-2.3392201914276143
5,0.980287804655535,0.005890108833893697,-12.62656240951271,-1.9252838798623686,-2.990279276103076
5,0.9550346798365096,0.00203954107416896,2.637247288038491,10.942416267919068,1.3342952302766775
5,0.9603091744125866,0.0239243736100071,0.7414606321523021,-4.04478862614286,-1.3894966324861793
5,0.9617920956768912,0.01583479635772138,-4.912609878290564,-3.419510994097612,-2.533510429729891
5,0.95196687592031,0.008995774369526154,2.9553099739333955,-2.051443334747366,-0.6067923961906044
5,0.9578774958681768,0.004892887700031422,0.6290586313845714,3.1044417190144653,1.3708714700036662
5,0.959135613130946,0.011101771138060353,-1.6572668116962563,-2.6039028741883676,-2.1375905185351067
5,0.9558210795075535,0.005893965389683618,-2.5879278431870656,0.6273964529732753,2.9037494246852056
5,0.9506452238211793,0.007148758295630169,-2.904368844246885,-1.7235851487313822,-2.6060064434650974
5,0.9448364861326856,0.003701587998167404,-13.325878135729829,1.0140526408948134,3.0656425321159557
5,0.9181847298612259,0.005729693279957031,-15.220387022652105,5.692132492999409,2.7837158290661246
5,0.8877439558159217,0.01711395826595585,-12.4611616427181,-5.561549459132127,-2.721811005520593
5,0.8628216325304855,0.0059908593476915946,-22.583213595097405,2.923022115981229,3.0128748735544946
5,0.8176552053402907,0.011836903579654053,-5.200610108022974,-2.8268241644859993,-2.643710111402308
5,0.8072539851242447,0.0061832552506820545,-8.433319148600681,5.498168879264137,2.563842298078692
5,0.7903873468270434,0.017179593009210327,-3.0128723103455823,8.63830871349095,1.906384182663813
5,0.7843616022063522,0.03445621043619223,1.044303131605806,9.088410736766601,1.4563931375248258
5,0.7864502084695638,0.05263303190972543,-8.050296333298457,18.695599905809644,1.9773993387641216
5,0.7703496158029669,0.09002423172134472,-21.94061485647247,9.088620178625813,2.74887334495768
5,0.726468386090022,0.10820147207859634,4.990765774549432,-3.592122545033896,-0.6238608783185315
5,0.7364499176391208,0.10101722698852855,4.046166975123722,-0.30203098519413635,-0.0745080164359245
5,0.7445422515893683,0.10041316501814028,7.348320336474146,17.93715870749433,1.181981422321878
5,0.7592388922623166,0.13628748243312894,-8.367881598466465,5.616171782385354,2.550487016564359
5,0.7425031290653836,0.14751982599789965,-3.32875567494495,7.084240264342636,2.010060408325169
5,0.7358456177154937,0.16168830652658492,-20.219855116756058,17.336342932638747,2.4328227495499526
5,0.6954059074819816,0.19636099239186242,-20.219855116756058,17.336342932638747,2.4328227495499526
